{
  "build_type": "from_ordset_or_orddict",
  "name": "memory",
  "timestamp": "2026-03-05T19:28:37.018520Z",
  "impl_mod": "xb5_bag",
  "group_id": "delete_x100",
  "impl_description": ":xb5_bag.delete/2",
  "tweaks": "none",
  "measurements": [
    {
      "maximum": 26360,
      "total": 1256832,
      "mode": [
        24728,
        24576,
        25128,
        25376
      ],
      "n": 100,
      "percentiles": {
        "25": 24776.0,
        "50": 25072.0,
        "75": 25490.0
      },
      "average": 25136.64,
      "sample_size": 50,
      "variance": 265557.786122449,
      "standard_deviation": 515.3229920374687,
      "frequency_distribution": "removed",
      "lower_outlier_bound": 23705.0,
      "median": 25072.0,
      "minimum": 24088,
      "outliers": "removed",
      "standard_deviation_ratio": 0.020500870125739507,
      "upper_outlier_bound": 26561.0
    },
    {
      "maximum": 34472,
      "total": 1672400,
      "mode": [
        33560,
        33928,
        33168,
        33456,
        33024
      ],
      "n": 200,
      "percentiles": {
        "25": 33030.0,
        "50": 33484.0,
        "75": 33740.0
      },
      "average": 33448.0,
      "sample_size": 50,
      "variance": 236345.4693877551,
      "standard_deviation": 486.15375077001625,
      "frequency_distribution": "removed",
      "lower_outlier_bound": 31965.0,
      "median": 33484.0,
      "minimum": 32616,
      "outliers": "removed",
      "standard_deviation_ratio": 0.014534613452822778,
      "upper_outlier_bound": 34805.0
    },
    {
      "maximum": 38264,
      "total": 1873160,
      "mode": [
        37608,
        37760,
        37664,
        37072,
        37448,
        37640
      ],
      "n": 300,
      "percentiles": {
        "25": 37154.0,
        "50": 37552.0,
        "75": 37748.0
      },
      "average": 37463.2,
      "sample_size": 50,
      "variance": 172275.59183673473,
      "standard_deviation": 415.0609495444431,
      "frequency_distribution": "removed",
      "lower_outlier_bound": 36263.0,
      "median": 37552.0,
      "minimum": 36472,
      "outliers": "removed",
      "standard_deviation_ratio": 0.01107916434112524,
      "upper_outlier_bound": 38639.0
    },
    {
      "maximum": 39504,
      "total": 1929136,
      "mode": [
        38264,
        38272,
        38216,
        38304
      ],
      "n": 400,
      "percentiles": {
        "25": 38262.0,
        "50": 38588.0,
        "75": 38954.0
      },
      "average": 38582.72,
      "sample_size": 50,
      "variance": 192411.06285714274,
      "standard_deviation": 438.64685437962817,
      "frequency_distribution": "removed",
      "lower_outlier_bound": 37224.0,
      "median": 38588.0,
      "minimum": 37736,
      "outliers": "removed",
      "standard_deviation_ratio": 0.011368997685482728,
      "upper_outlier_bound": 39992.0
    },
    {
      "maximum": 41784,
      "total": 2044920,
      "mode": 40768,
      "n": 500,
      "percentiles": {
        "25": 40668.0,
        "50": 40908.0,
        "75": 41126.0
      },
      "average": 40898.4,
      "sample_size": 50,
      "variance": 152140.40816326524,
      "standard_deviation": 390.05180189721625,
      "frequency_distribution": "removed",
      "lower_outlier_bound": 39981.0,
      "median": 40908.0,
      "minimum": 39984,
      "outliers": "removed",
      "standard_deviation_ratio": 0.009537091961964679,
      "upper_outlier_bound": 41813.0
    },
    {
      "maximum": 42320,
      "total": 2042728,
      "mode": [
        40912,
        41376,
        41232,
        41952
      ],
      "n": 600,
      "percentiles": {
        "25": 40372.0,
        "50": 40688.0,
        "75": 41376.0
      },
      "average": 40854.56,
      "sample_size": 50,
      "variance": 399894.7004081634,
      "standard_deviation": 632.3722799175841,
      "frequency_distribution": "removed",
      "lower_outlier_bound": 38866.0,
      "median": 40688.0,
      "minimum": 39632,
      "outliers": "removed",
      "standard_deviation_ratio": 0.015478621723440032,
      "upper_outlier_bound": 42882.0
    },
    {
      "maximum": 42600,
      "total": 2083608,
      "mode": null,
      "n": 700,
      "percentiles": {
        "25": 41332.0,
        "50": 41648.0,
        "75": 41972.0
      },
      "average": 41672.16,
      "sample_size": 50,
      "variance": 186531.2391836734,
      "standard_deviation": 431.8926245997649,
      "frequency_distribution": "removed",
      "lower_outlier_bound": 40372.0,
      "median": 41648.0,
      "minimum": 40960,
      "outliers": "removed",
      "standard_deviation_ratio": 0.010364056593173111,
      "upper_outlier_bound": 42932.0
    },
    {
      "maximum": 43944,
      "total": 2140040,
      "mode": [
        42848,
        42344,
        42416,
        42008,
        42656,
        42184,
        43280
      ],
      "n": 800,
      "percentiles": {
        "25": 42416.0,
        "50": 42752.0,
        "75": 43092.0
      },
      "average": 42800.8,
      "sample_size": 50,
      "variance": 222420.24489795914,
      "standard_deviation": 471.6145087865291,
      "frequency_distribution": "removed",
      "lower_outlier_bound": 41402.0,
      "median": 42752.0,
      "minimum": 42008,
      "outliers": "removed",
      "standard_deviation_ratio": 0.011018824619785823,
      "upper_outlier_bound": 44106.0
    },
    {
      "maximum": 44536,
      "total": 2177936,
      "mode": [
        43072,
        43728,
        43128,
        43624,
        43248,
        43504
      ],
      "n": 900,
      "percentiles": {
        "25": 43248.0,
        "50": 43576.0,
        "75": 43830.0
      },
      "average": 43558.72,
      "sample_size": 50,
      "variance": 194446.00163265294,
      "standard_deviation": 440.96031752602516,
      "frequency_distribution": "removed",
      "lower_outlier_bound": 42375.0,
      "median": 43576.0,
      "minimum": 42624,
      "outliers": "removed",
      "standard_deviation_ratio": 0.010123353430174835,
      "upper_outlier_bound": 44703.0
    },
    {
      "maximum": 45488,
      "total": 2229520,
      "mode": [
        45000,
        45096,
        43952
      ],
      "n": 1000,
      "percentiles": {
        "25": 44226.0,
        "50": 44680.0,
        "75": 4.5e4
      },
      "average": 44590.4,
      "sample_size": 50,
      "variance": 205941.5510204082,
      "standard_deviation": 453.8078349041676,
      "frequency_distribution": "removed",
      "lower_outlier_bound": 43065.0,
      "median": 44680.0,
      "minimum": 43704,
      "outliers": "removed",
      "standard_deviation_ratio": 0.010177254182608085,
      "upper_outlier_bound": 46161.0
    },
    {
      "maximum": 50616,
      "total": 2490976,
      "mode": 50024,
      "n": 2000,
      "percentiles": {
        "25": 4.95e4,
        "50": 49908.0,
        "75": 50150.0
      },
      "average": 49819.52,
      "sample_size": 50,
      "variance": 207666.050612245,
      "standard_deviation": 455.70390673357736,
      "frequency_distribution": "removed",
      "lower_outlier_bound": 48525.0,
      "median": 49908.0,
      "minimum": 48592,
      "outliers": "removed",
      "standard_deviation_ratio": 0.009147095490554253,
      "upper_outlier_bound": 51125.0
    },
    {
      "maximum": 52512,
      "total": 2560944,
      "mode": [
        51360,
        51192,
        51576,
        51208,
        51616,
        50856
      ],
      "n": 3000,
      "percentiles": {
        "25": 50814.0,
        "50": 51220.0,
        "75": 51598.0
      },
      "average": 51218.88,
      "sample_size": 50,
      "variance": 311501.74040816334,
      "standard_deviation": 558.1234096579029,
      "frequency_distribution": "removed",
      "lower_outlier_bound": 49638.0,
      "median": 51220.0,
      "minimum": 49904,
      "outliers": "removed",
      "standard_deviation_ratio": 0.010896829638951553,