{
  "build_type": "sequential",
  "name": "runtime",
  "impl_mod": "xb5_sets",
  "group_id": "add_existing",
  "impl_description": ":xb5_sets.add/2",
  "tweaks": [
    "duplicate_variants",
    4
  ],
  "measurements": [
    {
      "maximum": 41692.72461955389,
      "total": 6317866.953078143,
      "mode": 10162.08525989533,
      "n": 100,
      "frequency_distribution": "removed",
      "outliers": "removed",
      "median": 10990.15843303112,
      "average": 11831.211522618245,
      "sample_size": 534,
      "percentiles": {
        "25": 10162.08525989533,
        "50": 10990.15843303112,
        "75": 12494.420290671434
      },
      "variance": 9960624.034301054,
      "standard_deviation": 3156.0456324807874,
      "lower_outlier_bound": 6663.582713731173,
      "minimum": 4435.081494622464,
      "standard_deviation_ratio": 0.2667559130734191,
      "upper_outlier_bound": 15992.92283683559
    },
    {
      "maximum": 21331.968087375742,
      "total": 5853250.3756316705,
      "mode": [
        11285.790061733273,
        10538.740409746228,
        9517.645715155899,
        9385.177051365074,
        9557.762336681735,
        9495.95472328788,
        9800.84679316293,
        9300.422239169658,
        10700.222564629345,
        9712.13239578882,
        10156.821321199317,
        10225.471649879852,
        9867.771857114663,
        9810.461876545147,
        9717.795226618984
      ],
      "n": 200,
      "frequency_distribution": "removed",
      "outliers": "removed",
      "median": 10171.387885877028,
      "average": 10940.654907722748,
      "sample_size": 535,
      "percentiles": {
        "25": 9571.48463298142,
        "50": 10171.387885877028,
        "75": 11471.178663607685
      },
      "variance": 5409790.283742862,
      "standard_deviation": 2325.895587455048,
      "lower_outlier_bound": 6721.943587042025,
      "minimum": 4728.378308091674,
      "standard_deviation_ratio": 0.21259198896889195,
      "upper_outlier_bound": 14320.71970954708
    },
    {
      "maximum": 49363.21453253036,
      "total": 5869000.588865019,
      "mode": [
        10993.722584404306,
        12296.644245785325,
        9612.981370042105,
        9749.15426086787,
        11199.713287339844,
        9454.566082689635,
        10019.337321029587,
        11630.341234211812
      ],
      "n": 300,
      "frequency_distribution": "removed",
      "outliers": "removed",
      "median": 10254.937752527841,
      "average": 10929.237595651804,
      "sample_size": 537,
      "percentiles": {
        "25": 9431.915931203845,
        "50": 10254.937752527841,
        "75": 11730.275679422797
      },
      "variance": 8277177.186049799,
      "standard_deviation": 2877.0083743447462,
      "lower_outlier_bound": 5984.376308875416,
      "minimum": 4817.396582538864,
      "standard_deviation_ratio": 0.26323962208391954,
      "upper_outlier_bound": 15177.815301751227
    },
    {
      "maximum": 37214.84127870195,
      "total": 5386772.155843631,
      "mode": 9095.291367658963,
      "n": 400,
      "frequency_distribution": "removed",
      "outliers": "removed",
      "median": 9445.635644050666,
      "average": 10031.233064885719,
      "sample_size": 537,
      "percentiles": {
        "25": 8890.312462973925,
        "50": 9445.635644050666,
        "75": 10563.7372771218
      },
      "variance": 5557992.9343152,
      "standard_deviation": 2357.5395933717,
      "lower_outlier_bound": 6380.175241752113,
      "minimum": 3995.5090478302386,
      "standard_deviation_ratio": 0.23501992009579117,
      "upper_outlier_bound": 13073.874498343612
    },
    {
      "maximum": 14835.254498790926,
      "total": 5014791.581488539,
      "mode": 8449.29997549703,
      "n": 500,
      "frequency_distribution": "removed",
      "outliers": "removed",
      "median": 8921.322853752754,
      "average": 9338.531809103426,
      "sample_size": 537,
      "percentiles": {
        "25": 8460.093980044967,
        "50": 8921.322853752754,
        "75": 9959.76455991497
      },
      "variance": 2076389.0162886644,
      "standard_deviation": 1440.9680830221967,
      "lower_outlier_bound": 6210.5881102399635,
      "minimum": 3970.2390877978673,
      "standard_deviation_ratio": 0.15430349357674256,
      "upper_outlier_bound": 12209.270429719973
    },
    {
      "maximum": 39893.08652810468,
      "total": 4785544.907702193,
      "mode": [
        9179.786110983614,
        8285.896575438945,
        9543.168522812945,
        9119.511194199991,
        8446.445313489818,
        8223.751840064475,
        8255.047961828659,
        8076.696308142117,
        8235.943303766297,
        8030.515960650472,
        10206.685378923195,
        8015.710793154583,
        8910.194153130597,
        9338.72489050345,
        8011.857549172776,
        9384.384384384384,
        7384.160974709249,
        8038.9729408170815,
        7493.443237167478,
        9074.657204824087
      ],
      "n": 600,
      "frequency_distribution": "removed",
      "outliers": "removed",
      "median": 8568.319495497348,
      "average": 8944.943752714378,
      "sample_size": 535,
      "percentiles": {
        "25": 8030.515960650472,
        "50": 8568.319495497348,
        "75": 9504.07724913988
      },
      "variance": 3724197.9244388044,
      "standard_deviation": 1929.8181065682859,
      "lower_outlier_bound": 5820.1740279163605,
      "minimum": 3352.2624419220533,
      "standard_deviation_ratio": 0.2157440180641354,
      "upper_outlier_bound": 11714.419181873993
    },
    {
      "maximum": 25938.31867818328,
      "total": 4608491.117376094,
      "mode": [
        9365.839038690281,
        9470.68349922814,
        9495.95472328788,
        7613.362974693181,
        8126.051307887958
      ],
      "n": 700,
      "frequency_distribution": "removed",
      "outliers": "removed",
      "median": 8181.966944853542,
      "average": 8614.002088553447,
      "sample_size": 535,
      "percentiles": {
        "25": 7709.862456053784,
        "50": 8181.966944853542,
        "75": 9106.88753904578
      },
      "variance": 2731587.5527491714,
      "standard_deviation": 1652.7515096798948,
      "lower_outlier_bound": 5614.324831565789,
      "minimum": 3293.4605048216263,
      "standard_deviation_ratio": 0.19186801822072022,
      "upper_outlier_bound": 11202.425163533773
    },
    {
      "maximum": 19120.824489952007,
      "total": 4520771.425516922,
      "mode": [
        7341.227600079285,
        7367.2965705234465,
        7968.381462357366,
        7208.7138933542865,
        7771.0342469479265,
        8291.392705232698,
        7445.2956899183255
      ],
      "n": 800,
      "frequency_distribution": "removed",
      "outliers": "removed",
      "median": 7933.549046364271,
      "average": 8434.275047606197,
      "sample_size": 536,
      "percentiles": {
        "25": 7501.861400072168,
        "50": 7933.549046364271,
        "75": 8928.09958990354
      },
      "variance": 2134693.7264710446,
      "standard_deviation": 1461.0591112172856,
      "lower_outlier_bound": 5362.5041153251095,
      "minimum": 5406.340556204316,
      "standard_deviation_ratio": 0.17322877223833968,
      "upper_outlier_bound": 11067.4568746506
    },
    {
      "maximum": 34430.51921222972,
      "total": 4323578.609504702,
      "mode": 7384.706273307979,
      "n": 900,
      "frequency_distribution": "removed",
      "outliers": "removed",
      "median": 7659.548437964308,
      "average": 8066.378002807279,
      "sample_size": 536,
      "percentiles": {
        "25": 7320.95239159786,
        "50": 7659.548437964308,
        "75": 8391.392357103012
      },
      "variance": 3614519.357516979,
      "standard_deviation": 1901.1889326200537,
      "lower_outlier_bound": 5715.292443340131,
      "minimum": 3199.0888994814277,
      "standard_deviation_ratio": 0.2356930126456258,