{
  "build_type": "sequential",
  "name": "runtime",
  "impl_mod": "xb5_sets",
  "group_type": "delete_existing",
  "input_amount": 1,
  "measurements": [
    {
      "maximum": 380098.06530084764,
      "total": 2203166025.301376,
      "mode": 330283.71371007693,
      "n": 100,
      "frequency_distribution": "removed",
      "outliers": "removed",
      "average": 289471.29487601836,
      "variance": 3808334610.366271,
      "standard_deviation": 61711.705618677166,
      "standard_deviation_ratio": 0.2131876518019119,
      "median": 320625.86168200325,
      "percentiles": {
        "25": 212775.01170262563,
        "50": 320625.86168200325,
        "75": 337086.22665677883
      },
      "minimum": 27221.10615686979,
      "lower_outlier_bound": 26296.871210814657,
      "upper_outlier_bound": 523559.83992435737,
      "sample_size": 7611
    },
    {
      "maximum": 301813.9015483053,
      "total": 1787931983.4831257,
      "mode": 269179.00403768505,
      "n": 200,
      "frequency_distribution": "removed",
      "outliers": "removed",
      "average": 234975.94736274486,
      "variance": 2351645614.1750536,
      "standard_deviation": 48493.76881801469,
      "standard_deviation_ratio": 0.20637758614141166,
      "median": 260132.1471307424,
      "percentiles": {
        "25": 175926.25307651237,
        "50": 260132.1471307424,
        "75": 272709.91845973436
      },
      "minimum": 35377.817400933265,
      "lower_outlier_bound": 30596.059197981347,
      "upper_outlier_bound": 417978.23401678615,
      "sample_size": 7609
    },
    {
      "maximum": 227257.2324614231,
      "total": 1335370036.1497405,
      "mode": 196517.7062453327,
      "n": 300,
      "frequency_distribution": "removed",
      "outliers": "removed",
      "average": 175752.83444982106,
      "variance": 879918762.2896122,
      "standard_deviation": 29663.424655450897,
      "standard_deviation_ratio": 0.16877921057893414,
      "median": 190242.4654146657,
      "percentiles": {
        "25": 140752.88771640707,
        "50": 190242.4654146657,
        "75": 198205.25263082597
      },
      "minimum": 54616.45593817417,
      "lower_outlier_bound": 54352.49611967112,
      "upper_outlier_bound": 284502.76256008714,
      "sample_size": 7598
    },
    {
      "maximum": 219365.59470012723,
      "total": 1342830761.1621447,
      "mode": [
        202171.31997654814,
        202580.8804165063
      ],
      "n": 400,
      "frequency_distribution": "removed",
      "outliers": "removed",
      "average": 176711.50956206667,
      "variance": 1114091496.9114556,
      "standard_deviation": 33378.00918136754,
      "standard_deviation_ratio": 0.18888418340201055,
      "median": 194795.07558048933,
      "percentiles": {
        "25": 135705.46485906988,
        "50": 194795.07558048933,
        "75": 202539.8497154315
      },
      "minimum": 36471.45925955643,
      "lower_outlier_bound": 35292.82586891469,
      "upper_outlier_bound": 302888.06402334163,
      "sample_size": 7599
    },
    {
      "maximum": 196440.49817310338,
      "total": 1177071965.0349765,
      "mode": 169689.97641309327,
      "n": 500,
      "frequency_distribution": "removed",
      "outliers": "removed",
      "average": 154898.27148769266,
      "variance": 670026354.2013456,
      "standard_deviation": 25884.867281895527,
      "standard_deviation_ratio": 0.16710881944187603,
      "median": 168429.56275685507,
      "percentiles": {
        "25": 121824.9375647195,
        "50": 168429.56275685507,
        "75": 174556.6261695294
      },
      "minimum": 43692.73520891681,
      "lower_outlier_bound": 42430.86735435923,
      "upper_outlier_bound": 253832.0814586315,
      "sample_size": 7599
    },
    {
      "maximum": 183341.58370460005,
      "total": 1130698623.7615356,
      "mode": 168005.1073552636,
      "n": 600,
      "frequency_distribution": "removed",
      "outliers": "removed",
      "average": 148834.8853180908,
      "variance": 626053039.0717981,
      "standard_deviation": 25021.051917771125,
      "standard_deviation_ratio": 0.16811281753129306,
      "median": 162190.21668612948,
      "percentiles": {
        "25": 118979.63068722635,
        "50": 162190.21668612948,
        "75": 168287.83952071622
      },
      "minimum": 48412.3180301996,
      "lower_outlier_bound": 44822.79868190286,
      "upper_outlier_bound": 242366.86402400426,
      "sample_size": 7597
    },
    {
      "maximum": 180554.30170623816,
      "total": 1135154965.3760076,
      "mode": 168231.21698462366,
      "n": 700,
      "frequency_distribution": "removed",
      "outliers": "removed",
      "average": 149480.50637029333,
      "variance": 603336237.5912113,
      "standard_deviation": 24562.903688106813,
      "standard_deviation_ratio": 0.1643217853922675,
      "median": 162800.1628001628,
      "percentiles": {
        "25": 118725.36448686897,
        "50": 162800.1628001628,
        "75": 168429.56275685507
      },
      "minimum": 52279.38101212882,
      "lower_outlier_bound": 43916.04088382113,
      "upper_outlier_bound": 243096.83140679155,
      "sample_size": 7594
    },
    {
      "maximum": 159979.5226211045,
      "total": 1011138817.6766316,
      "mode": 149329.5104978646,
      "n": 800,
      "frequency_distribution": "removed",
      "outliers": "removed",
      "average": 133079.60222119396,
      "variance": 430197453.0631232,
      "standard_deviation": 20741.20182301699,
      "standard_deviation_ratio": 0.15585560429120213,
      "median": 144027.88379830334,
      "percentiles": {
        "25": 108214.56879544679,
        "50": 144027.88379830334,
        "75": 149037.95996840394
      },
      "minimum": 48002.380918093535,
      "lower_outlier_bound": 46845.616055097154,
      "upper_outlier_bound": 210321.38487473532,
      "sample_size": 7598
    },
    {
      "maximum": 155397.74051685288,
      "total": 962983085.9441485,
      "mode": 138646.25793749827,
      "n": 900,
      "frequency_distribution": "removed",
      "outliers": "removed",
      "average": 126791.71638500968,
      "variance": 379458751.12374765,
      "standard_deviation": 19479.70100190831,
      "standard_deviation_ratio": 0.15363543894900183,
      "median": 136952.53225232134,
      "percentiles": {
        "25": 103186.39590556381,
        "50": 136952.53225232134,
        "75": 141839.9478028992
      },
      "minimum": 46110.785773900374,
      "lower_outlier_bound": 45061.438064702656,
      "upper_outlier_bound": 199903.83472014754,
      "sample_size": 7595
    },
    {
      "maximum": 164487.21111933546,
      "total": 1023658964.2724681,
      "mode": [
        150659.13370998116,
        150772.71013946476
      ],
      "n": 1000,
      "frequency_distribution": "removed",
      "outliers": "removed",
      "average": 134762.896823653,
      "variance": 455585183.0680761,
      "standard_deviation": 21344.441502838064,
      "standard_deviation_ratio": 0.1583851490723653,
      "median": 146243.7298000848,
      "percentiles": {
        "25": 108484.57987476926,
        "50": 146243.7298000848,
        "75": 151093.91998065996
      },
      "minimum": 49122.42782687292,
      "lower_outlier_bound": 44225.296482325,
      "upper_outlier_bound": 215215.09407966095,
      "sample_size": 7596
    },
    {
      "maximum": 137879.68618583423,
      "total": 862914817.5927747,
      "mode": 124733.38239513041,
      "n": 2000,
      "frequency_distribution": "removed",
      "outliers": "removed",
      "average": 113646.0974045535,
      "variance": 300024931.2441779,
      "standard_deviation": 17321.227763763683,
      "standard_deviation_ratio": 0.152413748992226,
      "median": 122934.69708890637,
      "percentiles": {
        "25": 91882.2070106124,
        "50": 122934.69708890637,
        "75": 126615.93588169006
      },
      "minimum": 44730.320895322104,
      "lower_outlier_bound": 39626.398813467655,