{
  "build_type": "sequential",
  "name": "runtime",
  "timestamp": "2026-03-19T20:33:21.882379Z",
  "impl_mod": "xb5_sets",
  "tweaks": "none",
  "impl_description": ":xb5_sets.difference/2",
  "group_id": "difference_000_0100",
  "measurements": [
    {
      "maximum": 5283736.658564937,
      "total": 194954286.6304952,
      "mode": 4692632.566870014,
      "n": 0,
      "percentiles": {
        "25": 4491455.176699225,
        "50": 4599605.407127797,
        "75": 4723668.729447016
      },
      "frequency_distribution": "removed",
      "average": 4641768.729297505,
      "variance": 55996641156.71692,
      "standard_deviation": 236636.09436583618,
      "standard_deviation_ratio": 0.05097972522246906,
      "median": 4599605.407127797,
      "minimum": 4181476.0610495503,
      "lower_outlier_bound": 3985502.0882820887,
      "upper_outlier_bound": 5344147.791466805,
      "outliers": "removed",
      "sample_size": 42
    },
    {
      "maximum": 655535.670973536,
      "total": 22341594.544314325,
      "mode": null,
      "n": 100,
      "percentiles": {
        "25": 343225.84529477207,
        "50": 534125.2691519116,
        "75": 544921.2897260464
      },
      "frequency_distribution": "removed",
      "average": 485686.8379198766,
      "variance": 10897167519.205433,
      "standard_deviation": 104389.49908494356,
      "standard_deviation_ratio": 0.21493170276556806,
      "median": 534125.2691519116,
      "minimum": 249641.14086001372,
      "lower_outlier_bound": 40682.67864786059,
      "upper_outlier_bound": 847464.4563729579,
      "outliers": "removed",
      "sample_size": 46
    },
    {
      "maximum": 472413.4184307371,
      "total": 15469703.19361776,
      "mode": null,
      "n": 200,
      "percentiles": {
        "25": 403035.1425285741,
        "50": 417848.8306500474,
        "75": 427263.1026415308
      },
      "frequency_distribution": "removed",
      "average": 418100.0863139935,
      "variance": 324444062.12291676,
      "standard_deviation": 18012.33083537266,
      "standard_deviation_ratio": 0.04308138511563326,
      "median": 417848.8306500474,
      "minimum": 389188.34770086984,
      "lower_outlier_bound": 340428.79543098493,
      "upper_outlier_bound": 473278.7563914339,
      "outliers": "removed",
      "sample_size": 37
    },
    {
      "maximum": 368770.99689863593,
      "total": 13540557.203586541,
      "mode": null,
      "n": 300,
      "percentiles": {
        "25": 226957.02233634575,
        "50": 332265.2596695102,
        "75": 342221.76845571084
      },
      "frequency_distribution": "removed",
      "average": 294359.93920840306,
      "variance": 5766855874.1885605,
      "standard_deviation": 75939.81744900734,
      "standard_deviation_ratio": 0.2579828547771337,
      "median": 332265.2596695102,
      "minimum": 149306.76867305103,
      "lower_outlier_bound": 54059.903157298104,
      "upper_outlier_bound": 515118.8876347585,
      "outliers": "removed",
      "sample_size": 46
    },
    {
      "maximum": 290090.5082385704,
      "total": 10109417.235083187,
      "mode": null,
      "n": 400,
      "percentiles": {
        "25": 270294.09169683885,
        "50": 273247.18760332157,
        "75": 278574.56707470544
      },
      "frequency_distribution": "removed",
      "average": 273227.4928400861,
      "variance": 135252009.30147505,
      "standard_deviation": 11629.789735909892,
      "standard_deviation_ratio": 0.04256449310800705,
      "median": 273247.18760332157,
      "minimum": 213291.01639568043,
      "lower_outlier_bound": 149768.09332411192,
      "upper_outlier_bound": 353395.12928713707,
      "outliers": "removed",
      "sample_size": 37
    },
    {
      "maximum": 253154.94348315886,
      "total": 9905152.790625133,
      "mode": null,
      "n": 500,
      "percentiles": {
        "25": 146543.24123035255,
        "50": 237096.21652584308,
        "75": 240055.6938544601
      },
      "frequency_distribution": "removed",
      "average": 206357.34980469025,
      "variance": 3286636920.193052,
      "standard_deviation": 57329.19779826901,
      "standard_deviation_ratio": 0.2778151485882573,
      "median": 237096.21652584308,
      "minimum": 95212.70518337967,
      "lower_outlier_bound": 6274.562294191215,
      "upper_outlier_bound": 380324.3727906215,
      "outliers": "removed",
      "sample_size": 48
    },
    {
      "maximum": 230644.8599639733,
      "total": 8012715.23323643,
      "mode": null,
      "n": 600,
      "percentiles": {
        "25": 94365.7067472424,
        "50": 206260.4161510156,
        "75": 210253.65000336405
      },
      "frequency_distribution": "removed",
      "average": 170483.30283481767,
      "variance": 3039554046.229346,
      "standard_deviation": 55132.15074917127,
      "standard_deviation_ratio": 0.32338739238639197,
      "median": 206260.4161510156,
      "minimum": 84280.36368662538,
      "lower_outlier_bound": -79466.20813694008,
      "upper_outlier_bound": 384085.5648875465,
      "outliers": "removed",
      "sample_size": 47
    },
    {
      "maximum": 194004.86176183575,
      "total": 7600440.211046058,
      "mode": 190749.4163067861,
      "n": 700,
      "percentiles": {
        "25": 90102.89451048804,
        "50": 187058.38074355194,
        "75": 189342.76439243587
      },
      "frequency_distribution": "removed",
      "average": 158342.50439679288,
      "variance": 2315824574.767126,
      "standard_deviation": 48123.015021579085,
      "standard_deviation_ratio": 0.30391722806775173,
      "median": 187058.38074355194,
      "minimum": 67767.16016971608,
      "lower_outlier_bound": -58756.91031243371,
      "upper_outlier_bound": 338202.56921535765,
      "outliers": "removed",
      "sample_size": 48
    },
    {
      "maximum": 175718.5129996556,
      "total": 6604447.19494542,
      "mode": null,
      "n": 800,
      "percentiles": {
        "25": 166973.34103637014,
        "50": 169083.43252894707,
        "75": 171441.6009902467
      },
      "frequency_distribution": "removed",
      "average": 169344.7998703954,
      "variance": 12373372.527089424,
      "standard_deviation": 3517.58049333479,
      "standard_deviation_ratio": 0.020771706577508722,
      "median": 169083.43252894707,
      "minimum": 159168.50373648063,
      "lower_outlier_bound": 158675.3685623569,
      "upper_outlier_bound": 178619.53061106903,
      "outliers": "removed",
      "sample_size": 39
    },
    {
      "maximum": 161551.93248421638,
      "total": 5762996.273310347,
      "mode": null,
      "n": 900,
      "percentiles": {
        "25": 66744.6691529217,
        "50": 152391.16984605443,
        "75": 155225.66101409367
      },
      "frequency_distribution": "removed",
      "average": 128066.58385134106,
      "variance": 1715736958.8615959,
      "standard_deviation": 41421.45529627847,
      "standard_deviation_ratio": 0.3234368720599298,
      "median": 152391.16984605443,
      "minimum": 55270.63542991435,
      "lower_outlier_bound": -65976.81863883624,
      "upper_outlier_bound": 287947.1488058516,
      "outliers": "removed",
      "sample_size": 45
    },
    {
      "maximum": 148633.02209578507,
      "total": 5161409.157229678,
      "mode": null,
      "n": 1000,
      "percentiles": {
        "25": 60045.823984115406,
        "50": 139590.44030765913,
        "75": 141910.86776514506
      },
      "frequency_distribution": "removed",
      "average": 112204.54689629734,
      "variance": 1598989395.7810571,
      "standard_deviation": 39987.36545186563,
      "standard_deviation_ratio": 0.3563791892393015,
      "median": 139590.44030765913,
      "minimum": 52351.36139715313,
      "lower_outlier_bound": -62751.74168742906,
      "upper_outlier_bound": 264708.43343668955,
      "outliers": "removed",
      "sample_size": 46
    },
    {
      "maximum": 77400.87849997098,
      "total": 2867708.873842085,
      "mode": null,