{"build_type":"sequential","name":"runtime","timestamp":"2026-04-02T21:20:09.714302Z","impl_mod":"xb5_sets","impl_description":":xb5_sets.filtermap/2","tweaks":"none","group_id":"filtermap_none","measurements":[{"maximum":6884207.627702052,"total":294948865.1843686,"mode":[5867855.885459453,5773672.055427251],"n":0,"percentiles":{"25":5206775.403381681,"50":5549389.5671476135,"75":5867855.885459453},"frequency_distribution":"removed","outliers":"removed","median":5549389.5671476135,"average":5565072.9280069545,"sample_size":53,"variance":281041109615.7439,"standard_deviation":530133.1055647666,"lower_outlier_bound":4167711.917816217,"minimum":4261484.701269923,"standard_deviation_ratio":0.09526076520880843,"upper_outlier_bound":6887942.266045394},{"maximum":880576.2490974093,"total":41065627.46310624,"mode":[818183.3057878288,788444.5565787813,766494.971792985,819121.5740240166,770617.8814173205,845237.0890034655,806204.5502184815],"n":100,"percentiles":{"25":776469.8574401342,"50":801693.175987686,"75":839278.220730172},"frequency_distribution":"removed","outliers":"removed","median":801693.175987686,"average":805208.3816295341,"sample_size":51,"variance":1412060983.8641295,"standard_deviation":37577.39990824444,"lower_outlier_bound":673319.0100951372,"minimum":715195.0336856861,"standard_deviation_ratio":0.04666791946725328,"upper_outlier_bound":948387.9363484625},{"maximum":683770.0344620098,"total":31505626.581053905,"mode":[616097.3926758342,582512.9609133804,559741.1756803654,588256.0560960975,595599.7093473418,579213.1967934758,599592.277251469],"n":200,"percentiles":{"25":588256.0560960975,"50":602362.569647203,"75":621720.7777191068},"frequency_distribution":"removed","outliers":"removed","median":602362.569647203,"average":605877.4342510366,"sample_size":52,"variance":779177453.1087497,"standard_deviation":27913.750251600908,"lower_outlier_bound":528665.7619433333,"minimum":549849.3412804891,"standard_deviation_ratio":0.046071612299122607,"upper_outlier_bound":687573.213017371},{"maximum":446050.22525536374,"total":22042245.15971251,"mode":436795.6669869835,"n":300,"percentiles":{"25":415321.2246202958,"50":424369.1131429606,"75":434872.4486611962},"frequency_distribution":"removed","outliers":"removed","median":424369.1131429606,"average":423889.32999447134,"sample_size":52,"variance":162507917.07017043,"standard_deviation":12747.859313240417,"lower_outlier_bound":383138.66233233595,"minimum":386769.39261734585,"standard_deviation_ratio":0.03007355555141405,"upper_outlier_bound":465599.64156154706},{"maximum":377589.3187533511,"total":17837576.52594447,"mode":[350763.9639134034,356529.11773304525,350591.7989566388,364144.8422524543,352838.23072797584,362486.9504697831],"n":400,"percentiles":{"25":350720.92267421226,"50":356173.91049368156,"75":363868.6477934642},"frequency_distribution":"removed","outliers":"removed","median":356173.91049368156,"average":356751.5305188894,"sample_size":50,"variance":92907642.83576642,"standard_deviation":9638.861075654448,"lower_outlier_bound":330515.392028711,"minimum":330674.70867558167,"standard_deviation_ratio":0.027018415482716718,"upper_outlier_bound":384396.80708338105},{"maximum":315101.55723189586,"total":15557484.705105158,"mode":[294370.45933566475,288788.64714070363,300549.40431108064],"n":500,"percentiles":{"25":286765.5937424548,"50":294370.45933566475,"75":299355.50040714984},"frequency_distribution":"removed","outliers":"removed","median":294370.45933566475,"average":293537.4472661351,"sample_size":53,"variance":92066534.9652691,"standard_deviation":9595.130794588946,"lower_outlier_bound":266718.3116616878,"minimum":273143.44401105685,"standard_deviation_ratio":0.03268792749938151,"upper_outlier_bound":319489.1558487256},{"maximum":264368.42383545707,"total":13272014.502342446,"mode":250668.0303007515,"n":600,"percentiles":{"25":244838.8269024578,"50":251284.06155454373,"75":256048.01481143956},"frequency_distribution":"removed","outliers":"removed","median":251284.06155454373,"average":250415.3679687254,"sample_size":53,"variance":54743283.51035713,"standard_deviation":7398.870421243849,"lower_outlier_bound":227127.83334347635,"minimum":232135.97596928375,"standard_deviation_ratio":0.029546391187013334,"upper_outlier_bound":274133.35093606176},{"maximum":250756.0294287276,"total":11827119.02200682,"mode":[229090.8757685999,242517.1338355055,245342.17873668406,243009.82245702372],"n":700,"percentiles":{"25":229642.1318749121,"50":237883.41517990496,"75":242619.6441994769},"frequency_distribution":"removed","outliers":"removed","median":237883.41517990496,"average":236542.38044013642,"sample_size":50,"variance":62206231.35845621,"standard_deviation":7887.09270634346,"lower_outlier_bound":210975.97970593127,"minimum":212751.4722401879,"standard_deviation_ratio":0.03334325414189153,"upper_outlier_bound":262230.1281076792},{"maximum":220890.9858806482,"total":9625873.90612036,"mode":[213322.41122587858,215635.28310756318,214343.89334247867,215311.21082412518],"n":800,"percentiles":{"25":212216.00661847804,"50":214086.91928923142,"75":215895.83829068468},"frequency_distribution":"removed","outliers":"removed","median":214086.91928923142,"average":213908.30902489688,"sample_size":45,"variance":11687781.570491133,"standard_deviation":3418.7397634934327,"lower_outlier_bound":202886.00366956982,"minimum":206017.35490197694,"standard_deviation_ratio":0.015982267257769422,"upper_outlier_bound":223701.7390633536},{"maximum":202177.04239248225,"total":9856605.189087193,"mode":190249.34078603418,"n":900,"percentiles":{"25":186580.25577199843,"50":190198.69502859836,"75":192694.3805996906},"frequency_distribution":"removed","outliers":"removed","median":190198.69502859836,"average":189550.09979013834,"sample_size":52,"variance":27380060.789802767,"standard_deviation":5232.595989545033,"lower_outlier_bound":177060.6674981286,"minimum":178219.4451672233,"standard_deviation_ratio":0.02760534547509253,"upper_outlier_bound":202219.7835380868},{"maximum":188794.65937667555,"total":9367062.598810188,"mode":[177073.2622915405,177073.88939256573,176419.11536398792],"n":1000,"percentiles":{"25":173785.50260481634,"50":177030.00304491605,"75":180193.5944892376},"frequency_distribution":"removed","outliers":"removed","median":177030.00304491605,"average":176737.03016622996,"sample_size":53,"variance":26070985.29644019,"standard_deviation":5105.975450042841,"lower_outlier_bound":163916.44018124804,"minimum":164011.32334176352,"standard_deviation_ratio":0.028890241310722587,"upper_outlier_bound":190177.56402988863},{"maximum":96120.94321559159,"total":4871273.1237064665,"mode":[93828.17059462664,92470.83932082017],"n":2000,"percentiles":{"25":92896.744590387,"50":93693.05219179697,"75":94503.17676580575},"frequency_distribution":"removed","outliers":"removed","median":93693.05219179697,"average":93678.32930204744,"sample_size":52,"variance":1313272.074367562,"standard_deviation":1145.980835078651,"lower_outlier_bound":90350.05010305304,"minimum":91163.68622188512,"standard_deviation_ratio":0.012233147661970572,"upper_outlier_bound":97125.12433785945},{"maximum":66128.64401892867,"total":3179005.03575018,"mode":[64473.1192224026,65373.83373080624,64717.798041639435],"n":3000,"percentiles":{"25":64490.5455587847,"50":64782.27971433606,"75":65355.93657266257},"frequency_distribution":"removed","outliers":"removed","median":64782.27971433606,"average":64877.65379082,"sample_size":49,"variance":326207.8872270198,"standard_deviation":571.1461172301006,"lower_outlier_bound":63070.02855991639,"minimum":63298.75111564049,"standard_deviation_ratio":0.008803433599365397,"upper_outlier_bound":66741.7991068252},{"maximum":49722.79541555826,"total":2258281.3721036864,"mode":[49122.331306545944,49543.84977512046,49152.70565983575,49078.550219626515],"n":4000,"percentiles":{"25":48930.13153481226,"50":49076.86424260578,"75":49200.84304977374},"frequency_distribution":"removed","outliers":"removed","median":49076.86424260578,