{
  "build_type": "sequential",
  "name": "runtime",
  "timestamp": "2026-03-19T20:33:21.662748Z",
  "impl_mod": "xb5_sets",
  "tweaks": "none",
  "impl_description": ":xb5_sets.filtermap/2",
  "group_id": "filtermap_none",
  "measurements": [
    {
      "maximum": 5108295.872496935,
      "total": 158835191.90516108,
      "mode": 3957574.7981636855,
      "n": 0,
      "percentiles": {
        "25": 3609851.8980268207,
        "50": 3844675.1249519414,
        "75": 4060772.907984812
      },
      "frequency_distribution": "removed",
      "average": 3874029.0708575873,
      "variance": 206585599705.3168,
      "standard_deviation": 454516.88605080097,
      "standard_deviation_ratio": 0.1173240772687814,
      "median": 3844675.1249519414,
      "minimum": 2911716.7481947355,
      "lower_outlier_bound": 2605046.862501192,
      "upper_outlier_bound": 5289739.363413413,
      "outliers": "removed",
      "sample_size": 41
    },
    {
      "maximum": 737484.8815599281,
      "total": 28134275.220109906,
      "mode": 687597.1230936369,
      "n": 100,
      "percentiles": {
        "25": 674502.4084466083,
        "50": 688923.4881574053,
        "75": 700235.9919199271
      },
      "frequency_distribution": "removed",
      "average": 686201.834636827,
      "variance": 570148890.6129662,
      "standard_deviation": 23877.79073978508,
      "standard_deviation_ratio": 0.03479703716097236,
      "median": 688923.4881574053,
      "minimum": 634767.4846703652,
      "lower_outlier_bound": 623017.012846608,
      "upper_outlier_bound": 754475.925655456,
      "outliers": "removed",
      "sample_size": 41
    },
    {
      "maximum": 722752.2405319456,
      "total": 25898731.042947456,
      "mode": null,
      "n": 200,
      "percentiles": {
        "25": 557668.4995371351,
        "50": 598179.1426896527,
        "75": 637446.1358015247
      },
      "frequency_distribution": "removed",
      "average": 602296.0707662199,
      "variance": 2600833711.8921075,
      "standard_deviation": 50998.36969837474,
      "standard_deviation_ratio": 0.08467325651568075,
      "median": 598179.1426896527,
      "minimum": 513383.9187621287,
      "lower_outlier_bound": 436305.3001778845,
      "upper_outlier_bound": 767158.6138950561,
      "outliers": "removed",
      "sample_size": 43
    },
    {
      "maximum": 552181.1154058531,
      "total": 20480371.810075544,
      "mode": null,
      "n": 300,
      "percentiles": {
        "25": 449559.4317568783,
        "50": 474432.8155689873,
        "75": 499360.81815276446
      },
      "frequency_distribution": "removed",
      "average": 476287.7165133847,
      "variance": 1317188320.3457503,
      "standard_deviation": 36293.089154076566,
      "standard_deviation_ratio": 0.07619992684202817,
      "median": 474432.8155689873,
      "minimum": 422715.01399186696,
      "lower_outlier_bound": 349724.638949961,
      "upper_outlier_bound": 589142.5256744465,
      "outliers": "removed",
      "sample_size": 43
    },
    {
      "maximum": 431372.8873512842,
      "total": 17220336.53790866,
      "mode": [
        386028.8440752293,
        391049.6554852535
      ],
      "n": 400,
      "percentiles": {
        "25": 375149.1107530069,
        "50": 388840.5455987466,
        "75": 404177.33769009874
      },
      "frequency_distribution": "removed",
      "average": 391371.2849524695,
      "variance": 334515206.0685832,
      "standard_deviation": 18289.756861931848,
      "standard_deviation_ratio": 0.046732495625357556,
      "median": 388840.5455987466,
      "minimum": 362529.0023201856,
      "lower_outlier_bound": 328146.9660670017,
      "upper_outlier_bound": 450554.8251427843,
      "outliers": "removed",
      "sample_size": 44
    },
    {
      "maximum": 362135.1488375462,
      "total": 14776028.299066054,
      "mode": null,
      "n": 500,
      "percentiles": {
        "25": 335365.6491672871,
        "50": 343041.4050975953,
        "75": 351671.8479652267
      },
      "frequency_distribution": "removed",
      "average": 343628.5650945594,
      "variance": 127112268.7915444,
      "standard_deviation": 11274.407691384253,
      "standard_deviation_ratio": 0.032809867504122577,
      "median": 343041.4050975953,
      "minimum": 321227.34544146276,
      "lower_outlier_bound": 308774.85143729823,
      "upper_outlier_bound": 377410.0458819837,
      "outliers": "removed",
      "sample_size": 43
    },
    {
      "maximum": 354268.2235574198,
      "total": 13427838.259649687,
      "mode": null,
      "n": 600,
      "percentiles": {
        "25": 308923.26065562206,
        "50": 318073.5310953055,
        "75": 331066.0850609984
      },
      "frequency_distribution": "removed",
      "average": 319710.43475356395,
      "variance": 200481362.47329772,
      "standard_deviation": 14159.144129264936,
      "standard_deviation_ratio": 0.04428740069175079,
      "median": 318073.5310953055,
      "minimum": 292721.1947708286,
      "lower_outlier_bound": 271833.05983158154,
      "upper_outlier_bound": 371748.5760639119,
      "outliers": "removed",
      "sample_size": 42
    },
    {
      "maximum": 313814.0965292161,
      "total": 12932519.083710019,
      "mode": 279724.97440516483,
      "n": 700,
      "percentiles": {
        "25": 279724.97440516483,
        "50": 286272.10736349114,
        "75": 294099.5464006067
      },
      "frequency_distribution": "removed",
      "average": 287389.31297133374,
      "variance": 138063280.37727553,
      "standard_deviation": 11750.033207496714,
      "standard_deviation_ratio": 0.04088542154199292,
      "median": 286272.10736349114,
      "minimum": 259143.89223760384,
      "lower_outlier_bound": 253776.4297319693,
      "upper_outlier_bound": 323140.66849987727,
      "outliers": "removed",
      "sample_size": 45
    },
    {
      "maximum": 276424.8317954899,
      "total": 11351322.291093132,
      "mode": null,
      "n": 800,
      "percentiles": {
        "25": 259722.72002410228,
        "50": 265780.73089700995,
        "75": 268195.7399788662
      },
      "frequency_distribution": "removed",
      "average": 263984.23932774726,
      "variance": 58812569.08574764,
      "standard_deviation": 7668.935329349677,
      "standard_deviation_ratio": 0.0290507317742874,
      "median": 265780.73089700995,
      "minimum": 244983.95355104242,
      "lower_outlier_bound": 243514.78723732446,
      "upper_outlier_bound": 283973.2195769004,
      "outliers": "removed",
      "sample_size": 43
    },
    {
      "maximum": 259480.105660299,
      "total": 10796488.559488118,
      "mode": null,
      "n": 900,
      "percentiles": {
        "25": 234332.18502450042,
        "50": 239931.28368035395,
        "75": 246417.9871938227
      },
      "frequency_distribution": "removed",
      "average": 239921.96798862485,
      "variance": 75431328.34996805,
      "standard_deviation": 8685.121090115443,
      "standard_deviation_ratio": 0.03619977429714657,
      "median": 239931.28368035395,
      "minimum": 217843.09197771028,
      "lower_outlier_bound": 215880.1511370587,
      "upper_outlier_bound": 266122.2377652022,
      "outliers": "removed",
      "sample_size": 45
    },
    {
      "maximum": 233367.87177835652,
      "total": 10022880.697136618,
      "mode": 227340.92955159274,
      "n": 1000,
      "percentiles": {
        "25": 220077.22706607517,
        "50": 222545.65524117273,
        "75": 225517.32090666093
      },
      "frequency_distribution": "removed",
      "average": 222730.68215859152,
      "variance": 18163040.16144477,
      "standard_deviation": 4261.811840220632,
      "standard_deviation_ratio": 0.01913437250277931,
      "median": 222545.65524117273,
      "minimum": 213683.43226876247,
      "lower_outlier_bound": 211207.55347976802,
      "upper_outlier_bound": 234666.28045420736,
      "outliers": "removed",