{
  "build_type": "sequential",
  "name": "runtime",
  "impl_mod": "xb5_sets",
  "impl_description": ":xb5_sets.fold/3",
  "group_id": "foldl",
  "measurements": [
    {
      "maximum": 3209242.618741977,
      "total": 176919156.86853728,
      "mode": [
        2970885.3238265,
        3138731.9522912744,
        2704895.861509332,
        2734481.8156959256,
        2876869.9654775606
      ],
      "n": 0,
      "frequency_distribution": "removed",
      "outliers": "removed",
      "average": 2808240.5852148775,
      "sample_size": 63,
      "percentiles": {
        "25": 2661698.1634282675,
        "50": 2819283.90188892,
        "75": 3024803.387779794
      },
      "variance": 58548938788.258194,
      "standard_deviation": 241968.87979295643,
      "lower_outlier_bound": 2063156.6372768278,
      "median": 2819283.90188892,
      "minimum": 2232641.2145568207,
      "standard_deviation_ratio": 0.086163871096693,
      "upper_outlier_bound": 3593766.6356057036
    },
    {
      "maximum": 209867.99303238263,
      "total": 12263612.337900816,
      "mode": [
        204156.6289657425,
        202868.5614590307,
        197961.00168266852
      ],
      "n": 100,
      "frequency_distribution": "removed",
      "outliers": "removed",
      "average": 201042.8252114888,
      "sample_size": 61,
      "percentiles": {
        "25": 199163.51521938387,
        "50": 201191.05102205055,
        "75": 203925.56973329704
      },
      "variance": 19165565.79230208,
      "standard_deviation": 4377.849448336715,
      "lower_outlier_bound": 188885.50041154985,
      "median": 201191.05102205055,
      "minimum": 189361.6618379443,
      "standard_deviation_ratio": 0.021775705965788122,
      "upper_outlier_bound": 212818.2586887435
    },
    {
      "maximum": 148840.53225374335,
      "total": 9021067.529621033,
      "mode": 144864.55164421265,
      "n": 200,
      "frequency_distribution": "removed",
      "outliers": "removed",
      "average": 145501.089187436,
      "sample_size": 62,
      "percentiles": {
        "25": 144686.41268092865,
        "50": 145298.15257437644,
        "75": 146485.2844101994
      },
      "variance": 1737965.9431818833,
      "standard_deviation": 1318.3193631218057,
      "lower_outlier_bound": 141819.80778229499,
      "median": 145298.15257437644,
      "minimum": 143406.18367464005,
      "standard_deviation_ratio": 0.009060546353873222,
      "upper_outlier_bound": 148958.09629647998
    },
    {
      "maximum": 93587.39190656235,
      "total": 5684747.438022492,
      "mode": 91949.79541170521,
      "n": 300,
      "frequency_distribution": "removed",
      "outliers": "removed",
      "average": 91689.4748068144,
      "sample_size": 62,
      "percentiles": {
        "25": 90990.16898369338,
        "50": 91861.19146990529,
        "75": 92602.69620582002
      },
      "variance": 1575027.233001387,
      "standard_deviation": 1255.0008896416716,
      "lower_outlier_bound": 88365.21944986159,
      "median": 91861.19146990529,
      "minimum": 88532.3984312059,
      "standard_deviation_ratio": 0.013687513122808284,
      "upper_outlier_bound": 95087.19039382276
    },
    {
      "maximum": 92684.41882235177,
      "total": 5497647.063120489,
      "mode": [
        91941.34142417138,
        92418.02521163727,
        91110.36198146816,
        91402.6653017202,
        90713.64423923002,
        91992.08868037349
      ],
      "n": 400,
      "frequency_distribution": "removed",
      "outliers": "removed",
      "average": 91627.45105200815,
      "sample_size": 60,
      "percentiles": {
        "25": 91222.77815076703,
        "50": 91658.19001684248,
        "75": 92130.44890949025
      },
      "variance": 374317.84331367596,
      "standard_deviation": 611.8152035653217,
      "lower_outlier_bound": 89519.65499430825,
      "median": 91658.19001684248,
      "minimum": 89718.2845863987,
      "standard_deviation_ratio": 0.006677204227999889,
      "upper_outlier_bound": 93644.9955629459
    },
    {
      "maximum": 67986.51147612314,
      "total": 4138967.003711695,
      "mode": [
        67485.94605173473,
        66888.73727441773,
        66443.41678626482,
        65669.7991160845,
        67168.18914562064
      ],
      "n": 500,
      "frequency_distribution": "removed",
      "outliers": "removed",
      "average": 66757.53231793056,
      "sample_size": 62,
      "percentiles": {
        "25": 66547.76997678286,
        "50": 66844.03092806155,
        "75": 67172.58907470046
      },
      "variance": 343369.85967315367,
      "standard_deviation": 585.9776955423762,
      "lower_outlier_bound": 65279.14397822646,
      "median": 66844.03092806155,
      "minimum": 65390.24900606822,
      "standard_deviation_ratio": 0.00877770155960344,
      "upper_outlier_bound": 68301.61624605715
    },
    {
      "maximum": 54730.04405768547,
      "total": 3077889.132020726,
      "mode": [
        54464.45105279784,
        53966.83198506198,
        54028.3540802213
      ],
      "n": 600,
      "frequency_distribution": "removed",
      "outliers": "removed",
      "average": 53998.05494773203,
      "sample_size": 57,
      "percentiles": {
        "25": 53766.186983057036,
        "50": 53981.39801024567,
        "75": 54261.71610281977
      },
      "variance": 120874.07914903213,
      "standard_deviation": 347.66949700690185,
      "lower_outlier_bound": 52844.70330390925,
      "median": 53981.39801024567,
      "minimum": 53162.08055118445,
      "standard_deviation_ratio": 0.006438555932124446,
      "upper_outlier_bound": 55022.529764261446
    },
    {
      "maximum": 53170.56052404905,
      "total": 3447425.27031769,
      "mode": [
        52807.51134041306,
        52978.72904029032
      ],
      "n": 700,
      "frequency_distribution": "removed",
      "outliers": "removed",
      "average": 52233.7162169347,
      "sample_size": 66,
      "percentiles": {
        "25": 51794.954239776125,
        "50": 52232.68631285569,
        "75": 52803.328832267805
      },
      "variance": 362767.4292625981,
      "standard_deviation": 602.3017759085541,
      "lower_outlier_bound": 50282.39235103861,
      "median": 52232.68631285569,
      "minimum": 50331.179158865336,
      "standard_deviation_ratio": 0.011530900336615945,
      "upper_outlier_bound": 54315.89072100533
    },
    {
      "maximum": 44758.55000201413,
      "total": 2830297.576434692,
      "mode": [
        44283.84171183618,
        44511.11219916052,
        44394.328180631644,
        44333.119056591226,
        44453.532722245436
      ],
      "n": 800,
      "frequency_distribution": "removed",
      "outliers": "removed",
      "average": 44223.39963179206,
      "sample_size": 64,
      "percentiles": {
        "25": 43975.61785638971,
        "50": 44356.717064919314,
        "75": 44467.025175909635
      },
      "variance": 141780.76863504693,
      "standard_deviation": 376.537871448606,
      "lower_outlier_bound": 43105.7796064682,
      "median": 44356.717064919314,
      "minimum": 43257.08551060664,
      "standard_deviation_ratio": 0.008514448789186124,
      "upper_outlier_bound": 45269.38056699935
    },
    {
      "maximum": 38822.13638216511,
      "total": 2420436.58523013,
      "mode": [
        38509.08236707628,
        38507.451191805616
      ],
      "n": 900,
      "frequency_distribution": "removed",
      "outliers": "removed",
      "average": 38419.628336986185,
      "sample_size": 63,
      "percentiles": {
        "25": 38318.43384897173,
        "50": 38465.97684348194,
        "75": 38582.03311881723
      },
      "variance": 49787.895526801876,
      "standard_deviation": 223.13201367531704,
      "lower_outlier_bound": 37796.65354622684,
      "median": 38465.97684348194,
      "minimum": 37828.922480972054,
      "standard_deviation_ratio": 0.005807760859063546,