{
  "build_type": "sequential",
  "name": "runtime",
  "impl_mod": "xb5_sets",
  "tweaks": "none",
  "impl_description": ":xb5_sets.from_ordset/1",
  "group_id": "from_ordset / from_orddict",
  "measurements": [
    {
      "maximum": 573723.4652897303,
      "total": 1911225662.4050326,
      "mode": 355239.7868561279,
      "n": 100,
      "frequency_distribution": "removed",
      "outliers": "removed",
      "median": 346620.4506065858,
      "average": 356505.43973233213,
      "sample_size": 5361,
      "percentiles": {
        "25": 309502.44345042633,
        "50": 346620.4506065858,
        "75": 408997.95501022495
      },
      "variance": 5467951471.504595,
      "standard_deviation": 73945.59805360016,
      "lower_outlier_bound": 150993.43623409217,
      "minimum": 151469.25174189638,
      "standard_deviation_ratio": 0.20741786747803695,
      "upper_outlier_bound": 574961.3425856677
    },
    {
      "maximum": 349040.1396160558,
      "total": 1171048134.3018017,
      "mode": 241080.03857280617,
      "n": 200,
      "frequency_distribution": "removed",
      "outliers": "removed",
      "median": 219828.53374367993,
      "average": 219585.24925966654,
      "sample_size": 5333,
      "percentiles": {
        "25": 189035.9168241966,
        "50": 219828.53374367993,
        "75": 248941.99651481205
      },
      "variance": 2237628620.5992947,
      "standard_deviation": 47303.57936350372,
      "lower_outlier_bound": 92554.32208329365,
      "minimum": 93370.68160597573,
      "standard_deviation_ratio": 0.21542239072518815,
      "upper_outlier_bound": 349838.57472570153
    },
    {
      "maximum": 242836.32831471588,
      "total": 864553562.9923909,
      "mode": 172384.07171177384,
      "n": 300,
      "frequency_distribution": "removed",
      "outliers": "removed",
      "median": 162561.97782761912,
      "average": 162144.32914335912,
      "sample_size": 5332,
      "percentiles": {
        "25": 143410.2968593145,
        "50": 162561.97782761912,
        "75": 181488.20326678766
      },
      "variance": 878806709.4250722,
      "standard_deviation": 29644.674216882064,
      "lower_outlier_bound": 82782.95782549235,
      "minimum": 82898.11821271657,
      "standard_deviation_ratio": 0.1828289300865519,
      "upper_outlier_bound": 243908.20695608074
    },
    {
      "maximum": 181818.18181818182,
      "total": 641123195.9474897,
      "mode": 126182.96529968454,
      "n": 400,
      "frequency_distribution": "removed",
      "outliers": "removed",
      "median": 121124.03100775194,
      "average": 119212.19708952952,
      "sample_size": 5378,
      "percentiles": {
        "25": 104403.20539176246,
        "50": 121124.03100775194,
        "75": 134336.37829124127
      },
      "variance": 511276758.0762716,
      "standard_deviation": 22611.4298105244,
      "lower_outlier_bound": 57332.643858906704,
      "minimum": 57428.358123241254,
      "standard_deviation_ratio": 0.18967379481768126,
      "upper_outlier_bound": 181992.0826054025
    },
    {
      "maximum": 146563.09541257512,
      "total": 529699338.9401858,
      "mode": 100210.44192804891,
      "n": 500,
      "frequency_distribution": "removed",
      "outliers": "removed",
      "median": 99117.85112498762,
      "average": 98972.2232698404,
      "sample_size": 5352,
      "percentiles": {
        "25": 87634.73841030584,
        "50": 99117.85112498762,
        "75": 110290.06286533583
      },
      "variance": 300054303.39030606,
      "standard_deviation": 17322.075608607243,
      "lower_outlier_bound": 51962.15393467988,
      "minimum": 52067.06237634073,
      "standard_deviation_ratio": 0.17501956646340958,
      "upper_outlier_bound": 146659.76443590206
    },
    {
      "maximum": 120685.49360366885,
      "total": 449579980.6748044,
      "mode": [
        89597.70629871875,
        89919.9712256092
      ],
      "n": 600,
      "frequency_distribution": "removed",
      "outliers": "removed",
      "median": 85236.95874531196,
      "average": 84746.46195566529,
      "sample_size": 5305,
      "percentiles": {
        "25": 76429.22653622745,
        "50": 85236.95874531196,
        "75": 93196.64492078286
      },
      "variance": 170557763.46570262,
      "standard_deviation": 13059.776547311314,
      "lower_outlier_bound": 49243.717730192,
      "minimum": 49338.859285573315,
      "standard_deviation_ratio": 0.15410409173356965,
      "upper_outlier_bound": 120688.51114592236
    },
    {
      "maximum": 103971.71969224371,
      "total": 386937929.2097791,
      "mode": 72907.55322251386,
      "n": 700,
      "frequency_distribution": "removed",
      "outliers": "removed",
      "median": 71854.56635769203,
      "average": 71298.67868247266,
      "sample_size": 5427,
      "percentiles": {
        "25": 63572.79084551812,
        "50": 71854.56635769203,
        "75": 79465.98855689765
      },
      "variance": 132429933.30031393,
      "standard_deviation": 11507.820527811247,
      "lower_outlier_bound": 38656.27775958534,
      "minimum": 38851.54823419713,
      "standard_deviation_ratio": 0.16140299849119383,
      "upper_outlier_bound": 104357.25375241206
    },
    {
      "maximum": 91149.39385653085,
      "total": 328533807.08101225,
      "mode": 65066.04203266315,
      "n": 800,
      "frequency_distribution": "removed",
      "outliers": "removed",
      "median": 61954.03010965863,
      "average": 61431.1531565094,
      "sample_size": 5348,
      "percentiles": {
        "25": 54451.40212360468,
        "50": 61954.03010965863,
        "75": 68502.53459377997
      },
      "variance": 113917590.47580864,
      "standard_deviation": 10673.218374783148,
      "lower_outlier_bound": 32222.24942377131,
      "minimum": 32333.160889808587,
      "standard_deviation_ratio": 0.1737427644828801,
      "upper_outlier_bound": 91263.1803796074
    },
    {
      "maximum": 83738.06732540613,
      "total": 314662155.5241372,
      "mode": 57067.853678023166,
      "n": 900,
      "frequency_distribution": "removed",
      "outliers": "removed",
      "median": 57527.469366622565,
      "average": 57441.06526545039,
      "sample_size": 5478,
      "percentiles": {
        "25": 51048.40867152254,
        "50": 57527.469366622565,
        "75": 63951.912138547275
      },
      "variance": 90980821.74437988,
      "standard_deviation": 9538.386747473594,
      "lower_outlier_bound": 31147.485191273496,
      "minimum": 31318.509238960225,
      "standard_deviation_ratio": 0.1660551854913237,
      "upper_outlier_bound": 83816.47396948218
    },
    {
      "maximum": 74710.49682480388,
      "total": 277070095.17730874,
      "mode": 55389.38739337543,
      "n": 1000,
      "frequency_distribution": "removed",
      "outliers": "removed",
      "median": 52094.18628881017,
      "average": 51547.924684150465,
      "sample_size": 5375,
      "percentiles": {
        "25": 46123.33379456667,
        "50": 52094.18628881017,
        "75": 57133.06290350226
      },
      "variance": 70192977.58537126,
      "standard_deviation": 8378.124944483177,
      "lower_outlier_bound": 28666.005673272794,
      "minimum": 28705.936387644964,
      "standard_deviation_ratio": 0.16253079044051633,
      "upper_outlier_bound": 74738.56817564904
    },
    {
      "maximum": 36507.009345794395,
      "total": 134060915.23640794,
      "mode": 25857.83363069842,
      "n": 2000,
      "frequency_distribution": "removed",
      "outliers": "removed",
      "median": 24350.45170087905,
      "average": 24423.558979123325,
      "sample_size": 5489,
      "percentiles": {
        "25": 21388.773231179744,
        "50": 24350.45170087905,
        "75": 27326.88469882946
      },
      "variance": 19766900.713040963,
      "standard_deviation": 4445.99828081849,
      "lower_outlier_bound": 12209.879419898083,
      "minimum": 12242.299593555654,
      "standard_deviation_ratio": 0.1820372814878791,