{
  "build_type": "sequential",
  "name": "runtime",
  "impl_mod": "xb5_sets",
  "impl_description": ":xb5_sets.insert/2",
  "group_id": "insert",
  "measurements": [
    {
      "maximum": 1086012.1633362293,
      "total": 47010726.4845999,
      "mode": [
        945179.584120983,
        877808.988764045
      ],
      "n": 0,
      "frequency_distribution": "removed",
      "outliers": "removed",
      "average": 712283.73461515,
      "sample_size": 66,
      "percentiles": {
        "25": 588425.7053174868,
        "50": 638394.1736490838,
        "75": 878970.9314777284
      },
      "variance": 31015825974.95603,
      "standard_deviation": 176113.1056308872,
      "lower_outlier_bound": 152607.86607712432,
      "median": 638394.1736490838,
      "minimum": 417798.2034677251,
      "standard_deviation_ratio": 0.24725133689321416,
      "upper_outlier_bound": 1314788.770718091
    },
    {
      "maximum": 140461.27482653034,
      "total": 8353945.244495455,
      "mode": null,
      "n": 100,
      "frequency_distribution": "removed",
      "outliers": "removed",
      "average": 126574.92794690083,
      "sample_size": 66,
      "percentiles": {
        "25": 108330.39700737048,
        "50": 133876.88904210203,
        "75": 136807.3278805858
      },
      "variance": 207730103.17028835,
      "standard_deviation": 14412.845075497355,
      "lower_outlier_bound": 65615.00069754751,
      "median": 133876.88904210203,
      "minimum": 95348.88155761933,
      "standard_deviation_ratio": 0.11386808832744234,
      "upper_outlier_bound": 179522.72419040877
    },
    {
      "maximum": 121543.60376785172,
      "total": 6394077.695643569,
      "mode": 102528.34908852297,
      "n": 200,
      "frequency_distribution": "removed",
      "outliers": "removed",
      "average": 108374.19823124693,
      "sample_size": 59,
      "percentiles": {
        "25": 101661.14307789276,
        "50": 112679.86523488117,
        "75": 115536.1454831144
      },
      "variance": 78116878.81042589,
      "standard_deviation": 8838.375349034792,
      "lower_outlier_bound": 78971.35174624213,
      "median": 112679.86523488117,
      "minimum": 79228.00234514887,
      "standard_deviation_ratio": 0.08155423978478368,
      "upper_outlier_bound": 136840.84559377353
    },
    {
      "maximum": 105923.22684518261,
      "total": 6212459.625919634,
      "mode": 100880.68840981771,
      "n": 300,
      "frequency_distribution": "removed",
      "outliers": "removed",
      "average": 95576.30193722513,
      "sample_size": 65,
      "percentiles": {
        "25": 88051.98427211074,
        "50": 99961.01520407041,
        "75": 102792.95213434694
      },
      "variance": 108920745.9656209,
      "standard_deviation": 10436.510238850002,
      "lower_outlier_bound": 65940.53247875645,
      "median": 99961.01520407041,
      "minimum": 73814.35689241557,
      "standard_deviation_ratio": 0.10919558538375695,
      "upper_outlier_bound": 124904.40392770123
    },
    {
      "maximum": 104536.90152623877,
      "total": 6136858.668632,
      "mode": 102771.75421107264,
      "n": 400,
      "frequency_distribution": "removed",
      "outliers": "removed",
      "average": 92982.70710048484,
      "sample_size": 66,
      "percentiles": {
        "25": 80134.35182762223,
        "50": 99901.67679335337,
        "75": 102054.09568791512
      },
      "variance": 120772619.52431399,
      "standard_deviation": 10989.659663716342,
      "lower_outlier_bound": 47254.7360371829,
      "median": 99901.67679335337,
      "minimum": 73170.01785348436,
      "standard_deviation_ratio": 0.11819036040583333,
      "upper_outlier_bound": 134933.71147835447
    },
    {
      "maximum": 102824.59152931016,
      "total": 5553079.897524762,
      "mode": 95669.06158217494,
      "n": 500,
      "frequency_distribution": "removed",
      "outliers": "removed",
      "average": 97422.45434253968,
      "sample_size": 57,
      "percentiles": {
        "25": 95779.0195268153,
        "50": 96970.63729102828,
        "75": 99255.59877188658
      },
      "variance": 6109918.634811209,
      "standard_deviation": 2471.824960390846,
      "lower_outlier_bound": 89574.50639109174,
      "median": 96970.63729102828,
      "minimum": 92221.99679067452,
      "standard_deviation_ratio": 0.025372230427493137,
      "upper_outlier_bound": 104388.70706807217
    },
    {
      "maximum": 97931.68285803823,
      "total": 5439948.05511931,
      "mode": null,
      "n": 600,
      "frequency_distribution": "removed",
      "outliers": "removed",
      "average": 83691.50854029707,
      "sample_size": 65,
      "percentiles": {
        "25": 73046.94634581993,
        "50": 87615.54299732772,
        "75": 94384.60200322984
      },
      "variance": 110517012.01043898,
      "standard_deviation": 10512.707168490853,
      "lower_outlier_bound": 40823.08073500958,
      "median": 87615.54299732772,
      "minimum": 69652.43435258062,
      "standard_deviation_ratio": 0.1256125902358306,
      "upper_outlier_bound": 126493.36405629362
    },
    {
      "maximum": 93124.61004069545,
      "total": 5312658.9153157715,
      "mode": 91118.66383591351,
      "n": 700,
      "frequency_distribution": "removed",
      "outliers": "removed",
      "average": 87092.76910353724,
      "sample_size": 61,
      "percentiles": {
        "25": 88426.81997776259,
        "50": 90050.33813901972,
        "75": 90898.76330879313
      },
      "variance": 46235014.36405291,
      "standard_deviation": 6799.633399239469,
      "lower_outlier_bound": 69677.78930028775,
      "median": 90050.33813901972,
      "minimum": 69754.46428571429,
      "standard_deviation_ratio": 0.07807345511262777,
      "upper_outlier_bound": 103591.03548905547
    },
    {
      "maximum": 92822.06937521465,
      "total": 5447956.519011053,
      "mode": 90852.92728131701,
      "n": 800,
      "frequency_distribution": "removed",
      "outliers": "removed",
      "average": 85124.3206095477,
      "sample_size": 64,
      "percentiles": {
        "25": 83178.42228152817,
        "50": 89492.70119634518,
        "75": 90852.92728131701
      },
      "variance": 76471826.85457043,
      "standard_deviation": 8744.817142431877,
      "lower_outlier_bound": 66803.61594234596,
      "median": 89492.70119634518,
      "minimum": 67149.69681911886,
      "standard_deviation_ratio": 0.10272994932368414,
      "upper_outlier_bound": 105282.51408469965
    },
    {
      "maximum": 72259.03418574907,
      "total": 4298791.482188286,
      "mode": [
        70111.96881419627,
        68603.57424621822
      ],
      "n": 900,
      "frequency_distribution": "removed",
      "outliers": "removed",
      "average": 65133.204275580094,
      "sample_size": 66,
      "percentiles": {
        "25": 57700.52559807132,
        "50": 68615.57989525181,
        "75": 70017.34733899441
      },
      "variance": 38170661.416952066,
      "standard_deviation": 6178.240964623512,
      "lower_outlier_bound": 39225.292986686676,
      "median": 68615.57989525181,
      "minimum": 54286.75348928108,
      "standard_deviation_ratio": 0.09485547399884138,
      "upper_outlier_bound": 88492.57995037905
    },
    {
      "maximum": 81605.34025346619,
      "total": 4740156.397171363,
      "mode": null,
      "n": 1000,
      "frequency_distribution": "removed",
      "outliers": "removed",
      "average": 79002.60661952272,
      "sample_size": 60,
      "percentiles": {
        "25": 78147.30433210544,
        "50": 79133.95994624698,
        "75": 79969.6116434987
      },
      "variance": 1817516.7572235265,
      "standard_deviation": 1348.1530911671443,
      "lower_outlier_bound": 74581.47894284662,
      "median": 79133.95994624698,
      "minimum": 74888.41625977294,
      "standard_deviation_ratio": 0.01706466595032569,
      "upper_outlier_bound": 83164.13423425765
    },
    {
      "maximum": 76760.10930639565,