{"build_type":"sequential","name":"runtime","timestamp":"2026-04-06T00:39:29.740530Z","impl_mod":"xb5_sets","impl_description":":xb5_sets.is_disjoint/2","tweaks":"none","group_id":"is_disjoint_100_1000","measurements":[{"maximum":8471704.506946798,"total":422644268.6891391,"mode":8089305.937550558,"n":0,"percentiles":{"25":7565908.919628115,"50":7867201.63637794,"75":8089305.937550558},"frequency_distribution":"removed","outliers":"removed","median":7867201.63637794,"average":7826745.716465539,"sample_size":54,"variance":129654546847.49435,"standard_deviation":360075.7515405534,"lower_outlier_bound":6705528.65961237,"minimum":6722237.1605270235,"standard_deviation_ratio":0.046005806830167355,"upper_outlier_bound":8919572.30431347},{"maximum":2716948.3236428844,"total":124659152.91271926,"mode":[2118060.7036197656,2237186.514239692,2189333.566862247,2435045.170087905,2316852.787173903,2213025.8702724236],"n":100,"percentiles":{"25":2162863.631448037,"50":2258406.9197588023,"75":2422656.6853211233},"frequency_distribution":"removed","outliers":"removed","median":2258406.9197588023,"average":2266530.0529585322,"sample_size":55,"variance":40602551119.48021,"standard_deviation":201500.74719335462,"lower_outlier_bound":1723320.4911663781,"minimum":1758984.0108353414,"standard_deviation_ratio":0.08890274670319635,"upper_outlier_bound":2837376.415146352},{"maximum":2622331.777416479,"total":109802036.02569646,"mode":[2294577.9123930153,2226774.7394673554,1999760.0287965443,2272727.272727273],"n":200,"percentiles":{"25":2125941.9058085894,"50":2272727.272727273,"75":2328186.4779627514},"frequency_distribution":"removed","outliers":"removed","median":2272727.272727273,"average":2240857.878075438,"sample_size":49,"variance":21572134123.539608,"standard_deviation":146874.55233477175,"lower_outlier_bound":1812928.9146299772,"minimum":1937496.3671943115,"standard_deviation_ratio":0.06554389449317287,"upper_outlier_bound":2643411.9063873515},{"maximum":2237236.565394425,"total":102300087.03201102,"mode":[2118060.7036197656,2133834.0730624786,2051324.129725738,1891431.8138831095,2140227.7202294325],"n":300,"percentiles":{"25":1896453.6317087046,"50":2039609.2108751964,"75":2118060.7036197656},"frequency_distribution":"removed","outliers":"removed","median":2039609.2108751964,"average":2005884.0594511963,"sample_size":51,"variance":15891418332.939165,"standard_deviation":126061.16901305955,"lower_outlier_bound":1560031.9193451512,"minimum":1716826.6176798805,"standard_deviation_ratio":0.06284569061660997,"upper_outlier_bound":2480668.998410187},{"maximum":2313101.406365655,"total":101148673.87076545,"mode":[2258406.9197588023,1961399.6547936609,2276348.7366264514,1904000.3046400486,2102518.817543417,2156334.23180593],"n":400,"percentiles":{"25":1961399.6547936609,"50":2087203.3562229967,"75":2164503.406756186},"frequency_distribution":"removed","outliers":"removed","median":2087203.3562229967,"average":2064258.6504237847,"sample_size":49,"variance":22851773378.383335,"standard_deviation":151168.03027883684,"lower_outlier_bound":1633114.07558964,"minimum":1706572.0088059115,"standard_deviation_ratio":0.07323114777685567,"upper_outlier_bound":2533868.2116429303},{"maximum":2254842.273782949,"total":105924293.02489316,"mode":2166143.1820643344,"n":500,"percentiles":{"25":1954022.551439545,"50":2038196.8263149688,"75":2129936.0964798075},"frequency_distribution":"removed","outliers":"removed","median":2038196.8263149688,"average":2037005.6350940992,"sample_size":52,"variance":13666010161.87414,"standard_deviation":116901.71154381847,"lower_outlier_bound":1675645.9832243752,"minimum":1692448.2957045662,"standard_deviation_ratio":0.057388997619743067,"upper_outlier_bound":2421549.5932828197},{"maximum":2247797.1587843914,"total":95831701.08261195,"mode":2013814.7693175182,"n":600,"percentiles":{"25":1940787.2728970335,"50":2002558.8576897546,"75":2059414.8985810475},"frequency_distribution":"removed","outliers":"removed","median":2002558.8576897546,"average":1996493.7725544155,"sample_size":48,"variance":13302584018.643276,"standard_deviation":115336.8285442394,"lower_outlier_bound":1748318.7706542867,"minimum":1761152.4981948186,"standard_deviation_ratio":0.05776969111036675,"upper_outlier_bound":2261568.109968278},{"maximum":2294577.9123930153,"total":100913239.14522815,"mode":2140227.7202294325,"n":700,"percentiles":{"25":1998389.08311139,"50":2075119.3193608632,"75":2135452.8604858597},"frequency_distribution":"removed","outliers":"removed","median":2075119.3193608632,"average":2059453.8601066968,"sample_size":49,"variance":11583956395.2834,"standard_deviation":107628.78980683282,"lower_outlier_bound":1749906.6128353577,"minimum":1796493.245185398,"standard_deviation_ratio":0.052260840551803744,"upper_outlier_bound":2371859.100049627},{"maximum":2390343.014222541,"total":106604738.70039153,"mode":2013814.7693175182,"n":800,"percentiles":{"25":1907822.0635815181,"50":1996964.6137870436,"75":2121228.1913612774},"frequency_distribution":"removed","outliers":"removed","median":1996964.6137870436,"average":2011410.1641583308,"sample_size":53,"variance":23151653332.166325,"standard_deviation":152156.67363663786,"lower_outlier_bound":1546935.0009582872,"minimum":1625223.4682268812,"standard_deviation_ratio":0.0756467658103475,"upper_outlier_bound":2524604.0558066405},{"maximum":2099428.955324152,"total":95734420.61328459,"mode":[1904036.557501904,1924483.2762403295],"n":900,"percentiles":{"25":1870428.5908701445,"50":1920628.4813855803,"75":1961370.802195032},"frequency_distribution":"removed","outliers":"removed","median":1920628.4813855803,"average":1914688.4122656917,"sample_size":50,"variance":6207808901.225483,"standard_deviation":78789.64970873702,"lower_outlier_bound":1687774.1808947204,"minimum":1720933.4342947614,"standard_deviation_ratio":0.041150115707601506,"upper_outlier_bound":2139626.673992133},{"maximum":1942766.1103879705,"total":93823908.35898285,"mode":1706572.0088059115,"n":1000,"percentiles":{"25":1707592.5637687186,"50":1765474.382966703,"75":1820500.6176687279},"frequency_distribution":"removed","outliers":"removed","median":1765474.382966703,"average":1770262.4218676009,"sample_size":53,"variance":6414570821.338787,"standard_deviation":80091.01585907614,"lower_outlier_bound":1523484.1269680294,"minimum":1552963.831472365,"standard_deviation_ratio":0.04524245381347546,"upper_outlier_bound":2011718.478535715},{"maximum":1692448.2957045662,"total":73932247.82301874,"mode":[1496154.8819533798,1541235.762834641,1486834.0841845458],"n":2000,"percentiles":{"25":1496154.8819533798,"50":1537124.6036812747,"75":1601176.7194316161},"frequency_distribution":"removed","outliers":"removed","median":1537124.6036812747,"average":1540255.1629795572,"sample_size":48,"variance":6468311358.376292,"standard_deviation":80425.81276167679,"lower_outlier_bound":1302571.812356087,"minimum":1308797.7383975082,"standard_deviation_ratio":0.05221590207566422,"upper_outlier_bound":1818793.3312822017},{"maximum":1756820.856977214,"total":82951661.86783762,"mode":1662980.393461161,"n":3000,"percentiles":{"25":1617887.0744111289,"50":1662980.393461161,"75":1692950.1569824372},"frequency_distribution":"removed","outliers":"removed","median":1662980.393461161,"average":1659033.2373567524,"sample_size":50,"variance":2942649374.6887345,"standard_deviation":54246.19225981428,"lower_outlier_bound":1476167.4156291615,"minimum":1508773.5180072119,"standard_deviation_ratio":0.03269747165900171,"upper_outlier_bound":1821415.746052201},{"maximum":1789773.235731033,"total":84346469.40470545,"mode":1625223.4682268812,"n":4000,"percentiles":{"25":1575156.629710638,"50":1615131.0739080582,"75":1674642.149993649},"frequency_distribution":"removed","outliers":"removed","median":1615131.0739080582,"average":1622047.4885520278,"sample_size":52,"variance":5849460329.973896,"standard_deviation":76481.76468919827,"lower_outlier_bound":1412981.1215179197,"minimum":1424704.3738424277,