{
  "build_type": "sequential",
  "name": "runtime",
  "timestamp": "2026-03-19T20:33:21.051076Z",
  "impl_mod": "xb5_sets",
  "tweaks": "none",
  "impl_description": ":xb5_sets.is_disjoint/2",
  "group_id": "is_disjoint_000_0100",
  "measurements": [
    {
      "maximum": 4824159.390226253,
      "total": 187672311.43415782,
      "mode": [
        4532886.088572594,
        4568087.341829976
      ],
      "n": 0,
      "percentiles": {
        "25": 4489946.149353478,
        "50": 4572264.642677519,
        "75": 4669515.277036974
      },
      "frequency_distribution": "removed",
      "average": 4577373.449613606,
      "variance": 13970964617.895138,
      "standard_deviation": 118198.83509533897,
      "standard_deviation_ratio": 0.025822414621930533,
      "median": 4572264.642677519,
      "minimum": 4261666.311527807,
      "lower_outlier_bound": 4251672.092973858,
      "upper_outlier_bound": 4979297.239064004,
      "outliers": "removed",
      "sample_size": 41
    },
    {
      "maximum": 519610.0845925218,
      "total": 21245067.118668802,
      "mode": null,
      "n": 100,
      "percentiles": {
        "25": 405506.78210093064,
        "50": 476542.2097262265,
        "75": 493800.3367718297
      },
      "frequency_distribution": "removed",
      "average": 452022.7046525277,
      "variance": 3249372450.695061,
      "standard_deviation": 57003.26701773383,
      "standard_deviation_ratio": 0.12610708805335907,
      "median": 476542.2097262265,
      "minimum": 336315.32925270736,
      "lower_outlier_bound": 273066.45009458205,
      "upper_outlier_bound": 626240.6687781783,
      "outliers": "removed",
      "sample_size": 47
    },
    {
      "maximum": 538386.9925702595,
      "total": 19689108.192973714,
      "mode": null,
      "n": 200,
      "percentiles": {
        "25": 356674.0854876448,
        "50": 433926.0763536324,
        "75": 452947.78417943977
      },
      "frequency_distribution": "removed",
      "average": 418917.1955951854,
      "variance": 2873047556.754379,
      "standard_deviation": 53600.81675454562,
      "standard_deviation_ratio": 0.12795086312556622,
      "median": 433926.0763536324,
      "minimum": 324106.03453025693,
      "lower_outlier_bound": 212263.53744995242,
      "upper_outlier_bound": 597358.3322171322,
      "outliers": "removed",
      "sample_size": 47
    },
    {
      "maximum": 452537.8321627688,
      "total": 17430740.108258367,
      "mode": null,
      "n": 300,
      "percentiles": {
        "25": 334524.2357083957,
        "50": 392457.0568453404,
        "75": 410350.52050262096
      },
      "frequency_distribution": "removed",
      "average": 378929.13278822537,
      "variance": 1990793429.1412714,
      "standard_deviation": 44618.30822813961,
      "standard_deviation_ratio": 0.1177484240914138,
      "median": 392457.0568453404,
      "minimum": 293046.304246534,
      "lower_outlier_bound": 214374.3738071022,
      "upper_outlier_bound": 526683.3704732747,
      "outliers": "removed",
      "sample_size": 46
    },
    {
      "maximum": 480325.85305871506,
      "total": 15989430.60220063,
      "mode": null,
      "n": 400,
      "percentiles": {
        "25": 296477.1658925123,
        "50": 361099.4787157666,
        "75": 374369.7450395095
      },
      "frequency_distribution": "removed",
      "average": 347596.3174391441,
      "variance": 2233806707.660049,
      "standard_deviation": 47263.164384751566,
      "standard_deviation_ratio": 0.13597141860694834,
      "median": 361099.4787157666,
      "minimum": 215384.94674607192,
      "lower_outlier_bound": 179638.29717201652,
      "upper_outlier_bound": 491208.6137600053,
      "outliers": "removed",
      "sample_size": 46
    },
    {
      "maximum": 409651.38666994387,
      "total": 14933181.675509986,
      "mode": null,
      "n": 500,
      "percentiles": {
        "25": 339758.6258694638,
        "50": 354939.55435948336,
        "75": 367549.81619601813
      },
      "frequency_distribution": "removed",
      "average": 355551.94465499965,
      "variance": 317633162.2687604,
      "standard_deviation": 17822.265912861934,
      "standard_deviation_ratio": 0.050125631938689845,
      "median": 354939.55435948336,
      "minimum": 330436.50662525196,
      "lower_outlier_bound": 291115.83244025544,
      "upper_outlier_bound": 410244.96834894386,
      "outliers": "removed",
      "sample_size": 42
    },
    {
      "maximum": 371668.4568697339,
      "total": 13373271.430915646,
      "mode": null,
      "n": 600,
      "percentiles": {
        "25": 333918.80430354556,
        "50": 343041.4050975953,
        "75": 353353.144666311
      },
      "frequency_distribution": "removed",
      "average": 342904.39566450374,
      "variance": 187647691.9732103,
      "standard_deviation": 13698.45582440628,
      "standard_deviation_ratio": 0.03994832378237809,
      "median": 343041.4050975953,
      "minimum": 309877.66029971367,
      "lower_outlier_bound": 293437.8053826932,
      "upper_outlier_bound": 387804.03277538833,
      "outliers": "removed",
      "sample_size": 39
    },
    {
      "maximum": 357913.6497528606,
      "total": 14160670.49309387,
      "mode": null,
      "n": 700,
      "percentiles": {
        "25": 291641.81487178,
        "50": 326362.2359729511,
        "75": 336014.74236206117
      },
      "frequency_distribution": "removed",
      "average": 314681.56651319715,
      "variance": 974060447.3478839,
      "standard_deviation": 31209.941482609094,
      "standard_deviation_ratio": 0.0991794398014102,
      "median": 326362.2359729511,
      "minimum": 233745.3484675655,
      "lower_outlier_bound": 201751.47913966005,
      "upper_outlier_bound": 416473.3431006607,
      "outliers": "removed",
      "sample_size": 45
    },
    {
      "maximum": 356113.94221695175,
      "total": 11645006.181230962,
      "mode": null,
      "n": 800,
      "percentiles": {
        "25": 313855.98138163897,
        "50": 321383.4603469185,
        "75": 328203.498511045
      },
      "frequency_distribution": "removed",
      "average": 323472.3939230823,
      "variance": 172998913.5433457,
      "standard_deviation": 13152.905137016145,
      "standard_deviation_ratio": 0.040661600136869,
      "median": 321383.4603469185,
      "minimum": 305271.7376372578,
      "lower_outlier_bound": 278158.1545734065,
      "upper_outlier_bound": 356474.94104692613,
      "outliers": "removed",
      "sample_size": 36
    },
    {
      "maximum": 369795.1334960432,
      "total": 14275735.058931556,
      "mode": null,
      "n": 900,
      "percentiles": {
        "25": 266875.1851446597,
        "50": 313645.7872666083,
        "75": 326298.34109923383
      },
      "frequency_distribution": "removed",
      "average": 303739.04380705435,
      "variance": 1050858420.4013345,
      "standard_deviation": 32416.946500269492,
      "standard_deviation_ratio": 0.10672630720751813,
      "median": 313645.7872666083,
      "minimum": 243722.32228377566,
      "lower_outlier_bound": 177740.45121279854,
      "upper_outlier_bound": 415433.075031095,
      "outliers": "removed",
      "sample_size": 47
    },
    {
      "maximum": 356316.96531966975,
      "total": 13595875.524364904,
      "mode": null,
      "n": 1000,
      "percentiles": {
        "25": 267503.2080844834,
        "50": 305823.2027588709,
        "75": 314012.08283619216
      },
      "frequency_distribution": "removed",
      "average": 295562.51139923703,
      "variance": 971467429.6112455,
      "standard_deviation": 31168.37226438438,
      "standard_deviation_ratio": 0.10545441678928986,
      "median": 305823.2027588709,
      "minimum": 218645.18696349938,
      "lower_outlier_bound": 191564.0081839278,
      "upper_outlier_bound": 386281.7529113405,
      "outliers": "removed",
      "sample_size": 46
    },
    {
      "maximum": 258157.78603882692,
      "total": 9141175.27930731,