{
  "build_type": "sequential",
  "name": "runtime",
  "impl_mod": "xb5_sets",
  "impl_description": ":xb5_sets.is_member/2",
  "group_id": "is_member_missing",
  "measurements": [
    {
      "maximum": 914829.3843198244,
      "total": 45133831.23123064,
      "mode": [
        831739.166597355,
        792769.9381639449,
        801089.4816951053,
        822842.0966016621
      ],
      "n": 0,
      "frequency_distribution": "removed",
      "outliers": "removed",
      "average": 820615.1132951025,
      "sample_size": 55,
      "percentiles": {
        "25": 792769.9381639449,
        "50": 822842.0966016621,
        "75": 860437.1020478402
      },
      "variance": 2992978086.5429416,
      "standard_deviation": 54708.117190623016,
      "lower_outlier_bound": 597836.4962106601,
      "median": 822842.0966016621,
      "minimum": 602010.715790741,
      "standard_deviation_ratio": 0.06666720647021444,
      "upper_outlier_bound": 1005384.775183521
    },
    {
      "maximum": 229927.34295962474,
      "total": 14017873.329223841,
      "mode": null,
      "n": 100,
      "frequency_distribution": "removed",
      "outliers": "removed",
      "average": 215659.5896803668,
      "sample_size": 65,
      "percentiles": {
        "25": 209623.84940380452,
        "50": 216933.85686704124,
        "75": 220775.0921438686
      },
      "variance": 54161756.58305349,
      "standard_deviation": 7359.467139885434,
      "lower_outlier_bound": 192223.05012646306,
      "median": 216933.85686704124,
      "minimum": 198554.52307203558,
      "standard_deviation_ratio": 0.0341253878429104,
      "upper_outlier_bound": 237750.34422375436
    },
    {
      "maximum": 188107.82340437538,
      "total": 11469755.647198783,
      "mode": 182605.0435513029,
      "n": 200,
      "frequency_distribution": "removed",
      "outliers": "removed",
      "average": 176457.7791876736,
      "sample_size": 65,
      "percentiles": {
        "25": 171203.5660521589,
        "50": 178520.42273636104,
        "75": 182355.64216608723
      },
      "variance": 51959104.621745214,
      "standard_deviation": 7208.266408904794,
      "lower_outlier_bound": 154497.74011478518,
      "median": 178520.42273636104,
      "minimum": 156788.96205707118,
      "standard_deviation_ratio": 0.04084980805090131,
      "upper_outlier_bound": 198870.8622886959
    },
    {
      "maximum": 153202.702495672,
      "total": 8975969.872382227,
      "mode": 137917.7182892686,
      "n": 300,
      "frequency_distribution": "removed",
      "outliers": "removed",
      "average": 142475.71226003536,
      "sample_size": 63,
      "percentiles": {
        "25": 137917.7182892686,
        "50": 143385.62128989704,
        "75": 146760.98505973173
      },
      "variance": 30685812.53541828,
      "standard_deviation": 5539.477641025215,
      "lower_outlier_bound": 123067.13274722472,
      "median": 143385.62128989704,
      "minimum": 123497.9561088264,
      "standard_deviation_ratio": 0.038880154049800435,
      "upper_outlier_bound": 160897.20859727153
    },
    {
      "maximum": 173946.3201655969,
      "total": 10714431.260953398,
      "mode": [
        166741.700431861,
        168259.52348902947
      ],
      "n": 400,
      "frequency_distribution": "removed",
      "outliers": "removed",
      "average": 164837.40401466767,
      "sample_size": 65,
      "percentiles": {
        "25": 161220.11801182159,
        "50": 165661.65264064673,
        "75": 168743.62467926682
      },
      "variance": 25255653.530884042,
      "standard_deviation": 5025.500326423633,
      "lower_outlier_bound": 149827.38478531985,
      "median": 165661.65264064673,
      "minimum": 150229.09937654925,
      "standard_deviation_ratio": 0.030487621158947945,
      "upper_outlier_bound": 180069.4501112551
    },
    {
      "maximum": 149329.5104978646,
      "total": 8696494.431370886,
      "mode": [
        142484.64727925567,
        139109.1450351946,
        144131.67870166185,
        141556.84214996532
      ],
      "n": 500,
      "frequency_distribution": "removed",
      "outliers": "removed",
      "average": 142565.48248148995,
      "sample_size": 61,
      "percentiles": {
        "25": 140560.00211239886,
        "50": 142403.48603733818,
        "75": 145286.55426919134
      },
      "variance": 11811931.898053233,
      "standard_deviation": 3436.8491235509937,
      "lower_outlier_bound": 132883.9453949834,
      "median": 142403.48603733818,
      "minimum": 133312.00341278728,
      "standard_deviation_ratio": 0.024107161591496864,
      "upper_outlier_bound": 152507.19464783545
    },
    {
      "maximum": 128572.71429857156,
      "total": 7677800.106400808,
      "mode": [
        122663.26480545606,
        122198.5971601046,
        121499.30137901707,
        122921.09694786917
      ],
      "n": 600,
      "frequency_distribution": "removed",
      "outliers": "removed",
      "average": 123835.48558710981,
      "sample_size": 62,
      "percentiles": {
        "25": 122187.40189138208,
        "50": 123636.13884810865,
        "75": 125675.90696149062
      },
      "variance": 6400013.052130853,
      "standard_deviation": 2529.8247077872516,
      "lower_outlier_bound": 116566.35652500938,
      "median": 123636.13884810865,
      "minimum": 116766.50202589881,
      "standard_deviation_ratio": 0.020428915797384203,
      "upper_outlier_bound": 131058.90379083471
    },
    {
      "maximum": 137786.59611992945,
      "total": 8216017.318592409,
      "mode": [
        122138.89635293256,
        127375.55408366026
      ],
      "n": 700,
      "frequency_distribution": "removed",
      "outliers": "removed",
      "average": 130412.97331099061,
      "sample_size": 63,
      "percentiles": {
        "25": 127505.48273575764,
        "50": 131211.210685841,
        "75": 133689.83957219252
      },
      "variance": 15024610.389466934,
      "standard_deviation": 3876.1592316966203,
      "lower_outlier_bound": 118267.41345839502,
      "median": 131211.210685841,
      "minimum": 120545.83152514586,
      "standard_deviation_ratio": 0.029722190463776162,
      "upper_outlier_bound": 142555.7884591023
    },
    {
      "maximum": 134861.76668914364,
      "total": 8050224.32692928,
      "mode": null,
      "n": 800,
      "frequency_distribution": "removed",
      "outliers": "removed",
      "average": 125784.75510827,
      "sample_size": 64,
      "percentiles": {
        "25": 122935.1653015612,
        "50": 125368.35254212566,
        "75": 129097.26343421389
      },
      "variance": 15732260.804849345,
      "standard_deviation": 3966.3914084277344,
      "lower_outlier_bound": 113253.39617145126,
      "median": 125368.35254212566,
      "minimum": 116249.33156634349,
      "standard_deviation_ratio": 0.031533164770354234,
      "upper_outlier_bound": 138470.34101246292
    },
    {
      "maximum": 121247.3931810466,
      "total": 7202946.030646603,
      "mode": 119178.14749487535,
      "n": 900,
      "frequency_distribution": "removed",
      "outliers": "removed",
      "average": 116176.54888139681,
      "sample_size": 62,
      "percentiles": {
        "25": 114034.85126163423,
        "50": 116174.41020139762,
        "75": 118435.7025039093
      },
      "variance": 7346961.575937164,
      "standard_deviation": 2710.5279146205385,
      "lower_outlier_bound": 106988.84134584617,
      "median": 116174.41020139762,
      "minimum": 109985.59188746274,
      "standard_deviation_ratio": 0.023331110630491207,
      "upper_outlier_bound": 125214.1193311907
    },
    {
      "maximum": 119148.32775321999,
      "total": 7125300.963641033,
      "mode": [
        108774.8686543461,
        114739.4267618239
      ],
      "n": 1000,
      "frequency_distribution": "removed",
      "outliers": "removed",
      "average": 113100.0152958894,
      "sample_size": 63,
      "percentiles": {
        "25": 110926.23405435386,