{
  "build_type": "sequential",
  "name": "runtime",
  "impl_mod": "xb5_sets",
  "impl_description": ":xb5_sets.largest/1",
  "group_id": "largest",
  "measurements": [
    {
      "maximum": 870928.4096847239,
      "total": 42962739.89684161,
      "mode": 609718.9195780745,
      "n": 100,
      "frequency_distribution": "removed",
      "outliers": "removed",
      "average": 650950.6044976001,
      "sample_size": 66,
      "percentiles": {
        "25": 585717.0052981337,
        "50": 639222.770488,
        "75": 723144.869954225
      },
      "variance": 11341437531.57931,
      "standard_deviation": 106496.18552595821,
      "lower_outlier_bound": 379575.2083139967,
      "median": 639222.770488,
      "minimum": 445394.6196329948,
      "standard_deviation_ratio": 0.16360102408715227,
      "upper_outlier_bound": 929286.666938362
    },
    {
      "maximum": 456808.7341829976,
      "total": 26129669.20005601,
      "mode": 416406.41265875497,
      "n": 200,
      "frequency_distribution": "removed",
      "outliers": "removed",
      "average": 395904.0787887274,
      "sample_size": 66,
      "percentiles": {
        "25": 350257.24455699866,
        "50": 415371.21958813036,
        "75": 430700.3786661386
      },
      "variance": 2194860208.620049,
      "standard_deviation": 46849.335199339264,
      "lower_outlier_bound": 229592.5433932887,
      "median": 415371.21958813036,
      "minimum": 293910.18104867154,
      "standard_deviation_ratio": 0.1183350657630891,
      "upper_outlier_bound": 551365.0798298486
    },
    {
      "maximum": 406404.94188409334,
      "total": 23468179.44668664,
      "mode": 366421.16448646074,
      "n": 300,
      "frequency_distribution": "removed",
      "outliers": "removed",
      "average": 372510.7848680419,
      "sample_size": 63,
      "percentiles": {
        "25": 360971.735913078,
        "50": 372856.0775540641,
        "75": 385817.3540645858
      },
      "variance": 234327588.64272824,
      "standard_deviation": 15307.762365634248,
      "lower_outlier_bound": 312755.9029557718,
      "median": 372856.0775540641,
      "minimum": 345244.26031417225,
      "standard_deviation_ratio": 0.041093474303185246,
      "upper_outlier_bound": 429493.5171001343
    },
    {
      "maximum": 398279.43285008764,
      "total": 21363700.837584026,
      "mode": null,
      "n": 400,
      "frequency_distribution": "removed",
      "outliers": "removed",
      "average": 323692.4369330913,
      "sample_size": 66,
      "percentiles": {
        "25": 288968.2208023472,
        "50": 327467.5153672422,
        "75": 347319.1941577223
      },
      "variance": 1995748355.9033926,
      "standard_deviation": 44673.79943438203,
      "lower_outlier_bound": 201441.7607692845,
      "median": 327467.5153672422,
      "minimum": 213912.89466929066,
      "standard_deviation_ratio": 0.1380131085472853,
      "upper_outlier_bound": 434845.65419078496
    },
    {
      "maximum": 511064.5474523432,
      "total": 27673419.076363884,
      "mode": [
        459326.6271645767,
        353194.64556917315
      ],
      "n": 500,
      "frequency_distribution": "removed",
      "outliers": "removed",
      "average": 425744.9088671367,
      "sample_size": 65,
      "percentiles": {
        "25": 368990.1244063664,
        "50": 451834.4478583047,
        "75": 472262.6275332123
      },
      "variance": 3155031028.6525397,
      "standard_deviation": 56169.6628853382,
      "lower_outlier_bound": 214081.36971609748,
      "median": 451834.4478583047,
      "minimum": 319918.1009661527,
      "standard_deviation_ratio": 0.1319326707506612,
      "upper_outlier_bound": 627171.3822234812
    },
    {
      "maximum": 317773.0464901967,
      "total": 18814267.555604443,
      "mode": [
        303656.0184622859,
        293996.5896395602,
        295220.3820151743,
        302096.55005739833
      ],
      "n": 600,
      "frequency_distribution": "removed",
      "outliers": "removed",
      "average": 285064.65993340063,
      "sample_size": 66,
      "percentiles": {
        "25": 266736.0180669377,
        "50": 292320.8904298893,
        "75": 300593.9091435546
      },
      "variance": 340920437.2850036,
      "standard_deviation": 18464.030905655556,
      "lower_outlier_bound": 215949.18145201227,
      "median": 292320.8904298893,
      "minimum": 248911.0143123833,
      "standard_deviation_ratio": 0.06477137821983717,
      "upper_outlier_bound": 351380.74575848004
    },
    {
      "maximum": 463370.5574347806,
      "total": 25989948.74782742,
      "mode": [
        344174.8408191361,
        420079.81516488135
      ],
      "n": 700,
      "frequency_distribution": "removed",
      "outliers": "removed",
      "average": 399845.365351191,
      "sample_size": 65,
      "percentiles": {
        "25": 347288.9092027382,
        "50": 421318.7276174426,
        "75": 437955.14987880725
      },
      "variance": 2141386457.1580272,
      "standard_deviation": 46275.117040997604,
      "lower_outlier_bound": 210976.16131272927,
      "median": 421318.7276174426,
      "minimum": 325436.08435303305,
      "standard_deviation_ratio": 0.11573253325158184,
      "upper_outlier_bound": 573367.6557670425
    },
    {
      "maximum": 534587.8327809259,
      "total": 29535469.111234646,
      "mode": 408563.4907664651,
      "n": 800,
      "frequency_distribution": "removed",
      "outliers": "removed",
      "average": 447507.1077459795,
      "sample_size": 66,
      "percentiles": {
        "25": 405126.36172764166,
        "50": 453478.1772079038,
        "75": 489154.2710413279
      },
      "variance": 2463960231.1905694,
      "standard_deviation": 49638.29399959843,
      "lower_outlier_bound": 279084.49775711226,
      "median": 453478.1772079038,
      "minimum": 336179.65440731525,
      "standard_deviation_ratio": 0.11092180021367357,
      "upper_outlier_bound": 615196.1350118573
    },
    {
      "maximum": 329196.43151068245,
      "total": 17603061.55296357,
      "mode": [
        296876.85548034677,
        310260.30839874654,
        303840.5444822557
      ],
      "n": 900,
      "frequency_distribution": "removed",
      "outliers": "removed",
      "average": 266713.0538327814,
      "sample_size": 66,
      "percentiles": {
        "25": 240787.10335621831,
        "50": 254495.1675516275,
        "75": 299486.78936787706
      },
      "variance": 1379477615.034884,
      "standard_deviation": 37141.31951122475,
      "lower_outlier_bound": 152737.5743387302,
      "median": 254495.1675516275,
      "minimum": 181643.14387953427,
      "standard_deviation_ratio": 0.13925572437302186,
      "upper_outlier_bound": 387536.3183853652
    },
    {
      "maximum": 420079.81516488135,
      "total": 24185930.012485754,
      "mode": 362950.0580720093,
      "n": 1000,
      "frequency_distribution": "removed",
      "outliers": "removed",
      "average": 383903.6509918374,
      "sample_size": 63,
      "percentiles": {
        "25": 370906.1236601016,
        "50": 383009.69014516065,
        "75": 397804.12125069613
      },
      "variance": 428021654.6800669,
      "standard_deviation": 20688.684218192004,
      "lower_outlier_bound": 325352.8241716796,
      "median": 383009.69014516065,
      "minimum": 326711.9707266074,
      "standard_deviation_ratio": 0.05389030337362405,
      "upper_outlier_bound": 441085.0772675109
    },
    {
      "maximum": 379089.4271958755,
      "total": 22459315.326330025,
      "mode": [
        376081.233546446,
        375657.4004507889,
        359427.7909567968
      ],
      "n": 2000,
      "frequency_distribution": "removed",
      "outliers": "removed",
      "average": 340292.65645954583,
      "sample_size": 66,
      "percentiles": {
        "25": 313529.3432352793,
        "50": 349237.90103869746,
        "75": 368991.433644378
      },
      "variance": 807867210.559651,
      "standard_deviation": 28423.004953024425,