{
  "build_type": "sequential",
  "name": "runtime",
  "timestamp": "2026-03-19T20:33:21.906771Z",
  "impl_mod": "xb5_sets",
  "tweaks": "none",
  "impl_description": ":xb5_sets.take_smallest/1",
  "group_id": "take_smallest_x300",
  "measurements": [
    {
      "maximum": 118885.56669777505,
      "total": 5240572.6396613065,
      "mode": null,
      "n": 300,
      "percentiles": {
        "25": 111664.69388183719,
        "50": 113500.39447150598,
        "75": 115873.09037123478
      },
      "frequency_distribution": "removed",
      "average": 113925.49216655015,
      "variance": 6793418.461877246,
      "standard_deviation": 2606.418704252493,
      "standard_deviation_ratio": 0.022878274692393806,
      "median": 113500.39447150598,
      "minimum": 109458.05129642117,
      "lower_outlier_bound": 100474.5743062721,
      "upper_outlier_bound": 124582.10813802715,
      "outliers": "removed",
      "sample_size": 46
    },
    {
      "maximum": 111736.08829832642,
      "total": 4439924.588078288,
      "mode": null,
      "n": 400,
      "percentiles": {
        "25": 32912.08629782137,
        "50": 103989.1680407337,
        "75": 105857.43675842538
      },
      "frequency_distribution": "removed",
      "average": 73998.74313463813,
      "variance": 1351161268.0446498,
      "standard_deviation": 36758.14560127659,
      "standard_deviation_ratio": 0.49674013428034075,
      "median": 103989.1680407337,
      "minimum": 29460.921119267532,
      "lower_outlier_bound": -76505.93939308464,
      "upper_outlier_bound": 215275.4624493314,
      "outliers": "removed",
      "sample_size": 60
    },
    {
      "maximum": 105719.08536076109,
      "total": 4918702.203056896,
      "mode": null,
      "n": 500,
      "percentiles": {
        "25": 31969.97690616014,
        "50": 99315.07192347603,
        "75": 100580.47526135767
      },
      "frequency_distribution": "removed",
      "average": 79333.90650091768,
      "variance": 1033767928.0850204,
      "standard_deviation": 32152.26163250449,
      "standard_deviation_ratio": 0.40527768076229265,
      "median": 99315.07192347603,
      "minimum": 25834.82658631002,
      "lower_outlier_bound": -70945.77062663615,
      "upper_outlier_bound": 203496.22279415396,
      "outliers": "removed",
      "sample_size": 62
    },
    {
      "maximum": 99830.48783166184,
      "total": 4437768.167765022,
      "mode": null,
      "n": 600,
      "percentiles": {
        "25": 93220.88408822051,
        "50": 93867.80409413815,
        "75": 95331.88365315592
      },
      "frequency_distribution": "removed",
      "average": 94420.59931414941,
      "variance": 4618068.8203072315,
      "standard_deviation": 2148.9692460124297,
      "standard_deviation_ratio": 0.0227595382959023,
      "median": 93867.80409413815,
      "minimum": 86647.97958573601,
      "lower_outlier_bound": 39119.24245902037,
      "upper_outlier_bound": 128443.17414143306,
      "outliers": "removed",
      "sample_size": 47
    },
    {
      "maximum": 98831.12429298685,
      "total": 4382739.065952782,
      "mode": null,
      "n": 700,
      "percentiles": {
        "25": 92502.06048339726,
        "50": 93637.07953439899,
        "75": 94790.50350819653
      },
      "frequency_distribution": "removed",
      "average": 93249.76736069749,
      "variance": 11859687.637093311,
      "standard_deviation": 3443.789720220053,
      "standard_deviation_ratio": 0.036930812994945085,
      "median": 93637.07953439899,
      "minimum": 74140.41601670235,
      "lower_outlier_bound": 62857.53013169863,
      "upper_outlier_bound": 113177.23446003096,
      "outliers": "removed",
      "sample_size": 47
    },
    {
      "maximum": 100397.87678570174,
      "total": 4792848.296802042,
      "mode": null,
      "n": 800,
      "percentiles": {
        "25": 94655.26149811037,
        "50": 96168.22855218644,
        "75": 97684.70201134763
      },
      "frequency_distribution": "removed",
      "average": 95856.96593604084,
      "variance": 6005025.287934093,
      "standard_deviation": 2450.5153106916296,
      "standard_deviation_ratio": 0.025564290364945414,
      "median": 96168.22855218644,
      "minimum": 87733.30479076484,
      "lower_outlier_bound": 84530.56929631816,
      "upper_outlier_bound": 105273.07112315518,
      "outliers": "removed",
      "sample_size": 50
    },
    {
      "maximum": 100642.80559936313,
      "total": 4824248.7274144795,
      "mode": null,
      "n": 900,
      "percentiles": {
        "25": 29694.97772797345,
        "50": 96418.62653594872,
        "75": 98727.83882804049
      },
      "frequency_distribution": "removed",
      "average": 79086.04471171278,
      "variance": 940166417.0741127,
      "standard_deviation": 30662.13327663476,
      "standard_deviation_ratio": 0.3877059902085816,
      "median": 96418.62653594872,
      "minimum": 25412.340639211852,
      "lower_outlier_bound": -73854.3139221271,
      "upper_outlier_bound": 202277.13047814104,
      "outliers": "removed",
      "sample_size": 61
    },
    {
      "maximum": 103275.37863335692,
      "total": 4486140.065708203,
      "mode": null,
      "n": 1000,
      "percentiles": {
        "25": 28689.169725204596,
        "50": 96862.05680765907,
        "75": 98738.32088029521
      },
      "frequency_distribution": "removed",
      "average": 73543.27976570826,
      "variance": 1094301801.4169755,
      "standard_deviation": 33080.23278964306,
      "standard_deviation_ratio": 0.44980633030004874,
      "median": 96862.05680765907,
      "minimum": 26034.764742055362,
      "lower_outlier_bound": -76384.55700743133,
      "upper_outlier_bound": 203812.04761293114,
      "outliers": "removed",
      "sample_size": 61
    },
    {
      "maximum": 88098.04254959259,
      "total": 4265802.699853507,
      "mode": null,
      "n": 2000,
      "percentiles": {
        "25": 43373.39526949558,
        "50": 82820.84671858039,
        "75": 84152.78940585541
      },
      "frequency_distribution": "removed",
      "average": 68803.26935247592,
      "variance": 638181888.0014195,
      "standard_deviation": 25262.262131515847,
      "standard_deviation_ratio": 0.3671665949781901,
      "median": 82820.84671858039,
      "minimum": 20432.878708593027,
      "lower_outlier_bound": -17795.69593504416,
      "upper_outlier_bound": 145321.88061039516,
      "outliers": "removed",
      "sample_size": 62
    },
    {
      "maximum": 91892.25449376098,
      "total": 4358452.409876986,
      "mode": null,
      "n": 3000,
      "percentiles": {
        "25": 25736.127710739434,
        "50": 87167.92290171554,
        "75": 89214.34296484105
      },
      "frequency_distribution": "removed",
      "average": 71450.03950618011,
      "variance": 805007781.1335846,
      "standard_deviation": 28372.659042352458,
      "standard_deviation_ratio": 0.3970978776001705,
      "median": 87167.92290171554,
      "minimum": 22833.43262070951,
      "lower_outlier_bound": -69481.195170413,
      "upper_outlier_bound": 184431.6658459935,
      "outliers": "removed",
      "sample_size": 61
    },
    {
      "maximum": 91800.9791492436,
      "total": 4042935.936860954,
      "mode": null,
      "n": 4000,
      "percentiles": {
        "25": 25140.265250999953,
        "50": 85267.1364444927,
        "75": 88288.76884938663
      },
      "frequency_distribution": "removed",
      "average": 65208.64414291861,
      "variance": 905865177.2634692,
      "standard_deviation": 30097.59421055891,
      "standard_deviation_ratio": 0.46155835021801145,
      "median": 85267.1364444927,
      "minimum": 16851.00827165443,
      "lower_outlier_bound": -69582.49014658006,
      "upper_outlier_bound": 183011.52424696664,
      "outliers": "removed",
      "sample_size": 62
    },
    {
      "maximum": 89603.08521343007,
      "total": 4243172.002743412,
      "mode": null,
      "n": 5000,