{
  "build_type": "sequential",
  "name": "runtime",
  "impl_mod": "xb5_sets",
  "group_id": "take_largest_x100",
  "impl_description": ":xb5_sets.take_largest/1",
  "tweaks": "none",
  "measurements": [
    {
      "maximum": 4005.270936552503,
      "total": 1442255.1088702772,
      "mode": [
        3394.6059711119033,
        3369.9762079679717,
        3324.501241701214,
        3370.0102785313497,
        3393.4540271815667,
        3373.7281045046016,
        3318.0922296916165
      ],
      "n": 100,
      "frequency_distribution": "removed",
      "outliers": "removed",
      "median": 3289.7225789767053,
      "average": 2700.852263802017,
      "sample_size": 534,
      "percentiles": {
        "25": 1269.687518246545,
        "50": 3289.7225789767053,
        "75": 3386.3752840030147
      },
      "variance": 990187.776188052,
      "standard_deviation": 995.0817937175075,
      "lower_outlier_bound": -1905.3441303881596,
      "minimum": 892.9392613785018,
      "standard_deviation_ratio": 0.36843251556333584,
      "upper_outlier_bound": 6561.406932637719
    },
    {
      "maximum": 3391.370995638697,
      "total": 1240260.303442787,
      "mode": 2911.572627723412,
      "n": 200,
      "frequency_distribution": "removed",
      "outliers": "removed",
      "median": 2896.2840675413445,
      "average": 2301.0395240125918,
      "sample_size": 539,
      "percentiles": {
        "25": 1012.8448990092351,
        "50": 2896.2840675413445,
        "75": 2995.545623657621
      },
      "variance": 898455.802546185,
      "standard_deviation": 947.8690851305284,
      "lower_outlier_bound": -1961.2061879633434,
      "minimum": 37.268889559646084,
      "standard_deviation_ratio": 0.41193081441626794,
      "upper_outlier_bound": 5969.5967106302
    },
    {
      "maximum": 3565.342023260291,
      "total": 1230217.3074229339,
      "mode": [
        2919.409695359598,
        3022.855812800585,
        2885.7280547595756,
        2982.5728269720025,
        2878.161660584152,
        2941.7821316153327
      ],
      "n": 300,
      "frequency_distribution": "removed",
      "outliers": "removed",
      "median": 2884.355336628684,
      "average": 2286.649270302851,
      "sample_size": 538,
      "percentiles": {
        "25": 989.7550242385772,
        "50": 2884.355336628684,
        "75": 2982.5728269720025
      },
      "variance": 901200.9835091858,
      "standard_deviation": 949.316060913954,
      "lower_outlier_bound": -1999.4716798615605,
      "minimum": 752.7785054636664,
      "standard_deviation_ratio": 0.41515595471631883,
      "upper_outlier_bound": 5971.79953107214
    },
    {
      "maximum": 3289.1923717050518,
      "total": 1133132.6808462047,
      "mode": [
        2632.64586174397,
        2713.159365554814,
        2659.369357150645
      ],
      "n": 400,
      "frequency_distribution": "removed",
      "outliers": "removed",
      "median": 2614.6661855680886,
      "average": 2110.1167241083886,
      "sample_size": 537,
      "percentiles": {
        "25": 903.8962563029881,
        "50": 2614.6661855680886,
        "75": 2696.602599468671
      },
      "variance": 716104.1401456541,
      "standard_deviation": 846.2293661565132,
      "lower_outlier_bound": -1785.1632584455365,
      "minimum": 614.3577872306963,
      "standard_deviation_ratio": 0.4010343866233656,
      "upper_outlier_bound": 5385.662114217195
    },
    {
      "maximum": 2924.1134088144477,
      "total": 1041947.8701374573,
      "mode": [
        2372.2316057161293,
        2521.1334007316327,
        2392.7051206282285
      ],
      "n": 500,
      "frequency_distribution": "removed",
      "outliers": "removed",
      "median": 2433.1255444118406,
      "average": 1940.3126073323226,
      "sample_size": 537,
      "percentiles": {
        "25": 841.0718971541532,
        "50": 2433.1255444118406,
        "75": 2512.1872731259273
      },
      "variance": 633424.0001131517,
      "standard_deviation": 795.8793879182648,
      "lower_outlier_bound": -1665.6011668035076,
      "minimum": 43.03437809901315,
      "standard_deviation_ratio": 0.41018101150849884,
      "upper_outlier_bound": 5018.860337083588
    },
    {
      "maximum": 2861.737990716522,
      "total": 1019939.8164611356,
      "mode": [
        2534.025629135213,
        836.7353598505925,
        2468.447075260483,
        2531.4917574628375,
        2494.480960874066,
        2520.688551284669
      ],
      "n": 600,
      "frequency_distribution": "removed",
      "outliers": "removed",
      "median": 2444.984880797495,
      "average": 1895.7989153552708,
      "sample_size": 538,
      "percentiles": {
        "25": 824.068648503511,
        "50": 2444.984880797495,
        "75": 2517.354010648672
      },
      "variance": 666730.8082562907,
      "standard_deviation": 816.5358585244685,
      "lower_outlier_bound": -1715.8593947142306,
      "minimum": 272.33879381692896,
      "standard_deviation_ratio": 0.4307080523735032,
      "upper_outlier_bound": 5057.282053866414
    },
    {
      "maximum": 3053.658894086895,
      "total": 1097108.182287556,
      "mode": [
        2643.9498495592534,
        2677.641426326035,
        2697.3953950065816,
        2660.3669178053037
      ],
      "n": 700,
      "frequency_distribution": "removed",
      "outliers": "removed",
      "median": 2630.2914961817987,
      "average": 2031.6818190510294,
      "sample_size": 540,
      "percentiles": {
        "25": 858.1646875279855,
        "50": 2630.2914961817987,
        "75": 2719.391036344857
      },
      "variance": 808744.4706473954,
      "standard_deviation": 899.3022131894235,
      "lower_outlier_bound": -1933.674835697322,
      "minimum": 30.379956957069385,
      "standard_deviation_ratio": 0.44263929753010006,
      "upper_outlier_bound": 5511.230559570165
    },
    {
      "maximum": 2978.1493184505284,
      "total": 1099010.720773409,
      "mode": [
        2638.216143772227,
        2694.2631055693114,
        2665.9131018965304,
        843.4170874615086
      ],
      "n": 800,
      "frequency_distribution": "removed",
      "outliers": "removed",
      "median": 2598.8674150029574,
      "average": 2058.072510811627,
      "sample_size": 534,
      "percentiles": {
        "25": 850.8171628856046,
        "50": 2598.8674150029574,
        "75": 2687.3864803167107
      },
      "variance": 747496.4093805343,
      "standard_deviation": 864.5787467781835,
      "lower_outlier_bound": -1904.0368132610545,
      "minimum": 576.3300111750389,
      "standard_deviation_ratio": 0.42009148960316556,
      "upper_outlier_bound": 5442.24045646337
    },
    {
      "maximum": 3043.5933880977236,
      "total": 1024321.5903650374,
      "mode": [
        2638.355354806028,
        2557.89802172167
      ],
      "n": 900,
      "frequency_distribution": "removed",
      "outliers": "removed",
      "median": 2494.8886636117486,
      "average": 1911.0477432183534,
      "sample_size": 536,
      "percentiles": {
        "25": 814.8224882530111,
        "50": 2494.8886636117486,
        "75": 2594.673138619417
      },
      "variance": 748020.0466467788,
      "standard_deviation": 864.8815217396998,
      "lower_outlier_bound": -1854.9534872965974,
      "minimum": 13.92111898622625,
      "standard_deviation_ratio": 0.45256929075103686,
      "upper_outlier_bound": 5264.449114169025
    },
    {
      "maximum": 3073.1124175253453,
      "total": 1084492.5432623266,
      "mode": [
        2682.1732040168226,
        2656.9740254219273,
        2648.157809020155,
        2605.7749183741007,
        2527.0712507739154
      ],
      "n": 1000,
      "frequency_distribution": "removed",
      "outliers": "removed",
      "median": 2554.271910173839,
      "average": 2023.3069836983705,
      "sample_size": 536,
      "percentiles": {
        "25": 829.6517611399229,
        "50": 2554.271910173839,