{
  "build_type": "sequential",
  "name": "runtime",
  "impl_mod": "xb5_sets",
  "tweaks": "none",
  "impl_description": ":xb5_sets.to_list/1",
  "group_id": "to_list",
  "measurements": [
    {
      "maximum": 3350083.752093802,
      "total": 63064157.41090517,
      "mode": [
        2885170.2250432777,
        2572678.157962439
      ],
      "n": 0,
      "frequency_distribution": "removed",
      "outliers": "removed",
      "average": 2866552.6095865984,
      "sample_size": 22,
      "percentiles": {
        "25": 2719847.1792726135,
        "50": 2876482.4454725995,
        "75": 2986659.138500943
      },
      "variance": 39879808007.43415,
      "standard_deviation": 199699.29395827657,
      "lower_outlier_bound": 2233530.18926694,
      "median": 2876482.4454725995,
      "minimum": 2572678.157962439,
      "standard_deviation_ratio": 0.06966531620261326,
      "upper_outlier_bound": 3413298.4045622363
    },
    {
      "maximum": 230616.66897283334,
      "total": 4556820.012201011,
      "mode": null,
      "n": 100,
      "frequency_distribution": "removed",
      "outliers": "removed",
      "average": 216991.4291524291,
      "sample_size": 21,
      "percentiles": {
        "25": 213982.43904598983,
        "50": 218026.4248026861,
        "75": 221128.20775803976
      },
      "variance": 69670508.52093208,
      "standard_deviation": 8346.886157180537,
      "lower_outlier_bound": 194217.9105853744,
      "median": 218026.4248026861,
      "minimum": 199580.88015168146,
      "standard_deviation_ratio": 0.03846643247516073,
      "upper_outlier_bound": 235001.71547454706
    },
    {
      "maximum": 147518.73487932968,
      "total": 2713142.786251181,
      "mode": 79171.54891218292,
      "n": 200,
      "frequency_distribution": "removed",
      "outliers": "removed",
      "average": 123324.6721023264,
      "sample_size": 22,
      "percentiles": {
        "25": 79663.2534826264,
        "50": 140957.6472867308,
        "75": 143376.50039642546
      },
      "variance": 1046244454.874202,
      "standard_deviation": 32345.70226280768,
      "lower_outlier_bound": -15906.616888072182,
      "median": 140957.6472867308,
      "minimum": 42569.13227080779,
      "standard_deviation_ratio": 0.2622808697676441,
      "upper_outlier_bound": 238946.37076712406
    },
    {
      "maximum": 113772.11445474715,
      "total": 1960942.9098789159,
      "mode": null,
      "n": 300,
      "frequency_distribution": "removed",
      "outliers": "removed",
      "average": 108941.27277105088,
      "sample_size": 18,
      "percentiles": {
        "25": 107097.83457466417,
        "50": 109388.93909649379,
        "75": 111415.77287963354
      },
      "variance": 10566866.810637372,
      "standard_deviation": 3250.6717475988517,
      "lower_outlier_bound": 89352.77570051387,
      "median": 109388.93909649379,
      "minimum": 102423.33613290451,
      "standard_deviation_ratio": 0.029838753164105287,
      "upper_outlier_bound": 124207.60352022226
    },
    {
      "maximum": 100344.18053924963,
      "total": 1732370.3819303398,
      "mode": null,
      "n": 400,
      "frequency_distribution": "removed",
      "outliers": "removed",
      "average": 96242.79899612999,
      "sample_size": 18,
      "percentiles": {
        "25": 94723.4325205104,
        "50": 96232.12469218555,
        "75": 97672.93174180455
      },
      "variance": 3642746.9801216624,
      "standard_deviation": 1908.5981714655557,
      "lower_outlier_bound": 87938.22150738936,
      "median": 96232.12469218555,
      "minimum": 93368.93802169894,
      "standard_deviation_ratio": 0.019831075066117955,
      "upper_outlier_bound": 103227.3842152532
    },
    {
      "maximum": 93949.64299135664,
      "total": 1873670.9902309175,
      "mode": null,
      "n": 500,
      "frequency_distribution": "removed",
      "outliers": "removed",
      "average": 89222.42810623416,
      "sample_size": 21,
      "percentiles": {
        "25": 87994.72120903645,
        "50": 88998.05984229544,
        "75": 90788.48922013416
      },
      "variance": 4950463.95685331,
      "standard_deviation": 2224.9638102345193,
      "lower_outlier_bound": 82761.90394201856,
      "median": 88998.05984229544,
      "minimum": 83713.53229249509,
      "standard_deviation_ratio": 0.024937270341772465,
      "upper_outlier_bound": 95194.29437997709
    },
    {
      "maximum": 77415.5589790436,
      "total": 1386935.5817818341,
      "mode": null,
      "n": 600,
      "frequency_distribution": "removed",
      "outliers": "removed",
      "average": 63042.52644462883,
      "sample_size": 22,
      "percentiles": {
        "25": 42865.2019982801,
        "50": 74275.71926593206,
        "75": 74893.49886299786
      },
      "variance": 373942576.3379699,
      "standard_deviation": 19337.594895383703,
      "lower_outlier_bound": -5177.243298796544,
      "median": 74275.71926593206,
      "minimum": 23528.858144514248,
      "standard_deviation_ratio": 0.3067388949325848,
      "upper_outlier_bound": 122935.9441600745
    },
    {
      "maximum": 72770.67050895806,
      "total": 1420433.570832398,
      "mode": null,
      "n": 700,
      "frequency_distribution": "removed",
      "outliers": "removed",
      "average": 71021.6785416199,
      "sample_size": 20,
      "percentiles": {
        "25": 70193.71839666966,
        "50": 71758.14643593848,
        "75": 72001.49791108404
      },
      "variance": 3128703.5735426033,
      "standard_deviation": 1768.8141715687952,
      "lower_outlier_bound": 65166.12645913774,
      "median": 71758.14643593848,
      "minimum": 66889.18468772784,
      "standard_deviation_ratio": 0.024905271290261613,
      "upper_outlier_bound": 76094.42663435286
    },
    {
      "maximum": 61490.782531698496,
      "total": 1080422.238834589,
      "mode": [
        60418.57992169752,
        60127.59074756633
      ],
      "n": 800,
      "frequency_distribution": "removed",
      "outliers": "removed",
      "average": 60023.45771303272,
      "sample_size": 18,
      "percentiles": {
        "25": 59855.85226166161,
        "50": 60127.59074756633,
        "75": 60606.65445374219
      },
      "variance": 1512371.7665959508,
      "standard_deviation": 1229.785252227376,
      "lower_outlier_bound": 55106.51295070883,
      "median": 60127.59074756633,
      "minimum": 55779.603630136604,
      "standard_deviation_ratio": 0.020488410682818033,
      "upper_outlier_bound": 63630.81469647685
    },
    {
      "maximum": 56817.85898943756,
      "total": 996305.8588968569,
      "mode": null,
      "n": 900,
      "frequency_distribution": "removed",
      "outliers": "removed",
      "average": 45286.62994985713,
      "sample_size": 22,
      "percentiles": {
        "25": 30238.661949287045,
        "50": 54384.44630653653,
        "75": 55186.63034169798
      },
      "variance": 195248772.46667033,
      "standard_deviation": 13973.144687817068,
      "lower_outlier_bound": -7183.29063932936,
      "median": 54384.44630653653,
      "minimum": 22431.684305447758,
      "standard_deviation_ratio": 0.30854900669995977,
      "upper_outlier_bound": 92608.58293031438
    },
    {
      "maximum": 54110.21167914809,
      "total": 937490.8120677045,
      "mode": null,
      "n": 1000,
      "frequency_distribution": "removed",
      "outliers": "removed",
      "average": 42613.21873035021,
      "sample_size": 22,
      "percentiles": {
        "25": 20833.849048496562,
        "50": 52680.958466786484,
        "75": 53405.25288454026
      },
      "variance": 245711939.57296473,
      "standard_deviation": 15675.201420491054,
      "lower_outlier_bound": -28023.25670556899,
      "median": 52680.958466786484,
      "minimum": 16899.79939938113,
      "standard_deviation_ratio": 0.367848331750795,
      "upper_outlier_bound": 102262.35863860582
    },
    {
      "maximum": 29679.403087845098,
      "total": 553319.5839623973,