{
  "build_type": "from_ordset_or_orddict",
  "name": "runtime",
  "timestamp": "2026-03-05T19:28:36.734736Z",
  "impl_mod": "gb_sets",
  "group_id": "difference_100_0050",
  "impl_description": ":gb_sets.difference/2",
  "tweaks": "none",
  "measurements": [
    {
      "maximum": 8218952.905399852,
      "total": 411113429.48633355,
      "mode": null,
      "n": 0,
      "percentiles": {
        "25": 6571389.306552617,
        "50": 7214497.541397506,
        "75": 7719924.053767337
      },
      "average": 7088162.577350578,
      "sample_size": 58,
      "variance": 574112310252.9243,
      "standard_deviation": 757701.9930374502,
      "frequency_distribution": "removed",
      "lower_outlier_bound": 4821883.1981758345,
      "median": 7214497.541397506,
      "minimum": 5082850.4625393925,
      "outliers": "removed",
      "standard_deviation_ratio": 0.10689681349276627,
      "upper_outlier_bound": 9454454.584875947
    },
    {
      "maximum": 448470.71486231947,
      "total": 22400829.03248098,
      "mode": null,
      "n": 100,
      "percentiles": {
        "25": 391374.1145160659,
        "50": 408488.3887175507,
        "75": 423198.0228188374
      },
      "average": 407287.8005905633,
      "sample_size": 55,
      "variance": 353448282.4944184,
      "standard_deviation": 18800.220277816385,
      "frequency_distribution": "removed",
      "lower_outlier_bound": 343006.669942365,
      "median": 408488.3887175507,
      "minimum": 365708.26720108837,
      "outliers": "removed",
      "standard_deviation_ratio": 0.04615954676412171,
      "upper_outlier_bound": 471688.42917382694
    },
    {
      "maximum": 253930.20474392409,
      "total": 11711547.816270877,
      "mode": null,
      "n": 200,
      "percentiles": {
        "25": 233650.11136942107,
        "50": 239017.7327255909,
        "75": 243171.45295500907
      },
      "average": 239011.17992389546,
      "sample_size": 49,
      "variance": 71774702.40899344,
      "standard_deviation": 8471.995184665384,
      "frequency_distribution": "removed",
      "lower_outlier_bound": 212251.03757061815,
      "median": 239017.7327255909,
      "minimum": 216746.7184546826,
      "outliers": "removed",
      "standard_deviation_ratio": 0.03544602050566416,
      "upper_outlier_bound": 261765.09483264218
    },
    {
      "maximum": 215951.47138535028,
      "total": 10333163.840643495,
      "mode": null,
      "n": 300,
      "percentiles": {
        "25": 159184.99194621926,
        "50": 174899.01932763256,
        "75": 184067.19548997906
      },
      "average": 172219.39734405826,
      "sample_size": 60,
      "variance": 287925483.77992797,
      "standard_deviation": 16968.367151259074,
      "frequency_distribution": "removed",
      "lower_outlier_bound": 121861.68663057957,
      "median": 174899.01932763256,
      "minimum": 136901.1601004307,
      "outliers": "removed",
      "standard_deviation_ratio": 0.0985276189148417,
      "upper_outlier_bound": 221390.50080561877
    },
    {
      "maximum": 145156.2098552357,
      "total": 7762632.762332972,
      "mode": null,
      "n": 400,
      "percentiles": {
        "25": 127831.30358528458,
        "50": 133724.8797813331,
        "75": 136396.4335060567
      },
      "average": 131570.04681920292,
      "sample_size": 59,
      "variance": 42141821.770441994,
      "standard_deviation": 6491.673264301123,
      "frequency_distribution": "removed",
      "lower_outlier_bound": 113375.92117558178,
      "median": 133724.8797813331,
      "minimum": 114313.28011669099,
      "outliers": "removed",
      "standard_deviation_ratio": 0.04934005437591476,
      "upper_outlier_bound": 150303.33108487012
    },
    {
      "maximum": 126443.67060918032,
      "total": 6596520.19958097,
      "mode": null,
      "n": 500,
      "percentiles": {
        "25": 106264.0610327429,
        "50": 115100.4540297343,
        "75": 120760.68973817962
      },
      "average": 113733.10688932707,
      "sample_size": 58,
      "variance": 59690086.39706137,
      "standard_deviation": 7725.935956054863,
      "frequency_distribution": "removed",
      "lower_outlier_bound": 83971.09854279541,
      "median": 115100.4540297343,
      "minimum": 98166.83256861371,
      "outliers": "removed",
      "standard_deviation_ratio": 0.06793040450018585,
      "upper_outlier_bound": 142497.95355198404
    },
    {
      "maximum": 104095.10128453355,
      "total": 5457716.3426641375,
      "mode": null,
      "n": 600,
      "percentiles": {
        "25": 92227.45985778193,
        "50": 95898.24045908406,
        "75": 100031.81709187049
      },
      "average": 95749.40952042346,
      "sample_size": 57,
      "variance": 28940820.933594536,
      "standard_deviation": 5379.667362727415,
      "frequency_distribution": "removed",
      "lower_outlier_bound": 79673.32420526707,
      "median": 95898.24045908406,
      "minimum": 82421.47705880608,
      "outliers": "removed",
      "standard_deviation_ratio": 0.05618486202340418,
      "upper_outlier_bound": 113094.3132616863
    },
    {
      "maximum": 95742.88821826315,
      "total": 4760139.290215987,
      "mode": null,
      "n": 700,
      "percentiles": {
        "25": 74359.02035551639,
        "50": 80951.53710019769,
        "75": 83789.56473478966
      },
      "average": 79335.65483693311,
      "sample_size": 60,
      "variance": 35805089.470987044,
      "standard_deviation": 5983.735411178125,
      "frequency_distribution": "removed",
      "lower_outlier_bound": 60213.203786606486,
      "median": 80951.53710019769,
      "minimum": 66378.01082359845,
      "outliers": "removed",
      "standard_deviation_ratio": 0.07542302919761769,
      "upper_outlier_bound": 97935.38130369957
    },
    {
      "maximum": 77193.25330966074,
      "total": 4227462.077474235,
      "mode": null,
      "n": 800,
      "percentiles": {
        "25": 69305.97687813999,
        "50": 73033.21550641232,
        "75": 75171.63563706834
      },
      "average": 71651.89961820736,
      "sample_size": 59,
      "variance": 20788932.053768087,
      "standard_deviation": 4559.488135061663,
      "frequency_distribution": "removed",
      "lower_outlier_bound": 59495.409933607516,
      "median": 73033.21550641232,
      "minimum": 60094.13144749936,
      "outliers": "removed",
      "standard_deviation_ratio": 0.06363387655256328,
      "upper_outlier_bound": 84559.57036124922
    },
    {
      "maximum": 72214.15830787785,
      "total": 3964221.521799307,
      "mode": null,
      "n": 900,
      "percentiles": {
        "25": 62198.398057404556,
        "50": 67528.96591981249,
        "75": 69321.97607181696
      },
      "average": 66070.35869665511,
      "sample_size": 60,
      "variance": 17649250.31156677,
      "standard_deviation": 4201.101083236009,
      "frequency_distribution": "removed",
      "lower_outlier_bound": 51513.031035785956,
      "median": 67528.96591981249,
      "minimum": 54659.74309920744,
      "outliers": "removed",
      "standard_deviation_ratio": 0.06358526222816911,
      "upper_outlier_bound": 80007.34309343556
    },
    {
      "maximum": 67387.80604172114,
      "total": 3768390.7533486574,
      "mode": null,
      "n": 1000,
      "percentiles": {
        "25": 59766.347369269395,
        "50": 64299.38926120809,
        "75": 65770.17523350794
      },
      "average": 62806.51255581096,
      "sample_size": 60,
      "variance": 12125315.328525001,
      "standard_deviation": 3482.142347539084,
      "frequency_distribution": "removed",
      "lower_outlier_bound": 50760.60557291158,
      "median": 64299.38926120809,
      "minimum": 55321.33118612807,
      "outliers": "removed",
      "standard_deviation_ratio": 0.0554423770058048,
      "upper_outlier_bound": 74775.91702986576
    },
    {
      "maximum": 34793.25845824113,
      "total": 1953029.8101154033,
      "mode": null,
      "n": 2000,