{
  "build_type": "from_ordset_or_orddict",
  "name": "runtime",
  "timestamp": "2026-04-02T22:07:06.797751Z",
  "impl_mod": "gb_sets",
  "impl_description": ":gb_sets.filtermap/2",
  "tweaks": "none",
  "group_id": "filtermap_all_mapped",
  "measurements": [
    {
      "maximum": 5594718.585655142,
      "total": 198160146.10458454,
      "mode": 4452756.25612254,
      "n": 0,
      "percentiles": {
        "25": 4475814.602050721,
        "50": 4776488.840651888,
        "75": 4887944.315727661
      },
      "frequency_distribution": "removed",
      "outliers": "removed",
      "median": 4776488.840651888,
      "average": 4718098.716775822,
      "sample_size": 42,
      "variance": 116399066910.81429,
      "standard_deviation": 341173.0747154797,
      "lower_outlier_bound": 3728906.69727933,
      "minimum": 4106776.180698152,
      "standard_deviation_ratio": 0.07231155920972866,
      "upper_outlier_bound": 5608501.816966273
    },
    {
      "maximum": 232056.25043510547,
      "total": 8745885.549300775,
      "mode": null,
      "n": 100,
      "percentiles": {
        "25": 179875.87141058448,
        "50": 193547.40291107557,
        "75": 200967.89630073155
      },
      "frequency_distribution": "removed",
      "outliers": "removed",
      "median": 193547.40291107557,
      "average": 190127.9467239299,
      "sample_size": 46,
      "variance": 258005544.20866814,
      "standard_deviation": 16062.55098695933,
      "lower_outlier_bound": 145218.31282932553,
      "minimum": 145448.19862406005,
      "standard_deviation_ratio": 0.08448285096289668,
      "upper_outlier_bound": 233810.07060332884
    },
    {
      "maximum": 111996.63114133527,
      "total": 4780017.0585412225,
      "mode": null,
      "n": 200,
      "percentiles": {
        "25": 90228.0088656575,
        "50": 96201.21231237921,
        "75": 101969.03763033316
      },
      "frequency_distribution": "removed",
      "outliers": "removed",
      "median": 96201.21231237921,
      "average": 95600.34117082445,
      "sample_size": 50,
      "variance": 53818247.89825065,
      "standard_deviation": 7336.092140796123,
      "lower_outlier_bound": 72616.465718644,
      "minimum": 80623.83498558446,
      "standard_deviation_ratio": 0.07673709163534836,
      "upper_outlier_bound": 119580.58077734665
    },
    {
      "maximum": 72355.44467485634,
      "total": 3236634.1760964645,
      "mode": null,
      "n": 300,
      "percentiles": {
        "25": 65054.36877821634,
        "50": 66839.39030185385,
        "75": 70360.63488078135
      },
      "frequency_distribution": "removed",
      "outliers": "removed",
      "median": 66839.39030185385,
      "average": 67429.87866867635,
      "sample_size": 48,
      "variance": 10592542.898006625,
      "standard_deviation": 3254.618702399196,
      "lower_outlier_bound": 57094.96962436882,
      "minimum": 59956.13609083594,
      "standard_deviation_ratio": 0.04826671449894045,
      "upper_outlier_bound": 78320.03403462886
    },
    {
      "maximum": 56374.17115874854,
      "total": 2320990.8798797633,
      "mode": null,
      "n": 400,
      "percentiles": {
        "25": 53014.17386952576,
        "50": 54483.67995850523,
        "75": 55225.24721581916
      },
      "frequency_distribution": "removed",
      "outliers": "removed",
      "median": 54483.67995850523,
      "average": 53976.532090227054,
      "sample_size": 43,
      "variance": 3060573.469086649,
      "standard_deviation": 1749.4494760028508,
      "lower_outlier_bound": 48067.32886798128,
      "minimum": 48600.688963366745,
      "standard_deviation_ratio": 0.032411298174519154,
      "upper_outlier_bound": 59449.60388796612
    },
    {
      "maximum": 48808.48721022401,
      "total": 2123192.382862702,
      "mode": null,
      "n": 500,
      "percentiles": {
        "25": 44626.52636988922,
        "50": 47219.64364479284,
        "75": 48006.18967578757
      },
      "frequency_distribution": "removed",
      "outliers": "removed",
      "median": 47219.64364479284,
      "average": 46156.356149189174,
      "sample_size": 46,
      "variance": 6089536.505858747,
      "standard_deviation": 2467.6986254116905,
      "lower_outlier_bound": 39449.09745206443,
      "minimum": 41087.369003195774,
      "standard_deviation_ratio": 0.05346389601110313,
      "upper_outlier_bound": 53099.41635615132
    },
    {
      "maximum": 37815.67580772393,
      "total": 1756266.7589345062,
      "mode": null,
      "n": 600,
      "percentiles": {
        "25": 34412.98464803149,
        "50": 36607.88416679724,
        "75": 37261.75643666314
      },
      "frequency_distribution": "removed",
      "outliers": "removed",
      "median": 36607.88416679724,
      "average": 35842.17875376543,
      "sample_size": 49,
      "variance": 2973819.449108489,
      "standard_deviation": 1724.4765725020704,
      "lower_outlier_bound": 30139.82696508401,
      "minimum": 30763.81633755536,
      "standard_deviation_ratio": 0.048113050948971794,
      "upper_outlier_bound": 41534.91411961062
    },
    {
      "maximum": 33094.69849405884,
      "total": 1528463.4353822104,
      "mode": null,
      "n": 700,
      "percentiles": {
        "25": 29714.647112550818,
        "50": 30480.723129291124,
        "75": 31879.69867591725
      },
      "frequency_distribution": "removed",
      "outliers": "removed",
      "median": 30480.723129291124,
      "average": 30569.26870764421,
      "sample_size": 50,
      "variance": 2262061.792413263,
      "standard_deviation": 1504.0152234645975,
      "lower_outlier_bound": 26467.06976750117,
      "minimum": 27374.29586467462,
      "standard_deviation_ratio": 0.04920023563038329,
      "upper_outlier_bound": 35127.2760209669
    },
    {
      "maximum": 29450.188540107032,
      "total": 1314843.631832117,
      "mode": null,
      "n": 800,
      "percentiles": {
        "25": 27310.718965601056,
        "50": 28550.07311673725,
        "75": 28833.018188444534
      },
      "frequency_distribution": "removed",
      "outliers": "removed",
      "median": 28550.07311673725,
      "average": 27975.396421959937,
      "sample_size": 47,
      "variance": 1404989.1028853734,
      "standard_deviation": 1185.3223624336856,
      "lower_outlier_bound": 24659.805127956315,
      "minimum": 24944.896723138587,
      "standard_deviation_ratio": 0.04237017215252897,
      "upper_outlier_bound": 31322.88163226503
    },
    {
      "maximum": 26982.48405065368,
      "total": 1202530.9683980406,
      "mode": null,
      "n": 900,
      "percentiles": {
        "25": 24246.750450504624,
        "50": 26208.71995563388,
        "75": 26592.151911390694
      },
      "frequency_distribution": "removed",
      "outliers": "removed",
      "median": 26208.71995563388,
      "average": 25585.765285064695,
      "sample_size": 47,
      "variance": 1594361.7809207106,
      "standard_deviation": 1262.6803953973115,
      "lower_outlier_bound": 20469.484810045506,
      "minimum": 22565.254202101638,
      "standard_deviation_ratio": 0.04935089419171613,
      "upper_outlier_bound": 30231.76071964064
    },
    {
      "maximum": 25957.440181079102,
      "total": 1160876.7375850203,
      "mode": null,
      "n": 1000,
      "percentiles": {
        "25": 22940.719373382097,
        "50": 24656.631777264323,
        "75": 24897.61046969257
      },
      "frequency_distribution": "removed",
      "outliers": "removed",
      "median": 24656.631777264323,
      "average": 24184.932033021254,
      "sample_size": 48,
      "variance": 1035888.2693022621,
      "standard_deviation": 1017.7859643865512,
      "lower_outlier_bound": 20005.38272891639,
      "minimum": 21812.0776091171,
      "standard_deviation_ratio": 0.042083474247390985,
      "upper_outlier_bound": 27832.947114158276
    },
    {
      "maximum": 12502.316054049013,
      "total": 586408.4105243838,
      "mode": null,
      "n": 2000,