{
  "build_type": "from_ordset_or_orddict",
  "name": "runtime",
  "timestamp": "2026-04-02T22:07:06.835288Z",
  "impl_mod": "gb_sets",
  "impl_description": ":gb_sets.fold/3",
  "tweaks": "none",
  "group_id": "foldl",
  "measurements": [
    {
      "maximum": 12761613.067891782,
      "total": 608721689.11921,
      "mode": [
        10150223.304912709,
        9543806.06986066
      ],
      "n": 0,
      "percentiles": {
        "25": 9338999.760681588,
        "50": 9902951.079421667,
        "75": 10560995.060992116
      },
      "frequency_distribution": "removed",
      "outliers": "removed",
      "median": 9902951.079421667,
      "average": 9979044.083921475,
      "sample_size": 61,
      "variance": 732099501702.259,
      "standard_deviation": 855628.1328370748,
      "lower_outlier_bound": 7333360.84859855,
      "minimum": 8256274.768824306,
      "standard_deviation_ratio": 0.08574249453569281,
      "upper_outlier_bound": 12809836.728677008
    },
    {
      "maximum": 713959.3328763994,
      "total": 38725860.586304374,
      "mode": null,
      "n": 100,
      "percentiles": {
        "25": 503682.11366777465,
        "50": 550300.7627530372,
        "75": 644102.5860053335
      },
      "frequency_distribution": "removed",
      "outliers": "removed",
      "median": 550300.7627530372,
      "average": 569497.9497985938,
      "sample_size": 68,
      "variance": 6122243394.915134,
      "standard_deviation": 78244.76592664288,
      "lower_outlier_bound": 293051.4051614364,
      "minimum": 425300.2619849614,
      "standard_deviation_ratio": 0.1373925331150263,
      "upper_outlier_bound": 854733.2945116716
    },
    {
      "maximum": 395622.82901972573,
      "total": 22663675.194948178,
      "mode": null,
      "n": 200,
      "percentiles": {
        "25": 312838.25636469433,
        "50": 332849.5919264003,
        "75": 368400.111993634
      },
      "frequency_distribution": "removed",
      "outliers": "removed",
      "median": 332849.5919264003,
      "average": 338263.80887982354,
      "sample_size": 67,
      "variance": 967632880.5681123,
      "standard_deviation": 31106.79797999325,
      "lower_outlier_bound": 229495.4729212848,
      "minimum": 281404.7726249437,
      "standard_deviation_ratio": 0.09196017180497337,
      "upper_outlier_bound": 451742.89543704357
    },
    {
      "maximum": 266022.53742937103,
      "total": 15853189.319994051,
      "mode": null,
      "n": 300,
      "percentiles": {
        "25": 241481.35940320895,
        "50": 251247.56437294872,
        "75": 256611.61259583064
      },
      "frequency_distribution": "removed",
      "outliers": "removed",
      "median": 251247.56437294872,
      "average": 247706.08312490705,
      "sample_size": 64,
      "variance": 143817309.41896027,
      "standard_deviation": 11992.385476583058,
      "lower_outlier_bound": 216556.56648149458,
      "minimum": 221147.93469943784,
      "standard_deviation_ratio": 0.04841377056749889,
      "upper_outlier_bound": 280800.1513338833
    },
    {
      "maximum": 204653.82804985368,
      "total": 12843612.155011851,
      "mode": null,
      "n": 400,
      "percentiles": {
        "25": 190005.70491150807,
        "50": 196515.04413807514,
        "75": 198338.6884191784
      },
      "frequency_distribution": "removed",
      "outliers": "removed",
      "median": 196515.04413807514,
      "average": 194600.18416684624,
      "sample_size": 66,
      "variance": 36246947.96357816,
      "standard_deviation": 6020.543826231826,
      "lower_outlier_bound": 177535.48041758186,
      "minimum": 179291.79740026893,
      "standard_deviation_ratio": 0.03093801710418698,
      "upper_outlier_bound": 210650.80536279432
    },
    {
      "maximum": 167244.21669498668,
      "total": 10644390.01423013,
      "mode": 162530.79958652164,
      "n": 500,
      "percentiles": {
        "25": 154611.1221056798,
        "50": 160350.9762167432,
        "75": 162530.79958652164
      },
      "frequency_distribution": "removed",
      "outliers": "removed",
      "median": 160350.9762167432,
      "average": 158871.49274970344,
      "sample_size": 67,
      "variance": 22690605.560277168,
      "standard_deviation": 4763.465708943139,
      "lower_outlier_bound": 142274.25667379686,
      "minimum": 147934.68387837402,
      "standard_deviation_ratio": 0.029983136851668004,
      "upper_outlier_bound": 174684.72533415648
    },
    {
      "maximum": 144004.23948481044,
      "total": 8433989.150461184,
      "mode": null,
      "n": 600,
      "percentiles": {
        "25": 131367.72189978746,
        "50": 134346.12397997704,
        "75": 136942.4047634046
      },
      "frequency_distribution": "removed",
      "outliers": "removed",
      "median": 134346.12397997704,
      "average": 133872.84365811403,
      "sample_size": 63,
      "variance": 14193707.804243661,
      "standard_deviation": 3767.453756085622,
      "lower_outlier_bound": 122163.04715211748,
      "minimum": 123324.93901581765,
      "standard_deviation_ratio": 0.02814203129730319,
      "upper_outlier_bound": 145820.82331669139
    },
    {
      "maximum": 121637.33585041527,
      "total": 7836516.249440837,
      "mode": null,
      "n": 700,
      "percentiles": {
        "25": 112834.51483061715,
        "50": 115918.78648677078,
        "75": 117784.34830119222
      },
      "frequency_distribution": "removed",
      "outliers": "removed",
      "median": 115918.78648677078,
      "average": 115242.88602118878,
      "sample_size": 68,
      "variance": 10958931.961846344,
      "standard_deviation": 3310.4277611581174,
      "lower_outlier_bound": 104623.74709753157,
      "minimum": 106585.03673986216,
      "standard_deviation_ratio": 0.0287256582636212,
      "upper_outlier_bound": 125560.25614754623
    },
    {
      "maximum": 108613.01183881829,
      "total": 6986961.573297101,
      "mode": null,
      "n": 800,
      "percentiles": {
        "25": 99612.04957920869,
        "50": 101615.06992132962,
        "75": 103847.9863292336
      },
      "frequency_distribution": "removed",
      "outliers": "removed",
      "median": 101615.06992132962,
      "average": 101260.31265647973,
      "sample_size": 69,
      "variance": 10047956.71461409,
      "standard_deviation": 3169.851213324387,
      "lower_outlier_bound": 93258.14445417133,
      "minimum": 94039.22940493857,
      "standard_deviation_ratio": 0.031303984060151384,
      "upper_outlier_bound": 110201.89145427095
    },
    {
      "maximum": 94432.09482493234,
      "total": 6134300.674763766,
      "mode": null,
      "n": 900,
      "percentiles": {
        "25": 90030.55637083226,
        "50": 91459.34357799927,
        "75": 92782.62515448307
      },
      "frequency_distribution": "removed",
      "outliers": "removed",
      "median": 91459.34357799927,
      "average": 91556.72648901143,
      "sample_size": 67,
      "variance": 3243278.3477931167,
      "standard_deviation": 1800.9104219236215,
      "lower_outlier_bound": 85888.52961078117,
      "minimum": 86933.69219561471,
      "standard_deviation_ratio": 0.019669886539027424,
      "upper_outlier_bound": 96910.26935172634
    },
    {
      "maximum": 85904.89640728543,
      "total": 5729024.822154897,
      "mode": null,
      "n": 1000,
      "percentiles": {
        "25": 81818.63235939157,
        "50": 83053.85710417778,
        "75": 84421.59956703184
      },
      "frequency_distribution": "removed",
      "outliers": "removed",
      "median": 83053.85710417778,
      "average": 83029.3452486217,
      "sample_size": 69,
      "variance": 2812635.6323139817,
      "standard_deviation": 1677.0914203805294,
      "lower_outlier_bound": 77914.18154793118,
      "minimum": 78513.64253052611,
      "standard_deviation_ratio": 0.020198779303373698,
      "upper_outlier_bound": 88326.05037849223
    },
    {
      "maximum": 43335.104294595505,