{
  "build_type": "from_ordset_or_orddict",
  "name": "runtime",
  "timestamp": "2026-03-05T19:28:36.853602Z",
  "impl_mod": "gb_sets",
  "group_id": "intersection_000_1000",
  "impl_description": ":gb_sets.intersection/2",
  "tweaks": "none",
  "measurements": [
    {
      "maximum": 8392782.207301721,
      "total": 388660700.73915416,
      "mode": 6627783.669141039,
      "n": 0,
      "percentiles": {
        "25": 6591204.814954663,
        "50": 6823619.983621356,
        "75": 7426984.100225978
      },
      "average": 6940369.656056324,
      "sample_size": 56,
      "variance": 453958228148.14496,
      "standard_deviation": 673764.2229653819,
      "frequency_distribution": "removed",
      "lower_outlier_bound": 5115240.439295387,
      "median": 6823619.983621356,
      "minimum": 5266206.751277056,
      "outliers": "removed",
      "standard_deviation_ratio": 0.09707901111253346,
      "upper_outlier_bound": 8831190.433336118
    },
    {
      "maximum": 177954.62512968443,
      "total": 9712018.565785589,
      "mode": null,
      "n": 100,
      "percentiles": {
        "25": 159877.46990706323,
        "50": 166011.19911549235,
        "75": 168868.99987334825
      },
      "average": 164610.48416585743,
      "sample_size": 59,
      "variance": 39957740.57961607,
      "standard_deviation": 6321.213536941785,
      "frequency_distribution": "removed",
      "lower_outlier_bound": 145476.94711415557,
      "median": 166011.19911549235,
      "minimum": 149189.8246571991,
      "outliers": "removed",
      "standard_deviation_ratio": 0.03840103848168436,
      "upper_outlier_bound": 182778.4223022862
    },
    {
      "maximum": 89160.17357702593,
      "total": 4919281.038555428,
      "mode": null,
      "n": 200,
      "percentiles": {
        "25": 81764.07629896543,
        "50": 83908.03343902949,
        "75": 85270.6832569308
      },
      "average": 83377.64472127844,
      "sample_size": 59,
      "variance": 9544617.433790624,
      "standard_deviation": 3089.4364265656322,
      "frequency_distribution": "removed",
      "lower_outlier_bound": 76258.78099845441,
      "median": 83908.03343902949,
      "minimum": 76481.19212763793,
      "outliers": "removed",
      "standard_deviation_ratio": 0.037053534396339106,
      "upper_outlier_bound": 90625.95893719849
    },
    {
      "maximum": 79905.7751099903,
      "total": 4387127.081044784,
      "mode": null,
      "n": 300,
      "percentiles": {
        "25": 72131.28470867257,
        "50": 75106.82067570603,
        "75": 76952.73332261125
      },
      "average": 74358.08611940312,
      "sample_size": 59,
      "variance": 12977893.43012331,
      "standard_deviation": 3602.4843414126467,
      "frequency_distribution": "removed",
      "lower_outlier_bound": 64728.83978971112,
      "median": 75106.82067570603,
      "minimum": 64937.721478216314,
      "outliers": "removed",
      "standard_deviation_ratio": 0.04844778193494424,
      "upper_outlier_bound": 84276.1299871538
    },
    {
      "maximum": 71637.85630878781,
      "total": 3820814.513819639,
      "mode": null,
      "n": 400,
      "percentiles": {
        "25": 67152.685420209,
        "50": 68446.25144879345,
        "75": 69973.72206994332
      },
      "average": 68228.83060392212,
      "sample_size": 56,
      "variance": 5069310.538954717,
      "standard_deviation": 2251.51294443419,
      "frequency_distribution": "removed",
      "lower_outlier_bound": 63102.2576061066,
      "median": 68446.25144879345,
      "minimum": 63171.513185158234,
      "outliers": "removed",
      "standard_deviation_ratio": 0.0329994362281326,
      "upper_outlier_bound": 73336.01172671546
    },
    {
      "maximum": 66521.3839640891,
      "total": 3639105.6248134724,
      "mode": null,
      "n": 500,
      "percentiles": {
        "25": 61387.0355741022,
        "50": 63184.20899062731,
        "75": 64050.830969161005
      },
      "average": 62743.20042781849,
      "sample_size": 58,
      "variance": 4062515.168283003,
      "standard_deviation": 2015.568199859038,
      "frequency_distribution": "removed",
      "lower_outlier_bound": 57280.89710617424,
      "median": 63184.20899062731,
      "minimum": 58449.521239971524,
      "outliers": "removed",
      "standard_deviation_ratio": 0.032124089719933926,
      "upper_outlier_bound": 68175.9697319982
    },
    {
      "maximum": 62299.39594505692,
      "total": 3319753.191239074,
      "mode": null,
      "n": 600,
      "percentiles": {
        "25": 57063.60063061402,
        "50": 58705.979321405845,
        "75": 59487.090863634745
      },
      "average": 58241.284056825854,
      "sample_size": 57,
      "variance": 3628116.1296655177,
      "standard_deviation": 1904.7614364180931,
      "frequency_distribution": "removed",
      "lower_outlier_bound": 53115.39753769219,
      "median": 58705.979321405845,
      "minimum": 54293.29673241223,
      "outliers": "removed",
      "standard_deviation_ratio": 0.03270466074476694,
      "upper_outlier_bound": 63336.39241862029
    },
    {
      "maximum": 57826.06382609621,
      "total": 3212563.637455052,
      "mode": null,
      "n": 700,
      "percentiles": {
        "25": 53578.0492875191,
        "50": 54566.358421307945,
        "75": 55907.9308195264
      },
      "average": 54450.23114330597,
      "sample_size": 59,
      "variance": 3287316.5237254123,
      "standard_deviation": 1813.0958396415265,
      "frequency_distribution": "removed",
      "lower_outlier_bound": 50083.22698950814,
      "median": 54566.358421307945,
      "minimum": 50729.155516821025,
      "outliers": "removed",
      "standard_deviation_ratio": 0.033298221175034,
      "upper_outlier_bound": 59402.75311753736
    },
    {
      "maximum": 54912.2282942944,
      "total": 3043996.1457139314,
      "mode": null,
      "n": 800,
      "percentiles": {
        "25": 50313.275610589335,
        "50": 51893.22035833306,
        "75": 52711.311742077225
      },
      "average": 51593.155012100535,
      "sample_size": 59,
      "variance": 2465034.6860366655,
      "standard_deviation": 1570.042893056322,
      "frequency_distribution": "removed",
      "lower_outlier_bound": 46631.1571159154,
      "median": 51893.22035833306,
      "minimum": 47953.62692461882,
      "outliers": "removed",
      "standard_deviation_ratio": 0.030431224698084233,
      "upper_outlier_bound": 56323.77799005764
    },
    {
      "maximum": 51953.58466745809,
      "total": 2773346.2864836515,
      "mode": null,
      "n": 900,
      "percentiles": {
        "25": 48832.5611331694,
        "50": 49599.288267222495,
        "75": 50379.45864912953
      },
      "average": 49524.040830065205,
      "sample_size": 56,
      "variance": 1710944.1982531645,
      "standard_deviation": 1308.0306564653463,
      "frequency_distribution": "removed",
      "lower_outlier_bound": 46151.81450654336,
      "median": 49599.288267222495,
      "minimum": 46451.500220876886,
      "outliers": "removed",
      "standard_deviation_ratio": 0.02641203412608575,
      "upper_outlier_bound": 52893.79842307904
    },
    {
      "maximum": 49641.58773654216,
      "total": 2834530.0930107124,
      "mode": null,
      "n": 1000,
      "percentiles": {
        "25": 45951.32861715389,
        "50": 47297.41952743601,
        "75": 48499.24141029847
      },
      "average": 47242.16821684521,
      "sample_size": 60,
      "variance": 2233151.318171558,
      "standard_deviation": 1494.3732191696818,
      "frequency_distribution": "removed",
      "lower_outlier_bound": 42129.45942743703,
      "median": 47297.41952743601,
      "minimum": 43960.17911135377,
      "outliers": "removed",
      "standard_deviation_ratio": 0.031632189536906795,
      "upper_outlier_bound": 52321.11060001534
    },
    {
      "maximum": 35186.47600757354,
      "total": 1995798.4480823085,
      "mode": null,
      "n": 2000,