{
  "build_type": "from_ordset_or_orddict",
  "name": "runtime",
  "timestamp": "2026-04-02T22:07:06.987640Z",
  "impl_mod": "gb_sets",
  "impl_description": ":gb_sets.intersection/2",
  "tweaks": "none",
  "group_id": "intersection_050_0050",
  "measurements": [
    {
      "maximum": 8373806.732540613,
      "total": 329008927.6105164,
      "mode": null,
      "n": 0,
      "percentiles": {
        "25": 6580246.101204185,
        "50": 6978854.072161351,
        "75": 7299270.072992701
      },
      "frequency_distribution": "removed",
      "outliers": "removed",
      "median": 6978854.072161351,
      "average": 7000189.949159924,
      "sample_size": 47,
      "variance": 383259521927.6273,
      "standard_deviation": 619079.5764097112,
      "lower_outlier_bound": 5348905.432531156,
      "minimum": 5767345.29096257,
      "standard_deviation_ratio": 0.08843753968190612,
      "upper_outlier_bound": 8649578.118903656
    },
    {
      "maximum": 486693.79173399264,
      "total": 18132061.841374785,
      "mode": null,
      "n": 100,
      "percentiles": {
        "25": 391705.8038685333,
        "50": 406187.88142892194,
        "75": 432266.5630540126
      },
      "frequency_distribution": "removed",
      "outliers": "removed",
      "median": 406187.88142892194,
      "average": 412092.31457669963,
      "sample_size": 44,
      "variance": 560737622.0085381,
      "standard_deviation": 23679.899113141048,
      "lower_outlier_bound": 326184.7322143556,
      "minimum": 373093.9562510027,
      "standard_deviation_ratio": 0.05746260795342663,
      "upper_outlier_bound": 499245.8662409587
    },
    {
      "maximum": 305407.8569225272,
      "total": 11983088.139930854,
      "mode": null,
      "n": 200,
      "percentiles": {
        "25": 266452.79389077035,
        "50": 285058.65081740567,
        "75": 290993.74363451183
      },
      "frequency_distribution": "removed",
      "outliers": "removed",
      "median": 285058.65081740567,
      "average": 278676.46837048494,
      "sample_size": 43,
      "variance": 290462007.50946474,
      "standard_deviation": 17042.945975079096,
      "lower_outlier_bound": 219683.558880823,
      "minimum": 224340.49502973634,
      "standard_deviation_ratio": 0.06115674593816598,
      "upper_outlier_bound": 336097.518415669
    },
    {
      "maximum": 242515.36941153646,
      "total": 10376954.163520897,
      "mode": null,
      "n": 300,
      "percentiles": {
        "25": 220407.71326920323,
        "50": 225328.11089824018,
        "75": 232342.01800709136
      },
      "frequency_distribution": "removed",
      "outliers": "removed",
      "median": 225328.11089824018,
      "average": 225585.96007654123,
      "sample_size": 46,
      "variance": 70986945.54164444,
      "standard_deviation": 8425.375097978987,
      "lower_outlier_bound": 198186.96175699035,
      "minimum": 203041.56260786584,
      "standard_deviation_ratio": 0.03734884518132361,
      "upper_outlier_bound": 251885.51453076355
    },
    {
      "maximum": 204367.329838652,
      "total": 9135241.41233027,
      "mode": null,
      "n": 400,
      "percentiles": {
        "25": 185830.0768142878,
        "50": 189813.83385093263,
        "75": 194329.08234363145
      },
      "frequency_distribution": "removed",
      "outliers": "removed",
      "median": 189813.83385093263,
      "average": 190317.5294235473,
      "sample_size": 48,
      "variance": 34745389.065534055,
      "standard_deviation": 5894.521953944532,
      "lower_outlier_bound": 172103.73747683628,
      "minimum": 179023.78330961269,
      "standard_deviation_ratio": 0.03097203905388246,
      "upper_outlier_bound": 207992.0900246907
    },
    {
      "maximum": 294059.7000002941,
      "total": 11582179.893449508,
      "mode": null,
      "n": 500,
      "percentiles": {
        "25": 271058.6380516143,
        "50": 276963.05493587797,
        "75": 282565.6817988309
      },
      "frequency_distribution": "removed",
      "outliers": "removed",
      "median": 276963.05493587797,
      "average": 275766.187939274,
      "sample_size": 42,
      "variance": 104009242.63919124,
      "standard_deviation": 10198.49217478698,
      "lower_outlier_bound": 245527.96961630607,
      "minimum": 250440.775765347,
      "standard_deviation_ratio": 0.036982388054886454,
      "upper_outlier_bound": 306353.57635381125
    },
    {
      "maximum": 288977.25171074533,
      "total": 12152653.863459382,
      "mode": null,
      "n": 600,
      "percentiles": {
        "25": 256474.70489188144,
        "50": 264719.5576055964,
        "75": 270945.5668953673
      },
      "frequency_distribution": "removed",
      "outliers": "removed",
      "median": 264719.5576055964,
      "average": 264188.1274665083,
      "sample_size": 46,
      "variance": 107617338.47148949,
      "standard_deviation": 10373.877696960259,
      "lower_outlier_bound": 235308.57941725937,
      "minimum": 242443.05012752506,
      "standard_deviation_ratio": 0.039267009446801796,
      "upper_outlier_bound": 291538.52905384864
    },
    {
      "maximum": 263346.39531454095,
      "total": 10901773.958435208,
      "mode": null,
      "n": 700,
      "percentiles": {
        "25": 241663.34114377957,
        "50": 249344.76321374468,
        "75": 255555.45627426737
      },
      "frequency_distribution": "removed",
      "outliers": "removed",
      "median": 249344.76321374468,
      "average": 247767.58996443654,
      "sample_size": 44,
      "variance": 93804984.65202552,
      "standard_deviation": 9685.29734453339,
      "lower_outlier_bound": 220122.6225647152,
      "minimum": 221370.19294626018,
      "standard_deviation_ratio": 0.0390902512549102,
      "upper_outlier_bound": 277304.248929361
    },
    {
      "maximum": 247464.72390360755,
      "total": 11030990.069520563,
      "mode": null,
      "n": 800,
      "percentiles": {
        "25": 227021.45579778744,
        "50": 236439.59795810762,
        "75": 241849.08133626456
      },
      "frequency_distribution": "removed",
      "outliers": "removed",
      "median": 236439.59795810762,
      "average": 234701.91637277792,
      "sample_size": 47,
      "variance": 79598148.64435892,
      "standard_deviation": 8921.779455039165,
      "lower_outlier_bound": 202914.4611423841,
      "minimum": 210995.83705213497,
      "standard_deviation_ratio": 0.03801323650407979,
      "upper_outlier_bound": 266816.9591648851
    },
    {
      "maximum": 237182.64961481537,
      "total": 10213341.471829599,
      "mode": null,
      "n": 900,
      "percentiles": {
        "25": 222737.28688495193,
        "50": 226626.32718042855,
        "75": 232016.68486049163
      },
      "frequency_distribution": "removed",
      "outliers": "removed",
      "median": 226626.32718042855,
      "average": 226963.14381843552,
      "sample_size": 45,
      "variance": 32683739.848467056,
      "standard_deviation": 5716.969463664036,
      "lower_outlier_bound": 208619.68816045832,
      "minimum": 212919.07797522473,
      "standard_deviation_ratio": 0.02518897723868973,
      "upper_outlier_bound": 246130.68151774697
    },
    {
      "maximum": 228893.71091639885,
      "total": 10018651.092172321,
      "mode": null,
      "n": 1000,
      "percentiles": {
        "25": 215220.11077630956,
        "50": 217890.3255460469,
        "75": 221816.91913693343
      },
      "frequency_distribution": "removed",
      "outliers": "removed",
      "median": 217890.3255460469,
      "average": 217796.76287331132,
      "sample_size": 46,
      "variance": 28307123.5243936,
      "standard_deviation": 5320.443921741267,
      "lower_outlier_bound": 203171.50297430836,
      "minimum": 205022.22440912595,
      "standard_deviation_ratio": 0.024428480256320793,
      "upper_outlier_bound": 232047.70343597888
    },
    {
      "maximum": 182673.09188821868,
      "total": 6811829.522176752,
      "mode": null,