{
  "build_type": "from_ordset_or_orddict",
  "name": "runtime",
  "timestamp": "2026-03-19T20:43:49.177527Z",
  "impl_mod": "gb_sets",
  "tweaks": "none",
  "impl_description": ":gb_sets.intersection/2",
  "group_id": "intersection_050_0050",
  "measurements": [
    {
      "maximum": 8785030.308354564,
      "total": 332267061.5334506,
      "mode": null,
      "n": 0,
      "percentiles": {
        "25": 6305313.988824757,
        "50": 6800902.594868671,
        "75": 7412275.886803062
      },
      "average": 6922230.448613554,
      "variance": 663838913111.5269,
      "standard_deviation": 814763.1024485135,
      "standard_deviation_ratio": 0.11770239498624341,
      "median": 6800902.594868671,
      "frequency_distribution": "removed",
      "minimum": 5284574.327537917,
      "lower_outlier_bound": 4644871.1418573,
      "upper_outlier_bound": 9072718.73377052,
      "outliers": "removed",
      "sample_size": 48
    },
    {
      "maximum": 473164.476703747,
      "total": 17866850.926316515,
      "mode": null,
      "n": 100,
      "percentiles": {
        "25": 400307.4361109332,
        "50": 412536.14848001057,
        "75": 427491.0974978946
      },
      "average": 415508.16107712826,
      "variance": 452965695.3626659,
      "standard_deviation": 21282.990752304195,
      "standard_deviation_ratio": 0.05122159501544318,
      "median": 412536.14848001057,
      "frequency_distribution": "removed",
      "minimum": 374114.28443160816,
      "lower_outlier_bound": 350562.3604918133,
      "upper_outlier_bound": 479060.71806070965,
      "outliers": "removed",
      "sample_size": 43
    },
    {
      "maximum": 319267.47271061275,
      "total": 14169302.618956212,
      "mode": null,
      "n": 200,
      "percentiles": {
        "25": 284850.43971755565,
        "50": 295698.7385744891,
        "75": 307751.79179730226
      },
      "average": 295193.80456158775,
      "variance": 216327653.77146628,
      "standard_deviation": 14708.08124030685,
      "standard_deviation_ratio": 0.04982516913642823,
      "median": 295698.7385744891,
      "frequency_distribution": "removed",
      "minimum": 258183.11379162557,
      "lower_outlier_bound": 250301.0926245223,
      "upper_outlier_bound": 341129.9606939724,
      "outliers": "removed",
      "sample_size": 48
    },
    {
      "maximum": 257681.48506993474,
      "total": 10112011.110131443,
      "mode": null,
      "n": 300,
      "percentiles": {
        "25": 227828.3176929193,
        "50": 237125.84505723033,
        "75": 241060.27953350014
      },
      "average": 235163.04907282424,
      "variance": 132093915.32934387,
      "standard_deviation": 11493.211706452808,
      "standard_deviation_ratio": 0.04887337424721705,
      "median": 237125.84505723033,
      "frequency_distribution": "removed",
      "minimum": 200411.64551989787,
      "lower_outlier_bound": 197940.2114399764,
      "upper_outlier_bound": 266872.36323920503,
      "outliers": "removed",
      "sample_size": 43
    },
    {
      "maximum": 210912.6189019889,
      "total": 9101276.714571409,
      "mode": null,
      "n": 400,
      "percentiles": {
        "25": 188402.6843614468,
        "50": 195137.56222449016,
        "75": 202089.6065315361
      },
      "average": 193644.18541641295,
      "variance": 106957734.69687632,
      "standard_deviation": 10342.037260466446,
      "standard_deviation_ratio": 0.05340742474775012,
      "median": 195137.56222449016,
      "frequency_distribution": "removed",
      "minimum": 164917.1703511911,
      "lower_outlier_bound": 163120.4143537413,
      "upper_outlier_bound": 224818.1346178243,
      "outliers": "removed",
      "sample_size": 47
    },
    {
      "maximum": 337799.03659714764,
      "total": 14538709.212340815,
      "mode": null,
      "n": 500,
      "percentiles": {
        "25": 295271.3819647104,
        "50": 304081.90580529044,
        "75": 311309.0671601466
      },
      "average": 302889.7752571003,
      "variance": 191055854.49803552,
      "standard_deviation": 13822.295558192767,
      "standard_deviation_ratio": 0.045634738070838024,
      "median": 304081.90580529044,
      "frequency_distribution": "removed",
      "minimum": 272262.94065756944,
      "lower_outlier_bound": 261932.41317693997,
      "upper_outlier_bound": 340667.7223646877,
      "outliers": "removed",
      "sample_size": 48
    },
    {
      "maximum": 305261.4869897554,
      "total": 12882410.534822613,
      "mode": null,
      "n": 600,
      "percentiles": {
        "25": 268624.76478692825,
        "50": 284158.84966266376,
        "75": 291567.32224393875
      },
      "average": 280052.40293092636,
      "variance": 212773684.26112163,
      "standard_deviation": 14586.764009235278,
      "standard_deviation_ratio": 0.052085837709569795,
      "median": 284158.84966266376,
      "frequency_distribution": "removed",
      "minimum": 241099.2195618263,
      "lower_outlier_bound": 233609.533916322,
      "upper_outlier_bound": 326942.1163717042,
      "outliers": "removed",
      "sample_size": 46
    },
    {
      "maximum": 296084.86976707005,
      "total": 12737636.089995384,
      "mode": null,
      "n": 700,
      "percentiles": {
        "25": 256314.32621805594,
        "50": 266729.9705815819,
        "75": 272244.0722457369
      },
      "average": 265367.4185415705,
      "variance": 131913348.81493898,
      "standard_deviation": 11485.353665209399,
      "standard_deviation_ratio": 0.04328094883814906,
      "median": 266729.9705815819,
      "frequency_distribution": "removed",
      "minimum": 239483.67320057956,
      "lower_outlier_bound": 229560.53398098442,
      "upper_outlier_bound": 297679.94216574455,
      "outliers": "removed",
      "sample_size": 48
    },
    {
      "maximum": 279484.183990028,
      "total": 12123566.115358988,
      "mode": null,
      "n": 800,
      "percentiles": {
        "25": 239271.95013936644,
        "50": 248313.33169446533,
        "75": 256306.88450853256
      },
      "average": 247419.71663997934,
      "variance": 118135877.5679213,
      "standard_deviation": 10869.032963788513,
      "standard_deviation_ratio": 0.043929534442091585,
      "median": 248313.33169446533,
      "frequency_distribution": "removed",
      "minimum": 226585.76044447062,
      "lower_outlier_bound": 213719.54858561727,
      "upper_outlier_bound": 281859.28606228175,
      "outliers": "removed",
      "sample_size": 49
    },
    {
      "maximum": 253222.25317160873,
      "total": 11533121.179421593,
      "mode": null,
      "n": 900,
      "percentiles": {
        "25": 236786.95997454936,
        "50": 240607.02563783166,
        "75": 245052.84610505542
      },
      "average": 240273.3579046165,
      "variance": 33427186.81477275,
      "standard_deviation": 5781.624928579573,
      "standard_deviation_ratio": 0.024062696667662826,
      "median": 240607.02563783166,
      "frequency_distribution": "removed",
      "minimum": 227391.07399078156,
      "lower_outlier_bound": 223992.7963530575,
      "upper_outlier_bound": 257661.73670858738,
      "outliers": "removed",
      "sample_size": 48
    },
    {
      "maximum": 247951.30236421566,
      "total": 10332449.49992948,
      "mode": null,
      "n": 1000,
      "percentiles": {
        "25": 224674.43203422843,
        "50": 230374.93520704948,
        "75": 235484.45902052463
      },
      "average": 229609.9888873218,
      "variance": 69876997.79853797,
      "standard_deviation": 8359.24624583688,
      "standard_deviation_ratio": 0.03640628304694128,
      "median": 230374.93520704948,
      "frequency_distribution": "removed",
      "minimum": 208060.2542496307,
      "lower_outlier_bound": 207259.94967783868,
      "upper_outlier_bound": 252742.07131099884,
      "outliers": "removed",
      "sample_size": 45
    },
    {
      "maximum": 180524.3148199631,
      "total": 7394882.9593819985,
      "mode": null,