{
  "build_type": "from_ordset_or_orddict",
  "name": "runtime",
  "timestamp": "2026-03-05T19:28:36.767632Z",
  "impl_mod": "gb_sets",
  "group_id": "intersection_100_0100",
  "impl_description": ":gb_sets.intersection/2",
  "tweaks": "none",
  "measurements": [
    {
      "maximum": 8352125.615969264,
      "total": 430724463.1307903,
      "mode": null,
      "n": 0,
      "percentiles": {
        "25": 6843005.200557287,
        "50": 7203858.692171798,
        "75": 7507930.893868176
      },
      "average": 7178741.0521798385,
      "sample_size": 60,
      "variance": 251483443206.9311,
      "standard_deviation": 501481.24910801114,
      "frequency_distribution": "removed",
      "lower_outlier_bound": 5805474.582012584,
      "median": 7203858.692171798,
      "minimum": 6023007.890140336,
      "outliers": "removed",
      "standard_deviation_ratio": 0.06985643380404917,
      "upper_outlier_bound": 8527376.08158437
    },
    {
      "maximum": 370563.8870669498,
      "total": 17271405.801160064,
      "mode": null,
      "n": 100,
      "percentiles": {
        "25": 330855.2276780249,
        "50": 339900.205299724,
        "75": 345017.9409329285
      },
      "average": 338655.01570902084,
      "sample_size": 51,
      "variance": 140388756.79648307,
      "standard_deviation": 11848.576150596453,
      "frequency_distribution": "removed",
      "lower_outlier_bound": 300640.6748261752,
      "median": 339900.205299724,
      "minimum": 307726.3943082926,
      "outliers": "removed",
      "standard_deviation_ratio": 0.034987156843934025,
      "upper_outlier_bound": 372430.00709834625
    },
    {
      "maximum": 257281.05382319645,
      "total": 12355184.469158053,
      "mode": null,
      "n": 200,
      "percentiles": {
        "25": 215801.47879058894,
        "50": 221393.49690988252,
        "75": 231333.34267119947
      },
      "average": 220628.2940921081,
      "sample_size": 56,
      "variance": 339072236.0722775,
      "standard_deviation": 18413.91419748331,
      "frequency_distribution": "removed",
      "lower_outlier_bound": 177482.15399003404,
      "median": 221393.49690988252,
      "minimum": 179540.94969980753,
      "outliers": "removed",
      "standard_deviation_ratio": 0.08346125447444132,
      "upper_outlier_bound": 262931.7890985524
    },
    {
      "maximum": 199492.88907596888,
      "total": 9441459.051614283,
      "mode": null,
      "n": 300,
      "percentiles": {
        "25": 175533.6763140593,
        "50": 181140.16404574277,
        "75": 188133.43301074233
      },
      "average": 181566.5202233516,
      "sample_size": 52,
      "variance": 83564980.60187976,
      "standard_deviation": 9141.388330110463,
      "frequency_distribution": "removed",
      "lower_outlier_bound": 152910.42757272604,
      "median": 181140.16404574277,
      "minimum": 153980.23509702296,
      "outliers": "removed",
      "standard_deviation_ratio": 0.05034732349810586,
      "upper_outlier_bound": 211464.6052329857
    },
    {
      "maximum": 172716.34449311206,
      "total": 8536912.82999262,
      "mode": null,
      "n": 400,
      "percentiles": {
        "25": 157007.82951146283,
        "50": 161024.37264904415,
        "75": 164549.5989542746
      },
      "average": 161073.82698099283,
      "sample_size": 53,
      "variance": 21567411.225494083,
      "standard_deviation": 4644.072698127591,
      "frequency_distribution": "removed",
      "lower_outlier_bound": 144296.79648820864,
      "median": 161024.37264904415,
      "minimum": 152868.73467490936,
      "outliers": "removed",
      "standard_deviation_ratio": 0.02883195106971417,
      "upper_outlier_bound": 176701.82196532452
    },
    {
      "maximum": 152740.54726938086,
      "total": 7933869.864561085,
      "mode": null,
      "n": 500,
      "percentiles": {
        "25": 140871.2605723881,
        "50": 145214.1763887558,
        "75": 147401.09754857235
      },
      "average": 144252.1793556561,
      "sample_size": 55,
      "variance": 21969504.423336286,
      "standard_deviation": 4687.163793098795,
      "frequency_distribution": "removed",
      "lower_outlier_bound": 128496.17817280446,
      "median": 145214.1763887558,
      "minimum": 130142.58421526625,
      "outliers": "removed",
      "standard_deviation_ratio": 0.03249284561269967,
      "upper_outlier_bound": 158581.22771205212
    },
    {
      "maximum": 128679.42737654818,
      "total": 6960271.648512208,
      "mode": null,
      "n": 600,
      "percentiles": {
        "25": 120269.98026128986,
        "50": 122751.4994095653,
        "75": 125920.83972435698
      },
      "average": 122110.0289212668,
      "sample_size": 57,
      "variance": 25687466.67144397,
      "standard_deviation": 5068.280445224393,
      "frequency_distribution": "removed",
      "lower_outlier_bound": 109773.95829333349,
      "median": 122751.4994095653,
      "minimum": 109908.34742907889,
      "outliers": "removed",
      "standard_deviation_ratio": 0.04150584919189792,
      "upper_outlier_bound": 135348.68862371572
    },
    {
      "maximum": 120151.29451004705,
      "total": 6421185.511369979,
      "mode": null,
      "n": 700,
      "percentiles": {
        "25": 108807.78986302376,
        "50": 111879.9186820463,
        "75": 114510.12910960827
      },
      "average": 110710.09502362032,
      "sample_size": 58,
      "variance": 26940507.109021675,
      "standard_deviation": 5190.424559611832,
      "frequency_distribution": "removed",
      "lower_outlier_bound": 98431.96282396399,
      "median": 111879.9186820463,
      "minimum": 99874.45780653719,
      "outliers": "removed",
      "standard_deviation_ratio": 0.04688302867506743,
      "upper_outlier_bound": 124211.90830210966
    },
    {
      "maximum": 111859.70108850676,
      "total": 5782663.68999672,
      "mode": null,
      "n": 800,
      "percentiles": {
        "25": 103231.66734627515,
        "50": 105413.17749049173,
        "75": 107588.31117552065
      },
      "average": 105139.33981812219,
      "sample_size": 55,
      "variance": 12306392.985740408,
      "standard_deviation": 3508.0468904705945,
      "frequency_distribution": "removed",
      "lower_outlier_bound": 96046.58075679411,
      "median": 105413.17749049173,
      "minimum": 96361.20806119322,
      "outliers": "removed",
      "standard_deviation_ratio": 0.033365692580332666,
      "upper_outlier_bound": 114182.4716331388
    },
    {
      "maximum": 102017.49804126404,
      "total": 5890124.421283153,
      "mode": null,
      "n": 900,
      "percentiles": {
        "25": 93190.0319520969,
        "50": 97909.53354919121,
        "75": 99973.91769180127
      },
      "average": 96559.41674234677,
      "sample_size": 61,
      "variance": 17658610.68837117,
      "standard_deviation": 4202.214974078691,
      "frequency_distribution": "removed",
      "lower_outlier_bound": 83014.20334254036,
      "median": 97909.53354919121,
      "minimum": 86228.60237232131,
      "outliers": "removed",
      "standard_deviation_ratio": 0.04351947345841601,
      "upper_outlier_bound": 110149.74630135781
    },
    {
      "maximum": 155080.83588570543,
      "total": 8160057.014016532,
      "mode": null,
      "n": 1000,
      "percentiles": {
        "25": 140580.8011058596,
        "50": 148098.61095333687,
        "75": 150251.42313694285
      },
      "average": 145715.3038217238,
      "sample_size": 56,
      "variance": 54088908.219814405,
      "standard_deviation": 7354.516178499739,
      "frequency_distribution": "removed",
      "lower_outlier_bound": 125754.90582242576,
      "median": 148098.61095333687,
      "minimum": 127157.86903756752,
      "outliers": "removed",
      "standard_deviation_ratio": 0.0504718172052653,
      "upper_outlier_bound": 165225.64980033637
    },
    {
      "maximum": 122539.8591526859,
      "total": 6533506.895583676,
      "mode": null,
      "n": 2000,