{
  "build_type": "from_ordset_or_orddict",
  "name": "runtime",
  "timestamp": "2026-03-19T20:43:49.335301Z",
  "impl_mod": "gb_sets",
  "tweaks": "none",
  "impl_description": ":gb_sets.intersection/2",
  "group_id": "intersection_100_0100",
  "measurements": [
    {
      "maximum": 8156606.851549755,
      "total": 342029554.23150927,
      "mode": null,
      "n": 0,
      "percentiles": {
        "25": 6478999.223429882,
        "50": 6852331.803578665,
        "75": 7272071.9781472925
      },
      "average": 6840591.084630186,
      "variance": 350985998222.98883,
      "standard_deviation": 592440.7128337728,
      "standard_deviation_ratio": 0.08660665511272864,
      "median": 6852331.803578665,
      "frequency_distribution": "removed",
      "minimum": 5654189.754608165,
      "lower_outlier_bound": 5289390.091353767,
      "upper_outlier_bound": 8461681.110223409,
      "outliers": "removed",
      "sample_size": 50
    },
    {
      "maximum": 390295.68801323883,
      "total": 15794104.73883896,
      "mode": null,
      "n": 100,
      "percentiles": {
        "25": 323571.9920844649,
        "50": 336355.21369350725,
        "75": 363090.2140336951
      },
      "average": 343350.10301823827,
      "variance": 590723630.0345126,
      "standard_deviation": 24304.80672695244,
      "standard_deviation_ratio": 0.07078724169091455,
      "median": 336355.21369350725,
      "frequency_distribution": "removed",
      "minimum": 295637.5719877488,
      "lower_outlier_bound": 262354.11048079643,
      "upper_outlier_bound": 423531.87616543437,
      "outliers": "removed",
      "sample_size": 46
    },
    {
      "maximum": 242746.13851580155,
      "total": 9972188.949501557,
      "mode": null,
      "n": 200,
      "percentiles": {
        "25": 220722.32325864607,
        "50": 226302.48955878432,
        "75": 232740.00331989065
      },
      "average": 226640.6579432172,
      "variance": 72911677.37329549,
      "standard_deviation": 8538.833490196157,
      "standard_deviation_ratio": 0.0376756472897969,
      "median": 226302.48955878432,
      "frequency_distribution": "removed",
      "minimum": 207632.14228615447,
      "lower_outlier_bound": 196733.46925168706,
      "upper_outlier_bound": 254324.85860932188,
      "outliers": "removed",
      "sample_size": 44
    },
    {
      "maximum": 198606.9707074579,
      "total": 7457590.337640717,
      "mode": null,
      "n": 300,
      "percentiles": {
        "25": 181697.9899530267,
        "50": 187345.7428550361,
        "75": 190767.43364895615
      },
      "average": 186439.7584410179,
      "variance": 60471247.223429926,
      "standard_deviation": 7776.326074916736,
      "standard_deviation_ratio": 0.04170959102254391,
      "median": 187345.7428550361,
      "frequency_distribution": "removed",
      "minimum": 162484.05625198028,
      "lower_outlier_bound": 161830.11023394778,
      "upper_outlier_bound": 207859.12459363687,
      "outliers": "removed",
      "sample_size": 40
    },
    {
      "maximum": 172350.20182208632,
      "total": 7382841.474856644,
      "mode": null,
      "n": 400,
      "percentiles": {
        "25": 155980.7260490181,
        "50": 160632.983414585,
        "75": 165345.46173248292
      },
      "average": 160496.55380123138,
      "variance": 37740180.146982,
      "standard_deviation": 6143.303683441182,
      "standard_deviation_ratio": 0.03827685727787913,
      "median": 160632.983414585,
      "frequency_distribution": "removed",
      "minimum": 143012.20895227825,
      "lower_outlier_bound": 141258.49398632458,
      "upper_outlier_bound": 178703.20030947548,
      "outliers": "removed",
      "sample_size": 46
    },
    {
      "maximum": 152064.42665628574,
      "total": 6491727.543677272,
      "mode": null,
      "n": 500,
      "percentiles": {
        "25": 137123.6924568941,
        "50": 142897.36291203112,
        "75": 146797.36933872767
      },
      "average": 141124.51181907114,
      "variance": 52005181.76146093,
      "standard_deviation": 7211.461832490062,
      "standard_deviation_ratio": 0.05109999488774513,
      "median": 142897.36291203112,
      "frequency_distribution": "removed",
      "minimum": 126619.7835814659,
      "lower_outlier_bound": 121425.39091576832,
      "upper_outlier_bound": 162592.97273762012,
      "outliers": "removed",
      "sample_size": 46
    },
    {
      "maximum": 130605.59200902746,
      "total": 5591492.352723042,
      "mode": null,
      "n": 600,
      "percentiles": {
        "25": 121456.44418044874,
        "50": 125060.4980159152,
        "75": 126656.54276580128
      },
      "average": 124255.3856160676,
      "variance": 10245994.615252562,
      "standard_deviation": 3200.936521590605,
      "standard_deviation_ratio": 0.025760947951834198,
      "median": 125060.4980159152,
      "frequency_distribution": "removed",
      "minimum": 115656.14041580695,
      "lower_outlier_bound": 113564.01762521215,
      "upper_outlier_bound": 134042.37917644775,
      "outliers": "removed",
      "sample_size": 45
    },
    {
      "maximum": 121254.15598619642,
      "total": 4810111.581211823,
      "mode": null,
      "n": 700,
      "percentiles": {
        "25": 112488.53352305917,
        "50": 114005.37440071577,
        "75": 115996.71651250817
      },
      "average": 114526.46621932912,
      "variance": 7166984.8747092,
      "standard_deviation": 2677.122499010682,
      "standard_deviation_ratio": 0.023375579351970373,
      "median": 114005.37440071577,
      "frequency_distribution": "removed",
      "minimum": 109918.85789909889,
      "lower_outlier_bound": 104844.60939664928,
      "upper_outlier_bound": 122442.89264329766,
      "outliers": "removed",
      "sample_size": 42
    },
    {
      "maximum": 111817.17444709202,
      "total": 4977446.574077637,
      "mode": null,
      "n": 800,
      "percentiles": {
        "25": 99196.0149121222,
        "50": 105124.9465338104,
        "75": 107230.22843067758
      },
      "average": 103696.80362661743,
      "variance": 23090925.459586784,
      "standard_deviation": 4805.301807336016,
      "standard_deviation_ratio": 0.04633992215072063,
      "median": 105124.9465338104,
      "frequency_distribution": "removed",
      "minimum": 93295.67919720933,
      "lower_outlier_bound": 89366.70591815143,
      "upper_outlier_bound": 118698.45778616147,
      "outliers": "removed",
      "sample_size": 48
    },
    {
      "maximum": 106026.54904788159,
      "total": 4768632.5076502105,
      "mode": null,
      "n": 900,
      "percentiles": {
        "25": 97478.77523890964,
        "50": 99225.60799704492,
        "75": 102129.92319732305
      },
      "average": 99346.51057604606,
      "variance": 17158026.844536923,
      "standard_deviation": 4142.224866486237,
      "standard_deviation_ratio": 0.041694719245478865,
      "median": 99225.60799704492,
      "frequency_distribution": "removed",
      "minimum": 90194.66715011008,
      "lower_outlier_bound": 90096.74597536676,
      "upper_outlier_bound": 109656.9926511457,
      "outliers": "removed",
      "sample_size": 48
    },
    {
      "maximum": 155243.10293704426,
      "total": 6536135.908081477,
      "mode": null,
      "n": 1000,
      "percentiles": {
        "25": 147178.699372804,
        "50": 148644.28996055655,
        "75": 150028.1182240105
      },
      "average": 148548.5433654881,
      "variance": 8204682.879764285,
      "standard_deviation": 2864.381762224492,
      "standard_deviation_ratio": 0.01928246280528636,
      "median": 148644.28996055655,
      "frequency_distribution": "removed",
      "minimum": 141321.98235171085,
      "lower_outlier_bound": 140682.92262691498,
      "upper_outlier_bound": 155798.29881517653,
      "outliers": "removed",
      "sample_size": 44
    },
    {
      "maximum": 123405.14278592046,
      "total": 5323982.147883801,
      "mode": null,
      "n": 2000,