{
  "build_type": "from_ordset_or_orddict",
  "name": "runtime",
  "timestamp": "2026-04-02T22:07:07.080287Z",
  "impl_mod": "gb_sets",
  "impl_description": ":gb_sets.intersection/2",
  "tweaks": "none",
  "group_id": "intersection_000_0100",
  "measurements": [
    {
      "maximum": 8347942.232239753,
      "total": 325529579.63595533,
      "mode": 8225713.580653122,
      "n": 0,
      "percentiles": {
        "25": 6601550.936487065,
        "50": 6818981.557926044,
        "75": 7517208.746694945
      },
      "frequency_distribution": "removed",
      "outliers": "removed",
      "median": 6818981.557926044,
      "average": 7076729.992085986,
      "sample_size": 46,
      "variance": 399439751414.7983,
      "standard_deviation": 632012.4614394864,
      "lower_outlier_bound": 5159394.784581319,
      "minimum": 6087168.249330412,
      "standard_deviation_ratio": 0.08930854535163493,
      "upper_outlier_bound": 8809466.69833748
    },
    {
      "maximum": 385800.98070609296,
      "total": 15929357.714596054,
      "mode": null,
      "n": 100,
      "percentiles": {
        "25": 333777.57675735233,
        "50": 343897.3027447796,
        "75": 358927.23179370177
      },
      "frequency_distribution": "removed",
      "outliers": "removed",
      "median": 343897.3027447796,
      "average": 346290.3850999142,
      "sample_size": 46,
      "variance": 321480020.8929331,
      "standard_deviation": 17929.863939610168,
      "lower_outlier_bound": 292288.2325646082,
      "minimum": 311120.37558451743,
      "standard_deviation_ratio": 0.05177696150713776,
      "upper_outlier_bound": 397505.2242259983
    },
    {
      "maximum": 261516.53438288637,
      "total": 11295567.770606482,
      "mode": null,
      "n": 200,
      "percentiles": {
        "25": 232134.35936720175,
        "50": 240558.67346325106,
        "75": 247806.90885661892
      },
      "frequency_distribution": "removed",
      "outliers": "removed",
      "median": 240558.67346325106,
      "average": 240331.22916184005,
      "sample_size": 47,
      "variance": 100079297.49332683,
      "standard_deviation": 10003.964088966275,
      "lower_outlier_bound": 205741.25987209292,
      "minimum": 220751.52649680572,
      "standard_deviation_ratio": 0.04162573513169845,
      "upper_outlier_bound": 272734.91629667167
    },
    {
      "maximum": 208602.34343872618,
      "total": 8925556.112546625,
      "mode": null,
      "n": 300,
      "percentiles": {
        "25": 194321.53742962802,
        "50": 199538.66660281428,
        "75": 202377.60633353025
      },
      "frequency_distribution": "removed",
      "outliers": "removed",
      "median": 199538.66660281428,
      "average": 198345.691389925,
      "sample_size": 45,
      "variance": 37764159.71808136,
      "standard_deviation": 6145.255057203189,
      "lower_outlier_bound": 181620.7662851981,
      "minimum": 182390.55654654425,
      "standard_deviation_ratio": 0.030982548771993836,
      "upper_outlier_bound": 215371.47932419338
    },
    {
      "maximum": 179508.3983004145,
      "total": 7312332.000706785,
      "mode": null,
      "n": 400,
      "percentiles": {
        "25": 166978.35960459526,
        "50": 169468.83383411373,
        "75": 173194.3621771224
      },
      "frequency_distribution": "removed",
      "outliers": "removed",
      "median": 169468.83383411373,
      "average": 170054.2325745764,
      "sample_size": 43,
      "variance": 19032147.91087587,
      "standard_deviation": 4362.585003283703,
      "lower_outlier_bound": 156358.6441495928,
      "minimum": 158867.33941689332,
      "standard_deviation_ratio": 0.025654080684939816,
      "upper_outlier_bound": 184160.0253155884
    },
    {
      "maximum": 167225.19883076142,
      "total": 6876845.139657698,
      "mode": null,
      "n": 500,
      "percentiles": {
        "25": 148818.1816741983,
        "50": 153981.6577049342,
        "75": 156493.42062622568
      },
      "frequency_distribution": "removed",
      "outliers": "removed",
      "median": 153981.6577049342,
      "average": 152818.78088128217,
      "sample_size": 45,
      "variance": 29156772.92297323,
      "standard_deviation": 5399.701188304149,
      "lower_outlier_bound": 134554.54733412343,
      "minimum": 141166.1737614433,
      "standard_deviation_ratio": 0.03533401560439699,
      "upper_outlier_bound": 169581.94694185097
    },
    {
      "maximum": 134324.4688138881,
      "total": 5493576.692756279,
      "mode": null,
      "n": 600,
      "percentiles": {
        "25": 126108.49365926493,
        "50": 127771.0343065227,
        "75": 131006.82676574276
      },
      "frequency_distribution": "removed",
      "outliers": "removed",
      "median": 127771.0343065227,
      "average": 127757.59750595999,
      "sample_size": 43,
      "variance": 20243987.255869515,
      "standard_deviation": 4499.331867718753,
      "lower_outlier_bound": 113536.84978308543,
      "minimum": 114647.73908926129,
      "standard_deviation_ratio": 0.03521772446847128,
      "upper_outlier_bound": 141584.73768343407
    },
    {
      "maximum": 122773.80399898834,
      "total": 5003820.425815384,
      "mode": null,
      "n": 700,
      "percentiles": {
        "25": 113480.32818510912,
        "50": 116771.68333387827,
        "75": 120112.76186083496
      },
      "frequency_distribution": "removed",
      "outliers": "removed",
      "median": 116771.68333387827,
      "average": 116367.91687942753,
      "sample_size": 43,
      "variance": 19919356.543575536,
      "standard_deviation": 4463.110635372546,
      "lower_outlier_bound": 103397.40293580438,
      "minimum": 103424.80912951475,
      "standard_deviation_ratio": 0.03835344616503633,
      "upper_outlier_bound": 130237.82077252625
    },
    {
      "maximum": 113765.64277588169,
      "total": 4906705.112409354,
      "mode": null,
      "n": 800,
      "percentiles": {
        "25": 107270.64333893036,
        "50": 109099.08160393106,
        "75": 111397.65277999411
      },
      "frequency_distribution": "removed",
      "outliers": "removed",
      "median": 109099.08160393106,
      "average": 109037.89138687454,
      "sample_size": 45,
      "variance": 7448541.519833049,
      "standard_deviation": 2729.2016268192883,
      "lower_outlier_bound": 100425.02176963049,
      "minimum": 101261.6185049532,
      "standard_deviation_ratio": 0.025029845974697713,
      "upper_outlier_bound": 118131.61198235676
    },
    {
      "maximum": 105850.12469144688,
      "total": 3947677.988513414,
      "mode": null,
      "n": 900,
      "percentiles": {
        "25": 99788.05018141467,
        "50": 100835.01475720441,
        "75": 102222.7310642613
      },
      "frequency_distribution": "removed",
      "outliers": "removed",
      "median": 100835.01475720441,
      "average": 101222.51252598497,
      "sample_size": 39,
      "variance": 5208959.669187097,
      "standard_deviation": 2282.3145421232143,
      "lower_outlier_bound": 94570.20278848692,
      "minimum": 95124.3084462776,
      "standard_deviation_ratio": 0.02254749941656821,
      "upper_outlier_bound": 107208.03267608183
    },
    {
      "maximum": 160488.6558593606,
      "total": 6589081.703235388,
      "mode": null,
      "n": 1000,
      "percentiles": {
        "25": 151501.60818957092,
        "50": 152651.4798797717,
        "75": 154836.15238354774
      },
      "frequency_distribution": "removed",
      "outliers": "removed",
      "median": 152651.4798797717,
      "average": 153234.45821477647,
      "sample_size": 43,
      "variance": 7740269.26042984,
      "standard_deviation": 2782.133940059292,
      "lower_outlier_bound": 145780.25283920384,
      "minimum": 146461.34738581142,
      "standard_deviation_ratio": 0.01815605949518089,
      "upper_outlier_bound": 160797.30489024907
    },
    {
      "maximum": 116999.43255275211,
      "total": 5388643.564577731,