{
  "build_type": "from_ordset_or_orddict",
  "name": "runtime",
  "timestamp": "2026-03-05T19:28:36.645721Z",
  "impl_mod": "gb_sets",
  "group_id": "intersection_100_0500",
  "impl_description": ":gb_sets.intersection/2",
  "tweaks": "none",
  "measurements": [
    {
      "maximum": 8663259.118080221,
      "total": 415311452.82234925,
      "mode": null,
      "n": 0,
      "percentiles": {
        "25": 6538084.341288002,
        "50": 7002801.12044818,
        "75": 7482789.583956899
      },
      "average": 7039177.166480496,
      "sample_size": 59,
      "variance": 469811079453.75085,
      "standard_deviation": 685427.6617220455,
      "frequency_distribution": "removed",
      "lower_outlier_bound": 5121026.477284657,
      "median": 7002801.12044818,
      "minimum": 5764685.536403989,
      "outliers": "removed",
      "standard_deviation_ratio": 0.09737326473127414,
      "upper_outlier_bound": 8899847.447960244
    },
    {
      "maximum": 156604.07201908063,
      "total": 7200149.735371434,
      "mode": null,
      "n": 100,
      "percentiles": {
        "25": 143756.40075920994,
        "50": 146312.415047354,
        "75": 149868.4430647316
      },
      "average": 146941.8313341109,
      "sample_size": 49,
      "variance": 17342251.23371369,
      "standard_deviation": 4164.402866403981,
      "frequency_distribution": "removed",
      "lower_outlier_bound": 131769.6252909053,
      "median": 146312.415047354,
      "minimum": 140172.0471706973,
      "outliers": "removed",
      "standard_deviation_ratio": 0.028340485677867424,
      "upper_outlier_bound": 159532.4570608909
    },
    {
      "maximum": 118031.28537250083,
      "total": 6155931.793828994,
      "mode": null,
      "n": 200,
      "percentiles": {
        "25": 107946.868721999,
        "50": 111269.68770404505,
        "75": 113365.42269756304
      },
      "average": 109927.35346123204,
      "sample_size": 56,
      "variance": 20324207.678153202,
      "standard_deviation": 4508.2377575005075,
      "frequency_distribution": "removed",
      "lower_outlier_bound": 97582.09476337276,
      "median": 111269.68770404505,
      "minimum": 98802.90401495481,
      "outliers": "removed",
      "standard_deviation_ratio": 0.04101106426700633,
      "upper_outlier_bound": 122864.66053741673
    },
    {
      "maximum": 105361.42128342854,
      "total": 5708060.479979641,
      "mode": null,
      "n": 300,
      "percentiles": {
        "25": 90715.53759385244,
        "50": 96250.87652023323,
        "75": 99708.72631957123
      },
      "average": 95134.34133299401,
      "sample_size": 60,
      "variance": 27857484.05082542,
      "standard_deviation": 5278.018951351484,
      "frequency_distribution": "removed",
      "lower_outlier_bound": 77225.75450527425,
      "median": 96250.87652023323,
      "minimum": 83725.51761208125,
      "outliers": "removed",
      "standard_deviation_ratio": 0.05547963939622073,
      "upper_outlier_bound": 113198.50940814942
    },
    {
      "maximum": 91930.86063833113,
      "total": 5004664.2226098,
      "mode": null,
      "n": 400,
      "percentiles": {
        "25": 82870.74545476702,
        "50": 87390.74651934224,
        "75": 90031.09836487513
      },
      "average": 86287.31418292758,
      "sample_size": 58,
      "variance": 20448803.092840973,
      "standard_deviation": 4522.035282131374,
      "frequency_distribution": "removed",
      "lower_outlier_bound": 72130.21608960486,
      "median": 87390.74651934224,
      "minimum": 75114.098315341,
      "outliers": "removed",
      "standard_deviation_ratio": 0.052406721949239704,
      "upper_outlier_bound": 100771.62773003729
    },
    {
      "maximum": 90987.17444788983,
      "total": 5044043.978949942,
      "mode": null,
      "n": 500,
      "percentiles": {
        "25": 83380.37376086343,
        "50": 85908.73399735057,
        "75": 88238.82367059388
      },
      "average": 85492.27082966003,
      "sample_size": 59,
      "variance": 9994826.861651136,
      "standard_deviation": 3161.459609365765,
      "frequency_distribution": "removed",
      "lower_outlier_bound": 76062.33934143218,
      "median": 85908.73399735057,
      "minimum": 78793.5758021777,
      "outliers": "removed",
      "standard_deviation_ratio": 0.03697947871410327,
      "upper_outlier_bound": 95536.08938847421
    },
    {
      "maximum": 79533.10883787811,
      "total": 4373241.034950349,
      "mode": null,
      "n": 600,
      "percentiles": {
        "25": 73352.58759555235,
        "50": 76900.50593555401,
        "75": 77907.51031362501
      },
      "average": 75400.70749914394,
      "sample_size": 58,
      "variance": 13382035.796398368,
      "standard_deviation": 3658.146497394325,
      "frequency_distribution": "removed",
      "lower_outlier_bound": 65262.367421497715,
      "median": 76900.50593555401,
      "minimum": 65861.87842028968,
      "outliers": "removed",
      "standard_deviation_ratio": 0.04851607655585801,
      "upper_outlier_bound": 85356.75090889429
    },
    {
      "maximum": 72933.39576432011,
      "total": 3880629.884570315,
      "mode": null,
      "n": 700,
      "percentiles": {
        "25": 67738.40710429644,
        "50": 70120.78039214875,
        "75": 71292.54988081893
      },
      "average": 69296.96222446991,
      "sample_size": 56,
      "variance": 7639877.772816806,
      "standard_deviation": 2764.03288200716,
      "frequency_distribution": "removed",
      "lower_outlier_bound": 61714.909028634225,
      "median": 70120.78039214875,
      "minimum": 62512.971441574125,
      "outliers": "removed",
      "standard_deviation_ratio": 0.03988678281529538,
      "upper_outlier_bound": 77039.13439212975
    },
    {
      "maximum": 67447.80214591927,
      "total": 3781629.1653637947,
      "mode": null,
      "n": 800,
      "percentiles": {
        "25": 62408.06511907147,
        "50": 64144.79275779632,
        "75": 66462.80309530566
      },
      "average": 64095.4095824372,
      "sample_size": 59,
      "variance": 6103982.132053024,
      "standard_deviation": 2470.623834591787,
      "frequency_distribution": "removed",
      "lower_outlier_bound": 56159.55735153304,
      "median": 64144.79275779632,
      "minimum": 58924.22050621798,
      "outliers": "removed",
      "standard_deviation_ratio": 0.038546033962294286,
      "upper_outlier_bound": 72588.45220631035
    },
    {
      "maximum": 62468.882687811136,
      "total": 3220979.8027061406,
      "mode": null,
      "n": 900,
      "percentiles": {
        "25": 58878.89847348288,
        "50": 60066.39333936236,
        "75": 61344.33378728958
      },
      "average": 59647.77412418779,
      "sample_size": 54,
      "variance": 4324391.56132328,
      "standard_deviation": 2079.51714619603,
      "frequency_distribution": "removed",
      "lower_outlier_bound": 54959.603906159755,
      "median": 60066.39333936236,
      "minimum": 55145.305121730504,
      "outliers": "removed",
      "standard_deviation_ratio": 0.03486328160153028,
      "upper_outlier_bound": 65228.214657213626
    },
    {
      "maximum": 60861.64261921731,
      "total": 3313593.2032209006,
      "mode": null,
      "n": 1000,
      "percentiles": {
        "25": 54920.31062927692,
        "50": 56522.24291564338,
        "75": 57860.15778465028
      },
      "average": 56162.596664761026,
      "sample_size": 59,
      "variance": 5416223.030838506,
      "standard_deviation": 2327.278030412032,
      "frequency_distribution": "removed",
      "lower_outlier_bound": 50471.833539175175,
      "median": 56522.24291564338,
      "minimum": 50826.64454691096,
      "outliers": "removed",
      "standard_deviation_ratio": 0.041438219893993475,
      "upper_outlier_bound": 62269.4474449056
    },
    {
      "maximum": 41571.08780728309,
      "total": 2333488.8264545663,
      "mode": null,
      "n": 2000,