{
  "build_type": "from_ordset_or_orddict",
  "name": "runtime",
  "timestamp": "2026-03-19T20:43:49.164195Z",
  "impl_mod": "gb_sets",
  "tweaks": "none",
  "impl_description": ":gb_sets.intersection/2",
  "group_id": "intersection_050_1000",
  "measurements": [
    {
      "maximum": 7928956.54931811,
      "total": 326110732.4624436,
      "mode": null,
      "n": 0,
      "percentiles": {
        "25": 6640547.181087722,
        "50": 6951202.558042541,
        "75": 7218131.947451999
      },
      "average": 6938526.222605183,
      "variance": 186455456293.88943,
      "standard_deviation": 431804.8822024705,
      "standard_deviation_ratio": 0.0622329394383037,
      "median": 6951202.558042541,
      "frequency_distribution": "removed",
      "minimum": 6086797.735711242,
      "lower_outlier_bound": 5742715.631931969,
      "upper_outlier_bound": 8108183.03919454,
      "outliers": "removed",
      "sample_size": 47
    },
    {
      "maximum": 167829.4450048083,
      "total": 6906196.270305914,
      "mode": null,
      "n": 100,
      "percentiles": {
        "25": 153866.4044569227,
        "50": 156159.62020089122,
        "75": 159530.12717611162
      },
      "average": 156959.00614331622,
      "variance": 21960573.86962265,
      "standard_deviation": 4686.211035540616,
      "standard_deviation_ratio": 0.029856273626387056,
      "median": 156159.62020089122,
      "frequency_distribution": "removed",
      "minimum": 145252.98712768027,
      "lower_outlier_bound": 144144.63174635314,
      "upper_outlier_bound": 168396.10320078235,
      "outliers": "removed",
      "sample_size": 44
    },
    {
      "maximum": 87012.66382309281,
      "total": 3866046.841428433,
      "mode": null,
      "n": 200,
      "percentiles": {
        "25": 78378.61706060996,
        "50": 80974.482486397,
        "75": 82569.83724431679
      },
      "average": 80542.64252975902,
      "variance": 10088545.745869178,
      "standard_deviation": 3176.247116625087,
      "standard_deviation_ratio": 0.03943559606268844,
      "median": 80974.482486397,
      "frequency_distribution": "removed",
      "minimum": 72275.1718161522,
      "lower_outlier_bound": 71964.50578683316,
      "upper_outlier_bound": 89222.48526550263,
      "outliers": "removed",
      "sample_size": 48
    },
    {
      "maximum": 77606.43140018299,
      "total": 3463956.8960454133,
      "mode": null,
      "n": 300,
      "percentiles": {
        "25": 68558.8950860239,
        "50": 71215.38309247103,
        "75": 73005.80936798119
      },
      "average": 70692.99787847782,
      "variance": 8995054.794393132,
      "standard_deviation": 2999.175685816543,
      "standard_deviation_ratio": 0.042425357189861505,
      "median": 71215.38309247103,
      "frequency_distribution": "removed",
      "minimum": 63456.12516593777,
      "lower_outlier_bound": 61773.59741314806,
      "upper_outlier_bound": 79684.18446323418,
      "outliers": "removed",
      "sample_size": 49
    },
    {
      "maximum": 66145.0468273859,
      "total": 3157351.3027952146,
      "mode": null,
      "n": 400,
      "percentiles": {
        "25": 61778.19494537619,
        "50": 63521.461599077506,
        "75": 64712.620660132656
      },
      "average": 63147.026055904294,
      "variance": 3930199.5259255115,
      "standard_deviation": 1982.4730832789412,
      "standard_deviation_ratio": 0.031394559761592736,
      "median": 63521.461599077506,
      "frequency_distribution": "removed",
      "minimum": 58623.2104532219,
      "lower_outlier_bound": 57376.556373241496,
      "upper_outlier_bound": 69114.25923226736,
      "outliers": "removed",
      "sample_size": 50
    },
    {
      "maximum": 61151.86883168743,
      "total": 2808141.462054281,
      "mode": null,
      "n": 500,
      "percentiles": {
        "25": 57510.346948099774,
        "50": 58482.1342578447,
        "75": 59984.96563979761
      },
      "average": 58502.94712613086,
      "variance": 3033522.556153305,
      "standard_deviation": 1741.7010524637415,
      "standard_deviation_ratio": 0.029771167744911696,
      "median": 58482.1342578447,
      "frequency_distribution": "removed",
      "minimum": 54586.94062032599,
      "lower_outlier_bound": 53798.418910553024,
      "upper_outlier_bound": 63696.89367734436,
      "outliers": "removed",
      "sample_size": 48
    },
    {
      "maximum": 56163.71498262575,
      "total": 2566590.9741552286,
      "mode": null,
      "n": 600,
      "percentiles": {
        "25": 51281.121440986644,
        "50": 52509.7287399923,
        "75": 53483.71357546495
      },
      "average": 52379.40763582099,
      "variance": 2130814.637634299,
      "standard_deviation": 1459.7310155074117,
      "standard_deviation_ratio": 0.027868413970171313,
      "median": 52509.7287399923,
      "frequency_distribution": "removed",
      "minimum": 48940.96642747585,
      "lower_outlier_bound": 47912.55533246881,
      "upper_outlier_bound": 56805.64124084958,
      "outliers": "removed",
      "sample_size": 49
    },
    {
      "maximum": 50626.426083139726,
      "total": 2310952.8563593156,
      "mode": null,
      "n": 700,
      "percentiles": {
        "25": 47293.83454990682,
        "50": 48491.14977309777,
        "75": 49324.60818514004
      },
      "average": 48144.851174152405,
      "variance": 2448695.138236804,
      "standard_deviation": 1564.8307059349277,
      "standard_deviation_ratio": 0.0325025556787896,
      "median": 48491.14977309777,
      "frequency_distribution": "removed",
      "minimum": 43864.131729251276,
      "lower_outlier_bound": 43854.900684021995,
      "upper_outlier_bound": 52537.61204634866,
      "outliers": "removed",
      "sample_size": 48
    },
    {
      "maximum": 47699.22774950274,
      "total": 2111394.7997644264,
      "mode": null,
      "n": 800,
      "percentiles": {
        "25": 45310.15921246397,
        "50": 45849.82305023236,
        "75": 46539.46501982673
      },
      "average": 45899.88695140057,
      "variance": 1102061.2264827075,
      "standard_deviation": 1049.7910394372336,
      "standard_deviation_ratio": 0.022871320806274898,
      "median": 45849.82305023236,
      "frequency_distribution": "removed",
      "minimum": 42975.90985373149,
      "lower_outlier_bound": 42753.322774005734,
      "upper_outlier_bound": 48780.15131567069,
      "outliers": "removed",
      "sample_size": 46
    },
    {
      "maximum": 45827.812991360086,
      "total": 2140324.3321369574,
      "mode": null,
      "n": 900,
      "percentiles": {
        "25": 42707.845787679,
        "50": 44246.04517786689,
        "75": 45003.26620157592
      },
      "average": 43680.08841095831,
      "variance": 2856791.762184286,
      "standard_deviation": 1690.2046509770012,
      "standard_deviation_ratio": 0.038695083102280724,
      "median": 44246.04517786689,
      "frequency_distribution": "removed",
      "minimum": 39832.083867249225,
      "lower_outlier_bound": 39124.49742951871,
      "upper_outlier_bound": 48461.959360916066,
      "outliers": "removed",
      "sample_size": 49
    },
    {
      "maximum": 43547.956533913624,
      "total": 2086510.2773070356,
      "mode": null,
      "n": 1000,
      "percentiles": {
        "25": 40535.51632957227,
        "50": 42049.47476591497,
        "75": 43027.68955526847
      },
      "average": 41730.205546140714,
      "variance": 2199254.2438429734,
      "standard_deviation": 1482.9882817618532,
      "standard_deviation_ratio": 0.035537526411704976,
      "median": 42049.47476591497,
      "frequency_distribution": "removed",
      "minimum": 38154.06075576327,
      "lower_outlier_bound": 36797.25649102796,
      "upper_outlier_bound": 46765.949393812785,
      "outliers": "removed",
      "sample_size": 50
    },
    {
      "maximum": 32162.055592756333,
      "total": 1509925.2072690441,
      "mode": null,
      "n": 2000,