{
  "build_type": "from_ordset_or_orddict",
  "name": "runtime",
  "timestamp": "2026-03-19T20:43:49.188186Z",
  "impl_mod": "gb_sets",
  "tweaks": "none",
  "impl_description": ":gb_sets.intersection/2",
  "group_id": "intersection_100_1000",
  "measurements": [
    {
      "maximum": 7975753.708725475,
      "total": 334539026.03260356,
      "mode": null,
      "n": 0,
      "percentiles": {
        "25": 6301354.092056476,
        "50": 6644987.994954242,
        "75": 7085560.399805339
      },
      "average": 6690780.520652072,
      "variance": 344649124726.2836,
      "standard_deviation": 587068.2453738097,
      "standard_deviation_ratio": 0.08774286401440576,
      "median": 6644987.994954242,
      "frequency_distribution": "removed",
      "minimum": 5194535.348813049,
      "lower_outlier_bound": 5125044.63043318,
      "upper_outlier_bound": 8261869.861428634,
      "outliers": "removed",
      "sample_size": 50
    },
    {
      "maximum": 157743.13738480807,
      "total": 6662940.458044303,
      "mode": null,
      "n": 100,
      "percentiles": {
        "25": 149734.89676588407,
        "50": 151876.89215661347,
        "75": 153597.27585445635
      },
      "average": 151430.46495555234,
      "variance": 11232311.873610884,
      "standard_deviation": 3351.4641387923107,
      "standard_deviation_ratio": 0.02213203360219509,
      "median": 151876.89215661347,
      "frequency_distribution": "removed",
      "minimum": 142845.91924920186,
      "lower_outlier_bound": 138474.78764090873,
      "upper_outlier_bound": 162561.80773921811,
      "outliers": "removed",
      "sample_size": 44
    },
    {
      "maximum": 80353.87848082957,
      "total": 3583342.2876199777,
      "mode": null,
      "n": 200,
      "percentiles": {
        "25": 74855.56618504596,
        "50": 77376.38348973679,
        "75": 78521.2254650616
      },
      "average": 76241.32526851016,
      "variance": 11483905.909857964,
      "standard_deviation": 3388.7912166225237,
      "standard_deviation_ratio": 0.04444822023604292,
      "median": 77376.38348973679,
      "frequency_distribution": "removed",
      "minimum": 67293.5283140885,
      "lower_outlier_bound": 66559.60621545641,
      "upper_outlier_bound": 85683.35730602281,
      "outliers": "removed",
      "sample_size": 47
    },
    {
      "maximum": 71605.64195174066,
      "total": 3351070.489439665,
      "mode": null,
      "n": 300,
      "percentiles": {
        "25": 65063.58417089103,
        "50": 67653.15198185333,
        "75": 69056.79073090348
      },
      "average": 67021.4097887933,
      "variance": 7975350.789024063,
      "standard_deviation": 2824.0663570504257,
      "standard_deviation_ratio": 0.042136779365727996,
      "median": 67653.15198185333,
      "frequency_distribution": "removed",
      "minimum": 59172.33291064564,
      "lower_outlier_bound": 59073.77433087236,
      "upper_outlier_bound": 75046.60057092215,
      "outliers": "removed",
      "sample_size": 50
    },
    {
      "maximum": 63183.64706120221,
      "total": 2938831.8459223164,
      "mode": null,
      "n": 400,
      "percentiles": {
        "25": 57236.20121403124,
        "50": 59197.002697780335,
        "75": 60367.36279821402
      },
      "average": 58776.636918446326,
      "variance": 5566125.049470588,
      "standard_deviation": 2359.263666797458,
      "standard_deviation_ratio": 0.04013948042095331,
      "median": 59197.002697780335,
      "frequency_distribution": "removed",
      "minimum": 52629.63996063303,
      "lower_outlier_bound": 52539.45883775708,
      "upper_outlier_bound": 65064.10517448818,
      "outliers": "removed",
      "sample_size": 50
    },
    {
      "maximum": 61387.316520984336,
      "total": 2802543.5956756696,
      "mode": null,
      "n": 500,
      "percentiles": {
        "25": 54111.59919424685,
        "50": 56704.6280972726,
        "75": 57717.37445475089
      },
      "average": 56050.871913513394,
      "variance": 4754331.589769305,
      "standard_deviation": 2180.442980169237,
      "standard_deviation_ratio": 0.03890114293910833,
      "median": 56704.6280972726,
      "frequency_distribution": "removed",
      "minimum": 51945.89315768695,
      "lower_outlier_bound": 48702.9363034908,
      "upper_outlier_bound": 63126.03734550695,
      "outliers": "removed",
      "sample_size": 50
    },
    {
      "maximum": 53907.861760835614,
      "total": 2520259.512787591,
      "mode": null,
      "n": 600,
      "percentiles": {
        "25": 49545.35089541388,
        "50": 52066.19487751948,
        "75": 53148.24655722095
      },
      "average": 51433.867607910026,
      "variance": 3927630.1543149296,
      "standard_deviation": 1981.824955518254,
      "standard_deviation_ratio": 0.038531517221805596,
      "median": 52066.19487751948,
      "frequency_distribution": "removed",
      "minimum": 46838.42943251964,
      "lower_outlier_bound": 44141.00740270328,
      "upper_outlier_bound": 58552.59004993155,
      "outliers": "removed",
      "sample_size": 49
    },
    {
      "maximum": 50964.60711894018,
      "total": 2440602.1428418914,
      "mode": null,
      "n": 700,
      "percentiles": {
        "25": 47049.615072369845,
        "50": 49910.61011004718,
        "75": 50487.39955672596
      },
      "average": 48812.04285683783,
      "variance": 4543432.884964127,
      "standard_deviation": 2131.532989414925,
      "standard_deviation_ratio": 0.043668178274499925,
      "median": 49910.61011004718,
      "frequency_distribution": "removed",
      "minimum": 43819.73088550474,
      "lower_outlier_bound": 41892.93834583567,
      "upper_outlier_bound": 55644.07628326014,
      "outliers": "removed",
      "sample_size": 50
    },
    {
      "maximum": 49057.699704083956,
      "total": 2330631.3424796415,
      "mode": null,
      "n": 800,
      "percentiles": {
        "25": 44985.23042848369,
        "50": 47556.68349531163,
        "75": 48161.08060896024
      },
      "average": 46612.62684959283,
      "variance": 4217301.889199494,
      "standard_deviation": 2053.607043521105,
      "standard_deviation_ratio": 0.044056882916029945,
      "median": 47556.68349531163,
      "frequency_distribution": "removed",
      "minimum": 41234.30776874976,
      "lower_outlier_bound": 40221.455157768854,
      "upper_outlier_bound": 52924.85587967507,
      "outliers": "removed",
      "sample_size": 50
    },
    {
      "maximum": 50707.39349292302,
      "total": 2274298.4594262196,
      "mode": null,
      "n": 900,
      "percentiles": {
        "25": 43060.64197417221,
        "50": 46542.70141848027,
        "75": 47950.143839244076
      },
      "average": 45485.96918852439,
      "variance": 8311118.494615351,
      "standard_deviation": 2882.901055294016,
      "standard_deviation_ratio": 0.06338000721377045,
      "median": 46542.70141848027,
      "frequency_distribution": "removed",
      "minimum": 38057.557488794904,
      "lower_outlier_bound": 35726.38917656442,
      "upper_outlier_bound": 55284.396636851874,
      "outliers": "removed",
      "sample_size": 50
    },
    {
      "maximum": 47645.54761886611,
      "total": 2255693.5305927135,
      "mode": null,
      "n": 1000,
      "percentiles": {
        "25": 43690.95048917881,
        "50": 46470.79189893963,
        "75": 46947.70958653734
      },
      "average": 45113.87061185427,
      "variance": 5125279.2842023615,
      "standard_deviation": 2263.9079672553744,
      "standard_deviation_ratio": 0.05018208228536486,
      "median": 46470.79189893963,
      "frequency_distribution": "removed",
      "minimum": 39302.86156274466,
      "lower_outlier_bound": 38805.81184314101,
      "upper_outlier_bound": 51832.84823257514,
      "outliers": "removed",
      "sample_size": 50
    },
    {
      "maximum": 30984.3479467912,
      "total": 1434835.3950682895,
      "mode": null,
      "n": 2000,