{
  "build_type": "from_ordset_or_orddict",
  "name": "runtime",
  "timestamp": "2026-03-05T19:28:36.643982Z",
  "impl_mod": "gb_sets",
  "group_id": "intersection_050_1000",
  "impl_description": ":gb_sets.intersection/2",
  "tweaks": "none",
  "measurements": [
    {
      "maximum": 8523695.874531196,
      "total": 417698528.4463042,
      "mode": null,
      "n": 0,
      "percentiles": {
        "25": 6712310.377231843,
        "50": 7121999.857560003,
        "75": 7572889.057175312
      },
      "average": 7079636.075361088,
      "sample_size": 59,
      "variance": 369522364861.8579,
      "standard_deviation": 607883.5125761003,
      "frequency_distribution": "removed",
      "lower_outlier_bound": 5321882.45003815,
      "median": 7121999.857560003,
      "minimum": 5771672.630728385,
      "outliers": "removed",
      "standard_deviation_ratio": 0.08586366673446502,
      "upper_outlier_bound": 8910018.942616437
    },
    {
      "maximum": 162055.64342572665,
      "total": 8992847.214306096,
      "mode": null,
      "n": 100,
      "percentiles": {
        "25": 152885.00714425155,
        "50": 155948.47180501075,
        "75": 158723.79898268607
      },
      "average": 155049.08990182923,
      "sample_size": 58,
      "variance": 23268876.339521203,
      "standard_deviation": 4823.78236859015,
      "frequency_distribution": "removed",
      "lower_outlier_bound": 137327.52160755728,
      "median": 155948.47180501075,
      "minimum": 144393.90657714245,
      "outliers": "removed",
      "standard_deviation_ratio": 0.031111323334076794,
      "upper_outlier_bound": 171462.16618624117
    },
    {
      "maximum": 85641.07482974554,
      "total": 4535667.509984713,
      "mode": null,
      "n": 200,
      "percentiles": {
        "25": 78259.17483485959,
        "50": 79900.73133139388,
        "75": 81204.55952023197
      },
      "average": 79573.11421025812,
      "sample_size": 57,
      "variance": 6352435.638305628,
      "standard_deviation": 2520.403864126864,
      "frequency_distribution": "removed",
      "lower_outlier_bound": 72753.80458768737,
      "median": 79900.73133139388,
      "minimum": 73501.95662208529,
      "outliers": "removed",
      "standard_deviation_ratio": 0.031674063396175935,
      "upper_outlier_bound": 86238.77697197098
    },
    {
      "maximum": 75028.66094848233,
      "total": 4206534.9862636635,
      "mode": null,
      "n": 300,
      "percentiles": {
        "25": 68051.01720209463,
        "50": 70596.56662942836,
        "75": 72351.01999841178
      },
      "average": 70108.91643772772,
      "sample_size": 60,
      "variance": 7442408.395319569,
      "standard_deviation": 2728.0777839569696,
      "frequency_distribution": "removed",
      "lower_outlier_bound": 61601.013007618916,
      "median": 70596.56662942836,
      "minimum": 63009.66946387593,
      "outliers": "removed",
      "standard_deviation_ratio": 0.03891199468729642,
      "upper_outlier_bound": 78801.0241928875
    },
    {
      "maximum": 66034.06036833799,
      "total": 3807836.900230147,
      "mode": null,
      "n": 400,
      "percentiles": {
        "25": 60918.37630321471,
        "50": 62552.19198518764,
        "75": 64289.995425293484
      },
      "average": 62423.555741477816,
      "sample_size": 61,
      "variance": 4407073.984503487,
      "standard_deviation": 2099.30321404591,
      "frequency_distribution": "removed",
      "lower_outlier_bound": 55860.94762009655,
      "median": 62552.19198518764,
      "minimum": 57519.52787971516,
      "outliers": "removed",
      "standard_deviation_ratio": 0.03362998453244168,
      "upper_outlier_bound": 69347.42410841165
    },
    {
      "maximum": 61138.895342438955,
      "total": 3378496.018733255,
      "mode": null,
      "n": 500,
      "percentiles": {
        "25": 56975.45905562198,
        "50": 58381.2244963267,
        "75": 59808.60527024912
      },
      "average": 58249.93135746992,
      "sample_size": 58,
      "variance": 2917236.9873546176,
      "standard_deviation": 1707.99209229862,
      "frequency_distribution": "removed",
      "lower_outlier_bound": 52476.61072712026,
      "median": 58381.2244963267,
      "minimum": 54177.81375184611,
      "outliers": "removed",
      "standard_deviation_ratio": 0.029321787210648594,
      "upper_outlier_bound": 64184.410845840044
    },
    {
      "maximum": 56915.81183860269,
      "total": 3135620.5801868755,
      "mode": null,
      "n": 600,
      "percentiles": {
        "25": 51102.284530674864,
        "50": 52554.52817114046,
        "75": 53555.6410827473
      },
      "average": 52260.34300311459,
      "sample_size": 60,
      "variance": 2907171.5186124444,
      "standard_deviation": 1705.0429667936362,
      "frequency_distribution": "removed",
      "lower_outlier_bound": 47422.24970256621,
      "median": 52554.52817114046,
      "minimum": 48455.22325501838,
      "outliers": "removed",
      "standard_deviation_ratio": 0.03262594290075784,
      "upper_outlier_bound": 57235.675910855956
    },
    {
      "maximum": 50610.20726904285,
      "total": 2846198.3328157887,
      "mode": null,
      "n": 700,
      "percentiles": {
        "25": 47283.693650840185,
        "50": 48366.891895159926,
        "75": 49390.71612587125
      },
      "average": 48240.64970874218,
      "sample_size": 59,
      "variance": 2140867.169281676,
      "standard_deviation": 1463.170246171537,
      "frequency_distribution": "removed",
      "lower_outlier_bound": 43842.795333484566,
      "median": 48366.891895159926,
      "minimum": 44384.613984792944,
      "outliers": "removed",
      "standard_deviation_ratio": 0.030330649670051623,
      "upper_outlier_bound": 52709.30623362388
    },
    {
      "maximum": 47770.776705058444,
      "total": 2614952.643967677,
      "mode": null,
      "n": 800,
      "percentiles": {
        "25": 44221.869490823214,
        "50": 45097.0395646407,
        "75": 46315.79527843353
      },
      "average": 45085.39041323581,
      "sample_size": 58,
      "variance": 2423188.686289616,
      "standard_deviation": 1556.659463816546,
      "frequency_distribution": "removed",
      "lower_outlier_bound": 40566.03816894036,
      "median": 45097.0395646407,
      "minimum": 41585.661263996175,
      "outliers": "removed",
      "standard_deviation_ratio": 0.034526915471925344,
      "upper_outlier_bound": 49737.8510520032
    },
    {
      "maximum": 45471.28715572552,
      "total": 2626633.027792253,
      "mode": null,
      "n": 900,
      "percentiles": {
        "25": 42160.72516074467,
        "50": 43348.1786395781,
        "75": 44168.534854653844
      },
      "average": 43059.557832659884,
      "sample_size": 61,
      "variance": 2035037.7140342526,
      "standard_deviation": 1426.5474804696312,
      "frequency_distribution": "removed",
      "lower_outlier_bound": 39149.0106198809,
      "median": 43348.1786395781,
      "minimum": 39653.916478541876,
      "outliers": "removed",
      "standard_deviation_ratio": 0.03312963607321627,
      "upper_outlier_bound": 47180.24939551761
    },
    {
      "maximum": 43659.84787162608,
      "total": 2527160.2327453685,
      "mode": null,
      "n": 1000,
      "percentiles": {
        "25": 40261.89440983854,
        "50": 42095.053999535274,
        "75": 42588.37047749992
      },
      "average": 41428.85627451424,
      "sample_size": 61,
      "variance": 2453863.4268268333,
      "standard_deviation": 1566.4812245369662,
      "frequency_distribution": "removed",
      "lower_outlier_bound": 36772.18030834647,
      "median": 42095.053999535274,
      "minimum": 37531.49361457933,
      "outliers": "removed",
      "standard_deviation_ratio": 0.03781135578924049,
      "upper_outlier_bound": 46078.08457899199
    },
    {
      "maximum": 32007.896988344964,
      "total": 1749875.2259545007,
      "mode": null,
      "n": 2000,