{
  "build_type": "from_ordset_or_orddict",
  "name": "runtime",
  "timestamp": "2026-03-19T20:43:49.406426Z",
  "impl_mod": "gb_sets",
  "tweaks": "none",
  "impl_description": ":gb_sets.is_disjoint/2",
  "group_id": "is_disjoint_100_0100",
  "measurements": [
    {
      "maximum": 12362467.548522685,
      "total": 531008848.4279114,
      "mode": null,
      "n": 0,
      "percentiles": {
        "25": 10597446.41438939,
        "50": 11138339.403612517,
        "75": 11352374.833064094
      },
      "average": 11062684.342248155,
      "variance": 300878802739.1901,
      "standard_deviation": 548524.2043330359,
      "standard_deviation_ratio": 0.04958328262501657,
      "median": 11138339.403612517,
      "frequency_distribution": "removed",
      "minimum": 9772305.28681716,
      "lower_outlier_bound": 9370583.026277471,
      "upper_outlier_bound": 12509544.781191375,
      "outliers": "removed",
      "sample_size": 48
    },
    {
      "maximum": 10376673.238559717,
      "total": 430719799.9187622,
      "mode": 8214227.04123542,
      "n": 100,
      "percentiles": {
        "25": 8606620.247923661,
        "50": 9084303.525066275,
        "75": 9375379.202192293
      },
      "average": 8973329.164974213,
      "variance": 462325753368.31647,
      "standard_deviation": 679945.4046968156,
      "standard_deviation_ratio": 0.07577404018018875,
      "median": 9084303.525066275,
      "frequency_distribution": "removed",
      "minimum": 7363770.250368188,
      "lower_outlier_bound": 7341946.573783566,
      "upper_outlier_bound": 10608087.158783358,
      "outliers": "removed",
      "sample_size": 48
    },
    {
      "maximum": 3485899.5363753615,
      "total": 143875721.27743,
      "mode": null,
      "n": 200,
      "percentiles": {
        "25": 3002800.963970231,
        "50": 3121916.2889802903,
        "75": 3291910.133529017
      },
      "average": 3127733.0712484783,
      "variance": 44326718318.3495,
      "standard_deviation": 210539.11351183537,
      "standard_deviation_ratio": 0.06731364496772602,
      "median": 3121916.2889802903,
      "frequency_distribution": "removed",
      "minimum": 2628880.8854070823,
      "lower_outlier_bound": 2543199.156929628,
      "upper_outlier_bound": 3766340.896886588,
      "outliers": "removed",
      "sample_size": 46
    },
    {
      "maximum": 3100006.2000124,
      "total": 126268265.3800911,
      "mode": 2869028.833739779,
      "n": 300,
      "percentiles": {
        "25": 2708265.912738951,
        "50": 2822148.2192244735,
        "75": 2894565.453967618
      },
      "average": 2805961.4528909135,
      "variance": 17951835961.59898,
      "standard_deviation": 133984.46164238217,
      "standard_deviation_ratio": 0.04774992953104942,
      "median": 2822148.2192244735,
      "frequency_distribution": "removed",
      "minimum": 2500750.22506752,
      "lower_outlier_bound": 2472320.5658484395,
      "upper_outlier_bound": 3156980.154818903,
      "outliers": "removed",
      "sample_size": 45
    },
    {
      "maximum": 2868699.618462951,
      "total": 114205812.75059256,
      "mode": 2424712.6715484215,
      "n": 400,
      "percentiles": {
        "25": 2528780.6854763343,
        "50": 2592807.409659181,
        "75": 2677754.375354407
      },
      "average": 2595586.653422558,
      "variance": 12248758894.992697,
      "standard_deviation": 110674.1112229626,
      "standard_deviation_ratio": 0.04263934362469732,
      "median": 2592807.409659181,
      "frequency_distribution": "removed",
      "minimum": 2398541.686654514,
      "lower_outlier_bound": 2289454.8800998237,
      "upper_outlier_bound": 2922090.5240494385,
      "outliers": "removed",
      "sample_size": 44
    },
    {
      "maximum": 2858613.0009719282,
      "total": 123693129.28666885,
      "mode": 2540392.236561325,
      "n": 500,
      "percentiles": {
        "25": 2494530.8430397497,
        "50": 2558032.664899651,
        "75": 2668748.3077945495
      },
      "average": 2576940.1934722676,
      "variance": 14140576890.388035,
      "standard_deviation": 118914.1576532754,
      "standard_deviation_ratio": 0.04614548601263653,
      "median": 2558032.664899651,
      "frequency_distribution": "removed",
      "minimum": 2331491.4550838172,
      "lower_outlier_bound": 2209954.703251939,
      "upper_outlier_bound": 2977547.5800092663,
      "outliers": "removed",
      "sample_size": 48
    },
    {
      "maximum": 2811278.850749206,
      "total": 111821120.2731926,
      "mode": null,
      "n": 600,
      "percentiles": {
        "25": 2406015.806779107,
        "50": 2452002.0596817303,
        "75": 2560832.7642956357
      },
      "average": 2484913.7838487243,
      "variance": 16587327159.579363,
      "standard_deviation": 128791.79771856344,
      "standard_deviation_ratio": 0.0518294834032777,
      "median": 2452002.0596817303,
      "frequency_distribution": "removed",
      "minimum": 2296211.251435132,
      "lower_outlier_bound": 2143357.824119826,
      "upper_outlier_bound": 2826620.190582008,
      "outliers": "removed",
      "sample_size": 45
    },
    {
      "maximum": 2714809.2846477535,
      "total": 114143922.96267052,
      "mode": null,
      "n": 700,
      "percentiles": {
        "25": 2355046.865432622,
        "50": 2416334.4206838226,
        "75": 2503191.5692507946
      },
      "average": 2428594.1055887346,
      "variance": 13163278744.26088,
      "standard_deviation": 114731.33287930058,
      "standard_deviation_ratio": 0.04724187241304683,
      "median": 2416334.4206838226,
      "frequency_distribution": "removed",
      "minimum": 2191060.473269062,
      "lower_outlier_bound": 2125623.757442793,
      "upper_outlier_bound": 2732369.4320434593,
      "outliers": "removed",
      "sample_size": 47
    },
    {
      "maximum": 2812227.5654545967,
      "total": 109352568.34886025,
      "mode": null,
      "n": 800,
      "percentiles": {
        "25": 2407738.756568562,
        "50": 2474235.662892478,
        "75": 2568882.766104755
      },
      "average": 2485285.644292278,
      "variance": 13522262344.949514,
      "standard_deviation": 116285.26280208303,
      "standard_deviation_ratio": 0.046789496036057046,
      "median": 2474235.662892478,
      "frequency_distribution": "removed",
      "minimum": 2163003.9799273233,
      "lower_outlier_bound": 2150344.9925515503,
      "upper_outlier_bound": 2832521.749288097,
      "outliers": "removed",
      "sample_size": 44
    },
    {
      "maximum": 2637130.8016877635,
      "total": 116334333.09755255,
      "mode": null,
      "n": 900,
      "percentiles": {
        "25": 2289648.4671437065,
        "50": 2372873.3122938564,
        "75": 2486158.7040592385
      },
      "average": 2374170.063215358,
      "variance": 19358480898.33531,
      "standard_deviation": 139134.7580525273,
      "standard_deviation_ratio": 0.05860353485550059,
      "median": 2372873.3122938564,
      "frequency_distribution": "removed",
      "minimum": 2100134.4086021506,
      "lower_outlier_bound": 1994883.1117704085,
      "upper_outlier_bound": 2780924.0594325364,
      "outliers": "removed",
      "sample_size": 49
    },
    {
      "maximum": 2570958.4533113944,
      "total": 113762120.35663518,
      "mode": null,
      "n": 1000,
      "percentiles": {
        "25": 2377838.5447628107,
        "50": 2422774.0763173834,
        "75": 2474328.8383026104
      },
      "average": 2420470.645885855,
      "variance": 5496054136.724173,
      "standard_deviation": 74135.37709301931,
      "standard_deviation_ratio": 0.03062849665994892,
      "median": 2422774.0763173834,
      "frequency_distribution": "removed",
      "minimum": 2226179.875333927,
      "lower_outlier_bound": 2201780.632170216,
      "upper_outlier_bound": 2654928.5582848294,
      "outliers": "removed",
      "sample_size": 47
    },
    {
      "maximum": 2373830.888287518,