{
  "build_type": "from_ordset_or_orddict",
  "name": "runtime",
  "timestamp": "2026-03-19T20:43:49.365501Z",
  "impl_mod": "gb_sets",
  "tweaks": "none",
  "impl_description": ":gb_sets.is_subset/2",
  "group_id": "is_subset [no shared keys]",
  "measurements": [
    {
      "maximum": 11394712.853236098,
      "total": 409702111.7187835,
      "mode": null,
      "n": 0,
      "percentiles": {
        "25": 8690386.258121103,
        "50": 8981530.065034619,
        "75": 9797151.434592882
      },
      "average": 9311411.629972352,
      "variance": 811847194186.1515,
      "standard_deviation": 901025.634588801,
      "standard_deviation_ratio": 0.09676573976050035,
      "median": 8981530.065034619,
      "frequency_distribution": "removed",
      "minimum": 8116883.116883117,
      "lower_outlier_bound": 6364226.620776243,
      "upper_outlier_bound": 12633906.18691729,
      "outliers": "removed",
      "sample_size": 44
    },
    {
      "maximum": 498521.8826180375,
      "total": 20854031.29465657,
      "mode": null,
      "n": 100,
      "percentiles": {
        "25": 425624.2844191718,
        "50": 444412.8417534753,
        "75": 463211.72481517855
      },
      "average": 443702.7935033313,
      "variance": 645598999.896743,
      "standard_deviation": 25408.64026068186,
      "standard_deviation_ratio": 0.057264999528318476,
      "median": 444412.8417534753,
      "frequency_distribution": "removed",
      "minimum": 376091.1344036887,
      "lower_outlier_bound": 363105.61358053546,
      "upper_outlier_bound": 529519.2582222584,
      "outliers": "removed",
      "sample_size": 47
    },
    {
      "maximum": 273283.7778749454,
      "total": 11582984.516679278,
      "mode": null,
      "n": 200,
      "percentiles": {
        "25": 245325.47737474734,
        "50": 252925.7876093852,
        "75": 258941.42635873804
      },
      "average": 251804.0112321582,
      "variance": 106672120.36821675,
      "standard_deviation": 10328.219612702702,
      "standard_deviation_ratio": 0.04101689866719515,
      "median": 252925.7876093852,
      "frequency_distribution": "removed",
      "minimum": 223560.60504442148,
      "lower_outlier_bound": 220052.28894648477,
      "upper_outlier_bound": 282083.24465170235,
      "outliers": "removed",
      "sample_size": 46
    },
    {
      "maximum": 193229.9939325782,
      "total": 7543169.64020083,
      "mode": null,
      "n": 300,
      "percentiles": {
        "25": 175930.32542827277,
        "50": 179736.18511413765,
        "75": 182419.93751985885
      },
      "average": 179599.27714763882,
      "variance": 29665951.465386264,
      "standard_deviation": 5446.645891315707,
      "standard_deviation_ratio": 0.03032665820162692,
      "median": 179736.18511413765,
      "frequency_distribution": "removed",
      "minimum": 168664.21316457915,
      "lower_outlier_bound": 160972.55613968184,
      "upper_outlier_bound": 196347.21132368757,
      "outliers": "removed",
      "sample_size": 42
    },
    {
      "maximum": 155931.55852033425,
      "total": 7039538.104280969,
      "mode": null,
      "n": 400,
      "percentiles": {
        "25": 136134.11345437763,
        "50": 142287.53568543115,
        "75": 146352.55835127682
      },
      "average": 140790.76208561938,
      "variance": 58404217.49620243,
      "standard_deviation": 7642.265207136064,
      "standard_deviation_ratio": 0.05428101314267024,
      "median": 142287.53568543115,
      "frequency_distribution": "removed",
      "minimum": 121213.59046776325,
      "lower_outlier_bound": 120806.44610902884,
      "upper_outlier_bound": 161680.2256966256,
      "outliers": "removed",
      "sample_size": 50
    },
    {
      "maximum": 131244.4467193482,
      "total": 5805245.483356327,
      "mode": null,
      "n": 500,
      "percentiles": {
        "25": 118120.3265208959,
        "50": 121302.28595576106,
        "75": 124359.74208691667
      },
      "average": 120942.61423659015,
      "variance": 20052824.694161344,
      "standard_deviation": 4478.038040722895,
      "standard_deviation_ratio": 0.037026138958455745,
      "median": 121302.28595576106,
      "frequency_distribution": "removed",
      "minimum": 108964.98519165852,
      "lower_outlier_bound": 107061.0881919361,
      "upper_outlier_bound": 134725.20214498992,
      "outliers": "removed",
      "sample_size": 48
    },
    {
      "maximum": 106541.31725553828,
      "total": 4599871.209652695,
      "mode": null,
      "n": 600,
      "percentiles": {
        "25": 98283.89805283757,
        "50": 100413.50403296133,
        "75": 101788.37078113857
      },
      "average": 99997.20020984119,
      "variance": 7537068.333407368,
      "standard_deviation": 2745.372166648334,
      "standard_deviation_ratio": 0.02745449033460188,
      "median": 100413.50403296133,
      "frequency_distribution": "removed",
      "minimum": 93397.62826062796,
      "lower_outlier_bound": 92256.77208809846,
      "upper_outlier_bound": 107507.32999696262,
      "outliers": "removed",
      "sample_size": 46
    },
    {
      "maximum": 92552.31519616464,
      "total": 4242887.908567823,
      "mode": null,
      "n": 700,
      "percentiles": {
        "25": 87798.37457730953,
        "50": 88953.56331200396,
        "75": 89983.4074094395
      },
      "average": 88393.49809516297,
      "variance": 7010448.6249335585,
      "standard_deviation": 2647.7251792687166,
      "standard_deviation_ratio": 0.029953845433498057,
      "median": 88953.56331200396,
      "frequency_distribution": "removed",
      "minimum": 82508.99966913891,
      "lower_outlier_bound": 81123.42152107236,
      "upper_outlier_bound": 95289.03551111,
      "outliers": "removed",
      "sample_size": 48
    },
    {
      "maximum": 84092.05388955181,
      "total": 3885043.039672089,
      "mode": null,
      "n": 800,
      "percentiles": {
        "25": 77292.46012349176,
        "50": 80117.93359825664,
        "75": 81838.61917527151
      },
      "average": 79286.59264636916,
      "variance": 10603470.548263611,
      "standard_deviation": 3256.2970608136493,
      "standard_deviation_ratio": 0.04106995838927337,
      "median": 80117.93359825664,
      "frequency_distribution": "removed",
      "minimum": 71125.42470769229,
      "lower_outlier_bound": 69149.680489781,
      "upper_outlier_bound": 89450.91077703195,
      "outliers": "removed",
      "sample_size": 49
    },
    {
      "maximum": 79820.75451366411,
      "total": 3681325.7477163123,
      "mode": null,
      "n": 900,
      "percentiles": {
        "25": 72066.97268021308,
        "50": 73596.32693897423,
        "75": 75314.95047361276
      },
      "average": 73626.51495432625,
      "variance": 4922279.375887136,
      "standard_deviation": 2218.62105279093,
      "standard_deviation_ratio": 0.030133451979456556,
      "median": 73596.32693897423,
      "frequency_distribution": "removed",
      "minimum": 68790.03149895542,
      "lower_outlier_bound": 67195.00599011355,
      "upper_outlier_bound": 80186.91716371228,
      "outliers": "removed",
      "sample_size": 50
    },
    {
      "maximum": 70071.3396308782,
      "total": 3243668.6955101243,
      "mode": null,
      "n": 1000,
      "percentiles": {
        "25": 64690.04581634028,
        "50": 66915.05535213379,
        "75": 67890.91340882069
      },
      "average": 66197.32031653315,
      "variance": 5148480.155255982,
      "standard_deviation": 2269.0262570662294,
      "standard_deviation_ratio": 0.034276708576971314,
      "median": 66915.05535213379,
      "frequency_distribution": "removed",
      "minimum": 60452.986317071074,
      "lower_outlier_bound": 59826.44156383292,
      "upper_outlier_bound": 72819.82257756483,
      "outliers": "removed",
      "sample_size": 49
    },
    {
      "maximum": 37725.855264001766,
      "total": 1749113.7768350665,
      "mode": null,
      "n": 2000,