{
  "build_type": "from_ordset_or_orddict",
  "name": "runtime",
  "timestamp": "2026-04-02T22:07:07.094107Z",
  "impl_mod": "gb_sets",
  "impl_description": ":gb_sets.take_largest/1",
  "tweaks": "none",
  "group_id": "take_largest_x300",
  "measurements": [
    {
      "maximum": 103557.94014972408,
      "total": 4517083.289668888,
      "mode": null,
      "n": 300,
      "percentiles": {
        "25": 97789.07101519554,
        "50": 99789.24979350876,
        "75": 101096.74635753858
      },
      "frequency_distribution": "removed",
      "outliers": "removed",
      "median": 99789.24979350876,
      "average": 98197.46281888886,
      "sample_size": 46,
      "variance": 20222126.010849673,
      "standard_deviation": 4496.9018235725,
      "lower_outlier_bound": 88451.78780438626,
      "minimum": 88462.93005147658,
      "standard_deviation_ratio": 0.04579448077865709,
      "upper_outlier_bound": 108683.72148942997
    },
    {
      "maximum": 92328.08971335822,
      "total": 4325303.120729002,
      "mode": null,
      "n": 400,
      "percentiles": {
        "25": 81876.4029505928,
        "50": 88503.51050062903,
        "75": 89668.23155384514
      },
      "frequency_distribution": "removed",
      "outliers": "removed",
      "median": 88503.51050062903,
      "average": 86506.06241458004,
      "sample_size": 50,
      "variance": 17611974.948012087,
      "standard_deviation": 4196.662358114135,
      "lower_outlier_bound": 70188.6600457143,
      "minimum": 78730.05275700835,
      "standard_deviation_ratio": 0.04851292777610942,
      "upper_outlier_bound": 101355.97445872363
    },
    {
      "maximum": 89823.69405331215,
      "total": 3882793.4269255684,
      "mode": null,
      "n": 500,
      "percentiles": {
        "25": 77821.53486578044,
        "50": 82276.83339710959,
        "75": 83258.6571059413
      },
      "frequency_distribution": "removed",
      "outliers": "removed",
      "median": 82276.83339710959,
      "average": 80891.52972761601,
      "sample_size": 48,
      "variance": 15054295.78495718,
      "standard_deviation": 3879.9865702031984,
      "lower_outlier_bound": 68287.64302737129,
      "minimum": 70393.73326828952,
      "standard_deviation_ratio": 0.04796530098105671,
      "upper_outlier_bound": 92210.05844050043
    },
    {
      "maximum": 87690.6833910338,
      "total": 3640098.2581722746,
      "mode": null,
      "n": 600,
      "percentiles": {
        "25": 75445.59393207963,
        "50": 80527.5885150698,
        "75": 82359.88071049946
      },
      "frequency_distribution": "removed",
      "outliers": "removed",
      "median": 80527.5885150698,
      "average": 79132.57082983205,
      "sample_size": 46,
      "variance": 16134122.161881335,
      "standard_deviation": 4016.730282441346,
      "lower_outlier_bound": 65167.5390312552,
      "minimum": 70053.37366539566,
      "standard_deviation_ratio": 0.05075950699338439,
      "upper_outlier_bound": 92508.0791775556
    },
    {
      "maximum": 81326.13651242622,
      "total": 3667387.9556095465,
      "mode": null,
      "n": 700,
      "percentiles": {
        "25": 71885.08104638109,
        "50": 76171.32454316248,
        "75": 77248.17289939139
      },
      "frequency_distribution": "removed",
      "outliers": "removed",
      "median": 76171.32454316248,
      "average": 74844.65215529686,
      "sample_size": 49,
      "variance": 11318849.508494256,
      "standard_deviation": 3364.349789854535,
      "lower_outlier_bound": 63840.44326686565,
      "minimum": 66494.84398979704,
      "standard_deviation_ratio": 0.044951104627672926,
      "upper_outlier_bound": 85292.81067890683
    },
    {
      "maximum": 77028.25011072811,
      "total": 3488230.4059957946,
      "mode": null,
      "n": 800,
      "percentiles": {
        "25": 70154.20852798397,
        "50": 74432.70375603967,
        "75": 75630.36845394532
      },
      "frequency_distribution": "removed",
      "outliers": "removed",
      "median": 74432.70375603967,
      "average": 72671.46679157905,
      "sample_size": 48,
      "variance": 14610350.067503339,
      "standard_deviation": 3822.348763195653,
      "lower_outlier_bound": 61939.96863904193,
      "minimum": 63492.7891239392,
      "standard_deviation_ratio": 0.05259765533779725,
      "upper_outlier_bound": 83844.60834288737
    },
    {
      "maximum": 74251.28714606268,
      "total": 3370888.4693857795,
      "mode": null,
      "n": 900,
      "percentiles": {
        "25": 67901.8339832093,
        "50": 71885.24825305659,
        "75": 73386.39825910264
      },
      "frequency_distribution": "removed",
      "outliers": "removed",
      "median": 71885.24825305659,
      "average": 70226.84311220374,
      "sample_size": 48,
      "variance": 12229023.311483245,
      "standard_deviation": 3497.002046250938,
      "lower_outlier_bound": 59653.0523408421,
      "minimum": 62638.15628345269,
      "standard_deviation_ratio": 0.049795803018849394,
      "upper_outlier_bound": 81523.1420987741
    },
    {
      "maximum": 72336.91642192677,
      "total": 3319004.707341209,
      "mode": null,
      "n": 1000,
      "percentiles": {
        "25": 67044.91709552782,
        "50": 70306.70257915722,
        "75": 70994.26439844273
      },
      "frequency_distribution": "removed",
      "outliers": "removed",
      "median": 70306.70257915722,
      "average": 69145.93140294186,
      "sample_size": 48,
      "variance": 7427287.054535334,
      "standard_deviation": 2725.30494707204,
      "lower_outlier_bound": 60794.50869806011,
      "minimum": 61799.99913480001,
      "standard_deviation_ratio": 0.039413814981977234,
      "upper_outlier_bound": 77109.31996736594
    },
    {
      "maximum": 62569.53039064661,
      "total": 2742776.714453758,
      "mode": null,
      "n": 2000,
      "percentiles": {
        "25": 54812.96173068638,
        "50": 60395.77350377021,
        "75": 61350.935325684506
      },
      "frequency_distribution": "removed",
      "outliers": "removed",
      "median": 60395.77350377021,
      "average": 58356.95137135656,
      "sample_size": 47,
      "variance": 14185712.028006004,
      "standard_deviation": 3766.39244211301,
      "lower_outlier_bound": 45006.00133818919,
      "minimum": 45904.72474379426,
      "standard_deviation_ratio": 0.0645405963403646,
      "upper_outlier_bound": 71157.8957181817
    },
    {
      "maximum": 58228.97730118007,
      "total": 2714422.480964041,
      "mode": null,
      "n": 3000,
      "percentiles": {
        "25": 52245.663695970856,
        "50": 56946.18130297418,
        "75": 57531.47515557688
      },
      "frequency_distribution": "removed",
      "outliers": "removed",
      "median": 56946.18130297418,
      "average": 55396.37716253145,
      "sample_size": 49,
      "variance": 8078352.3750340985,
      "standard_deviation": 2842.2442497143165,
      "lower_outlier_bound": 44316.94650656181,
      "minimum": 48555.59251175652,
      "standard_deviation_ratio": 0.05130740303423183,
      "upper_outlier_bound": 65460.19234498592
    },
    {
      "maximum": 55042.4074227989,
      "total": 2495816.1373723657,
      "mode": null,
      "n": 4000,
      "percentiles": {
        "25": 49624.554688246026,
        "50": 53665.71131017133,
        "75": 54378.961629875346
      },
      "frequency_distribution": "removed",
      "outliers": "removed",
      "median": 53665.71131017133,
      "average": 51996.16952859095,
      "sample_size": 48,
      "variance": 10962723.836678278,
      "standard_deviation": 3311.0004283718054,
      "lower_outlier_bound": 42242.729152808235,
      "minimum": 43119.078941978536,
      "standard_deviation_ratio": 0.06367777585137684,
      "upper_outlier_bound": 61655.28443577674
    },
    {
      "maximum": 53848.092377479436,
      "total": 2535486.3903819434,
      "mode": null,
      "n": 5000,