{
  "build_type": "from_ordset_or_orddict",
  "name": "runtime",
  "timestamp": "2026-03-19T20:43:49.125299Z",
  "impl_mod": "gb_sets",
  "tweaks": "none",
  "impl_description": ":gb_sets.union/2",
  "group_id": "union_050_0100",
  "measurements": [
    {
      "maximum": 8383635.144198525,
      "total": 337182831.9871853,
      "mode": null,
      "n": 0,
      "percentiles": {
        "25": 6511058.501186885,
        "50": 7074894.140122637,
        "75": 7528171.169531368
      },
      "average": 7024642.33306636,
      "variance": 505097160881.97107,
      "standard_deviation": 710701.8790477278,
      "standard_deviation_ratio": 0.1011726783159216,
      "median": 7074894.140122637,
      "frequency_distribution": "removed",
      "minimum": 5379525.525848621,
      "lower_outlier_bound": 4973986.261880374,
      "upper_outlier_bound": 9045757.492871964,
      "outliers": "removed",
      "sample_size": 48
    },
    {
      "maximum": 284466.6960615586,
      "total": 10529031.115019754,
      "mode": null,
      "n": 100,
      "percentiles": {
        "25": 247021.27634515607,
        "50": 254088.9260423363,
        "75": 266496.95172742906
      },
      "average": 256805.6369517013,
      "variance": 154298362.10802573,
      "standard_deviation": 12421.689180945792,
      "standard_deviation_ratio": 0.048370002031076914,
      "median": 254088.9260423363,
      "frequency_distribution": "removed",
      "minimum": 238343.7966260052,
      "lower_outlier_bound": 210252.0369558907,
      "upper_outlier_bound": 294050.47137408797,
      "outliers": "removed",
      "sample_size": 41
    },
    {
      "maximum": 200429.72132251548,
      "total": 8167212.397274407,
      "mode": 173353.18805180487,
      "n": 200,
      "percentiles": {
        "25": 175798.06954945793,
        "50": 182359.2915706241,
        "75": 186487.66516244278
      },
      "average": 181493.60882832014,
      "variance": 82251689.95536052,
      "standard_deviation": 9069.271743384941,
      "standard_deviation_ratio": 0.04997019896146215,
      "median": 182359.2915706241,
      "frequency_distribution": "removed",
      "minimum": 157469.4036948621,
      "lower_outlier_bound": 157119.88393617957,
      "upper_outlier_bound": 204404.8110031475,
      "outliers": "removed",
      "sample_size": 45
    },
    {
      "maximum": 142708.72578232925,
      "total": 6386439.754871511,
      "mode": null,
      "n": 300,
      "percentiles": {
        "25": 122638.0683097278,
        "50": 132433.49190036763,
        "75": 135972.84292306926
      },
      "average": 130335.50520145941,
      "variance": 66761053.68659166,
      "standard_deviation": 8170.743765814203,
      "standard_deviation_ratio": 0.0626900839735473,
      "median": 132433.49190036763,
      "frequency_distribution": "removed",
      "minimum": 109488.85129771661,
      "lower_outlier_bound": 102635.9063897156,
      "upper_outlier_bound": 155975.00484308146,
      "outliers": "removed",
      "sample_size": 49
    },
    {
      "maximum": 126878.7571971975,
      "total": 5534688.672417571,
      "mode": null,
      "n": 400,
      "percentiles": {
        "25": 108518.92575252609,
        "50": 114464.14753970761,
        "75": 117005.0443794342
      },
      "average": 112952.83004933818,
      "variance": 33360735.808625925,
      "standard_deviation": 5775.875328348589,
      "standard_deviation_ratio": 0.051135286524699446,
      "median": 114464.14753970761,
      "frequency_distribution": "removed",
      "minimum": 100933.12675686723,
      "lower_outlier_bound": 95678.96877959924,
      "upper_outlier_bound": 129994.45823361806,
      "outliers": "removed",
      "sample_size": 49
    },
    {
      "maximum": 105364.86271485212,
      "total": 4470082.940669168,
      "mode": null,
      "n": 500,
      "percentiles": {
        "25": 96467.82928956099,
        "50": 101001.32715743885,
        "75": 102320.07652268943
      },
      "average": 99335.17645931484,
      "variance": 18835739.641330156,
      "standard_deviation": 4340.0160876810305,
      "standard_deviation_ratio": 0.04369062644649945,
      "median": 101001.32715743885,
      "frequency_distribution": "removed",
      "minimum": 86794.0282236821,
      "lower_outlier_bound": 85421.27151230839,
      "upper_outlier_bound": 112371.51616998733,
      "outliers": "removed",
      "sample_size": 45
    },
    {
      "maximum": 94458.1408748713,
      "total": 3994420.77194816,
      "mode": null,
      "n": 600,
      "percentiles": {
        "25": 75786.43492256587,
        "50": 81674.19720347779,
        "75": 84149.87684457668
      },
      "average": 79888.4154389632,
      "variance": 28127567.123900414,
      "standard_deviation": 5303.542884138905,
      "standard_deviation_ratio": 0.06638688294163185,
      "median": 81674.19720347779,
      "frequency_distribution": "removed",
      "minimum": 67591.17881043581,
      "lower_outlier_bound": 63241.27203954965,
      "upper_outlier_bound": 96695.0397275929,
      "outliers": "removed",
      "sample_size": 50
    },
    {
      "maximum": 75447.21335717465,
      "total": 3400539.735372575,
      "mode": null,
      "n": 700,
      "percentiles": {
        "25": 67432.35962210759,
        "50": 72066.1384003495,
        "75": 74144.78631082416
      },
      "average": 70844.57782026198,
      "variance": 15434395.953377385,
      "standard_deviation": 3928.6633800031004,
      "standard_deviation_ratio": 0.05545467981996328,
      "median": 72066.1384003495,
      "frequency_distribution": "removed",
      "minimum": 62210.4492403171,
      "lower_outlier_bound": 55151.42109563158,
      "upper_outlier_bound": 85538.56256542428,
      "outliers": "removed",
      "sample_size": 48
    },
    {
      "maximum": 76216.95613866608,
      "total": 3315623.02987736,
      "mode": null,
      "n": 800,
      "percentiles": {
        "25": 62785.21733535289,
        "50": 66933.0571512926,
        "75": 68848.31032894978
      },
      "average": 66312.4605975472,
      "variance": 14098417.767903227,
      "standard_deviation": 3754.785981637732,
      "standard_deviation_ratio": 0.056622630917372664,
      "median": 66933.0571512926,
      "frequency_distribution": "removed",
      "minimum": 58520.941718994145,
      "lower_outlier_bound": 53690.57784495756,
      "upper_outlier_bound": 77942.94981934511,
      "outliers": "removed",
      "sample_size": 50
    },
    {
      "maximum": 65696.33184531142,
      "total": 3062199.2641692385,
      "mode": null,
      "n": 900,
      "percentiles": {
        "25": 58653.819771732815,
        "50": 62550.05147034282,
        "75": 64312.83489130764
      },
      "average": 61243.98528338477,
      "variance": 10551890.470211983,
      "standard_deviation": 3248.3673545662878,
      "standard_deviation_ratio": 0.05303977753138733,
      "median": 62550.05147034282,
      "frequency_distribution": "removed",
      "minimum": 54201.981516040265,
      "lower_outlier_bound": 50165.29709237057,
      "upper_outlier_bound": 72801.35757066988,
      "outliers": "removed",
      "sample_size": 50
    },
    {
      "maximum": 109800.45962472398,
      "total": 4153832.9131373563,
      "mode": null,
      "n": 1000,
      "percentiles": {
        "25": 105684.56117656508,
        "50": 106408.90174308422,
        "75": 107185.96121154436
      },
      "average": 106508.53623429118,
      "variance": 1711671.0847532023,
      "standard_deviation": 1308.3084822598996,
      "standard_deviation_ratio": 0.012283602127269498,
      "median": 106408.90174308422,
      "frequency_distribution": "removed",
      "minimum": 104578.44429106273,
      "lower_outlier_bound": 101568.75953763595,
      "upper_outlier_bound": 109957.87480537553,
      "outliers": "removed",
      "sample_size": 39
    },
    {
      "maximum": 87531.10636692515,
      "total": 3994415.545618195,
      "mode": null,
      "n": 2000,