{
  "build_type": "from_ordset_or_orddict",
  "name": "runtime",
  "timestamp": "2026-03-19T20:43:49.198138Z",
  "impl_mod": "gb_sets",
  "tweaks": "none",
  "impl_description": ":gb_sets.union/2",
  "group_id": "union_000_0500",
  "measurements": [
    {
      "maximum": 8047642.040882021,
      "total": 343069124.005056,
      "mode": null,
      "n": 0,
      "percentiles": {
        "25": 6378789.080470171,
        "50": 6846974.837979268,
        "75": 7313954.915692957
      },
      "average": 6861382.480101121,
      "variance": 289629056825.43823,
      "standard_deviation": 538171.9584161165,
      "standard_deviation_ratio": 0.07843491599205896,
      "median": 6846974.837979268,
      "frequency_distribution": "removed",
      "minimum": 5985515.05357036,
      "lower_outlier_bound": 4976040.327635991,
      "upper_outlier_bound": 8716703.668527137,
      "outliers": "removed",
      "sample_size": 50
    },
    {
      "maximum": 100860.44041719912,
      "total": 4417315.867755664,
      "mode": null,
      "n": 100,
      "percentiles": {
        "25": 86818.58748698136,
        "50": 90759.17325653897,
        "75": 94806.53272710054
      },
      "average": 90149.30342358498,
      "variance": 32765207.965908438,
      "standard_deviation": 5724.090143062776,
      "standard_deviation_ratio": 0.06349566691787917,
      "median": 90759.17325653897,
      "frequency_distribution": "removed",
      "minimum": 78091.38409950092,
      "lower_outlier_bound": 74836.66962680258,
      "upper_outlier_bound": 106788.45058727931,
      "outliers": "removed",
      "sample_size": 49
    },
    {
      "maximum": 79411.08737601944,
      "total": 3622257.0161792156,
      "mode": null,
      "n": 200,
      "percentiles": {
        "25": 70005.66684710718,
        "50": 74677.63531774214,
        "75": 77031.18590421382
      },
      "average": 73923.61257508604,
      "variance": 16199171.827111594,
      "standard_deviation": 4024.819477580528,
      "standard_deviation_ratio": 0.05444565460721254,
      "median": 74677.63531774214,
      "frequency_distribution": "removed",
      "minimum": 65366.09917998229,
      "lower_outlier_bound": 59467.3882614472,
      "upper_outlier_bound": 87569.46448987379,
      "outliers": "removed",
      "sample_size": 49
    },
    {
      "maximum": 72203.20871059509,
      "total": 3177479.2946267226,
      "mode": null,
      "n": 300,
      "percentiles": {
        "25": 61173.52202252038,
        "50": 66049.76189060838,
        "75": 67005.2926535581
      },
      "average": 64846.51621687189,
      "variance": 13099871.295299059,
      "standard_deviation": 3619.3744342495233,
      "standard_deviation_ratio": 0.055814477714499454,
      "median": 66049.76189060838,
      "frequency_distribution": "removed",
      "minimum": 56756.45916883571,
      "lower_outlier_bound": 52425.86607596379,
      "upper_outlier_bound": 75752.9486001147,
      "outliers": "removed",
      "sample_size": 49
    },
    {
      "maximum": 62945.694860672855,
      "total": 2869291.584543283,
      "mode": null,
      "n": 400,
      "percentiles": {
        "25": 55847.61272057905,
        "50": 59559.0841004047,
        "75": 61568.53485130592
      },
      "average": 58556.971113128224,
      "variance": 11074059.249460092,
      "standard_deviation": 3327.7709130076987,
      "standard_deviation_ratio": 0.05682962847546646,
      "median": 59559.0841004047,
      "frequency_distribution": "removed",
      "minimum": 50841.70992872501,
      "lower_outlier_bound": 47023.658482377614,
      "upper_outlier_bound": 70276.70436855723,
      "outliers": "removed",
      "sample_size": 49
    },
    {
      "maximum": 58915.81930989544,
      "total": 2646892.467811873,
      "mode": null,
      "n": 500,
      "percentiles": {
        "25": 52812.54237651936,
        "50": 56359.783385097966,
        "75": 57411.40646663282
      },
      "average": 55143.59307941402,
      "variance": 8348583.574781778,
      "standard_deviation": 2889.391557885808,
      "standard_deviation_ratio": 0.05239759320225479,
      "median": 56359.783385097966,
      "frequency_distribution": "removed",
      "minimum": 47487.011115284695,
      "lower_outlier_bound": 45091.96035231895,
      "upper_outlier_bound": 64740.70216250962,
      "outliers": "removed",
      "sample_size": 48
    },
    {
      "maximum": 51738.196447862385,
      "total": 2423013.045913614,
      "mode": null,
      "n": 600,
      "percentiles": {
        "25": 47476.38896753869,
        "50": 50121.36889477871,
        "75": 51347.20614983893
      },
      "average": 49449.24583497171,
      "variance": 4381679.541681005,
      "standard_deviation": 2093.246173215421,
      "standard_deviation_ratio": 0.04233120521597574,
      "median": 50121.36889477871,
      "frequency_distribution": "removed",
      "minimum": 44465.550759204816,
      "lower_outlier_bound": 41670.16319408832,
      "upper_outlier_bound": 57153.43192328929,
      "outliers": "removed",
      "sample_size": 49
    },
    {
      "maximum": 47162.51447889194,
      "total": 2161119.0181056187,
      "mode": null,
      "n": 700,
      "percentiles": {
        "25": 41702.23502145051,
        "50": 45131.974921064175,
        "75": 46188.85848660667
      },
      "average": 44104.469757257524,
      "variance": 5922591.044876791,
      "standard_deviation": 2433.637410313375,
      "standard_deviation_ratio": 0.05517892911325416,
      "median": 45131.974921064175,
      "frequency_distribution": "removed",
      "minimum": 38730.5819386128,
      "lower_outlier_bound": 34342.93510632275,
      "upper_outlier_bound": 53268.65259108893,
      "outliers": "removed",
      "sample_size": 49
    },
    {
      "maximum": 42945.18047712096,
      "total": 2017354.8927185915,
      "mode": null,
      "n": 800,
      "percentiles": {
        "25": 38512.121521159075,
        "50": 41187.25531458795,
        "75": 42147.28340516042
      },
      "average": 40347.09785437183,
      "variance": 4272678.142678491,
      "standard_deviation": 2067.0457524395756,
      "standard_deviation_ratio": 0.05123158448472149,
      "median": 41187.25531458795,
      "frequency_distribution": "removed",
      "minimum": 35720.54956779921,
      "lower_outlier_bound": 33059.37869515705,
      "upper_outlier_bound": 47600.02623116244,
      "outliers": "removed",
      "sample_size": 50
    },
    {
      "maximum": 40180.636067505075,
      "total": 1895594.1283432415,
      "mode": null,
      "n": 900,
      "percentiles": {
        "25": 36320.139875947425,
        "50": 38585.89214682604,
        "75": 39422.91026416671
      },
      "average": 37911.88256686483,
      "variance": 2925204.397174346,
      "standard_deviation": 1710.3228926651088,
      "standard_deviation_ratio": 0.04511310905356991,
      "median": 38585.89214682604,
      "frequency_distribution": "removed",
      "minimum": 34254.435092983666,
      "lower_outlier_bound": 31665.984293618494,
      "upper_outlier_bound": 44077.06584649564,
      "outliers": "removed",
      "sample_size": 50
    },
    {
      "maximum": 37500.614072555436,
      "total": 1688844.665924646,
      "mode": null,
      "n": 1000,
      "percentiles": {
        "25": 33620.525952816184,
        "50": 36227.73834147751,
        "75": 36930.462986584535
      },
      "average": 35184.26387343012,
      "variance": 4372866.314643988,
      "standard_deviation": 2091.139955776272,
      "standard_deviation_ratio": 0.059433955000417815,
      "median": 36227.73834147751,
      "frequency_distribution": "removed",
      "minimum": 30491.765089002412,
      "lower_outlier_bound": 28474.63875923738,
      "upper_outlier_bound": 41998.05046684832,
      "outliers": "removed",
      "sample_size": 48
    },
    {
      "maximum": 24473.8669272644,
      "total": 1151423.1190843137,
      "mode": null,
      "n": 2000,