{
  "build_type": "random",
  "name": "memory",
  "timestamp": "2026-04-02T21:43:42.697899Z",
  "impl_mod": "gb_trees",
  "impl_description": ":gb_trees.update/3",
  "tweaks": "none",
  "group_id": "update_x300",
  "measurements": [
    {
      "maximum": 101760,
      "total": 4569760,
      "mode": [
        94480,
        97880,
        89240
      ],
      "n": 100,
      "percentiles": {
        "25": 88390.0,
        "50": 90520.0,
        "75": 96030.0
      },
      "frequency_distribution": "removed",
      "outliers": "removed",
      "median": 90520.0,
      "average": 91395.2,
      "sample_size": 50,
      "variance": 27281870.367346924,
      "standard_deviation": 5223.2049899795165,
      "lower_outlier_bound": 76930.0,
      "minimum": 79760,
      "standard_deviation_ratio": 0.05714966420533591,
      "upper_outlier_bound": 107490.0
    },
    {
      "maximum": 115480,
      "total": 5076320,
      "mode": [
        102480,
        106560
      ],
      "n": 200,
      "percentiles": {
        "25": 103110.0,
        "50": 106020.0,
        "75": 108330.0
      },
      "frequency_distribution": "removed",
      "outliers": "removed",
      "median": 106020.0,
      "average": 105756.66666666667,
      "sample_size": 48,
      "variance": 16054388.65248227,
      "standard_deviation": 4006.792813770419,
      "lower_outlier_bound": 94475.0,
      "minimum": 95000,
      "standard_deviation_ratio": 0.037886905289851724,
      "upper_outlier_bound": 116835.0
    },
    {
      "maximum": 127840,
      "total": 5795320,
      "mode": 110960,
      "n": 300,
      "percentiles": {
        "25": 112250.0,
        "50": 115360.0,
        "75": 120610.0
      },
      "frequency_distribution": "removed",
      "outliers": "removed",
      "median": 115360.0,
      "average": 115906.4,
      "sample_size": 50,
      "variance": 34509623.51020406,
      "standard_deviation": 5874.489212706418,
      "lower_outlier_bound": 99710.0,
      "minimum": 99800,
      "standard_deviation_ratio": 0.050683044359124414,
      "upper_outlier_bound": 133150.0
    },
    {
      "maximum": 132680,
      "total": 5946200,
      "mode": 125000,
      "n": 400,
      "percentiles": {
        "25": 118320.0,
        "50": 121360.0,
        "75": 1.25e5
      },
      "frequency_distribution": "removed",
      "outliers": "removed",
      "median": 121360.0,
      "average": 121351.02040816327,
      "sample_size": 49,
      "variance": 22630617.68707483,
      "standard_deviation": 4757.164879113907,
      "lower_outlier_bound": 107725.0,
      "minimum": 108360,
      "standard_deviation_ratio": 0.039201688318015106,
      "upper_outlier_bound": 135365.0
    },
    {
      "maximum": 138880,
      "total": 6268680,
      "mode": 129880,
      "n": 500,
      "percentiles": {
        "25": 120050.0,
        "50": 126620.0,
        "75": 129880.0
      },
      "frequency_distribution": "removed",
      "outliers": "removed",
      "median": 126620.0,
      "average": 125373.6,
      "sample_size": 50,
      "variance": 43789819.42857144,
      "standard_deviation": 6617.387658930935,
      "lower_outlier_bound": 105305.0,
      "minimum": 110280,
      "standard_deviation_ratio": 0.052781348377417055,
      "upper_outlier_bound": 144625.0
    },
    {
      "maximum": 141640,
      "total": 6562560,
      "mode": [
        131360,
        136160,
        132320
      ],
      "n": 600,
      "percentiles": {
        "25": 127970.0,
        "50": 131440.0,
        "75": 135920.0
      },
      "frequency_distribution": "removed",
      "outliers": "removed",
      "median": 131440.0,
      "average": 131251.2,
      "sample_size": 50,
      "variance": 32519708.734693877,
      "standard_deviation": 5702.605433895447,
      "lower_outlier_bound": 116045.0,
      "minimum": 119240,
      "standard_deviation_ratio": 0.04344802511440236,
      "upper_outlier_bound": 147845.0
    },
    {
      "maximum": 146560,
      "total": 6719080,
      "mode": 127520,
      "n": 700,
      "percentiles": {
        "25": 1.302e5,
        "50": 134580.0,
        "75": 139220.0
      },
      "frequency_distribution": "removed",
      "outliers": "removed",
      "median": 134580.0,
      "average": 134381.6,
      "sample_size": 50,
      "variance": 41052683.1020408,
      "standard_deviation": 6407.236775868424,
      "lower_outlier_bound": 116670.0,
      "minimum": 116840,
      "standard_deviation_ratio": 0.04767942021726504,
      "upper_outlier_bound": 152750.0
    },
    {
      "maximum": 147160,
      "total": 6797480,
      "mode": null,
      "n": 800,
      "percentiles": {
        "25": 132840.0,
        "50": 1.363e5,
        "75": 139520.0
      },
      "frequency_distribution": "removed",
      "outliers": "removed",
      "median": 1.363e5,
      "average": 135949.6,
      "sample_size": 50,
      "variance": 32576510.040816307,
      "standard_deviation": 5707.583555307474,
      "lower_outlier_bound": 122820.0,
      "minimum": 123240,
      "standard_deviation_ratio": 0.04198308457919313,
      "upper_outlier_bound": 149540.0
    },
    {
      "maximum": 153440,
      "total": 6977040,
      "mode": 143000,
      "n": 900,
      "percentiles": {
        "25": 134980.0,
        "50": 140040.0,
        "75": 144810.0
      },
      "frequency_distribution": "removed",
      "outliers": "removed",
      "median": 140040.0,
      "average": 139540.8,
      "sample_size": 50,
      "variance": 44787280.97959182,
      "standard_deviation": 6692.330011258547,
      "lower_outlier_bound": 120235.0,
      "minimum": 125240,
      "standard_deviation_ratio": 0.0479596649242268,
      "upper_outlier_bound": 159555.0
    },
    {
      "maximum": 152440,
      "total": 6643480,
      "mode": 141720,
      "n": 1000,
      "percentiles": {
        "25": 137960.0,
        "50": 141280.0,
        "75": 145040.0
      },
      "frequency_distribution": "removed",
      "outliers": "removed",
      "median": 141280.0,
      "average": 141350.63829787233,
      "sample_size": 47,
      "variance": 30179214.80111007,
      "standard_deviation": 5493.561213012018,
      "lower_outlier_bound": 126145.0,
      "minimum": 130120,
      "standard_deviation_ratio": 0.03886477825048994,
      "upper_outlier_bound": 156585.0
    },
    {
      "maximum": 168200,
      "total": 7453880,
      "mode": null,
      "n": 2000,
      "percentiles": {
        "25": 1.556e5,
        "50": 158520.0,
        "75": 1.622e5
      },
      "frequency_distribution": "removed",
      "outliers": "removed",
      "median": 158520.0,
      "average": 158593.1914893617,
      "sample_size": 47,
      "variance": 23944230.8973173,
      "standard_deviation": 4893.284264920371,
      "lower_outlier_bound": 144165.0,
      "minimum": 146680,
      "standard_deviation_ratio": 0.0308543148603489,
      "upper_outlier_bound": 171965.0
    },
    {
      "maximum": 176480,
      "total": 8192640,
      "mode": [
        173920,
        169440
      ],
      "n": 3000,
      "percentiles": {
        "25": 163640.0,
        "50": 168240.0,
        "75": 171160.0
      },
      "frequency_distribution": "removed",
      "outliers": "removed",
      "median": 168240.0,
      "average": 167196.73469387754,
      "sample_size": 49,
      "variance": 28179722.4489796,
      "standard_deviation": 5308.457633718065,
      "lower_outlier_bound": 151425.0,
      "minimum": 152960,
      "standard_deviation_ratio": 0.03174976857913752,
      "upper_outlier_bound": 182905.0
    },
    {
      "maximum": 185240,
      "total": 8609240,
      "mode": [
        176320,
        180520,
        185240
      ],
      "n": 4000,
      "percentiles": {
        "25": 172180.0,
        "50": 175880.0,
        "75": 1.784e5
      },
      "frequency_distribution": "removed",
      "outliers": "removed",
      "median": 175880.0,
      "average": 175698.77551020408,
      "sample_size": 49,