{
  "build_type": "from_ordset_or_orddict",
  "name": "runtime",
  "timestamp": "2026-03-19T22:37:05.216119Z",
  "impl_mod": "xb5_bag",
  "tweaks": "none",
  "impl_description": "xb5_bag.nth/2",
  "group_id": "nth_x100",
  "measurements": [
    {
      "maximum": 435726.0503176443,
      "total": 18590939.819166347,
      "mode": null,
      "n": 100,
      "percentiles": {
        "25": 365899.79464978416,
        "50": 372264.7844959163,
        "75": 387216.3382415029
      },
      "frequency_distribution": "removed",
      "average": 379406.9350850275,
      "variance": 393274425.01108676,
      "standard_deviation": 19831.147849055204,
      "standard_deviation_ratio": 0.05226880695950093,
      "median": 372264.7844959163,
      "minimum": 353815.7256937442,
      "lower_outlier_bound": 323507.0541549102,
      "upper_outlier_bound": 438539.38749384746,
      "outliers": "removed",
      "sample_size": 49
    },
    {
      "maximum": 362425.20449842163,
      "total": 15929212.868311709,
      "mode": null,
      "n": 200,
      "percentiles": {
        "25": 332516.45125142566,
        "50": 337235.1439488212,
        "75": 343503.32167712064
      },
      "frequency_distribution": "removed",
      "average": 338919.4227300364,
      "variance": 81518130.30857004,
      "standard_deviation": 9028.73913171546,
      "standard_deviation_ratio": 0.026639780803908757,
      "median": 337235.1439488212,
      "minimum": 324495.1666444928,
      "lower_outlier_bound": 314489.920880944,
      "upper_outlier_bound": 362560.66853556177,
      "outliers": "removed",
      "sample_size": 47
    },
    {
      "maximum": 338930.2007144649,
      "total": 13218901.050064461,
      "mode": null,
      "n": 300,
      "percentiles": {
        "25": 298069.7006187927,
        "50": 304145.5032087351,
        "75": 313842.65812177723
      },
      "frequency_distribution": "removed",
      "average": 307416.3034898712,
      "variance": 141704659.29641852,
      "standard_deviation": 11903.976616930096,
      "standard_deviation_ratio": 0.03872265875880038,
      "median": 304145.5032087351,
      "minimum": 287426.52659413934,
      "lower_outlier_bound": 273056.1014433188,
      "upper_outlier_bound": 339711.6539353432,
      "outliers": "removed",
      "sample_size": 43
    },
    {
      "maximum": 304507.62639350304,
      "total": 12085427.258437753,
      "mode": null,
      "n": 400,
      "percentiles": {
        "25": 265568.1580487787,
        "50": 272099.59818027855,
        "75": 280648.986109828
      },
      "frequency_distribution": "removed",
      "average": 274668.80132813076,
      "variance": 142480807.52207497,
      "standard_deviation": 11936.532474805024,
      "standard_deviation_ratio": 0.0434579115541599,
      "median": 272099.59818027855,
      "minimum": 257279.06803230397,
      "lower_outlier_bound": 240811.8418549851,
      "upper_outlier_bound": 304821.0174607907,
      "outliers": "removed",
      "sample_size": 44
    },
    {
      "maximum": 273344.2853276988,
      "total": 11595013.36482549,
      "mode": null,
      "n": 500,
      "percentiles": {
        "25": 247260.25751358853,
        "50": 249657.35143387696,
        "75": 256634.15955982084
      },
      "frequency_distribution": "removed",
      "average": 252065.50793098894,
      "variance": 73909613.29069965,
      "standard_deviation": 8597.070041048848,
      "standard_deviation_ratio": 0.03410649125148282,
      "median": 249657.35143387696,
      "minimum": 236571.04465041897,
      "lower_outlier_bound": 231552.66170014295,
      "upper_outlier_bound": 273619.2305310899,
      "outliers": "removed",
      "sample_size": 46
    },
    {
      "maximum": 245792.6444093234,
      "total": 10437598.397295987,
      "mode": null,
      "n": 600,
      "percentiles": {
        "25": 220193.91847492498,
        "50": 227051.21013443073,
        "75": 232598.4064827615
      },
      "frequency_distribution": "removed",
      "average": 226904.31298469537,
      "variance": 76133334.54595526,
      "standard_deviation": 8725.441796605788,
      "standard_deviation_ratio": 0.038454279170948666,
      "median": 227051.21013443073,
      "minimum": 209336.40360058614,
      "lower_outlier_bound": 201098.39180016273,
      "upper_outlier_bound": 253195.04692870926,
      "outliers": "removed",
      "sample_size": 46
    },
    {
      "maximum": 226694.6559001818,
      "total": 10086627.786817703,
      "mode": null,
      "n": 700,
      "percentiles": {
        "25": 205076.3415792673,
        "50": 208522.79815851682,
        "75": 214496.30249322427
      },
      "frequency_distribution": "removed",
      "average": 210138.0788920355,
      "variance": 45332447.31465945,
      "standard_deviation": 6732.937495228917,
      "standard_deviation_ratio": 0.03204053987134887,
      "median": 208522.79815851682,
      "minimum": 199177.00063338285,
      "lower_outlier_bound": 189893.45089280192,
      "upper_outlier_bound": 230797.55306806898,
      "outliers": "removed",
      "sample_size": 48
    },
    {
      "maximum": 217402.64709463101,
      "total": 9585518.740716316,
      "mode": null,
      "n": 800,
      "percentiles": {
        "25": 194328.658289211,
        "50": 197803.21285546158,
        "75": 203306.3125889764
      },
      "frequency_distribution": "removed",
      "average": 199698.30709825657,
      "variance": 49552087.70755171,
      "standard_deviation": 7039.324378628372,
      "standard_deviation_ratio": 0.03524979495777522,
      "median": 197803.21285546158,
      "minimum": 189554.0551299014,
      "lower_outlier_bound": 180472.46954153836,
      "upper_outlier_bound": 217699.89153753975,
      "outliers": "removed",
      "sample_size": 48
    },
    {
      "maximum": 191154.88133104966,
      "total": 8053311.196237355,
      "mode": null,
      "n": 900,
      "percentiles": {
        "25": 180276.74805395378,
        "50": 182479.09459564957,
        "75": 185060.69995780027
      },
      "frequency_distribution": "removed",
      "average": 183029.79991448534,
      "variance": 11287635.90784343,
      "standard_deviation": 3359.7077116682976,
      "standard_deviation_ratio": 0.018356069411855396,
      "median": 182479.09459564957,
      "minimum": 177685.85496214402,
      "lower_outlier_bound": 171845.91639981195,
      "upper_outlier_bound": 194100.05692576416,
      "outliers": "removed",
      "sample_size": 44
    },
    {
      "maximum": 183659.4512990233,
      "total": 8080401.665091705,
      "mode": [
        177755.65707378637,
        174309.86367225563,
        175796.0484564228
      ],
      "n": 1000,
      "percentiles": {
        "25": 173902.08086727516,
        "50": 175724.7175707724,
        "75": 177487.93662423032
      },
      "frequency_distribution": "removed",
      "average": 175660.90576286314,
      "variance": 7583168.3997919215,
      "standard_deviation": 2753.7553267841213,
      "standard_deviation_ratio": 0.01567654063278944,
      "median": 175724.7175707724,
      "minimum": 170793.31788223117,
      "lower_outlier_bound": 167814.90693316577,
      "upper_outlier_bound": 184065.31291624383,
      "outliers": "removed",
      "sample_size": 46
    },
    {
      "maximum": 134702.0861312079,
      "total": 6044679.754852736,
      "mode": 126810.85906748366,
      "n": 2000,
      "percentiles": {
        "25": 126862.50007928906,
        "50": 128280.94553319334,
        "75": 130256.3314346302
      },
      "frequency_distribution": "removed",
      "average": 128610.20755005821,
      "variance": 5431303.669390283,
      "standard_deviation": 2330.515751800507,
      "standard_deviation_ratio": 0.01812076814271071,
      "median": 128280.94553319334,
      "minimum": 124131.23650848622,
      "lower_outlier_bound": 121589.02421656456,
      "upper_outlier_bound": 135748.22784597968,
      "outliers": "removed",