{
  "build_type": "random",
  "name": "runtime",
  "timestamp": "2026-03-19T21:33:01.686719Z",
  "impl_mod": "xb5_bag",
  "tweaks": "none",
  "impl_description": ":xb5_bag.delete_any/2",
  "group_id": "delete_any_missing_x100",
  "measurements": [
    {
      "maximum": 730204.1650845576,
      "total": 22494428.002098724,
      "mode": null,
      "n": 0,
      "percentiles": {
        "25": 621878.9450445577,
        "50": 638019.5872013271,
        "75": 644275.9304955127
      },
      "frequency_distribution": "removed",
      "average": 642697.9429171064,
      "variance": 1232982710.1707606,
      "standard_deviation": 35113.85353632894,
      "standard_deviation_ratio": 0.054635080014341725,
      "median": 638019.5872013271,
      "minimum": 596352.7068449364,
      "lower_outlier_bound": 563730.6706939021,
      "upper_outlier_bound": 734859.6988707057,
      "outliers": "removed",
      "sample_size": 35
    },
    {
      "maximum": 217193.94115781746,
      "total": 7317910.582286214,
      "mode": null,
      "n": 100,
      "percentiles": {
        "25": 198216.65295930565,
        "50": 204207.88029061057,
        "75": 206432.95358286583
      },
      "frequency_distribution": "removed",
      "average": 203275.29395239486,
      "variance": 37255377.28543065,
      "standard_deviation": 6103.718316356895,
      "standard_deviation_ratio": 0.03002685765534462,
      "median": 204207.88029061057,
      "minimum": 192470.92245539004,
      "lower_outlier_bound": 183875.4082914212,
      "upper_outlier_bound": 223594.05017897527,
      "outliers": "removed",
      "sample_size": 36
    },
    {
      "maximum": 189248.4188294607,
      "total": 6267204.077812739,
      "mode": null,
      "n": 200,
      "percentiles": {
        "25": 182404.18118271022,
        "50": 183925.31358391873,
        "75": 186347.79318544373
      },
      "frequency_distribution": "removed",
      "average": 184329.53170037467,
      "variance": 8198140.704632546,
      "standard_deviation": 2863.239547196941,
      "standard_deviation_ratio": 0.015533265455538079,
      "median": 183925.31358391873,
      "minimum": 176473.2872385107,
      "lower_outlier_bound": 173803.93085863965,
      "upper_outlier_bound": 193826.74861582462,
      "outliers": "removed",
      "sample_size": 34
    },
    {
      "maximum": 169172.1055498601,
      "total": 6370864.049683669,
      "mode": null,
      "n": 300,
      "percentiles": {
        "25": 160162.2122886059,
        "50": 162705.33413167417,
        "75": 166730.580055688
      },
      "frequency_distribution": "removed",
      "average": 163355.4884534274,
      "variance": 11300519.167039895,
      "standard_deviation": 3361.6244833472842,
      "standard_deviation_ratio": 0.0205785830349109,
      "median": 162705.33413167417,
      "minimum": 157665.29235086835,
      "lower_outlier_bound": 150995.3056996197,
      "upper_outlier_bound": 176658.33982152282,
      "outliers": "removed",
      "sample_size": 39
    },
    {
      "maximum": 152126.1917185544,
      "total": 5054721.466954717,
      "mode": null,
      "n": 400,
      "percentiles": {
        "25": 142114.89705196858,
        "50": 144069.59137541798,
        "75": 145381.16761430958
      },
      "frequency_distribution": "removed",
      "average": 144420.61334156335,
      "variance": 6875044.145010906,
      "standard_deviation": 2622.0305385351458,
      "standard_deviation_ratio": 0.018155514492476828,
      "median": 144069.59137541798,
      "minimum": 140366.24360280845,
      "lower_outlier_bound": 135001.8253751787,
      "upper_outlier_bound": 155376.80197143077,
      "outliers": "removed",
      "sample_size": 35
    },
    {
      "maximum": 142293.25501512576,
      "total": 5103156.247767635,
      "mode": null,
      "n": 500,
      "percentiles": {
        "25": 136403.98642705177,
        "50": 137929.89299398902,
        "75": 138881.8138863084
      },
      "frequency_distribution": "removed",
      "average": 137923.1418315577,
      "variance": 3822228.106391711,
      "standard_deviation": 1955.0519446786348,
      "standard_deviation_ratio": 0.014174937713254052,
      "median": 137929.89299398902,
      "minimum": 134041.96854034998,
      "lower_outlier_bound": 132452.33916773857,
      "upper_outlier_bound": 142813.71951719176,
      "outliers": "removed",
      "sample_size": 37
    },
    {
      "maximum": 135541.7604163843,
      "total": 5140158.410364227,
      "mode": null,
      "n": 600,
      "percentiles": {
        "25": 130442.04199190215,
        "50": 131968.25371688587,
        "75": 132894.25072892496
      },
      "frequency_distribution": "removed",
      "average": 131798.93359908275,
      "variance": 3341986.127940597,
      "standard_deviation": 1828.1099879221154,
      "standard_deviation_ratio": 0.013870445974039641,
      "median": 131968.25371688587,
      "minimum": 128315.51244724629,
      "lower_outlier_bound": 126529.73872909101,
      "upper_outlier_bound": 136968.106059807,
      "outliers": "removed",
      "sample_size": 39
    },
    {
      "maximum": 127453.64192409116,
      "total": 4206857.0536884,
      "mode": null,
      "n": 700,
      "percentiles": {
        "25": 122340.21743343407,
        "50": 123875.76113993398,
        "75": 124762.1066196997
      },
      "frequency_distribution": "removed",
      "average": 123731.08981436472,
      "variance": 3269759.3321053013,
      "standard_deviation": 1808.2475859531241,
      "standard_deviation_ratio": 0.014614334915065084,
      "median": 123875.76113993398,
      "minimum": 119233.56663367871,
      "lower_outlier_bound": 118222.99408972177,
      "upper_outlier_bound": 129153.27865153826,
      "outliers": "removed",
      "sample_size": 34
    },
    {
      "maximum": 120993.89222832031,
      "total": 4132009.082475372,
      "mode": null,
      "n": 800,
      "percentiles": {
        "25": 117082.44594596176,
        "50": 118025.15588172463,
        "75": 118989.11606555348
      },
      "frequency_distribution": "removed",
      "average": 118057.4023564392,
      "variance": 1900089.2424249938,
      "standard_deviation": 1378.4372464588273,
      "standard_deviation_ratio": 0.01167599166968833,
      "median": 118025.15588172463,
      "minimum": 114945.17115335984,
      "lower_outlier_bound": 113777.85106963411,
      "upper_outlier_bound": 122905.4824748582,
      "outliers": "removed",
      "sample_size": 35
    },
    {
      "maximum": 115762.44619940313,
      "total": 4271165.161207655,
      "mode": null,
      "n": 900,
      "percentiles": {
        "25": 111262.03433707202,
        "50": 112605.92472536436,
        "75": 113722.76572606257
      },
      "frequency_distribution": "removed",
      "average": 112399.08318967515,
      "variance": 3374612.80222728,
      "standard_deviation": 1837.0119221788627,
      "standard_deviation_ratio": 0.01634365574920996,
      "median": 112605.92472536436,
      "minimum": 108289.56630028697,
      "lower_outlier_bound": 107349.53413605542,
      "upper_outlier_bound": 118211.55206549293,
      "outliers": "removed",
      "sample_size": 38
    },
    {
      "maximum": 112404.13332479062,
      "total": 3869403.14266562,
      "mode": null,
      "n": 1000,
      "percentiles": {
        "25": 106457.46580086795,
        "50": 107356.07960488547,
        "75": 108577.58588519602
      },
      "frequency_distribution": "removed",
      "average": 107483.42062960056,
      "variance": 2896190.266957221,
      "standard_deviation": 1701.8196928456377,
      "standard_deviation_ratio": 0.0158333227848255,
      "median": 107356.07960488547,
      "minimum": 104862.8027520194,
      "lower_outlier_bound": 102055.57459368865,
      "upper_outlier_bound": 112535.20664013276,
      "outliers": "removed",
      "sample_size": 36
    },
    {
      "maximum": 80790.91069938267,
      "total": 2851136.915914308,
      "mode": null,
      "n": 2000,