{
  "build_type": "from_ordset_or_orddict",
  "name": "memory",
  "timestamp": "2026-04-02T22:07:07.358223Z",
  "impl_mod": "xb5_trees",
  "impl_description": ":xb5_trees.insert/3",
  "tweaks": "none",
  "group_id": "insert_x300",
  "measurements": [
    {
      "maximum": 112360,
      "total": 5311704,
      "mode": null,
      "n": 0,
      "percentiles": {
        "25": 110242.0,
        "50": 110656.0,
        "75": 111338.0
      },
      "frequency_distribution": "removed",
      "outliers": "removed",
      "median": 110656.0,
      "average": 110660.5,
      "sample_size": 48,
      "variance": 719011.1489361703,
      "standard_deviation": 847.9452511431208,
      "lower_outlier_bound": 108539.0,
      "minimum": 108832,
      "standard_deviation_ratio": 0.00766258286509749,
      "upper_outlier_bound": 113091.0
    },
    {
      "maximum": 129352,
      "total": 6345632,
      "mode": null,
      "n": 100,
      "percentiles": {
        "25": 126218.0,
        "50": 126864.0,
        "75": 127638.0
      },
      "frequency_distribution": "removed",
      "outliers": "removed",
      "median": 126864.0,
      "average": 126912.64,
      "sample_size": 50,
      "variance": 1187142.112653061,
      "standard_deviation": 1089.5605135342696,
      "lower_outlier_bound": 124088.0,
      "minimum": 124496,
      "standard_deviation_ratio": 0.008585122124433544,
      "upper_outlier_bound": 129768.0
    },
    {
      "maximum": 135552,
      "total": 6701768,
      "mode": [
        135048,
        133512,
        133736
      ],
      "n": 200,
      "percentiles": {
        "25": 133512.0,
        "50": 133980.0,
        "75": 134666.0
      },
      "frequency_distribution": "removed",
      "outliers": "removed",
      "median": 133980.0,
      "average": 134035.36,
      "sample_size": 50,
      "variance": 563244.6432653063,
      "standard_deviation": 750.4962646577972,
      "lower_outlier_bound": 131781.0,
      "minimum": 132352,
      "standard_deviation_ratio": 0.005599240861947155,
      "upper_outlier_bound": 136397.0
    },
    {
      "maximum": 141704,
      "total": 7026712,
      "mode": 140648,
      "n": 300,
      "percentiles": {
        "25": 140128.0,
        "50": 140648.0,
        "75": 140974.0
      },
      "frequency_distribution": "removed",
      "outliers": "removed",
      "median": 140648.0,
      "average": 140534.24,
      "sample_size": 50,
      "variance": 416700.83918367344,
      "standard_deviation": 645.5236937430519,
      "lower_outlier_bound": 138859.0,
      "minimum": 138992,
      "standard_deviation_ratio": 0.004593355282976248,
      "upper_outlier_bound": 142243.0
    },
    {
      "maximum": 146288,
      "total": 7225936,
      "mode": [
        143976,
        143568,
        143648
      ],
      "n": 400,
      "percentiles": {
        "25": 143858.0,
        "50": 144148.0,
        "75": 145314.0
      },
      "frequency_distribution": "removed",
      "outliers": "removed",
      "median": 144148.0,
      "average": 144518.72,
      "sample_size": 50,
      "variance": 715032.4506122449,
      "standard_deviation": 845.5959144959518,
      "lower_outlier_bound": 141674.0,
      "minimum": 143408,
      "standard_deviation_ratio": 0.005851116827605115,
      "upper_outlier_bound": 147498.0
    },
    {
      "maximum": 150248,
      "total": 7424216,
      "mode": [
        147656,
        149016
      ],
      "n": 500,
      "percentiles": {
        "25": 147950.0,
        "50": 148256.0,
        "75": 149016.0
      },
      "frequency_distribution": "removed",
      "outliers": "removed",
      "median": 148256.0,
      "average": 148484.32,
      "sample_size": 50,
      "variance": 745151.24244898,
      "standard_deviation": 863.2214330338305,
      "lower_outlier_bound": 146351.0,
      "minimum": 146968,
      "standard_deviation_ratio": 0.005813552791525936,
      "upper_outlier_bound": 150615.0
    },
    {
      "maximum": 150104,
      "total": 7454624,
      "mode": 149176,
      "n": 600,
      "percentiles": {
        "25": 148694.0,
        "50": 149076.0,
        "75": 149302.0
      },
      "frequency_distribution": "removed",
      "outliers": "removed",
      "median": 149076.0,
      "average": 149092.48,
      "sample_size": 50,
      "variance": 196775.60163265315,
      "standard_deviation": 443.59396032030594,
      "lower_outlier_bound": 147782.0,
      "minimum": 148304,
      "standard_deviation_ratio": 0.00297529399417265,
      "upper_outlier_bound": 150214.0
    },
    {
      "maximum": 153152,
      "total": 7614184,
      "mode": 151960,
      "n": 700,
      "percentiles": {
        "25": 151926.0,
        "50": 152160.0,
        "75": 152728.0
      },
      "frequency_distribution": "removed",
      "outliers": "removed",
      "median": 152160.0,
      "average": 152283.68,
      "sample_size": 50,
      "variance": 196833.20163265313,
      "standard_deviation": 443.6588798081845,
      "lower_outlier_bound": 150723.0,
      "minimum": 151768,
      "standard_deviation_ratio": 0.002913371149214312,
      "upper_outlier_bound": 153931.0
    },
    {
      "maximum": 154328,
      "total": 7686616,
      "mode": [
        153576,
        153416,
        153904,
        153856
      ],
      "n": 800,
      "percentiles": {
        "25": 153516.0,
        "50": 153780.0,
        "75": 153892.0
      },
      "frequency_distribution": "removed",
      "outliers": "removed",
      "median": 153780.0,
      "average": 153732.32,
      "sample_size": 50,
      "variance": 82991.56897959186,
      "standard_deviation": 288.08257319663034,
      "lower_outlier_bound": 152952.0,
      "minimum": 153216,
      "standard_deviation_ratio": 0.001873923279090762,
      "upper_outlier_bound": 154456.0
    },
    {
      "maximum": 157528,
      "total": 7695112,
      "mode": 157320,
      "n": 900,
      "percentiles": {
        "25": 156864.0,
        "50": 157056.0,
        "75": 157240.0
      },
      "frequency_distribution": "removed",
      "outliers": "removed",
      "median": 157056.0,
      "average": 157043.10204081633,
      "sample_size": 49,
      "variance": 67324.84353741498,
      "standard_deviation": 259.4703134029305,
      "lower_outlier_bound": 156280.0,
      "minimum": 156400,
      "standard_deviation_ratio": 0.0016522235617549938,
      "upper_outlier_bound": 157816.0
    },
    {
      "maximum": 161560,
      "total": 8029112,
      "mode": [
        161536,
        160000,
        160392,
        161280,
        160584
      ],
      "n": 1000,
      "percentiles": {
        "25": 160106.0,
        "50": 160556.0,
        "75": 161038.0
      },
      "frequency_distribution": "removed",
      "outliers": "removed",
      "median": 160556.0,
      "average": 160582.24,
      "sample_size": 50,
      "variance": 278400.75755102036,
      "standard_deviation": 527.6369562028615,
      "lower_outlier_bound": 158708.0,
      "minimum": 159664,
      "standard_deviation_ratio": 0.0032857740445198765,
      "upper_outlier_bound": 162436.0
    },
    {
      "maximum": 169824,
      "total": 8476920,
      "mode": [
        169680,
        169368
      ],
      "n": 2000,
      "percentiles": {
        "25": 169368.0,
        "50": 169576.0,
        "75": 169680.0
      },
      "frequency_distribution": "removed",
      "outliers": "removed",
      "median": 169576.0,
      "average": 169538.4,
      "sample_size": 50,
      "variance": 32382.040816326564,
      "standard_deviation": 179.95010646378225,
      "lower_outlier_bound": 1.689e5,
      "minimum": 169192,
      "standard_deviation_ratio": 0.0010614120840103615,
      "upper_outlier_bound": 170148.0
    },
    {
      "maximum": 173712,
      "total": 8660816,
      "mode": 173400,
      "n": 3000,
      "percentiles": {
        "25": 1.73e5,
        "50": 173304.0,
        "75": 173412.0
      },
      "frequency_distribution": "removed",
      "outliers": "removed",