{
  "build_type": "xb5_adversarial",
  "name": "runtime",
  "timestamp": "2026-03-05T19:54:06.761947Z",
  "impl_mod": "xb5_trees",
  "group_id": "lookup_existing_x100",
  "impl_description": ":xb5_trees.lookup/2",
  "tweaks": "none",
  "measurements": [
    {
      "maximum": 326213.1868418649,
      "total": 16685991.216179628,
      "mode": null,
      "n": 100,
      "percentiles": {
        "25": 303922.40138611384,
        "50": 309509.0484136763,
        "75": 313775.21182312944
      },
      "average": 308999.8373366598,
      "sample_size": 54,
      "variance": 49945495.35358978,
      "standard_deviation": 7067.212700463301,
      "frequency_distribution": "removed",
      "lower_outlier_bound": 287668.7792092045,
      "median": 309509.0484136763,
      "minimum": 293942.1463067639,
      "outliers": "removed",
      "standard_deviation_ratio": 0.022871250552677382,
      "upper_outlier_bound": 329919.25739788753
    },
    {
      "maximum": 277213.3406148038,
      "total": 14436774.990028465,
      "mode": null,
      "n": 200,
      "percentiles": {
        "25": 259167.39881456833,
        "50": 261727.3481523358,
        "75": 266528.78244321607
      },
      "average": 262486.81800051755,
      "sample_size": 55,
      "variance": 26203666.45034736,
      "standard_deviation": 5118.951694472938,
      "frequency_distribution": "removed",
      "lower_outlier_bound": 246436.2590736336,
      "median": 261727.3481523358,
      "minimum": 251007.79630215315,
      "outliers": "removed",
      "standard_deviation_ratio": 0.019501747681907763,
      "upper_outlier_bound": 278534.0255655168
    },
    {
      "maximum": 249044.292527426,
      "total": 12599664.923169296,
      "mode": 237727.89190037298,
      "n": 300,
      "percentiles": {
        "25": 234726.6350613513,
        "50": 237727.89190037298,
        "75": 241109.98977381777
      },
      "average": 237729.52685225088,
      "sample_size": 53,
      "variance": 25986297.37249981,
      "standard_deviation": 5097.675683338418,
      "frequency_distribution": "removed",
      "lower_outlier_bound": 224368.46164972402,
      "median": 237727.89190037298,
      "minimum": 224472.93754264986,
      "outliers": "removed",
      "standard_deviation_ratio": 0.02144317431173212,
      "upper_outlier_bound": 251483.03598422903
    },
    {
      "maximum": 229504.133369442,
      "total": 12033428.685005326,
      "mode": null,
      "n": 400,
      "percentiles": {
        "25": 215162.96442925872,
        "50": 218332.03061888396,
        "75": 221391.26700008192
      },
      "average": 218789.61245464228,
      "sample_size": 55,
      "variance": 19961046.87755011,
      "standard_deviation": 4467.778740890165,
      "frequency_distribution": "removed",
      "lower_outlier_bound": 204493.88238018338,
      "median": 218332.03061888396,
      "minimum": 210035.05485065456,
      "outliers": "removed",
      "standard_deviation_ratio": 0.020420433542366594,
      "upper_outlier_bound": 231396.83802713448
    },
    {
      "maximum": 212113.37035418692,
      "total": 11315244.791642338,
      "mode": null,
      "n": 500,
      "percentiles": {
        "25": 200142.51428174492,
        "50": 202545.92484712298,
        "75": 205304.87774315357
      },
      "average": 202057.94270789888,
      "sample_size": 56,
      "variance": 18125824.980514396,
      "standard_deviation": 4257.443479426873,
      "frequency_distribution": "removed",
      "lower_outlier_bound": 189875.74167388614,
      "median": 202545.92484712298,
      "minimum": 191315.06146952926,
      "outliers": "removed",
      "standard_deviation_ratio": 0.02107040892513472,
      "upper_outlier_bound": 214592.36476743052
    },
    {
      "maximum": 201261.10206554268,
      "total": 10778114.333204713,
      "mode": null,
      "n": 600,
      "percentiles": {
        "25": 189545.18490075498,
        "50": 193096.44805226638,
        "75": 195041.01734778658
      },
      "average": 192466.32737865558,
      "sample_size": 56,
      "variance": 15036077.628986062,
      "standard_deviation": 3877.6381508575632,
      "frequency_distribution": "removed",
      "lower_outlier_bound": 180834.8677691712,
      "median": 193096.44805226638,
      "minimum": 183685.09028122187,
      "outliers": "removed",
      "standard_deviation_ratio": 0.020147098994769883,
      "upper_outlier_bound": 203962.46253577882
    },
    {
      "maximum": 190057.34029956837,
      "total": 10883956.793710353,
      "mode": null,
      "n": 700,
      "percentiles": {
        "25": 182088.00313191366,
        "50": 185258.6024832063,
        "75": 186992.43241626013
      },
      "average": 184473.8439611924,
      "sample_size": 59,
      "variance": 11339699.325235521,
      "standard_deviation": 3367.4470040723018,
      "frequency_distribution": "removed",
      "lower_outlier_bound": 174868.04724733852,
      "median": 185258.6024832063,
      "minimum": 175979.5019076178,
      "outliers": "removed",
      "standard_deviation_ratio": 0.018254333144273334,
      "upper_outlier_bound": 194445.9530787685
    },
    {
      "maximum": 186444.3752528652,
      "total": 10366626.639890151,
      "mode": null,
      "n": 800,
      "percentiles": {
        "25": 176601.3774167742,
        "50": 178394.81199887968,
        "75": 181588.3214431534
      },
      "average": 178734.94206707156,
      "sample_size": 58,
      "variance": 12281778.116712676,
      "standard_deviation": 3504.536790606239,
      "frequency_distribution": "removed",
      "lower_outlier_bound": 168871.4908573853,
      "median": 178394.81199887968,
      "minimum": 171930.0176056338,
      "outliers": "removed",
      "standard_deviation_ratio": 0.019607451962533082,
      "upper_outlier_bound": 189462.89896304926
    },
    {
      "maximum": 179314.30210873618,
      "total": 10079035.57456396,
      "mode": null,
      "n": 900,
      "percentiles": {
        "25": 171827.36286721108,
        "50": 174062.13277001184,
        "75": 175619.00942189596
      },
      "average": 173776.47542351653,
      "sample_size": 58,
      "variance": 8947744.923754415,
      "standard_deviation": 2991.2781421583677,
      "frequency_distribution": "removed",
      "lower_outlier_bound": 166111.00777366332,
      "median": 174062.13277001184,
      "minimum": 166478.26875918751,
      "outliers": "removed",
      "standard_deviation_ratio": 0.017213366394203948,
      "upper_outlier_bound": 181191.10148060863
    },
    {
      "maximum": 178285.85283929136,
      "total": 9877807.052294748,
      "mode": null,
      "n": 1000,
      "percentiles": {
        "25": 168190.07307394047,
        "50": 170119.54004059156,
        "75": 172337.54449031551
      },
      "average": 170307.0181430129,
      "sample_size": 58,
      "variance": 9689331.499979347,
      "standard_deviation": 3112.7691048292268,
      "frequency_distribution": "removed",
      "lower_outlier_bound": 161520.52053334482,
      "median": 170119.54004059156,
      "minimum": 164274.82521158597,
      "outliers": "removed",
      "standard_deviation_ratio": 0.018277397718368383,
      "upper_outlier_bound": 178519.38526631985
    },
    {
      "maximum": 134505.32304815963,
      "total": 7199794.402652954,
      "mode": null,
      "n": 2000,
      "percentiles": {
        "25": 129995.22917508928,
        "50": 130946.78453623233,
        "75": 131767.93032111845
      },
      "average": 130905.35277550825,
      "sample_size": 55,
      "variance": 2656693.529908588,
      "standard_deviation": 1629.9366643856406,
      "frequency_distribution": "removed",
      "lower_outlier_bound": 126943.06064736478,
      "median": 130946.78453623233,
      "minimum": 127597.73029157358,
      "outliers": "removed",
      "standard_deviation_ratio": 0.012451260623244689,
      "upper_outlier_bound": 135066.9687272843
    },
    {
      "maximum": 116409.01471409947,
      "total": 6265684.415972741,