{
  "build_type": "xb5_adversarial",
  "name": "runtime",
  "timestamp": "2026-03-05T19:54:07.050930Z",
  "impl_mod": "xb5_trees",
  "group_id": "take_largest_x100",
  "impl_description": ":xb5_trees.take_largest/1",
  "tweaks": "none",
  "measurements": [
    {
      "maximum": 239756.40748999018,
      "total": 12439893.381208861,
      "mode": null,
      "n": 100,
      "percentiles": {
        "25": 189363.40633679,
        "50": 214154.2536083741,
        "75": 220627.75333309782
      },
      "average": 207331.55635348102,
      "sample_size": 60,
      "variance": 332185408.60176307,
      "standard_deviation": 18225.954257644866,
      "frequency_distribution": "removed",
      "lower_outlier_bound": 142466.8858423283,
      "median": 214154.2536083741,
      "minimum": 161781.93089970166,
      "outliers": "removed",
      "standard_deviation_ratio": 0.08790728521118758,
      "upper_outlier_bound": 267524.27382755955
    },
    {
      "maximum": 192431.29240704607,
      "total": 9987121.852038272,
      "mode": null,
      "n": 200,
      "percentiles": {
        "25": 162395.3970648656,
        "50": 175217.5764255264,
        "75": 178825.9361984825
      },
      "average": 169273.25172946224,
      "sample_size": 59,
      "variance": 172189361.28576893,
      "standard_deviation": 13122.094394027537,
      "frequency_distribution": "removed",
      "lower_outlier_bound": 136364.2208080804,
      "median": 175217.5764255264,
      "minimum": 136910.9065966413,
      "outliers": "removed",
      "standard_deviation_ratio": 0.0775201885706058,
      "upper_outlier_bound": 204256.17921501072
    },
    {
      "maximum": 165581.00719615057,
      "total": 8156510.465609586,
      "mode": null,
      "n": 300,
      "percentiles": {
        "25": 153542.55450379685,
        "50": 157441.02087166847,
        "75": 160950.26561468304
      },
      "average": 156855.97049249202,
      "sample_size": 52,
      "variance": 31451007.284573425,
      "standard_deviation": 5608.119763750898,
      "frequency_distribution": "removed",
      "lower_outlier_bound": 134350.9032504809,
      "median": 157441.02087166847,
      "minimum": 142266.7359031448,
      "outliers": "removed",
      "standard_deviation_ratio": 0.03575330761170696,
      "upper_outlier_bound": 176380.59928083397
    },
    {
      "maximum": 155841.1604556172,
      "total": 7984969.91772572,
      "mode": null,
      "n": 400,
      "percentiles": {
        "25": 139236.04440583254,
        "50": 145965.6268095813,
        "75": 149910.307422299
      },
      "average": 142588.74853081643,
      "sample_size": 56,
      "variance": 98056166.92225415,
      "standard_deviation": 9902.33138822642,
      "frequency_distribution": "removed",
      "lower_outlier_bound": 112516.37589415435,
      "median": 145965.6268095813,
      "minimum": 114309.49065977152,
      "outliers": "removed",
      "standard_deviation_ratio": 0.06944679359526265,
      "upper_outlier_bound": 172109.7784729433
    },
    {
      "maximum": 153433.77107988222,
      "total": 7315035.644675852,
      "mode": null,
      "n": 500,
      "percentiles": {
        "25": 142303.5948560866,
        "50": 147490.66905554943,
        "75": 150292.86643497777
      },
      "average": 146300.71289351705,
      "sample_size": 50,
      "variance": 24584224.77544656,
      "standard_deviation": 4958.248155896048,
      "frequency_distribution": "removed",
      "lower_outlier_bound": 125633.01177043054,
      "median": 147490.66905554943,
      "minimum": 133141.07761725402,
      "outliers": "removed",
      "standard_deviation_ratio": 0.03389079969490539,
      "upper_outlier_bound": 163024.0789210832
    },
    {
      "maximum": 152845.36939668877,
      "total": 7932013.913053613,
      "mode": null,
      "n": 600,
      "percentiles": {
        "25": 139598.53642734757,
        "50": 144946.77669433376,
        "75": 146887.85291310473
      },
      "average": 141643.1055902431,
      "sample_size": 56,
      "variance": 65010176.27495559,
      "standard_deviation": 8062.888829380918,
      "frequency_distribution": "removed",
      "lower_outlier_bound": 120110.77499949897,
      "median": 144946.77669433376,
      "minimum": 121726.1745358581,
      "outliers": "removed",
      "standard_deviation_ratio": 0.05692397660854677,
      "upper_outlier_bound": 162879.6444318021
    },
    {
      "maximum": 148370.59413520715,
      "total": 7443404.628339951,
      "mode": null,
      "n": 700,
      "percentiles": {
        "25": 134453.96929235983,
        "50": 139622.24109041673,
        "75": 142826.5375342136
      },
      "average": 137840.82645073984,
      "sample_size": 54,
      "variance": 49618388.69884231,
      "standard_deviation": 7044.032133575365,
      "frequency_distribution": "removed",
      "lower_outlier_bound": 117321.5540032953,
      "median": 139622.24109041673,
      "minimum": 118100.56499310293,
      "outliers": "removed",
      "standard_deviation_ratio": 0.05110265452516487,
      "upper_outlier_bound": 157682.26969403395
    },
    {
      "maximum": 152175.26938827062,
      "total": 7394168.848714977,
      "mode": null,
      "n": 800,
      "percentiles": {
        "25": 136697.77265268535,
        "50": 140313.06651400606,
        "75": 142891.367070189
      },
      "average": 139512.61978707503,
      "sample_size": 53,
      "variance": 26488864.657530922,
      "standard_deviation": 5146.733396780031,
      "frequency_distribution": "removed",
      "lower_outlier_bound": 121231.76085735846,
      "median": 140313.06651400606,
      "minimum": 125290.36041025075,
      "outliers": "removed",
      "standard_deviation_ratio": 0.036890808907717496,
      "upper_outlier_bound": 155151.76145791553
    },
    {
      "maximum": 147621.52203694082,
      "total": 6879300.876402683,
      "mode": null,
      "n": 900,
      "percentiles": {
        "25": 133185.94089207944,
        "50": 136608.10277300788,
        "75": 137808.81232231276
      },
      "average": 134888.25247848398,
      "sample_size": 51,
      "variance": 42736428.4558249,
      "standard_deviation": 6537.310491006596,
      "frequency_distribution": "removed",
      "lower_outlier_bound": 117067.83414822411,
      "median": 136608.10277300788,
      "minimum": 117131.67943401972,
      "outliers": "removed",
      "standard_deviation_ratio": 0.04846463921718729,
      "upper_outlier_bound": 149915.51219345094
    },
    {
      "maximum": 143603.88304899764,
      "total": 7259992.105995464,
      "mode": null,
      "n": 1000,
      "percentiles": {
        "25": 132624.68690457125,
        "50": 136397.27859569743,
        "75": 138502.4359482068
      },
      "average": 134444.29825917527,
      "sample_size": 54,
      "variance": 42353846.23113741,
      "standard_deviation": 6507.983269119352,
      "frequency_distribution": "removed",
      "lower_outlier_bound": 115553.67468813463,
      "median": 136397.27859569743,
      "minimum": 116190.17077631301,
      "outliers": "removed",
      "standard_deviation_ratio": 0.0484065397594889,
      "upper_outlier_bound": 152070.7653381094
    },
    {
      "maximum": 142180.56647581296,
      "total": 7708881.243185879,
      "mode": null,
      "n": 2000,
      "percentiles": {
        "25": 119191.52939671688,
        "50": 132367.89854652766,
        "75": 134845.56443920237
      },
      "average": 128481.35405309798,
      "sample_size": 60,
      "variance": 81135138.86168867,
      "standard_deviation": 9007.504585715662,
      "frequency_distribution": "removed",
      "lower_outlier_bound": 95710.47683298866,
      "median": 132367.89854652766,
      "minimum": 108587.06510880424,
      "outliers": "removed",
      "standard_deviation_ratio": 0.0701074848728096,
      "upper_outlier_bound": 158326.6170029306
    },
    {
      "maximum": 128037.20248955536,
      "total": 7140171.308671056,
      "mode": null,
      "n": 3000,