{
  "build_type": "xb5_adversarial",
  "name": "runtime",
  "timestamp": "2026-03-05T19:54:07.126476Z",
  "impl_mod": "xb5_trees",
  "group_id": "update_x100",
  "impl_description": ":xb5_trees.update/3",
  "tweaks": "none",
  "measurements": [
    {
      "maximum": 246374.5977934691,
      "total": 12378336.186528603,
      "mode": null,
      "n": 100,
      "percentiles": {
        "25": 196287.805031249,
        "50": 214122.67516305443,
        "75": 219022.54618090385
      },
      "average": 209802.3082462475,
      "sample_size": 59,
      "variance": 288691825.9885544,
      "standard_deviation": 16990.933640873136,
      "frequency_distribution": "removed",
      "lower_outlier_bound": 162185.69330676674,
      "median": 214122.67516305443,
      "minimum": 164141.89081609706,
      "outliers": "removed",
      "standard_deviation_ratio": 0.08098544664690091,
      "upper_outlier_bound": 253124.65790538612
    },
    {
      "maximum": 211386.10094109093,
      "total": 10989741.110784257,
      "mode": null,
      "n": 200,
      "percentiles": {
        "25": 175294.67034084295,
        "50": 189866.80843388362,
        "75": 194526.03731009396
      },
      "average": 186266.79848786877,
      "sample_size": 59,
      "variance": 159931714.8677476,
      "standard_deviation": 12646.411145765727,
      "frequency_distribution": "removed",
      "lower_outlier_bound": 146447.61988696642,
      "median": 189866.80843388362,
      "minimum": 152431.35634945193,
      "outliers": "removed",
      "standard_deviation_ratio": 0.06789407048615466,
      "upper_outlier_bound": 223373.08776397048
    },
    {
      "maximum": 196938.78354852178,
      "total": 10181506.855770545,
      "mode": null,
      "n": 300,
      "percentiles": {
        "25": 158821.07571518948,
        "50": 171076.4686152406,
        "75": 177037.63713349975
      },
      "average": 169691.78092950908,
      "sample_size": 60,
      "variance": 154845015.74728242,
      "standard_deviation": 12443.673723916198,
      "frequency_distribution": "removed",
      "lower_outlier_bound": 131496.23358772407,
      "median": 171076.4686152406,
      "minimum": 145450.73728978733,
      "outliers": "removed",
      "standard_deviation_ratio": 0.0733310338058469,
      "upper_outlier_bound": 204362.47926096516
    },
    {
      "maximum": 178379.3522332203,
      "total": 9286889.344751617,
      "mode": null,
      "n": 400,
      "percentiles": {
        "25": 150969.6022705828,
        "50": 160234.32667933585,
        "75": 162128.15906717943
      },
      "average": 157404.90414833248,
      "sample_size": 59,
      "variance": 62557930.03219593,
      "standard_deviation": 7909.3571187673615,
      "frequency_distribution": "removed",
      "lower_outlier_bound": 134381.91910977758,
      "median": 160234.32667933585,
      "minimum": 137972.14066535686,
      "outliers": "removed",
      "standard_deviation_ratio": 0.05024847962369635,
      "upper_outlier_bound": 179548.28244961592
    },
    {
      "maximum": 169492.67452660695,
      "total": 8463903.560570935,
      "mode": null,
      "n": 500,
      "percentiles": {
        "25": 139312.05060179456,
        "50": 142991.91094975267,
        "75": 151739.91138813584
      },
      "average": 145929.37173398162,
      "sample_size": 58,
      "variance": 86011589.53966075,
      "standard_deviation": 9274.243340545941,
      "frequency_distribution": "removed",
      "lower_outlier_bound": 120736.44252552271,
      "median": 142991.91094975267,
      "minimum": 124927.07382065718,
      "outliers": "removed",
      "standard_deviation_ratio": 0.0635529587385067,
      "upper_outlier_bound": 170207.7469277585
    },
    {
      "maximum": 154325.75079477762,
      "total": 7994513.08045357,
      "mode": null,
      "n": 600,
      "percentiles": {
        "25": 135588.30567548642,
        "50": 142309.85979632614,
        "75": 144561.8372587097
      },
      "average": 140254.61544655386,
      "sample_size": 57,
      "variance": 34503176.26786169,
      "standard_deviation": 5873.940437888496,
      "frequency_distribution": "removed",
      "lower_outlier_bound": 121683.32259165274,
      "median": 142309.85979632614,
      "minimum": 127120.0445428636,
      "outliers": "removed",
      "standard_deviation_ratio": 0.04188055002102123,
      "upper_outlier_bound": 158526.24441720906
    },
    {
      "maximum": 151812.10519364392,
      "total": 7877896.488503117,
      "mode": null,
      "n": 700,
      "percentiles": {
        "25": 131571.8818678347,
        "50": 137779.97258668015,
        "75": 140501.59885513253
      },
      "average": 135825.8015259158,
      "sample_size": 58,
      "variance": 37382145.85481476,
      "standard_deviation": 6114.094033854465,
      "frequency_distribution": "removed",
      "lower_outlier_bound": 118173.15088840168,
      "median": 137779.97258668015,
      "minimum": 121041.04986165008,
      "outliers": "removed",
      "standard_deviation_ratio": 0.04501423120766849,
      "upper_outlier_bound": 154147.91066508763
    },
    {
      "maximum": 138442.41210983467,
      "total": 7489370.370641724,
      "mode": null,
      "n": 800,
      "percentiles": {
        "25": 127523.0444593454,
        "50": 132966.69981969715,
        "75": 135226.69744730444
      },
      "average": 131392.46264283726,
      "sample_size": 57,
      "variance": 21441378.637206648,
      "standard_deviation": 4630.483628867146,
      "frequency_distribution": "removed",
      "lower_outlier_bound": 115895.83431136761,
      "median": 132966.69981969715,
      "minimum": 119918.74305970274,
      "outliers": "removed",
      "standard_deviation_ratio": 0.03524162296473688,
      "upper_outlier_bound": 146917.1228526174
    },
    {
      "maximum": 131563.02131847196,
      "total": 6942990.011778515,
      "mode": null,
      "n": 900,
      "percentiles": {
        "25": 121555.14693743078,
        "50": 125033.35799049863,
        "75": 127440.32414901844
      },
      "average": 123981.96449604491,
      "sample_size": 56,
      "variance": 18619176.46351396,
      "standard_deviation": 4314.994375838045,
      "frequency_distribution": "removed",
      "lower_outlier_bound": 112434.0289192475,
      "median": 125033.35799049863,
      "minimum": 113303.53450375884,
      "outliers": "removed",
      "standard_deviation_ratio": 0.034803403812622244,
      "upper_outlier_bound": 136117.98460750747
    },
    {
      "maximum": 127574.61520306689,
      "total": 7096473.006610482,
      "mode": null,
      "n": 1000,
      "percentiles": {
        "25": 117607.34904802732,
        "50": 121808.91105269697,
        "75": 123786.42879866509
      },
      "average": 120279.20350187257,
      "sample_size": 59,
      "variance": 22240472.580775764,
      "standard_deviation": 4715.980553477269,
      "frequency_distribution": "removed",
      "lower_outlier_bound": 108124.54923108053,
      "median": 121808.91105269697,
      "minimum": 108836.66663764356,
      "outliers": "removed",
      "standard_deviation_ratio": 0.03920861143218202,
      "upper_outlier_bound": 133183.18878802826
    },
    {
      "maximum": 104059.7885921335,
      "total": 5806737.856551992,
      "mode": null,
      "n": 2000,
      "percentiles": {
        "25": 97204.40141529609,
        "50": 98517.89676112562,
        "75": 99989.50110238425
      },
      "average": 98419.28570427105,
      "sample_size": 59,
      "variance": 5546924.86905464,
      "standard_deviation": 2355.191047251717,
      "frequency_distribution": "removed",
      "lower_outlier_bound": 92083.07772037189,
      "median": 98517.89676112562,
      "minimum": 92390.70179977088,
      "outliers": "removed",
      "standard_deviation_ratio": 0.023930178220644308,
      "upper_outlier_bound": 104731.35565148905
    },
    {
      "maximum": 88269.04404625298,
      "total": 4726301.335581024,
      "mode": null,
      "n": 3000,