{
  "build_type": "random",
  "name": "runtime",
  "timestamp": "2026-03-19T20:17:22.670826Z",
  "impl_mod": "gb_trees",
  "tweaks": "none",
  "impl_description": ":gb_trees.is_defined/2",
  "group_id": "is_member_existing_x100",
  "measurements": [
    {
      "maximum": 217219.4176781851,
      "total": 7224383.549240034,
      "mode": null,
      "n": 100,
      "percentiles": {
        "25": 197353.8928642479,
        "50": 199542.84807585995,
        "75": 203171.81149500655
      },
      "average": 200677.32081222316,
      "variance": 33824797.51596694,
      "standard_deviation": 5815.909001692421,
      "standard_deviation_ratio": 0.028981396493400747,
      "median": 199542.84807585995,
      "frequency_distribution": "removed",
      "minimum": 191722.5697726362,
      "lower_outlier_bound": 185743.025449458,
      "upper_outlier_bound": 217503.60548952786,
      "outliers": "removed",
      "sample_size": 36
    },
    {
      "maximum": 167306.61446700295,
      "total": 6154433.744924663,
      "mode": null,
      "n": 200,
      "percentiles": {
        "25": 158839.27877407795,
        "50": 162581.82072369667,
        "75": 164856.2036482048
      },
      "average": 161958.78276117533,
      "variance": 12762476.330998894,
      "standard_deviation": 3572.460822878103,
      "standard_deviation_ratio": 0.022057839420453407,
      "median": 162581.82072369667,
      "frequency_distribution": "removed",
      "minimum": 154036.44810435045,
      "lower_outlier_bound": 148075.55336408946,
      "upper_outlier_bound": 174768.26145336102,
      "outliers": "removed",
      "sample_size": 38
    },
    {
      "maximum": 147545.50672291103,
      "total": 5321112.325659858,
      "mode": null,
      "n": 300,
      "percentiles": {
        "25": 138144.95486752398,
        "50": 140022.24654607623,
        "75": 141946.80724618418
      },
      "average": 140029.271727891,
      "variance": 12659478.19632202,
      "standard_deviation": 3558.016047788714,
      "standard_deviation_ratio": 0.025409087713480046,
      "median": 140022.24654607623,
      "frequency_distribution": "removed",
      "minimum": 131912.02523213218,
      "lower_outlier_bound": 131302.39633225006,
      "upper_outlier_bound": 149826.69230806394,
      "outliers": "removed",
      "sample_size": 38
    },
    {
      "maximum": 133513.8440504896,
      "total": 4752629.739682826,
      "mode": null,
      "n": 400,
      "percentiles": {
        "25": 126526.64745172925,
        "50": 128634.0733651574,
        "75": 129777.09494076969
      },
      "average": 128449.45242386017,
      "variance": 5976771.5831895685,
      "standard_deviation": 2444.743664106642,
      "standard_deviation_ratio": 0.019032729357533,
      "median": 128634.0733651574,
      "frequency_distribution": "removed",
      "minimum": 121268.2720968982,
      "lower_outlier_bound": 121185.82593595382,
      "upper_outlier_bound": 134914.0074735788,
      "outliers": "removed",
      "sample_size": 37
    },
    {
      "maximum": 122646.41529057389,
      "total": 4833755.848000825,
      "mode": null,
      "n": 500,
      "percentiles": {
        "25": 116070.2768366661,
        "50": 117898.25145103273,
        "75": 119868.83691982331
      },
      "average": 117896.48409758111,
      "variance": 6576962.59034304,
      "standard_deviation": 2564.5589465526114,
      "standard_deviation_ratio": 0.021752632965966696,
      "median": 117898.25145103273,
      "frequency_distribution": "removed",
      "minimum": 113433.85841866395,
      "lower_outlier_bound": 110372.43671193029,
      "upper_outlier_bound": 125566.67704455912,
      "outliers": "removed",
      "sample_size": 41
    },
    {
      "maximum": 113704.71567567321,
      "total": 4252531.905827932,
      "mode": null,
      "n": 600,
      "percentiles": {
        "25": 107991.47731261048,
        "50": 109615.10846963059,
        "75": 110555.50826236591
      },
      "average": 109039.27963661365,
      "variance": 7889339.004048253,
      "standard_deviation": 2808.7967181781337,
      "standard_deviation_ratio": 0.025759494445843575,
      "median": 109615.10846963059,
      "frequency_distribution": "removed",
      "minimum": 102709.47597625357,
      "lower_outlier_bound": 102537.96220562304,
      "upper_outlier_bound": 115347.46546703315,
      "outliers": "removed",
      "sample_size": 39
    },
    {
      "maximum": 106500.35571118808,
      "total": 3752553.0182454875,
      "mode": null,
      "n": 700,
      "percentiles": {
        "25": 100297.14616220654,
        "50": 101331.70121739905,
        "75": 102618.05182056714
      },
      "average": 101420.35184447264,
      "variance": 4914463.0962223625,
      "standard_deviation": 2216.858835429618,
      "standard_deviation_ratio": 0.021858126057668927,
      "median": 101331.70121739905,
      "frequency_distribution": "removed",
      "minimum": 96025.96542104986,
      "lower_outlier_bound": 95974.49458116354,
      "upper_outlier_bound": 106708.90093341694,
      "outliers": "removed",
      "sample_size": 37
    },
    {
      "maximum": 100708.28134268308,
      "total": 3765478.0425976235,
      "mode": null,
      "n": 800,
      "percentiles": {
        "25": 94893.22614194508,
        "50": 97094.07153308626,
        "75": 97978.21944181809
      },
      "average": 96550.7190409647,
      "variance": 4603289.222498639,
      "standard_deviation": 2145.5277258750675,
      "standard_deviation_ratio": 0.022221768487967027,
      "median": 97094.07153308626,
      "frequency_distribution": "removed",
      "minimum": 91484.61228821312,
      "lower_outlier_bound": 90240.64089248574,
      "upper_outlier_bound": 102554.83153419854,
      "outliers": "removed",
      "sample_size": 39
    },
    {
      "maximum": 95384.89713692693,
      "total": 3629607.5427406095,
      "mode": null,
      "n": 900,
      "percentiles": {
        "25": 89529.13179422135,
        "50": 90977.16045111761,
        "75": 92588.10577893941
      },
      "average": 90740.18856851524,
      "variance": 5984635.063551731,
      "standard_deviation": 2446.351377777062,
      "standard_deviation_ratio": 0.026959954749596917,
      "median": 90977.16045111761,
      "frequency_distribution": "removed",
      "minimum": 85608.00948536745,
      "lower_outlier_bound": 84940.67081714426,
      "upper_outlier_bound": 97176.5667560165,
      "outliers": "removed",
      "sample_size": 40
    },
    {
      "maximum": 89973.61073996997,
      "total": 3094194.710604716,
      "mode": null,
      "n": 1000,
      "percentiles": {
        "25": 84902.61832123937,
        "50": 85794.3965271601,
        "75": 86971.16051620207
      },
      "average": 85949.85307235323,
      "variance": 3012887.2161517306,
      "standard_deviation": 1735.7670397123372,
      "standard_deviation_ratio": 0.02019511351870672,
      "median": 85794.3965271601,
      "frequency_distribution": "removed",
      "minimum": 82380.66954065363,
      "lower_outlier_bound": 81445.03000185156,
      "upper_outlier_bound": 90528.6440510209,
      "outliers": "removed",
      "sample_size": 36
    },
    {
      "maximum": 62247.818525199786,
      "total": 2176829.318277749,
      "mode": null,
      "n": 2000,
      "percentiles": {
        "25": 60023.986296945906,
        "50": 60348.378255028874,
        "75": 60951.64721472707
      },
      "average": 60467.481063270796,
      "variance": 630546.2663346705,
      "standard_deviation": 794.069434202495,
      "standard_deviation_ratio": 0.013132173198543064,
      "median": 60348.378255028874,
      "frequency_distribution": "removed",
      "minimum": 58889.971155692125,
      "lower_outlier_bound": 58434.149954321554,
      "upper_outlier_bound": 62599.23628910077,
      "outliers": "removed",
      "sample_size": 36
    },
    {
      "maximum": 51534.889377783205,
      "total": 1949622.0634355883,
      "mode": null,
      "n": 3000,