{
  "build_type": "random",
  "name": "runtime",
  "timestamp": "2026-03-19T20:17:22.684680Z",
  "impl_mod": "gb_trees",
  "tweaks": "none",
  "impl_description": "iterate :gb_trees",
  "group_id": "iterate",
  "measurements": [
    {
      "maximum": 8941344.778254649,
      "total": 288336458.70476794,
      "mode": 7689941.556444171,
      "n": 0,
      "percentiles": {
        "25": 7187788.811902654,
        "50": 7621164.138920546,
        "75": 7984679.221193744
      },
      "average": 7587801.544862314,
      "variance": 476104746855.1024,
      "standard_deviation": 690003.4397415004,
      "standard_deviation_ratio": 0.09093588382114454,
      "median": 7621164.138920546,
      "frequency_distribution": "removed",
      "minimum": 6106497.313141182,
      "lower_outlier_bound": 5955418.800024795,
      "upper_outlier_bound": 9175831.157804985,
      "outliers": "removed",
      "sample_size": 38
    },
    {
      "maximum": 342357.88724100625,
      "total": 11624778.683540124,
      "mode": null,
      "n": 100,
      "percentiles": {
        "25": 305335.3214195645,
        "50": 315794.1274924051,
        "75": 324791.2327347242
      },
      "average": 314183.2076632466,
      "variance": 220464599.21912104,
      "standard_deviation": 14848.050350774038,
      "standard_deviation_ratio": 0.04725921051353176,
      "median": 315794.1274924051,
      "frequency_distribution": "removed",
      "minimum": 279387.3593983114,
      "lower_outlier_bound": 265085.60086065694,
      "upper_outlier_bound": 359718.37705096486,
      "outliers": "removed",
      "sample_size": 37
    },
    {
      "maximum": 180526.270182837,
      "total": 6211031.521815962,
      "mode": null,
      "n": 200,
      "percentiles": {
        "25": 169741.63547085866,
        "50": 172858.48023513547,
        "75": 175778.16393954406
      },
      "average": 172528.65338377672,
      "variance": 20138128.879062712,
      "standard_deviation": 4487.552660310819,
      "standard_deviation_ratio": 0.026010477519514415,
      "median": 172858.48023513547,
      "frequency_distribution": "removed",
      "minimum": 162783.73204495435,
      "lower_outlier_bound": 157987.66221630597,
      "upper_outlier_bound": 186149.99092577456,
      "outliers": "removed",
      "sample_size": 36
    },
    {
      "maximum": 122737.035900583,
      "total": 3620581.1511366772,
      "mode": null,
      "n": 300,
      "percentiles": {
        "25": 114254.3759425986,
        "50": 117375.85156180308,
        "75": 119276.51636235251
      },
      "average": 116792.94035924766,
      "variance": 9941596.95579029,
      "standard_deviation": 3153.0298057250093,
      "standard_deviation_ratio": 0.0269967499407626,
      "median": 117375.85156180308,
      "frequency_distribution": "removed",
      "minimum": 110670.39699684811,
      "lower_outlier_bound": 101363.04676387631,
      "upper_outlier_bound": 128492.7501435077,
      "outliers": "removed",
      "sample_size": 31
    },
    {
      "maximum": 94371.6733985127,
      "total": 3413392.688301109,
      "mode": null,
      "n": 400,
      "percentiles": {
        "25": 75776.75819928593,
        "50": 88221.89002001195,
        "75": 91123.49986630434
      },
      "average": 85334.81720752773,
      "variance": 59720876.227171406,
      "standard_deviation": 7727.928326994978,
      "standard_deviation_ratio": 0.09056008531899998,
      "median": 88221.89002001195,
      "frequency_distribution": "removed",
      "minimum": 69426.31646181275,
      "lower_outlier_bound": 52756.64569875833,
      "upper_outlier_bound": 114143.61236683195,
      "outliers": "removed",
      "sample_size": 40
    },
    {
      "maximum": 74072.5377547725,
      "total": 2740832.3300554426,
      "mode": null,
      "n": 500,
      "percentiles": {
        "25": 63242.318371117675,
        "50": 71058.57663974255,
        "75": 72279.51079379249
      },
      "average": 68520.80825138607,
      "variance": 26203810.698345948,
      "standard_deviation": 5118.965784056966,
      "standard_deviation_ratio": 0.0747067338329801,
      "median": 71058.57663974255,
      "frequency_distribution": "removed",
      "minimum": 56203.7723972033,
      "lower_outlier_bound": 49686.52973710545,
      "upper_outlier_bound": 85835.29942780471,
      "outliers": "removed",
      "sample_size": 40
    },
    {
      "maximum": 61420.08141845993,
      "total": 2284615.5030437135,
      "mode": null,
      "n": 600,
      "percentiles": {
        "25": 53651.31650026768,
        "50": 59245.2165218404,
        "75": 59949.450627371174
      },
      "average": 57115.387576092835,
      "variance": 13244396.619026503,
      "standard_deviation": 3639.285179678353,
      "standard_deviation_ratio": 0.06371812105502848,
      "median": 59245.2165218404,
      "frequency_distribution": "removed",
      "minimum": 49624.836238040414,
      "lower_outlier_bound": 44204.11530961245,
      "upper_outlier_bound": 69396.65181802641,
      "outliers": "removed",
      "sample_size": 40
    },
    {
      "maximum": 53065.5433752445,
      "total": 1979654.771129868,
      "mode": null,
      "n": 700,
      "percentiles": {
        "25": 45777.329209606534,
        "50": 51496.46501456121,
        "75": 51860.42718705965
      },
      "average": 49491.3692782467,
      "variance": 13122587.837860933,
      "standard_deviation": 3622.511261246945,
      "standard_deviation_ratio": 0.07319480778316582,
      "median": 51496.46501456121,
      "frequency_distribution": "removed",
      "minimum": 40343.98898770477,
      "lower_outlier_bound": 36652.68224342686,
      "upper_outlier_bound": 60985.07415323932,
      "outliers": "removed",
      "sample_size": 40
    },
    {
      "maximum": 45788.88758644942,
      "total": 1734896.780573158,
      "mode": null,
      "n": 800,
      "percentiles": {
        "25": 41181.963844612386,
        "50": 44891.52280560755,
        "75": 45178.36196993508
      },
      "average": 43372.419514328954,
      "variance": 7649594.708316424,
      "standard_deviation": 2765.7900694587115,
      "standard_deviation_ratio": 0.06376840629204411,
      "median": 44891.52280560755,
      "frequency_distribution": "removed",
      "minimum": 36643.459142543055,
      "lower_outlier_bound": 35187.36665662834,
      "upper_outlier_bound": 51172.959157919126,
      "outliers": "removed",
      "sample_size": 40
    },
    {
      "maximum": 41511.27612304607,
      "total": 1519044.055758795,
      "mode": null,
      "n": 900,
      "percentiles": {
        "25": 37251.328754896684,
        "50": 39922.805263742026,
        "75": 40518.50723336391
      },
      "average": 38949.84758355885,
      "variance": 5174534.874898473,
      "standard_deviation": 2274.7603994483625,
      "standard_deviation_ratio": 0.05840229270649479,
      "median": 39922.805263742026,
      "frequency_distribution": "removed",
      "minimum": 33307.99705024378,
      "lower_outlier_bound": 31843.687085598405,
      "upper_outlier_bound": 45700.14615795728,
      "outliers": "removed",
      "sample_size": 39
    },
    {
      "maximum": 37084.86277488228,
      "total": 1374687.5165327585,
      "mode": null,
      "n": 1000,
      "percentiles": {
        "25": 31330.304292518427,
        "50": 35884.65797248402,
        "75": 36445.89028223105
      },
      "average": 34367.187913318965,
      "variance": 6397290.230542094,
      "standard_deviation": 2529.2865062191145,
      "standard_deviation_ratio": 0.07359596928903492,
      "median": 35884.65797248402,
      "frequency_distribution": "removed",
      "minimum": 29516.19996635153,
      "lower_outlier_bound": 23656.925307949496,
      "upper_outlier_bound": 44119.26926679998,
      "outliers": "removed",
      "sample_size": 40
    },
    {
      "maximum": 18592.274761098564,
      "total": 696351.24628326,
      "mode": null,
      "n": 2000,