{
  "build_type": "random",
  "name": "runtime",
  "timestamp": "2026-03-05T19:10:41.431990Z",
  "impl_mod": "gb_trees",
  "group_id": "smaller_x100",
  "impl_description": ":gb_trees.smaller/2",
  "tweaks": "none",
  "measurements": [
    {
      "maximum": 164201.1858609643,
      "total": 7521891.847115962,
      "mode": null,
      "n": 100,
      "percentiles": {
        "25": 158426.6334181972,
        "50": 160099.133383391,
        "75": 161726.72388558157
      },
      "average": 160040.25206629705,
      "sample_size": 47,
      "variance": 5668082.947832454,
      "standard_deviation": 2380.773602809065,
      "frequency_distribution": "removed",
      "lower_outlier_bound": 153379.16843303706,
      "median": 160099.133383391,
      "minimum": 154591.28383423487,
      "outliers": "removed",
      "standard_deviation_ratio": 0.014876092558407267,
      "upper_outlier_bound": 166764.13931178424
    },
    {
      "maximum": 139864.6390023735,
      "total": 6272047.12288501,
      "mode": null,
      "n": 200,
      "percentiles": {
        "25": 131340.4607423363,
        "50": 133160.75699227134,
        "75": 135972.83806586795
      },
      "average": 133447.811125213,
      "sample_size": 47,
      "variance": 12112325.185401447,
      "standard_deviation": 3480.276596105753,
      "frequency_distribution": "removed",
      "lower_outlier_bound": 124140.85168717362,
      "median": 133160.75699227134,
      "minimum": 124264.66385165781,
      "outliers": "removed",
      "standard_deviation_ratio": 0.026079682886969484,
      "upper_outlier_bound": 142971.8585347175
    },
    {
      "maximum": 122100.2711847023,
      "total": 5364387.122711528,
      "mode": null,
      "n": 300,
      "percentiles": {
        "25": 114587.57641512575,
        "50": 116588.91163262595,
        "75": 118112.44247304297
      },
      "average": 116617.11136329408,
      "sample_size": 46,
      "variance": 7786311.880959863,
      "standard_deviation": 2790.3963662820133,
      "frequency_distribution": "removed",
      "lower_outlier_bound": 109300.27732824991,
      "median": 116588.91163262595,
      "minimum": 110230.49195868561,
      "outliers": "removed",
      "standard_deviation_ratio": 0.02392784672559045,
      "upper_outlier_bound": 123399.74155991882
    },
    {
      "maximum": 112851.15046105337,
      "total": 4788078.533433957,
      "mode": null,
      "n": 400,
      "percentiles": {
        "25": 107251.16087553765,
        "50": 108574.56812218344,
        "75": 110398.44828543505
      },
      "average": 108819.96666895357,
      "sample_size": 44,
      "variance": 3848667.4897435736,
      "standard_deviation": 1961.80210259434,
      "frequency_distribution": "removed",
      "lower_outlier_bound": 102294.22727542756,
      "median": 108574.56812218344,
      "minimum": 105831.75291248984,
      "outliers": "removed",
      "standard_deviation_ratio": 0.018027960884811078,
      "upper_outlier_bound": 114913.9374484463
    },
    {
      "maximum": 106966.97287745436,
      "total": 4769771.386304885,
      "mode": null,
      "n": 500,
      "percentiles": {
        "25": 99724.85911370529,
        "50": 101110.59881741044,
        "75": 103286.04553881747
      },
      "average": 101484.49758095501,
      "sample_size": 47,
      "variance": 6250495.021165897,
      "standard_deviation": 2500.0990022728893,
      "frequency_distribution": "removed",
      "lower_outlier_bound": 94281.93552777973,
      "median": 101110.59881741044,
      "minimum": 96354.80150429116,
      "outliers": "removed",
      "standard_deviation_ratio": 0.024635279888719358,
      "upper_outlier_bound": 108681.30123115586
    },
    {
      "maximum": 97891.61049319751,
      "total": 4213882.27714921,
      "mode": null,
      "n": 600,
      "percentiles": {
        "25": 92502.64464531722,
        "50": 93661.02202907238,
        "75": 94637.70260370597
      },
      "average": 93641.82838109355,
      "sample_size": 45,
      "variance": 3936976.1402049856,
      "standard_deviation": 1984.181478646796,
      "frequency_distribution": "removed",
      "lower_outlier_bound": 88715.40335319031,
      "median": 93661.02202907238,
      "minimum": 89853.3144641373,
      "outliers": "removed",
      "standard_deviation_ratio": 0.02118905101437987,
      "upper_outlier_bound": 98070.56655717138
    },
    {
      "maximum": 90562.15552420092,
      "total": 3720520.371684972,
      "mode": null,
      "n": 700,
      "percentiles": {
        "25": 84836.71054138547,
        "50": 86585.85897068463,
        "75": 88669.22566051922
      },
      "average": 86523.72957406912,
      "sample_size": 43,
      "variance": 6009600.018182275,
      "standard_deviation": 2451.448555075606,
      "frequency_distribution": "removed",
      "lower_outlier_bound": 78687.40753053542,
      "median": 86585.85897068463,
      "minimum": 80324.12390478057,
      "outliers": "removed",
      "standard_deviation_ratio": 0.0283326732116538,
      "upper_outlier_bound": 94982.43245963461
    },
    {
      "maximum": 88744.29485114476,
      "total": 3931548.1810785695,
      "mode": null,
      "n": 800,
      "percentiles": {
        "25": 82019.24827718569,
        "50": 83547.77261638205,
        "75": 85421.3879779647
      },
      "average": 83649.96129954403,
      "sample_size": 47,
      "variance": 4983121.509481906,
      "standard_deviation": 2232.290641803147,
      "frequency_distribution": "removed",
      "lower_outlier_bound": 76773.30451173321,
      "median": 83547.77261638205,
      "minimum": 79131.14008190072,
      "outliers": "removed",
      "standard_deviation_ratio": 0.026686092941627163,
      "upper_outlier_bound": 90212.17522341103
    },
    {
      "maximum": 80777.59746422966,
      "total": 3597263.3155072127,
      "mode": null,
      "n": 900,
      "percentiles": {
        "25": 75258.24868034662,
        "50": 76276.42882913393,
        "75": 77761.22327735562
      },
      "average": 76537.51735121729,
      "sample_size": 47,
      "variance": 4347929.76407557,
      "standard_deviation": 2085.1690013223315,
      "frequency_distribution": "removed",
      "lower_outlier_bound": 71503.78678483312,
      "median": 76276.42882913393,
      "minimum": 71842.38355786473,
      "outliers": "removed",
      "standard_deviation_ratio": 0.027243750169656737,
      "upper_outlier_bound": 81515.68517286913
    },
    {
      "maximum": 76449.0341046786,
      "total": 3065756.6315463954,
      "mode": null,
      "n": 1000,
      "percentiles": {
        "25": 71515.24311663513,
        "50": 72936.40744294872,
        "75": 74377.99943753214
      },
      "average": 72994.20551300941,
      "sample_size": 42,
      "variance": 3242298.555257175,
      "standard_deviation": 1800.638374370927,
      "frequency_distribution": "removed",
      "lower_outlier_bound": 67063.82216352737,
      "median": 72936.40744294872,
      "minimum": 69919.99753881608,
      "outliers": "removed",
      "standard_deviation_ratio": 0.024668237180141755,
      "upper_outlier_bound": 79090.634312296
    },
    {
      "maximum": 53161.48705438048,
      "total": 2368107.120615847,
      "mode": null,
      "n": 2000,
      "percentiles": {
        "25": 50579.39987207383,
        "50": 51731.358850756464,
        "75": 52553.56536335369
      },
      "average": 51480.589578605366,
      "sample_size": 46,
      "variance": 1429996.5756409382,
      "standard_deviation": 1195.8246425128302,
      "frequency_distribution": "removed",
      "lower_outlier_bound": 47597.64993593596,
      "median": 51731.358850756464,
      "minimum": 48372.85798938216,
      "outliers": "removed",
      "standard_deviation_ratio": 0.023228650881842245,
      "upper_outlier_bound": 55539.09182509732
    },
    {
      "maximum": 43576.72532239151,
      "total": 1991875.8462941642,
      "mode": null,
      "n": 3000,