{
  "build_type": "random",
  "name": "runtime",
  "timestamp": "2026-03-05T19:10:41.241666Z",
  "impl_mod": "gb_trees",
  "group_id": "take_smallest",
  "impl_description": ":gb_trees.take_smallest/1",
  "tweaks": [
    "duplicate_variants",
    10
  ],
  "measurements": [
    {
      "maximum": 5296666.278244473,
      "total": 209923159.12630337,
      "mode": null,
      "n": 100,
      "percentiles": {
        "25": 4720989.519403267,
        "50": 4835543.176565023,
        "75": 5097411.53442282
      },
      "average": 4881933.9331698455,
      "sample_size": 43,
      "variance": 54927066982.601036,
      "standard_deviation": 234365.24269311148,
      "frequency_distribution": "removed",
      "lower_outlier_bound": 4064413.0163761033,
      "median": 4835543.176565023,
      "minimum": 4507834.616563587,
      "outliers": "removed",
      "standard_deviation_ratio": 0.04800663956157593,
      "upper_outlier_bound": 5793929.12510291
    },
    {
      "maximum": 4938125.290114861,
      "total": 192181881.2054225,
      "mode": null,
      "n": 200,
      "percentiles": {
        "25": 4326494.587555271,
        "50": 4426776.686823256,
        "75": 4617828.512320367
      },
      "average": 4469346.074544709,
      "sample_size": 43,
      "variance": 45676813496.02843,
      "standard_deviation": 213721.34543846673,
      "frequency_distribution": "removed",
      "lower_outlier_bound": 3845170.0079473522,
      "median": 4426776.686823256,
      "minimum": 4091418.6585056502,
      "outliers": "removed",
      "standard_deviation_ratio": 0.04781937712447977,
      "upper_outlier_bound": 5128602.388803422
    },
    {
      "maximum": 4389738.54717213,
      "total": 174801207.73859465,
      "mode": null,
      "n": 300,
      "percentiles": {
        "25": 3976933.7840524954,
        "50": 4028327.196848237,
        "75": 4107518.4016824397
      },
      "average": 4065144.366013829,
      "sample_size": 43,
      "variance": 20003556636.107475,
      "standard_deviation": 141433.93028586695,
      "frequency_distribution": "removed",
      "lower_outlier_bound": 3696236.163714231,
      "median": 4028327.196848237,
      "minimum": 3857161.5919277323,
      "outliers": "removed",
      "standard_deviation_ratio": 0.034791859169457554,
      "upper_outlier_bound": 4444594.449941817
    },
    {
      "maximum": 4264028.654272556,
      "total": 163850917.5125741,
      "mode": null,
      "n": 400,
      "percentiles": {
        "25": 3826338.2596296845,
        "50": 3861645.8266471303,
        "75": 3953460.280053214
      },
      "average": 3901212.321727955,
      "sample_size": 42,
      "variance": 24855192764.653812,
      "standard_deviation": 157655.2972933476,
      "frequency_distribution": "removed",
      "lower_outlier_bound": 3531626.751645525,
      "median": 3861645.8266471303,
      "minimum": 3608649.210427553,
      "outliers": "removed",
      "standard_deviation_ratio": 0.040411873102953216,
      "upper_outlier_bound": 4287277.013842582
    },
    {
      "maximum": 4438093.040182495,
      "total": 174042697.07666504,
      "mode": null,
      "n": 500,
      "percentiles": {
        "25": 3910496.554852535,
        "50": 3983428.9356277883,
        "75": 4253617.701855428
      },
      "average": 4047504.5831782566,
      "sample_size": 43,
      "variance": 50348824496.42639,
      "standard_deviation": 224385.43735373378,
      "frequency_distribution": "removed",
      "lower_outlier_bound": 3345888.1174466787,
      "median": 3983428.9356277883,
      "minimum": 3427051.7758982303,
      "outliers": "removed",
      "standard_deviation_ratio": 0.0554379699250489,
      "upper_outlier_bound": 4789812.766060929
    },
    {
      "maximum": 4679544.773884396,
      "total": 173339549.58650714,
      "mode": 3580892.358375707,
      "n": 600,
      "percentiles": {
        "25": 3602396.476762171,
        "50": 3723368.6060452615,
        "75": 4099519.966125472
      },
      "average": 3851989.9908112697,
      "sample_size": 45,
      "variance": 98690492327.63046,
      "standard_deviation": 314150.4294563839,
      "frequency_distribution": "removed",
      "lower_outlier_bound": 2854368.5422695484,
      "median": 3723368.6060452615,
      "minimum": 3516693.7452085046,
      "outliers": "removed",
      "standard_deviation_ratio": 0.08155535975061569,
      "upper_outlier_bound": 4847067.945376318
    },
    {
      "maximum": 4328367.253304709,
      "total": 167887271.58161288,
      "mode": null,
      "n": 700,
      "percentiles": {
        "25": 3636071.659910389,
        "50": 3721126.5623329263,
        "75": 3979062.1752612595
      },
      "average": 3815619.80867302,
      "sample_size": 44,
      "variance": 55379803473.25454,
      "standard_deviation": 235329.13859795293,
      "frequency_distribution": "removed",
      "lower_outlier_bound": 3114985.526966761,
      "median": 3721126.5623329263,
      "minimum": 3492205.3975526625,
      "outliers": "removed",
      "standard_deviation_ratio": 0.061675206230726295,
      "upper_outlier_bound": 4497470.165645652
    },
    {
      "maximum": 4269745.437777,
      "total": 159379059.16517648,
      "mode": null,
      "n": 800,
      "percentiles": {
        "25": 3715598.0370718227,
        "50": 3779603.746343233,
        "75": 4106169.155269786
      },
      "average": 3887294.1259799143,
      "sample_size": 41,
      "variance": 46329233141.97768,
      "standard_deviation": 215242.26616066296,
      "frequency_distribution": "removed",
      "lower_outlier_bound": 3052950.626414992,
      "median": 3779603.746343233,
      "minimum": 3601812.43201579,
      "outliers": "removed",
      "standard_deviation_ratio": 0.05537071782712207,
      "upper_outlier_bound": 4738450.9735814035
    },
    {
      "maximum": 3904114.9371437496,
      "total": 149301704.27541432,
      "mode": null,
      "n": 900,
      "percentiles": {
        "25": 3340705.156044338,
        "50": 3411804.8447628794,
        "75": 3626236.5466624117
      },
      "average": 3472132.657567775,
      "sample_size": 43,
      "variance": 39810980455.25572,
      "standard_deviation": 199526.89155914728,
      "frequency_distribution": "removed",
      "lower_outlier_bound": 2912408.0701172273,
      "median": 3411804.8447628794,
      "minimum": 3129910.046385267,
      "outliers": "removed",
      "standard_deviation_ratio": 0.05746522706275734,
      "upper_outlier_bound": 4054533.6325895223
    },
    {
      "maximum": 4239803.273128127,
      "total": 162309626.33213454,
      "mode": null,
      "n": 1000,
      "percentiles": {
        "25": 3604720.7422840954,
        "50": 3702305.055127322,
        "75": 3975574.072896126
      },
      "average": 3774642.4728403385,
      "sample_size": 43,
      "variance": 47253128666.73354,
      "standard_deviation": 217377.8476909125,
      "frequency_distribution": "removed",
      "lower_outlier_bound": 3108282.7851869357,
      "median": 3702305.055127322,
      "minimum": 3470197.9400905026,
      "outliers": "removed",
      "standard_deviation_ratio": 0.05758899001826265,
      "upper_outlier_bound": 4369395.70945688
    },
    {
      "maximum": 3918556.717189925,
      "total": 149685184.42238364,
      "mode": null,
      "n": 2000,
      "percentiles": {
        "25": 3336981.7667316264,
        "50": 3401267.9927076814,
        "75": 3591309.032142216
      },
      "average": 3481050.8005205495,
      "sample_size": 43,
      "variance": 40317113883.4976,
      "standard_deviation": 200791.21963745725,
      "frequency_distribution": "removed",
      "lower_outlier_bound": 2838997.6795850927,
      "median": 3401267.9927076814,
      "minimum": 3244646.333549643,
      "outliers": "removed",
      "standard_deviation_ratio": 0.0576812092507904,
      "upper_outlier_bound": 4077456.738276976
    },
    {
      "maximum": 3549598.54040508,
      "total": 141415475.7704214,
      "mode": null,