{
  "build_type": "xb5_adversarial",
  "name": "runtime",
  "timestamp": "2026-03-05T19:54:06.928063Z",
  "impl_mod": "gb_trees",
  "group_id": "insert_x100",
  "impl_description": ":gb_trees.insert/3",
  "tweaks": "none",
  "measurements": [
    {
      "maximum": 188502.4797501211,
      "total": 9870652.333699381,
      "mode": null,
      "n": 0,
      "percentiles": {
        "25": 156595.82297453537,
        "50": 173895.53881122742,
        "75": 176611.51911111508
      },
      "average": 170183.6609258514,
      "sample_size": 58,
      "variance": 130661141.15990692,
      "standard_deviation": 11430.710439859236,
      "frequency_distribution": "removed",
      "lower_outlier_bound": 125735.29056457723,
      "median": 173895.53881122742,
      "minimum": 145987.53266471042,
      "outliers": "removed",
      "standard_deviation_ratio": 0.06716690884232164,
      "upper_outlier_bound": 206985.5260972455
    },
    {
      "maximum": 157879.86289712705,
      "total": 8410589.968430487,
      "mode": null,
      "n": 100,
      "percentiles": {
        "25": 132379.32485113796,
        "50": 143424.1914191667,
        "75": 145812.14365726762
      },
      "average": 140176.49947384145,
      "sample_size": 60,
      "variance": 79285755.78443736,
      "standard_deviation": 8904.254925845136,
      "frequency_distribution": "removed",
      "lower_outlier_bound": 112230.09664194348,
      "median": 143424.1914191667,
      "minimum": 118926.42735498112,
      "outliers": "removed",
      "standard_deviation_ratio": 0.06352173837460375,
      "upper_outlier_bound": 165961.3718664621
    },
    {
      "maximum": 129073.39500460147,
      "total": 7118642.054910747,
      "mode": null,
      "n": 200,
      "percentiles": {
        "25": 117115.76659296181,
        "50": 122236.98573372139,
        "75": 123973.3457306679
      },
      "average": 120654.95008323301,
      "sample_size": 59,
      "variance": 26182209.076032583,
      "standard_deviation": 5116.855389400074,
      "frequency_distribution": "removed",
      "lower_outlier_bound": 106251.77355927468,
      "median": 122236.98573372139,
      "minimum": 108832.28400872835,
      "outliers": "removed",
      "standard_deviation_ratio": 0.04240899677858427,
      "upper_outlier_bound": 134591.53880739398
    },
    {
      "maximum": 65810.0393214985,
      "total": 3679502.634852978,
      "mode": null,
      "n": 300,
      "percentiles": {
        "25": 59638.04477862954,
        "50": 64095.00417899427,
        "75": 64749.8970476637
      },
      "average": 62364.451438186064,
      "sample_size": 59,
      "variance": 10942276.483913725,
      "standard_deviation": 3307.911196497531,
      "frequency_distribution": "removed",
      "lower_outlier_bound": 51970.26637507831,
      "median": 64095.00417899427,
      "minimum": 54459.467996349034,
      "outliers": "removed",
      "standard_deviation_ratio": 0.05304161457711597,
      "upper_outlier_bound": 72417.67545121493
    },
    {
      "maximum": 113500.29226325257,
      "total": 6109354.5521529615,
      "mode": null,
      "n": 400,
      "percentiles": {
        "25": 101049.29588850625,
        "50": 103543.78607853796,
        "75": 106667.00800109227
      },
      "average": 103548.38223988071,
      "sample_size": 59,
      "variance": 14228148.467305237,
      "standard_deviation": 3772.0218010113936,
      "frequency_distribution": "removed",
      "lower_outlier_bound": 92197.28774681702,
      "median": 103543.78607853796,
      "minimum": 94135.54388693192,
      "outliers": "removed",
      "standard_deviation_ratio": 0.03642762657820292,
      "upper_outlier_bound": 115319.59637931894
    },
    {
      "maximum": 100482.3151125402,
      "total": 5447074.073204922,
      "mode": null,
      "n": 500,
      "percentiles": {
        "25": 93411.02140826752,
        "50": 96404.59078661326,
        "75": 97898.22103823538
      },
      "average": 95562.70303868284,
      "sample_size": 57,
      "variance": 10067548.719993815,
      "standard_deviation": 3172.940075071355,
      "frequency_distribution": "removed",
      "lower_outlier_bound": 86407.59923539107,
      "median": 96404.59078661326,
      "minimum": 86632.36602521176,
      "outliers": "removed",
      "standard_deviation_ratio": 0.033202703295102276,
      "upper_outlier_bound": 104674.26847264718
    },
    {
      "maximum": 88991.09021204797,
      "total": 4929675.868840229,
      "mode": null,
      "n": 600,
      "percentiles": {
        "25": 83372.35241711726,
        "50": 85073.15015209545,
        "75": 87275.1179295676
      },
      "average": 84994.41153172808,
      "sample_size": 58,
      "variance": 6337303.062649123,
      "standard_deviation": 2517.400060111448,
      "frequency_distribution": "removed",
      "lower_outlier_bound": 77148.38916327224,
      "median": 85073.15015209545,
      "minimum": 77750.82415873608,
      "outliers": "removed",
      "standard_deviation_ratio": 0.029618418608283587,
      "upper_outlier_bound": 93305.38786050132
    },
    {
      "maximum": 88136.63293383936,
      "total": 4685755.823537777,
      "mode": null,
      "n": 700,
      "percentiles": {
        "25": 82683.61771071552,
        "50": 84607.74279226134,
        "75": 85852.25883548382
      },
      "average": 83674.21113460316,
      "sample_size": 56,
      "variance": 9651530.776687952,
      "standard_deviation": 3106.6912908571962,
      "frequency_distribution": "removed",
      "lower_outlier_bound": 73471.20262574108,
      "median": 84607.74279226134,
      "minimum": 74711.38990081316,
      "outliers": "removed",
      "standard_deviation_ratio": 0.037128420438402386,
      "upper_outlier_bound": 93241.01054028491
    },
    {
      "maximum": 84979.74507776072,
      "total": 4866943.802867181,
      "mode": null,
      "n": 800,
      "percentiles": {
        "25": 79234.52557028693,
        "50": 81836.22602568453,
        "75": 83209.81316678287
      },
      "average": 81115.73004778635,
      "sample_size": 60,
      "variance": 7310626.536160841,
      "standard_deviation": 2703.817030821583,
      "frequency_distribution": "removed",
      "lower_outlier_bound": 73271.59417554302,
      "median": 81836.22602568453,
      "minimum": 74329.10549381285,
      "outliers": "removed",
      "standard_deviation_ratio": 0.03333283235235297,
      "upper_outlier_bound": 89172.74456152678
    },
    {
      "maximum": 79725.7434425576,
      "total": 4220243.731459528,
      "mode": null,
      "n": 900,
      "percentiles": {
        "25": 75563.62910952797,
        "50": 77108.43373493975,
        "75": 77696.21401888329
      },
      "average": 76731.70420835506,
      "sample_size": 55,
      "variance": 2212065.849256835,
      "standard_deviation": 1487.3015327285973,
      "frequency_distribution": "removed",
      "lower_outlier_bound": 71975.47903228863,
      "median": 77108.43373493975,
      "minimum": 72955.05166311984,
      "outliers": "removed",
      "standard_deviation_ratio": 0.019383142184487674,
      "upper_outlier_bound": 81111.80967532462
    },
    {
      "maximum": 77467.31460328601,
      "total": 4110660.1539951274,
      "mode": null,
      "n": 1000,
      "percentiles": {
        "25": 72776.16813702152,
        "50": 73726.68339229493,
        "75": 74625.20077114287
      },
      "average": 73404.64560705585,
      "sample_size": 56,
      "variance": 3577134.002550549,
      "standard_deviation": 1891.331277843876,
      "frequency_distribution": "removed",
      "lower_outlier_bound": 68142.92655469329,
      "median": 73726.68339229493,
      "minimum": 68260.50392634419,
      "outliers": "removed",
      "standard_deviation_ratio": 0.025765825339834843,
      "upper_outlier_bound": 78254.05813752205
    },
    {
      "maximum": 55813.88080052733,
      "total": 3027433.305111086,
      "mode": null,
      "n": 2000,