{
  "build_type": "random",
  "name": "memory",
  "timestamp": "2026-03-05T19:10:41.847487Z",
  "impl_mod": "xb5_bag",
  "group_id": "take_smallest_x100",
  "impl_description": ":xb5_bag.take_smallest/1",
  "tweaks": "none",
  "measurements": [
    {
      "maximum": 32776,
      "total": 1587864,
      "mode": [
        31856,
        31432,
        31832,
        32096
      ],
      "n": 100,
      "percentiles": {
        "25": 31432.0,
        "50": 31808.0,
        "75": 32090.0
      },
      "average": 31757.28,
      "sample_size": 50,
      "variance": 174225.2669387755,
      "standard_deviation": 417.4030030303753,
      "frequency_distribution": "removed",
      "lower_outlier_bound": 30445.0,
      "median": 31808.0,
      "minimum": 30888,
      "outliers": "removed",
      "standard_deviation_ratio": 0.013143537577222461,
      "upper_outlier_bound": 33077.0
    },
    {
      "maximum": 43552,
      "total": 2089808,
      "mode": [
        41888,
        40808,
        41376,
        42736,
        42448,
        40736
      ],
      "n": 200,
      "percentiles": {
        "25": 41022.0,
        "50": 41888.0,
        "75": 42486.0
      },
      "average": 41796.16,
      "sample_size": 50,
      "variance": 716910.3412244897,
      "standard_deviation": 846.7055811936577,
      "frequency_distribution": "removed",
      "lower_outlier_bound": 38826.0,
      "median": 41888.0,
      "minimum": 40344,
      "outliers": "removed",
      "standard_deviation_ratio": 0.02025797540237327,
      "upper_outlier_bound": 44682.0
    },
    {
      "maximum": 46880,
      "total": 2173224,
      "mode": [
        45656,
        44944,
        45768,
        44712
      ],
      "n": 300,
      "percentiles": {
        "25": 44712.0,
        "50": 45372.0,
        "75": 45768.0
      },
      "average": 45275.5,
      "sample_size": 48,
      "variance": 696031.0638297872,
      "standard_deviation": 834.2847618348229,
      "frequency_distribution": "removed",
      "lower_outlier_bound": 42882.0,
      "median": 45372.0,
      "minimum": 43416,
      "outliers": "removed",
      "standard_deviation_ratio": 0.01842684811509145,
      "upper_outlier_bound": 47762.0
    },
    {
      "maximum": 50440,
      "total": 2338008,
      "mode": [
        48872,
        49176
      ],
      "n": 400,
      "percentiles": {
        "25": 48212.0,
        "50": 48828.0,
        "75": 49144.0
      },
      "average": 48708.5,
      "sample_size": 48,
      "variance": 768296.5957446808,
      "standard_deviation": 876.5252966941005,
      "frequency_distribution": "removed",
      "lower_outlier_bound": 46594.0,
      "median": 48828.0,
      "minimum": 47072,
      "outliers": "removed",
      "standard_deviation_ratio": 0.017995325183368414,
      "upper_outlier_bound": 50706.0
    },
    {
      "maximum": 52104,
      "total": 2510152,
      "mode": [
        49248,
        49752
      ],
      "n": 500,
      "percentiles": {
        "25": 49456.0,
        "50": 50224.0,
        "75": 50894.0
      },
      "average": 50203.04,
      "sample_size": 50,
      "variance": 868369.9983673469,
      "standard_deviation": 931.8637230664938,
      "frequency_distribution": "removed",
      "lower_outlier_bound": 47299.0,
      "median": 50224.0,
      "minimum": 48224,
      "outliers": "removed",
      "standard_deviation_ratio": 0.018561898304694173,
      "upper_outlier_bound": 53051.0
    },
    {
      "maximum": 53864,
      "total": 2592456,
      "mode": 51960,
      "n": 600,
      "percentiles": {
        "25": 51150.0,
        "50": 51956.0,
        "75": 52604.0
      },
      "average": 51849.12,
      "sample_size": 50,
      "variance": 932143.0465306122,
      "standard_deviation": 965.4755546002251,
      "frequency_distribution": "removed",
      "lower_outlier_bound": 48969.0,
      "median": 51956.0,
      "minimum": 49464,
      "outliers": "removed",
      "standard_deviation_ratio": 0.0186208667495268,
      "upper_outlier_bound": 54785.0
    },
    {
      "maximum": 55496,
      "total": 2636192,
      "mode": 53752,
      "n": 700,
      "percentiles": {
        "25": 51842.0,
        "50": 52628.0,
        "75": 53746.0
      },
      "average": 52723.84,
      "sample_size": 50,
      "variance": 1551582.6677551023,
      "standard_deviation": 1245.6254122950054,
      "frequency_distribution": "removed",
      "lower_outlier_bound": 48986.0,
      "median": 52628.0,
      "minimum": 50248,
      "outliers": "removed",
      "standard_deviation_ratio": 0.023625468332636724,
      "upper_outlier_bound": 56602.0
    },
    {
      "maximum": 54832,
      "total": 2627624,
      "mode": null,
      "n": 800,
      "percentiles": {
        "25": 51416.0,
        "50": 52620.0,
        "75": 53962.0
      },
      "average": 52552.48,
      "sample_size": 50,
      "variance": 2052917.3159183674,
      "standard_deviation": 1432.8005150467973,
      "frequency_distribution": "removed",
      "lower_outlier_bound": 47597.0,
      "median": 52620.0,
      "minimum": 49776,
      "outliers": "removed",
      "standard_deviation_ratio": 0.027264184583616173,
      "upper_outlier_bound": 57781.0
    },
    {
      "maximum": 56512,
      "total": 2692296,
      "mode": 53000,
      "n": 900,
      "percentiles": {
        "25": 5.3e4,
        "50": 53948.0,
        "75": 54634.0
      },
      "average": 53845.92,
      "sample_size": 50,
      "variance": 1923144.6465306121,
      "standard_deviation": 1386.7749083865817,
      "frequency_distribution": "removed",
      "lower_outlier_bound": 50549.0,
      "median": 53948.0,
      "minimum": 50824,
      "outliers": "removed",
      "standard_deviation_ratio": 0.025754503003878135,
      "upper_outlier_bound": 57085.0
    },
    {
      "maximum": 59072,
      "total": 2749416,
      "mode": [
        53048,
        55056,
        54200
      ],
      "n": 1000,
      "percentiles": {
        "25": 53740.0,
        "50": 55008.0,
        "75": 56174.0
      },
      "average": 54988.32,
      "sample_size": 50,
      "variance": 2248213.446530612,
      "standard_deviation": 1499.4043639160893,
      "frequency_distribution": "removed",
      "lower_outlier_bound": 50089.0,
      "median": 55008.0,
      "minimum": 52104,
      "outliers": "removed",
      "standard_deviation_ratio": 0.027267688191166584,
      "upper_outlier_bound": 59825.0
    },
    {
      "maximum": 65808,
      "total": 3079736,
      "mode": [
        62488,
        62984,
        60720
      ],
      "n": 2000,
      "percentiles": {
        "25": 60308.0,
        "50": 61908.0,
        "75": 62984.0
      },
      "average": 61594.72,
      "sample_size": 50,
      "variance": 3129674.736326531,
      "standard_deviation": 1769.088673958016,
      "frequency_distribution": "removed",
      "lower_outlier_bound": 56294.0,
      "median": 61908.0,
      "minimum": 58008,
      "outliers": "removed",
      "standard_deviation_ratio": 0.02872143381702224,
      "upper_outlier_bound": 66998.0
    },
    {
      "maximum": 69136,
      "total": 3185320,
      "mode": 61168,
      "n": 3000,
      "percentiles": {
        "25": 61206.0,
        "50": 63988.0,
        "75": 65672.0
      },
      "average": 63706.4,
      "sample_size": 50,
      "variance": 6628054.857142856,
      "standard_deviation": 2574.500894764431,
      "frequency_distribution": "removed",
      "lower_outlier_bound": 54507.0,
      "median": 63988.0,
      "minimum": 58496,
      "outliers": "removed",
      "standard_deviation_ratio": 0.04041196637644618,
      "upper_outlier_bound": 72371.0
    },
    {
      "maximum": 68992,
      "total": 3214832,
      "mode": [
        63120,
        64048
      ],
      "n": 4000,
      "percentiles": {
        "25": 6.39e4,
        "50": 65632.0,
        "75": 67072.0
      },
      "average": 65608.8163265306,
      "sample_size": 49,
      "variance": 3634752.6530612237,