{
  "build_type": "from_ordset_or_orddict",
  "name": "runtime",
  "timestamp": "2026-03-05T19:28:36.743353Z",
  "impl_mod": "gb_trees",
  "group_id": "add_new_x100",
  "impl_description": ":gb_trees.enter/3",
  "tweaks": "none",
  "measurements": [
    {
      "maximum": 123758.08759102407,
      "total": 6518563.799142971,
      "mode": null,
      "n": 0,
      "percentiles": {
        "25": 103382.14693704544,
        "50": 113038.54388269312,
        "75": 115118.11694389027
      },
      "average": 110484.1321888639,
      "sample_size": 59,
      "variance": 42326378.91180723,
      "standard_deviation": 6505.872647985605,
      "frequency_distribution": "removed",
      "lower_outlier_bound": 85778.1919267782,
      "median": 113038.54388269312,
      "minimum": 96492.21838504834,
      "outliers": "removed",
      "standard_deviation_ratio": 0.05888513145819283,
      "upper_outlier_bound": 132722.07195415752
    },
    {
      "maximum": 118057.34281255091,
      "total": 6365820.168803633,
      "mode": null,
      "n": 100,
      "percentiles": {
        "25": 101339.99344080665,
        "50": 107943.1893554316,
        "75": 109555.27699334611
      },
      "average": 106097.00281339389,
      "sample_size": 60,
      "variance": 23194796.53140476,
      "standard_deviation": 4816.097645542993,
      "frequency_distribution": "removed",
      "lower_outlier_bound": 89017.06811199745,
      "median": 107943.1893554316,
      "minimum": 92708.56413902948,
      "outliers": "removed",
      "standard_deviation_ratio": 0.045393343052429744,
      "upper_outlier_bound": 121878.2023221553
    },
    {
      "maximum": 99246.52041699419,
      "total": 5706241.497043202,
      "mode": null,
      "n": 200,
      "percentiles": {
        "25": 92627.13862098016,
        "50": 96688.92416826566,
        "75": 97821.13269767578
      },
      "average": 95104.02495072004,
      "sample_size": 60,
      "variance": 12171889.01952188,
      "standard_deviation": 3488.8234434436317,
      "frequency_distribution": "removed",
      "lower_outlier_bound": 84836.14750593671,
      "median": 96688.92416826566,
      "minimum": 86459.56718340667,
      "outliers": "removed",
      "standard_deviation_ratio": 0.03668428802305089,
      "upper_outlier_bound": 105612.12381271922
    },
    {
      "maximum": 92907.01401502306,
      "total": 5296414.169173848,
      "mode": null,
      "n": 300,
      "percentiles": {
        "25": 85573.19807149805,
        "50": 88289.53362135403,
        "75": 91472.93990495603
      },
      "average": 88273.5694862308,
      "sample_size": 60,
      "variance": 11558661.73562289,
      "standard_deviation": 3399.80319071897,
      "frequency_distribution": "removed",
      "lower_outlier_bound": 76723.58532131107,
      "median": 88289.53362135403,
      "minimum": 79219.21541289055,
      "outliers": "removed",
      "standard_deviation_ratio": 0.03851439576428687,
      "upper_outlier_bound": 100322.55265514301
    },
    {
      "maximum": 85807.74260423066,
      "total": 4804015.714229099,
      "mode": null,
      "n": 400,
      "percentiles": {
        "25": 79528.49147971507,
        "50": 81550.50341125755,
        "75": 83612.87905898721
      },
      "average": 81423.99515642542,
      "sample_size": 59,
      "variance": 6544566.96345567,
      "standard_deviation": 2558.2351266949,
      "frequency_distribution": "removed",
      "lower_outlier_bound": 73401.91011080687,
      "median": 81550.50341125755,
      "minimum": 74651.48952117041,
      "outliers": "removed",
      "standard_deviation_ratio": 0.031418688333582974,
      "upper_outlier_bound": 89739.46042789542
    },
    {
      "maximum": 81012.06755758337,
      "total": 4629468.485371029,
      "mode": null,
      "n": 500,
      "percentiles": {
        "25": 74957.60077420902,
        "50": 77294.4856671716,
        "75": 79408.52018284994
      },
      "average": 77157.80808951714,
      "sample_size": 60,
      "variance": 7012023.171062257,
      "standard_deviation": 2648.022501993187,
      "frequency_distribution": "removed",
      "lower_outlier_bound": 68281.22166124763,
      "median": 77294.4856671716,
      "minimum": 70163.86771304382,
      "outliers": "removed",
      "standard_deviation_ratio": 0.03431956619245841,
      "upper_outlier_bound": 86084.89929581134
    },
    {
      "maximum": 76715.53190330467,
      "total": 4246688.242568506,
      "mode": null,
      "n": 600,
      "percentiles": {
        "25": 71907.0431586219,
        "50": 73250.92529487587,
        "75": 74849.86321593814
      },
      "average": 73218.76280290527,
      "sample_size": 58,
      "variance": 3560618.9764785036,
      "standard_deviation": 1886.9602477207895,
      "frequency_distribution": "removed",
      "lower_outlier_bound": 67418.58449590205,
      "median": 73250.92529487587,
      "minimum": 69569.18585964556,
      "outliers": "removed",
      "standard_deviation_ratio": 0.025771539636639643,
      "upper_outlier_bound": 79280.9188637979
    },
    {
      "maximum": 72366.85945198024,
      "total": 4023603.0891297814,
      "mode": null,
      "n": 700,
      "percentiles": {
        "25": 68295.02926890207,
        "50": 69980.26157087553,
        "75": 70876.4964113175
      },
      "average": 69372.46705396175,
      "sample_size": 58,
      "variance": 3580778.716584833,
      "standard_deviation": 1892.2945639051106,
      "frequency_distribution": "removed",
      "lower_outlier_bound": 63053.02736917617,
      "median": 69980.26157087553,
      "minimum": 63898.13104356511,
      "outliers": "removed",
      "standard_deviation_ratio": 0.027277313958478353,
      "upper_outlier_bound": 75558.92097263342
    },
    {
      "maximum": 67722.32222551804,
      "total": 3793744.2485916833,
      "mode": null,
      "n": 800,
      "percentiles": {
        "25": 64243.63358019745,
        "50": 65687.61924002608,
        "75": 66861.31185827742
      },
      "average": 65409.383596408334,
      "sample_size": 58,
      "variance": 2814357.962256597,
      "standard_deviation": 1677.6048289917971,
      "frequency_distribution": "removed",
      "lower_outlier_bound": 59792.45572252796,
      "median": 65687.61924002608,
      "minimum": 60105.79822603747,
      "outliers": "removed",
      "standard_deviation_ratio": 0.025647770040809793,
      "upper_outlier_bound": 71085.64235387469
    },
    {
      "maximum": 65986.47805091781,
      "total": 3516685.794223025,
      "mode": null,
      "n": 900,
      "percentiles": {
        "25": 63171.23384158802,
        "50": 64038.525576987115,
        "75": 64741.177719712134
      },
      "average": 63939.74171314591,
      "sample_size": 55,
      "variance": 1505258.2279340697,
      "standard_deviation": 1226.8896559732134,
      "frequency_distribution": "removed",
      "lower_outlier_bound": 60127.87326657644,
      "median": 64038.525576987115,
      "minimum": 60169.26818525877,
      "outliers": "removed",
      "standard_deviation_ratio": 0.019188217266773333,
      "upper_outlier_bound": 67505.10373251556
    },
    {
      "maximum": 63418.98066672374,
      "total": 3553628.936793731,
      "mode": null,
      "n": 1000,
      "percentiles": {
        "25": 60353.58198520353,
        "50": 61507.97303727658,
        "75": 62458.48831110723
      },
      "average": 61269.464427478124,
      "sample_size": 58,
      "variance": 2288274.541809958,
      "standard_deviation": 1512.7043801780828,
      "frequency_distribution": "removed",
      "lower_outlier_bound": 57153.642797925335,
      "median": 61507.97303727658,
      "minimum": 57314.37450243958,
      "outliers": "removed",
      "standard_deviation_ratio": 0.024689368420522138,
      "upper_outlier_bound": 65669.42871380757
    },
    {
      "maximum": 47845.333261884305,
      "total": 2546366.677895538,
      "mode": null,
      "n": 2000,
      "percentiles": {
        "25": 45837.118715387245,