{
  "build_type": "from_ordset_or_orddict",
  "name": "runtime",
  "timestamp": "2026-03-05T19:28:36.469223Z",
  "impl_mod": "gb_trees",
  "group_id": "insert_x100",
  "impl_description": ":gb_trees.insert/3",
  "tweaks": "none",
  "measurements": [
    {
      "maximum": 188972.3306713431,
      "total": 9891163.399510171,
      "mode": null,
      "n": 0,
      "percentiles": {
        "25": 164051.14458483577,
        "50": 170867.4427465916,
        "75": 174472.8738299413
      },
      "average": 167646.83727983342,
      "sample_size": 59,
      "variance": 113392593.0750798,
      "standard_deviation": 10648.595826449598,
      "frequency_distribution": "removed",
      "lower_outlier_bound": 138067.70892632508,
      "median": 170867.4427465916,
      "minimum": 143434.98092314752,
      "outliers": "removed",
      "standard_deviation_ratio": 0.06351802395577039,
      "upper_outlier_bound": 196068.69874974608
    },
    {
      "maximum": 161052.38067629116,
      "total": 8503349.785776516,
      "mode": null,
      "n": 100,
      "percentiles": {
        "25": 137554.79839280972,
        "50": 146551.4967304361,
        "75": 149370.99872437166
      },
      "average": 144124.57264027995,
      "sample_size": 59,
      "variance": 77344376.00917467,
      "standard_deviation": 8794.565140424776,
      "frequency_distribution": "removed",
      "lower_outlier_bound": 119830.49789546682,
      "median": 146551.4967304361,
      "minimum": 120081.60746043011,
      "outliers": "removed",
      "standard_deviation_ratio": 0.061020580871903804,
      "upper_outlier_bound": 167095.29922171455
    },
    {
      "maximum": 139956.0537991071,
      "total": 7531730.941575143,
      "mode": null,
      "n": 200,
      "percentiles": {
        "25": 121049.33147574923,
        "50": 126170.06968694307,
        "75": 129510.22368956546
      },
      "average": 125528.84902625237,
      "sample_size": 60,
      "variance": 32969040.35133238,
      "standard_deviation": 5741.867322686269,
      "frequency_distribution": "removed",
      "lower_outlier_bound": 108357.99315502489,
      "median": 126170.06968694307,
      "minimum": 114256.72572215964,
      "outliers": "removed",
      "standard_deviation_ratio": 0.045741416154349096,
      "upper_outlier_bound": 142201.5620102898
    },
    {
      "maximum": 122128.00724951852,
      "total": 6951068.303516763,
      "mode": null,
      "n": 300,
      "percentiles": {
        "25": 109622.07396909586,
        "50": 114698.10312277055,
        "75": 117788.7534334056
      },
      "average": 113951.93940191415,
      "sample_size": 61,
      "variance": 22635337.807915792,
      "standard_deviation": 4757.660959748581,
      "frequency_distribution": "removed",
      "lower_outlier_bound": 97372.05477263125,
      "median": 114698.10312277055,
      "minimum": 102871.87410951534,
      "outliers": "removed",
      "standard_deviation_ratio": 0.041751469827714605,
      "upper_outlier_bound": 130038.7726298702
    },
    {
      "maximum": 113703.42281413697,
      "total": 6162801.640132908,
      "mode": null,
      "n": 400,
      "percentiles": {
        "25": 101095.98153582994,
        "50": 105740.99588984749,
        "75": 107627.3338987356
      },
      "average": 104454.26508699844,
      "sample_size": 59,
      "variance": 17109662.276529867,
      "standard_deviation": 4136.382752663233,
      "frequency_distribution": "removed",
      "lower_outlier_bound": 91506.07581203715,
      "median": 105740.99588984749,
      "minimum": 95210.98277728533,
      "outliers": "removed",
      "standard_deviation_ratio": 0.039599941172513156,
      "upper_outlier_bound": 117485.08930809463
    },
    {
      "maximum": 103340.37425749941,
      "total": 5851769.881426472,
      "mode": null,
      "n": 500,
      "percentiles": {
        "25": 94621.81556860058,
        "50": 98835.19938200279,
        "75": 100990.7782062683
      },
      "average": 97529.49802377453,
      "sample_size": 60,
      "variance": 16416487.161642473,
      "standard_deviation": 4051.7264421037203,
      "frequency_distribution": "removed",
      "lower_outlier_bound": 85068.371612099,
      "median": 98835.19938200279,
      "minimum": 87364.55218241019,
      "outliers": "removed",
      "standard_deviation_ratio": 0.04154359987699353,
      "upper_outlier_bound": 110544.22216276987
    },
    {
      "maximum": 95724.2834319453,
      "total": 5442746.995996707,
      "mode": null,
      "n": 600,
      "percentiles": {
        "25": 88437.98469369592,
        "50": 90715.37522269248,
        "75": 93331.46690910509
      },
      "average": 90712.44993327845,
      "sample_size": 60,
      "variance": 9290447.897649596,
      "standard_deviation": 3048.023605166075,
      "frequency_distribution": "removed",
      "lower_outlier_bound": 81097.76137058217,
      "median": 90715.37522269248,
      "minimum": 83736.875291509,
      "outliers": "removed",
      "standard_deviation_ratio": 0.03360094019517698,
      "upper_outlier_bound": 100671.69023221884
    },
    {
      "maximum": 91211.91446511509,
      "total": 5048725.116248936,
      "mode": null,
      "n": 700,
      "percentiles": {
        "25": 85271.39227031579,
        "50": 87829.81497711054,
        "75": 89311.9074900883
      },
      "average": 87046.9847629127,
      "sample_size": 58,
      "variance": 8392544.275403712,
      "standard_deviation": 2896.988829009134,
      "frequency_distribution": "removed",
      "lower_outlier_bound": 79134.48382497115,
      "median": 87829.81497711054,
      "minimum": 79247.15205547301,
      "outliers": "removed",
      "standard_deviation_ratio": 0.03328074874620387,
      "upper_outlier_bound": 95491.72037658714
    },
    {
      "maximum": 91804.85592604935,
      "total": 4773669.888530176,
      "mode": null,
      "n": 800,
      "percentiles": {
        "25": 79562.53556407198,
        "50": 82322.41693784522,
        "75": 84851.28729623763
      },
      "average": 82304.65325052028,
      "sample_size": 58,
      "variance": 12400967.714830413,
      "standard_deviation": 3521.5007759235855,
      "frequency_distribution": "removed",
      "lower_outlier_bound": 71629.40796582351,
      "median": 82322.41693784522,
      "minimum": 73906.27944703322,
      "outliers": "removed",
      "standard_deviation_ratio": 0.04278616866539468,
      "upper_outlier_bound": 92784.41489448611
    },
    {
      "maximum": 84174.16307734007,
      "total": 4624077.815103245,
      "mode": null,
      "n": 900,
      "percentiles": {
        "25": 78408.0893036532,
        "50": 79624.88469569082,
        "75": 81089.80372558639
      },
      "average": 79725.4795707456,
      "sample_size": 58,
      "variance": 4532804.48314861,
      "standard_deviation": 2129.0383940052866,
      "frequency_distribution": "removed",
      "lower_outlier_bound": 74049.64644012728,
      "median": 79624.88469569082,
      "minimum": 74829.8556157936,
      "outliers": "removed",
      "standard_deviation_ratio": 0.02670461696145775,
      "upper_outlier_bound": 85294.40229212778
    },
    {
      "maximum": 80463.59907241563,
      "total": 4435131.797642027,
      "mode": null,
      "n": 1000,
      "percentiles": {
        "25": 75157.34308569024,
        "50": 76324.11042354777,
        "75": 78135.6875671633
      },
      "average": 76467.78961451771,
      "sample_size": 58,
      "variance": 4192782.103128492,
      "standard_deviation": 2047.6284094357775,
      "frequency_distribution": "removed",
      "lower_outlier_bound": 70247.30721225945,
      "median": 76324.11042354777,
      "minimum": 70817.1162137204,
      "outliers": "removed",
      "standard_deviation_ratio": 0.026777659191642534,
      "upper_outlier_bound": 82817.88931720372
    },
    {
      "maximum": 58440.91331459328,
      "total": 3022984.039506712,
      "mode": null,
      "n": 2000,