{
  "build_type": "from_ordset_or_orddict",
  "name": "runtime",
  "timestamp": "2026-03-19T20:43:49.061323Z",
  "impl_mod": "gb_trees",
  "tweaks": [
    "duplicate_variants",
    10
  ],
  "impl_description": ":gb_trees.largest/1",
  "group_id": "largest",
  "measurements": [
    {
      "maximum": 9036035.710413128,
      "total": 369317893.7103838,
      "mode": null,
      "n": 100,
      "percentiles": {
        "25": 8241007.456747771,
        "50": 8390605.198587809,
        "75": 8542373.715784924
      },
      "average": 8393588.493417813,
      "variance": 44353101995.71136,
      "standard_deviation": 210601.7616158786,
      "standard_deviation_ratio": 0.025090789449712825,
      "median": 8390605.198587809,
      "frequency_distribution": "removed",
      "minimum": 8028259.473346178,
      "lower_outlier_bound": 7735329.756525418,
      "upper_outlier_bound": 9069305.107793635,
      "outliers": "removed",
      "sample_size": 44
    },
    {
      "maximum": 7933233.90346841,
      "total": 317169874.4626575,
      "mode": null,
      "n": 200,
      "percentiles": {
        "25": 7176484.096911241,
        "50": 7524680.953527571,
        "75": 7709862.456053784
      },
      "average": 7376043.592154826,
      "variance": 223579328397.43073,
      "standard_deviation": 472841.7583054935,
      "standard_deviation_ratio": 0.06410506559484123,
      "median": 7524680.953527571,
      "frequency_distribution": "removed",
      "minimum": 6220917.212033742,
      "lower_outlier_bound": 6116124.658756534,
      "upper_outlier_bound": 8877721.33816046,
      "outliers": "removed",
      "sample_size": 43
    },
    {
      "maximum": 7948493.760432398,
      "total": 324723515.5366852,
      "mode": null,
      "n": 300,
      "percentiles": {
        "25": 6469666.824753818,
        "50": 6853596.640083313,
        "75": 7088079.156300893
      },
      "average": 6765073.240347609,
      "variance": 227696755369.719,
      "standard_deviation": 477175.8118028606,
      "standard_deviation_ratio": 0.07053520262824854,
      "median": 6853596.640083313,
      "frequency_distribution": "removed",
      "minimum": 5687182.228692972,
      "lower_outlier_bound": 5505662.091392374,
      "upper_outlier_bound": 8085834.091916503,
      "outliers": "removed",
      "sample_size": 48
    },
    {
      "maximum": 7944704.8542146655,
      "total": 324519781.0323285,
      "mode": null,
      "n": 400,
      "percentiles": {
        "25": 6367521.500382118,
        "50": 6789895.137895685,
        "75": 6992567.271572382
      },
      "average": 6760828.771506843,
      "variance": 292034867425.0985,
      "standard_deviation": 540402.5050137152,
      "standard_deviation_ratio": 0.07993139943008365,
      "median": 6789895.137895685,
      "frequency_distribution": "removed",
      "minimum": 5642512.949567219,
      "lower_outlier_bound": 5401238.973697485,
      "upper_outlier_bound": 7945878.20693356,
      "outliers": "removed",
      "sample_size": 48
    },
    {
      "maximum": 8122025.30823086,
      "total": 332757202.14301765,
      "mode": null,
      "n": 500,
      "percentiles": {
        "25": 6102549.74592736,
        "50": 6755662.587170623,
        "75": 7021323.794765512
      },
      "average": 6655144.042860353,
      "variance": 384069446928.0368,
      "standard_deviation": 619733.3676090362,
      "standard_deviation_ratio": 0.09312095480095384,
      "median": 6755662.587170623,
      "frequency_distribution": "removed",
      "minimum": 5745937.622101175,
      "lower_outlier_bound": 4724388.672670132,
      "upper_outlier_bound": 8399484.868022742,
      "outliers": "removed",
      "sample_size": 50
    },
    {
      "maximum": 7480326.740672032,
      "total": 299754144.18970567,
      "mode": null,
      "n": 600,
      "percentiles": {
        "25": 5728428.405849306,
        "50": 6253204.767443315,
        "75": 6443133.5252195615
      },
      "average": 6117431.514075626,
      "variance": 230794614413.2152,
      "standard_deviation": 480410.88082308794,
      "standard_deviation_ratio": 0.07853146859392024,
      "median": 6253204.767443315,
      "frequency_distribution": "removed",
      "minimum": 5185377.2361939335,
      "lower_outlier_bound": 4647572.1578945285,
      "upper_outlier_bound": 7533968.28437887,
      "outliers": "removed",
      "sample_size": 49
    },
    {
      "maximum": 7197144.173192077,
      "total": 292753836.9409606,
      "mode": null,
      "n": 700,
      "percentiles": {
        "25": 5607868.737375506,
        "50": 5986518.3606518125,
        "75": 6331812.946425388
      },
      "average": 5974568.100835931,
      "variance": 282018593448.5324,
      "standard_deviation": 531054.2283501115,
      "standard_deviation_ratio": 0.08888579381592607,
      "median": 5986518.3606518125,
      "frequency_distribution": "removed",
      "minimum": 5001850.684753358,
      "lower_outlier_bound": 4579496.522677,
      "upper_outlier_bound": 7401272.5550376205,
      "outliers": "removed",
      "sample_size": 49
    },
    {
      "maximum": 6654865.372073523,
      "total": 280520001.3974025,
      "mode": null,
      "n": 800,
      "percentiles": {
        "25": 5521175.626547829,
        "50": 5759373.85777781,
        "75": 6260958.432585506
      },
      "average": 5844166.695779219,
      "variance": 188267811205.59824,
      "standard_deviation": 433898.388111316,
      "standard_deviation_ratio": 0.0742446974390184,
      "median": 5759373.85777781,
      "frequency_distribution": "removed",
      "minimum": 4963764.519011218,
      "lower_outlier_bound": 4401821.274900561,
      "upper_outlier_bound": 7402937.46941979,
      "outliers": "removed",
      "sample_size": 48
    },
    {
      "maximum": 6537656.9037656905,
      "total": 273578213.1949553,
      "mode": null,
      "n": 900,
      "percentiles": {
        "25": 5333674.688513398,
        "50": 5940782.282210922,
        "75": 6319275.052765947
      },
      "average": 5820813.046701176,
      "variance": 293433243759.0259,
      "standard_deviation": 541694.788380898,
      "standard_deviation_ratio": 0.09306170530384791,
      "median": 5940782.282210922,
      "frequency_distribution": "removed",
      "minimum": 4495877.280533751,
      "lower_outlier_bound": 3865389.4665623973,
      "upper_outlier_bound": 7806138.591201562,
      "outliers": "removed",
      "sample_size": 47
    },
    {
      "maximum": 7223972.028780305,
      "total": 307804302.9826478,
      "mode": null,
      "n": 1000,
      "percentiles": {
        "25": 5963223.610441985,
        "50": 6281967.323431226,
        "75": 6408676.564883193
      },
      "average": 6156086.059652955,
      "variance": 189390982867.98334,
      "standard_deviation": 435190.743086274,
      "standard_deviation_ratio": 0.07069276466723202,
      "median": 6281967.323431226,
      "frequency_distribution": "removed",
      "minimum": 5043830.890437906,
      "lower_outlier_bound": 5036005.089804552,
      "upper_outlier_bound": 7229156.142970285,
      "outliers": "removed",
      "sample_size": 50
    },
    {
      "maximum": 6136324.587025356,
      "total": 236738322.0820933,
      "mode": null,
      "n": 2000,
      "percentiles": {
        "25": 4813661.81932314,
        "50": 5341081.462174461,
        "75": 5687346.257798022
      },
      "average": 5260851.601824296,
      "variance": 272107771878.11526,
      "standard_deviation": 521639.50375533797,
      "standard_deviation_ratio": 0.09915495498379959,
      "median": 5341081.462174461,
      "frequency_distribution": "removed",
      "minimum": 4192555.698102449,
      "lower_outlier_bound": 3384075.1239957977,
      "upper_outlier_bound": 7231134.38056262,
      "outliers": "removed",
      "sample_size": 45
    },
    {
      "maximum": 5894210.706244327,
      "total": 235254586.56599593,
      "mode": null,
      "n": 3000,