{
  "build_type": "from_ordset_or_orddict",
  "name": "runtime",
  "timestamp": "2026-04-02T22:07:06.936021Z",
  "impl_mod": "gb_trees",
  "impl_description": ":gb_trees.lookup/2",
  "tweaks": "none",
  "group_id": "lookup_missing_x100",
  "measurements": [
    {
      "maximum": 667654.795764398,
      "total": 29120042.390172604,
      "mode": null,
      "n": 0,
      "percentiles": {
        "25": 571059.2390477097,
        "50": 622692.4502329939,
        "75": 638128.1888301886
      },
      "frequency_distribution": "removed",
      "outliers": "removed",
      "median": 622692.4502329939,
      "average": 606667.5497952626,
      "sample_size": 48,
      "variance": 1772787639.602882,
      "standard_deviation": 42104.48479203708,
      "lower_outlier_bound": 470455.81437399145,
      "minimum": 497460.4643295974,
      "standard_deviation_ratio": 0.06940289587970619,
      "upper_outlier_bound": 738731.6135039069
    },
    {
      "maximum": 247598.2965237199,
      "total": 11050620.494155688,
      "mode": null,
      "n": 100,
      "percentiles": {
        "25": 230915.4179915439,
        "50": 234572.73748730376,
        "75": 238747.24545365557
      },
      "frequency_distribution": "removed",
      "outliers": "removed",
      "median": 234572.73748730376,
      "average": 235119.5849820359,
      "sample_size": 47,
      "variance": 28411290.32835987,
      "standard_deviation": 5330.224228713072,
      "lower_outlier_bound": 219167.67679837637,
      "minimum": 224895.98560665693,
      "standard_deviation_ratio": 0.02267026895747678,
      "upper_outlier_bound": 250494.98664682312
    },
    {
      "maximum": 198666.55011562392,
      "total": 9077174.601060493,
      "mode": null,
      "n": 200,
      "percentiles": {
        "25": 190938.0787810513,
        "50": 194184.1836982378,
        "75": 196133.04096434693
      },
      "frequency_distribution": "removed",
      "outliers": "removed",
      "median": 194184.1836982378,
      "average": 193131.3744906488,
      "sample_size": 47,
      "variance": 14354376.348322164,
      "standard_deviation": 3788.716979179385,
      "lower_outlier_bound": 182078.05556411314,
      "minimum": 183746.855631933,
      "standard_deviation_ratio": 0.019617304485982572,
      "upper_outlier_bound": 204575.2651084924
    },
    {
      "maximum": 178545.6032252478,
      "total": 7740220.10966229,
      "mode": null,
      "n": 300,
      "percentiles": {
        "25": 164917.11227182555,
        "50": 169279.93022323295,
        "75": 171662.8247640726
      },
      "frequency_distribution": "removed",
      "outliers": "removed",
      "median": 169279.93022323295,
      "average": 168265.65455787585,
      "sample_size": 46,
      "variance": 23116326.114901867,
      "standard_deviation": 4807.944063204341,
      "lower_outlier_bound": 154978.87491661496,
      "minimum": 155804.98202010506,
      "standard_deviation_ratio": 0.02857353198926655,
      "upper_outlier_bound": 181945.66013491654
    },
    {
      "maximum": 160625.79810943437,
      "total": 7058484.564272212,
      "mode": null,
      "n": 400,
      "percentiles": {
        "25": 150889.0296214243,
        "50": 153808.77392518142,
        "75": 155793.1282748977
      },
      "frequency_distribution": "removed",
      "outliers": "removed",
      "median": 153808.77392518142,
      "average": 153445.31661461332,
      "sample_size": 46,
      "variance": 11361940.915108742,
      "standard_deviation": 3370.747827279392,
      "lower_outlier_bound": 143055.02355864493,
      "minimum": 146225.9805548691,
      "standard_deviation_ratio": 0.021967094869015897,
      "upper_outlier_bound": 164555.27599098487
    },
    {
      "maximum": 148335.38036158233,
      "total": 6514335.704346361,
      "mode": null,
      "n": 500,
      "percentiles": {
        "25": 139860.32479307867,
        "50": 141326.88365175299,
        "75": 143423.2795498521
      },
      "frequency_distribution": "removed",
      "outliers": "removed",
      "median": 141326.88365175299,
      "average": 141615.99357274696,
      "sample_size": 46,
      "variance": 8334969.921134973,
      "standard_deviation": 2887.034797354367,
      "lower_outlier_bound": 134515.89265791854,
      "minimum": 134740.20068205488,
      "standard_deviation_ratio": 0.020386361204826214,
      "upper_outlier_bound": 148767.71168501224
    },
    {
      "maximum": 135717.06791417795,
      "total": 6311272.353853627,
      "mode": null,
      "n": 600,
      "percentiles": {
        "25": 129754.99656667378,
        "50": 131768.19117669202,
        "75": 132875.4265466521
      },
      "frequency_distribution": "removed",
      "outliers": "removed",
      "median": 131768.19117669202,
      "average": 131484.8407052839,
      "sample_size": 48,
      "variance": 5911930.243770597,
      "standard_deviation": 2431.446121913993,
      "lower_outlier_bound": 124868.8677502277,
      "minimum": 126029.82117628673,
      "standard_deviation_ratio": 0.018492216356438742,
      "upper_outlier_bound": 137624.9389817092
    },
    {
      "maximum": 130284.84174951697,
      "total": 6132575.380459068,
      "mode": null,
      "n": 700,
      "percentiles": {
        "25": 123330.88208718467,
        "50": 125255.05059677768,
        "75": 127203.88795389219
      },
      "frequency_distribution": "removed",
      "outliers": "removed",
      "median": 125255.05059677768,
      "average": 125154.59960120548,
      "sample_size": 49,
      "variance": 6178844.606395676,
      "standard_deviation": 2485.728184334658,
      "lower_outlier_bound": 117484.42044838898,
      "minimum": 120015.45799098923,
      "standard_deviation_ratio": 0.019861261130275837,
      "upper_outlier_bound": 133124.67246846383
    },
    {
      "maximum": 123588.61798263827,
      "total": 5334453.871030205,
      "mode": null,
      "n": 800,
      "percentiles": {
        "25": 116301.0525610683,
        "50": 118116.74659233187,
        "75": 120335.96713652062
      },
      "frequency_distribution": "removed",
      "outliers": "removed",
      "median": 118116.74659233187,
      "average": 118543.41935622678,
      "sample_size": 45,
      "variance": 5780586.566747886,
      "standard_deviation": 2404.285042740957,
      "lower_outlier_bound": 110155.94097744467,
      "minimum": 114322.55881324038,
      "standard_deviation_ratio": 0.020281893805644356,
      "upper_outlier_bound": 126620.63423436318
    },
    {
      "maximum": 114736.79379503419,
      "total": 5330901.772002575,
      "mode": null,
      "n": 900,
      "percentiles": {
        "25": 109874.44494115957,
        "50": 111119.70451857167,
        "75": 112515.71453807564
      },
      "frequency_distribution": "removed",
      "outliers": "removed",
      "median": 111119.70451857167,
      "average": 111060.45358338697,
      "sample_size": 48,
      "variance": 2804402.9489914095,
      "standard_deviation": 1674.6351689222968,
      "lower_outlier_bound": 105913.78833697943,
      "minimum": 107602.89796124789,
      "standard_deviation_ratio": 0.01507859111762891,
      "upper_outlier_bound": 116493.32810100543
    },
    {
      "maximum": 108236.35356054308,
      "total": 5113061.697895314,
      "mode": null,
      "n": 1000,
      "percentiles": {
        "25": 102954.08836883551,
        "50": 104055.8904999053,
        "75": 105642.37330220031
      },
      "frequency_distribution": "removed",
      "outliers": "removed",
      "median": 104055.8904999053,
      "average": 104348.19791623089,
      "sample_size": 49,
      "variance": 3114529.804689826,
      "standard_deviation": 1764.8030498301578,
      "lower_outlier_bound": 98796.93386482976,
      "minimum": 101260.28551350103,
      "standard_deviation_ratio": 0.016912635628330775,
      "upper_outlier_bound": 109717.85240328514
    },
    {
      "maximum": 73815.3921331984,
      "total": 3542612.668006714,
      "mode": null,