{
  "build_type": "from_ordset_or_orddict",
  "name": "runtime",
  "timestamp": "2026-04-02T22:07:06.907805Z",
  "impl_mod": "gb_trees",
  "impl_description": ":gb_trees.take_smallest/1 + :gb_trees.insert/3",
  "tweaks": "none",
  "group_id": "take_smallest + insert largest x300",
  "measurements": [
    {
      "maximum": 16793.09065078264,
      "total": 647964.7238488288,
      "mode": null,
      "n": 100,
      "percentiles": {
        "25": 16583.877187765807,
        "50": 16668.764152822565,
        "75": 16730.630656103393
      },
      "frequency_distribution": "removed",
      "outliers": "removed",
      "median": 16668.764152822565,
      "average": 16614.48009868792,
      "sample_size": 39,
      "variance": 32093.213968017324,
      "standard_deviation": 179.14578970217894,
      "lower_outlier_bound": 15729.034203860956,
      "minimum": 15840.623056058539,
      "standard_deviation_ratio": 0.01078250951206872,
      "upper_outlier_bound": 17317.05809383713
    },
    {
      "maximum": 15316.84189389074,
      "total": 680637.3121592884,
      "mode": null,
      "n": 200,
      "percentiles": {
        "25": 13634.854505876281,
        "50": 15095.262427363485,
        "75": 15169.679693730235
      },
      "frequency_distribution": "removed",
      "outliers": "removed",
      "median": 15095.262427363485,
      "average": 14481.644939559328,
      "sample_size": 47,
      "variance": 674651.8904785067,
      "standard_deviation": 821.3719562284232,
      "lower_outlier_bound": 11303.312158394583,
      "minimum": 12661.123879854544,
      "standard_deviation_ratio": 0.05671813938654798,
      "upper_outlier_bound": 17486.912938030684
    },
    {
      "maximum": 13882.337196972872,
      "total": 659276.7381380588,
      "mode": null,
      "n": 300,
      "percentiles": {
        "25": 12364.644058884322,
        "50": 13569.238741154491,
        "75": 13768.493971639618
      },
      "frequency_distribution": "removed",
      "outliers": "removed",
      "median": 13569.238741154491,
      "average": 13185.534762761175,
      "sample_size": 50,
      "variance": 513172.1687600386,
      "standard_deviation": 716.3603623596427,
      "lower_outlier_bound": 10258.869189751376,
      "minimum": 11429.054714313634,
      "standard_deviation_ratio": 0.054329261213037834,
      "upper_outlier_bound": 15874.268840772564
    },
    {
      "maximum": 12717.549582546435,
      "total": 583549.654766924,
      "mode": null,
      "n": 400,
      "percentiles": {
        "25": 11388.963901897729,
        "50": 12582.363057996721,
        "75": 12645.632647325629
      },
      "frequency_distribution": "removed",
      "outliers": "removed",
      "median": 12582.363057996721,
      "average": 12157.284474310916,
      "sample_size": 48,
      "variance": 483813.9475235532,
      "standard_deviation": 695.5673565684011,
      "lower_outlier_bound": 9503.96078375588,
      "minimum": 9888.968637927082,
      "standard_deviation_ratio": 0.057214039700903385,
      "upper_outlier_bound": 14530.63576546748
    },
    {
      "maximum": 12372.902452779437,
      "total": 572889.8109886731,
      "mode": null,
      "n": 500,
      "percentiles": {
        "25": 10975.156367101825,
        "50": 12143.342442864056,
        "75": 12290.312012601096
      },
      "frequency_distribution": "removed",
      "outliers": "removed",
      "median": 12143.342442864056,
      "average": 11691.628795687207,
      "sample_size": 49,
      "variance": 567582.1240650692,
      "standard_deviation": 753.3804643505625,
      "lower_outlier_bound": 9002.422898852918,
      "minimum": 9817.302937523567,
      "standard_deviation_ratio": 0.06443759697780249,
      "upper_outlier_bound": 14263.045480850004
    },
    {
      "maximum": 11608.612383092566,
      "total": 511564.1960920395,
      "mode": null,
      "n": 600,
      "percentiles": {
        "25": 10406.187458573087,
        "50": 11503.157915685026,
        "75": 11536.024040169461
      },
      "frequency_distribution": "removed",
      "outliers": "removed",
      "median": 11503.157915685026,
      "average": 11120.960784609555,
      "sample_size": 46,
      "variance": 391512.7883437289,
      "standard_deviation": 625.7098275908162,
      "lower_outlier_bound": 8711.432586178527,
      "minimum": 8971.586984021604,
      "standard_deviation_ratio": 0.056264008093324484,
      "upper_outlier_bound": 13230.778912564021
    },
    {
      "maximum": 11170.230174880007,
      "total": 517075.0478934749,
      "mode": null,
      "n": 700,
      "percentiles": {
        "25": 9953.82371956866,
        "50": 11033.04131079592,
        "75": 11115.096031526551
      },
      "frequency_distribution": "removed",
      "outliers": "removed",
      "median": 11033.04131079592,
      "average": 10552.551997826018,
      "sample_size": 49,
      "variance": 412855.09157471615,
      "standard_deviation": 642.5380078833595,
      "lower_outlier_bound": 8211.915251631823,
      "minimum": 9092.742518445992,
      "standard_deviation_ratio": 0.060889347715674065,
      "upper_outlier_bound": 12857.004499463388
    },
    {
      "maximum": 12336.009712880608,
      "total": 570941.1079079576,
      "mode": null,
      "n": 800,
      "percentiles": {
        "25": 10925.253845858619,
        "50": 12143.463361895974,
        "75": 12210.24194836861
      },
      "frequency_distribution": "removed",
      "outliers": "removed",
      "median": 12143.463361895974,
      "average": 11651.85934506036,
      "sample_size": 49,
      "variance": 557151.3938384076,
      "standard_deviation": 746.4257456963871,
      "lower_outlier_bound": 8997.771692093633,
      "minimum": 9523.525632045445,
      "standard_deviation_ratio": 0.06406065535049767,
      "upper_outlier_bound": 14137.724102133598
    },
    {
      "maximum": 12212.954353960973,
      "total": 572463.8671019191,
      "mode": null,
      "n": 900,
      "percentiles": {
        "25": 10861.7617462403,
        "50": 12079.658097357213,
        "75": 12113.962899418613
      },
      "frequency_distribution": "removed",
      "outliers": "removed",
      "median": 12079.658097357213,
      "average": 11682.936063304473,
      "sample_size": 49,
      "variance": 366183.6581462319,
      "standard_deviation": 605.1311082288134,
      "lower_outlier_bound": 8975.416278467108,
      "minimum": 10485.419342851508,
      "standard_deviation_ratio": 0.051796149953221134,
      "upper_outlier_bound": 13996.36887135565
    },
    {
      "maximum": 12160.46166949519,
      "total": 533376.6858507702,
      "mode": null,
      "n": 1000,
      "percentiles": {
        "25": 10907.67401379436,
        "50": 12022.656684699246,
        "75": 12073.709260746897
      },
      "frequency_distribution": "removed",
      "outliers": "removed",
      "median": 12022.656684699246,
      "average": 11595.14534458196,
      "sample_size": 46,
      "variance": 358373.27342660754,
      "standard_deviation": 598.6428596639298,
      "lower_outlier_bound": 9069.568575220856,
      "minimum": 10318.64278478706,
      "standard_deviation_ratio": 0.05162874995298411,
      "upper_outlier_bound": 13872.18894456734
    },
    {
      "maximum": 11711.55334196787,
      "total": 550595.3498236096,
      "mode": null,
      "n": 2000,
      "percentiles": {
        "25": 10470.610791412715,
        "50": 11603.461451792607,
        "75": 11653.771624714143
      },
      "frequency_distribution": "removed",
      "outliers": "removed",
      "median": 11603.461451792607,
      "average": 11236.639792318563,
      "sample_size": 49,
      "variance": 370550.194713427,
      "standard_deviation": 608.728342295171,
      "lower_outlier_bound": 8695.869541460572,
      "minimum": 9409.654286478619,
      "standard_deviation_ratio": 0.05417352104775144,
      "upper_outlier_bound": 13428.512874666285
    },
    {
      "maximum": 11150.451141677966,