{
  "build_type": "sequential",
  "name": "runtime",
  "timestamp": "2026-04-02T21:16:52.875810Z",
  "impl_mod": "gb_trees",
  "impl_description": ":gb_trees.enter/3",
  "tweaks": "none",
  "group_id": "add_existing_x300",
  "measurements": [
    {
      "maximum": 32111.326114279072,
      "total": 1310379.2146385063,
      "mode": null,
      "n": 300,
      "percentiles": {
        "25": 30958.425609158774,
        "50": 31110.658718741386,
        "75": 31604.210166443463
      },
      "frequency_distribution": "removed",
      "outliers": "removed",
      "median": 31110.658718741386,
      "average": 31199.505110440627,
      "sample_size": 42,
      "variance": 235342.7777799751,
      "standard_deviation": 485.1214051966529,
      "lower_outlier_bound": 29816.312539393366,
      "minimum": 30077.919859187212,
      "standard_deviation_ratio": 0.015549009623050447,
      "upper_outlier_bound": 32603.390260504042
    },
    {
      "maximum": 30662.58159312962,
      "total": 1174411.3954762053,
      "mode": null,
      "n": 400,
      "percentiles": {
        "25": 29942.369920613794,
        "50": 30063.307312538745,
        "75": 30273.334913601415
      },
      "frequency_distribution": "removed",
      "outliers": "removed",
      "median": 30063.307312538745,
      "average": 30113.112704518084,
      "sample_size": 39,
      "variance": 62496.5473084268,
      "standard_deviation": 249.99309452148233,
      "lower_outlier_bound": 29287.776510300268,
      "minimum": 29689.800959574368,
      "standard_deviation_ratio": 0.008301801842091672,
      "upper_outlier_bound": 30863.460249121177
    },
    {
      "maximum": 28873.31975324861,
      "total": 1234524.0766320727,
      "mode": null,
      "n": 500,
      "percentiles": {
        "25": 27717.822215065036,
        "50": 28153.007440972473,
        "75": 28413.80277436105
      },
      "frequency_distribution": "removed",
      "outliers": "removed",
      "median": 28153.007440972473,
      "average": 28057.36537800165,
      "sample_size": 44,
      "variance": 223385.9676303202,
      "standard_deviation": 472.63724740049867,
      "lower_outlier_bound": 26631.641006440354,
      "minimum": 27030.219515115703,
      "standard_deviation_ratio": 0.0168453894737768,
      "upper_outlier_bound": 29443.016664581643
    },
    {
      "maximum": 26492.248765394976,
      "total": 1110105.6615126133,
      "mode": null,
      "n": 600,
      "percentiles": {
        "25": 25603.95898655434,
        "50": 25897.530722240695,
        "75": 26175.098320213066
      },
      "frequency_distribution": "removed",
      "outliers": "removed",
      "median": 25897.530722240695,
      "average": 25816.410732851473,
      "sample_size": 43,
      "variance": 217946.37799569813,
      "standard_deviation": 466.84727480804486,
      "lower_outlier_bound": 24306.004504229615,
      "minimum": 24810.50357631004,
      "standard_deviation_ratio": 0.018083353245305325,
      "upper_outlier_bound": 27296.127093809777
    },
    {
      "maximum": 25569.581607493114,
      "total": 1073533.6468825,
      "mode": null,
      "n": 700,
      "percentiles": {
        "25": 24756.158032420168,
        "50": 24960.612154020953,
        "75": 25252.614529445305
      },
      "frequency_distribution": "removed",
      "outliers": "removed",
      "median": 24960.612154020953,
      "average": 24965.8987647093,
      "sample_size": 43,
      "variance": 124555.3818441206,
      "standard_deviation": 352.9240454320456,
      "lower_outlier_bound": 23964.078867840504,
      "minimum": 24280.88516452485,
      "standard_deviation_ratio": 0.014136244353074263,
      "upper_outlier_bound": 26056.795967774768
    },
    {
      "maximum": 24154.431843077353,
      "total": 944083.8651789449,
      "mode": null,
      "n": 800,
      "percentiles": {
        "25": 23485.01664074851,
        "50": 23606.610965587464,
        "75": 23804.59315397346
      },
      "frequency_distribution": "removed",
      "outliers": "removed",
      "median": 23606.610965587464,
      "average": 23602.09662947362,
      "sample_size": 40,
      "variance": 82360.57094616041,
      "standard_deviation": 286.9853148615107,
      "lower_outlier_bound": 22922.386048853405,
      "minimum": 22936.563657794726,
      "standard_deviation_ratio": 0.01215931446120476,
      "upper_outlier_bound": 24301.37372609195
    },
    {
      "maximum": 23434.845271434097,
      "total": 962359.2654504335,
      "mode": null,
      "n": 900,
      "percentiles": {
        "25": 22680.240987156718,
        "50": 22876.393028384424,
        "75": 23168.490297185686
      },
      "frequency_distribution": "removed",
      "outliers": "removed",
      "median": 22876.393028384424,
      "average": 22913.31584405794,
      "sample_size": 42,
      "variance": 95812.14364985819,
      "standard_deviation": 309.5353673651174,
      "lower_outlier_bound": 21947.867022113263,
      "minimum": 22287.7034950908,
      "standard_deviation_ratio": 0.013508973099822588,
      "upper_outlier_bound": 23900.864262229137
    },
    {
      "maximum": 23494.501699239834,
      "total": 1015693.3879325369,
      "mode": null,
      "n": 1000,
      "percentiles": {
        "25": 22894.945453736607,
        "50": 23108.41718658911,
        "75": 23306.02911013662
      },
      "frequency_distribution": "removed",
      "outliers": "removed",
      "median": 23108.41718658911,
      "average": 23083.940634830386,
      "sample_size": 44,
      "variance": 71314.89071172597,
      "standard_deviation": 267.04848007754316,
      "lower_outlier_bound": 22241.890464663295,
      "minimum": 22499.227714008717,
      "standard_deviation_ratio": 0.011568582864686672,
      "upper_outlier_bound": 23949.6955931145
    },
    {
      "maximum": 18695.139114269175,
      "total": 735763.0247923117,
      "mode": null,
      "n": 2000,
      "percentiles": {
        "25": 18311.91034820755,
        "50": 18410.618806142476,
        "75": 18517.13300339497
      },
      "frequency_distribution": "removed",
      "outliers": "removed",
      "median": 18410.618806142476,
      "average": 18394.075619807794,
      "sample_size": 40,
      "variance": 25135.550057881734,
      "standard_deviation": 158.54195046700332,
      "lower_outlier_bound": 17948.350647582403,
      "minimum": 17969.099976298756,
      "standard_deviation_ratio": 0.008619185532556813,
      "upper_outlier_bound": 18839.19416671365
    },
    {
      "maximum": 16479.84564317377,
      "total": 651288.4375773341,
      "mode": null,
      "n": 3000,
      "percentiles": {
        "25": 16253.991393203474,
        "50": 16314.202416305528,
        "75": 16369.533950712577
      },
      "frequency_distribution": "removed",
      "outliers": "removed",
      "median": 16314.202416305528,
      "average": 16282.210939433353,
      "sample_size": 40,
      "variance": 16753.175213344424,
      "standard_deviation": 129.4340573935022,
      "lower_outlier_bound": 15908.799403317136,
      "minimum": 15915.251920135355,
      "standard_deviation_ratio": 0.007949415338922437,
      "upper_outlier_bound": 16640.489734374343
    },
    {
      "maximum": 15567.359419349948,
      "total": 555350.2186712269,
      "mode": null,
      "n": 4000,
      "percentiles": {
        "25": 15393.47907851773,
        "50": 15418.684751880342,
        "75": 15481.210143617234
      },
      "frequency_distribution": "removed",
      "outliers": "removed",
      "median": 15418.684751880342,
      "average": 15426.394963089635,
      "sample_size": 36,
      "variance": 6759.637533626777,
      "standard_deviation": 82.21701486691656,
      "lower_outlier_bound": 15112.54920754506,
      "minimum": 15150.73465912362,
      "standard_deviation_ratio": 0.005329632429588069,
      "upper_outlier_bound": 15687.174565476118
    },
    {
      "maximum": 14656.779984583998,
      "total": 552131.9624357116,
      "mode": null,