{
  "build_type": "sequential",
  "name": "runtime",
  "timestamp": "2026-03-05T18:45:17.116926Z",
  "impl_mod": "gb_trees",
  "group_id": "delete_x100",
  "impl_description": ":gb_trees.delete/2",
  "tweaks": "none",
  "measurements": [
    {
      "maximum": 166725.2983966028,
      "total": 6733139.903551833,
      "mode": null,
      "n": 100,
      "percentiles": {
        "25": 157078.30445870396,
        "50": 160334.71993831283,
        "75": 163236.92425350376
      },
      "average": 160312.8548464722,
      "sample_size": 42,
      "variance": 12884209.3263392,
      "standard_deviation": 3589.458082543826,
      "frequency_distribution": "removed",
      "lower_outlier_bound": 143490.30807142475,
      "median": 160334.71993831283,
      "minimum": 152918.05885816086,
      "outliers": "removed",
      "standard_deviation_ratio": 0.02239033224117532,
      "upper_outlier_bound": 174073.6967671805
    },
    {
      "maximum": 135700.1244370141,
      "total": 6708796.279025765,
      "mode": null,
      "n": 200,
      "percentiles": {
        "25": 122239.69911529389,
        "50": 129251.73585081247,
        "75": 131205.58599308282
      },
      "average": 126581.06186841066,
      "sample_size": 53,
      "variance": 46924646.028595954,
      "standard_deviation": 6850.156642632047,
      "frequency_distribution": "removed",
      "lower_outlier_bound": 102682.07130151684,
      "median": 129251.73585081247,
      "minimum": 107078.8775135428,
      "outliers": "removed",
      "standard_deviation_ratio": 0.0541167576059145,
      "upper_outlier_bound": 148250.83521447453
    },
    {
      "maximum": 117726.97466397779,
      "total": 6049027.18281332,
      "mode": null,
      "n": 300,
      "percentiles": {
        "25": 104797.74559089685,
        "50": 111624.95800110955,
        "75": 113382.02713458674
      },
      "average": 109982.31241478764,
      "sample_size": 55,
      "variance": 24594236.578513417,
      "standard_deviation": 4959.257664057537,
      "frequency_distribution": "removed",
      "lower_outlier_bound": 91921.32327536203,
      "median": 111624.95800110955,
      "minimum": 99042.55561487105,
      "outliers": "removed",
      "standard_deviation_ratio": 0.04509141111121739,
      "upper_outlier_bound": 126258.44945012155
    },
    {
      "maximum": 109430.26228245263,
      "total": 4755317.843829799,
      "mode": null,
      "n": 400,
      "percentiles": {
        "25": 104901.80270178811,
        "50": 106311.61422491923,
        "75": 107178.09194085962
      },
      "average": 105673.72986288443,
      "sample_size": 45,
      "variance": 6545888.061080503,
      "standard_deviation": 2558.4933185530313,
      "frequency_distribution": "removed",
      "lower_outlier_bound": 98013.06761040342,
      "median": 106311.61422491923,
      "minimum": 98123.29388122764,
      "outliers": "removed",
      "standard_deviation_ratio": 0.024211252142540732,
      "upper_outlier_bound": 112474.79186279875
    },
    {
      "maximum": 99620.44610035764,
      "total": 4710206.575811978,
      "mode": null,
      "n": 500,
      "percentiles": {
        "25": 90750.8719891792,
        "50": 96631.54398050436,
        "75": 97862.12654423798
      },
      "average": 94204.13151623956,
      "sample_size": 50,
      "variance": 20827085.38441016,
      "standard_deviation": 4563.670166040723,
      "frequency_distribution": "removed",
      "lower_outlier_bound": 80083.99015659103,
      "median": 96631.54398050436,
      "minimum": 82277.23643927158,
      "outliers": "removed",
      "standard_deviation_ratio": 0.04844448000939328,
      "upper_outlier_bound": 108529.00837682615
    },
    {
      "maximum": 91150.47393688923,
      "total": 4710827.6908877725,
      "mode": null,
      "n": 600,
      "percentiles": {
        "25": 84260.42548716743,
        "50": 88443.8041543557,
        "75": 89575.43828393084
      },
      "average": 87237.54983125505,
      "sample_size": 54,
      "variance": 8957364.52165483,
      "standard_deviation": 2992.88565128286,
      "frequency_distribution": "removed",
      "lower_outlier_bound": 76287.90629202232,
      "median": 88443.8041543557,
      "minimum": 80770.68153493373,
      "outliers": "removed",
      "standard_deviation_ratio": 0.034307309834721925,
      "upper_outlier_bound": 97547.95747907594
    },
    {
      "maximum": 86604.6808097884,
      "total": 4248012.784131294,
      "mode": null,
      "n": 700,
      "percentiles": {
        "25": 82919.7022187654,
        "50": 84038.27439168894,
        "75": 84861.76442883365
      },
      "average": 83294.36831629988,
      "sample_size": 51,
      "variance": 6430001.518469742,
      "standard_deviation": 2535.7447660341804,
      "frequency_distribution": "removed",
      "lower_outlier_bound": 76313.88588553923,
      "median": 84038.27439168894,
      "minimum": 77406.75002341555,
      "outliers": "removed",
      "standard_deviation_ratio": 0.030443171816910947,
      "upper_outlier_bound": 89989.80021602055
    },
    {
      "maximum": 81480.6002838784,
      "total": 4084957.0417022295,
      "mode": null,
      "n": 800,
      "percentiles": {
        "25": 75171.97858498298,
        "50": 77965.77926016712,
        "75": 79338.60792163532
      },
      "average": 77074.661164193,
      "sample_size": 53,
      "variance": 9226058.743694412,
      "standard_deviation": 3037.442796777317,
      "frequency_distribution": "removed",
      "lower_outlier_bound": 68922.03458000446,
      "median": 77965.77926016712,
      "minimum": 69973.17928038182,
      "outliers": "removed",
      "standard_deviation_ratio": 0.03940909698333437,
      "upper_outlier_bound": 85588.55192661384
    },
    {
      "maximum": 82753.84950219422,
      "total": 3667278.4065509103,
      "mode": null,
      "n": 900,
      "percentiles": {
        "25": 72658.75057923375,
        "50": 75732.27429320962,
        "75": 76617.14169589686
      },
      "average": 74842.41646022267,
      "sample_size": 49,
      "variance": 6810350.626072113,
      "standard_deviation": 2609.6648493766616,
      "frequency_distribution": "removed",
      "lower_outlier_bound": 65696.7759490643,
      "median": 75732.27429320962,
      "minimum": 69713.85946383071,
      "outliers": "removed",
      "standard_deviation_ratio": 0.03486879463283563,
      "upper_outlier_bound": 83181.28936231282
    },
    {
      "maximum": 76371.03185664852,
      "total": 3792575.497895532,
      "mode": null,
      "n": 1000,
      "percentiles": {
        "25": 71206.05055648935,
        "50": 73539.03755153307,
        "75": 74505.72790032471
      },
      "average": 72934.14419029868,
      "sample_size": 52,
      "variance": 5376668.326097818,
      "standard_deviation": 2318.76439641845,
      "frequency_distribution": "removed",
      "lower_outlier_bound": 65554.11527047819,
      "median": 73539.03755153307,
      "minimum": 66717.63894281899,
      "outliers": "removed",
      "standard_deviation_ratio": 0.031792577018088596,
      "upper_outlier_bound": 79861.71126740234
    },
    {
      "maximum": 54481.275602794456,
      "total": 2597864.2660861905,
      "mode": null,
      "n": 2000,
      "percentiles": {
        "25": 52648.26145511061,
        "50": 53241.105540908335,
        "75": 53700.47148508053
      },
      "average": 53017.63808339164,
      "sample_size": 49,
      "variance": 757850.5357126514,
      "standard_deviation": 870.5461134900618,
      "frequency_distribution": "removed",
      "lower_outlier_bound": 49566.479072149625,
      "median": 53241.105540908335,
      "minimum": 50574.85913637359,
      "outliers": "removed",
      "standard_deviation_ratio": 0.01641993391181962,
      "upper_outlier_bound": 56001.36649705369
    },
    {
      "maximum": 45357.15128061381,
      "total": 2160391.986732403,
      "mode": null,
      "n": 3000,
      "percentiles": {
        "25": 43346.970437384916,