{
  "build_type": "sequential",
  "name": "runtime",
  "timestamp": "2026-04-02T21:16:52.657093Z",
  "impl_mod": "gb_trees",
  "impl_description": ":gb_trees.get/2",
  "tweaks": "none",
  "group_id": "get_x100",
  "measurements": [
    {
      "maximum": 253876.05263358323,
      "total": 10249519.10099262,
      "mode": null,
      "n": 100,
      "percentiles": {
        "25": 240493.3134104601,
        "50": 243867.3789870456,
        "75": 247271.7059230598
      },
      "frequency_distribution": "removed",
      "outliers": "removed",
      "median": 243867.3789870456,
      "average": 244036.16907125287,
      "sample_size": 42,
      "variance": 19701282.44890656,
      "standard_deviation": 4438.61267164714,
      "lower_outlier_bound": 230164.3322352186,
      "minimum": 236980.30219728136,
      "standard_deviation_ratio": 0.018188339411077906,
      "upper_outlier_bound": 257444.61746352236
    },
    {
      "maximum": 207234.9878974767,
      "total": 8663599.354386263,
      "mode": null,
      "n": 200,
      "percentiles": {
        "25": 198068.4366062162,
        "50": 201695.0451595206,
        "75": 204949.111135705
      },
      "frequency_distribution": "removed",
      "outliers": "removed",
      "median": 201695.0451595206,
      "average": 201479.0547531689,
      "sample_size": 43,
      "variance": 14598248.683711002,
      "standard_deviation": 3820.7654578253037,
      "lower_outlier_bound": 187554.3848506928,
      "minimum": 193965.72625617054,
      "standard_deviation_ratio": 0.018963586376291603,
      "upper_outlier_bound": 215371.50002953908
    },
    {
      "maximum": 175979.19222031187,
      "total": 7899153.079695963,
      "mode": null,
      "n": 300,
      "percentiles": {
        "25": 165309.74914245566,
        "50": 168207.72981801606,
        "75": 170550.09226759992
      },
      "frequency_distribution": "removed",
      "outliers": "removed",
      "median": 168207.72981801606,
      "average": 168067.08680204177,
      "sample_size": 47,
      "variance": 14270721.204542698,
      "standard_deviation": 3777.660811208796,
      "lower_outlier_bound": 157449.2344547393,
      "minimum": 157659.0780097118,
      "standard_deviation_ratio": 0.022477100561981676,
      "upper_outlier_bound": 178410.6069553163
    },
    {
      "maximum": 179089.18820661877,
      "total": 7234841.285700598,
      "mode": null,
      "n": 400,
      "percentiles": {
        "25": 170079.03948735725,
        "50": 172832.1761148851,
        "75": 174699.20664365098
      },
      "frequency_distribution": "removed",
      "outliers": "removed",
      "median": 172832.1761148851,
      "average": 172258.12585001424,
      "sample_size": 42,
      "variance": 13704568.905067155,
      "standard_deviation": 3701.9682474417787,
      "lower_outlier_bound": 162651.1046433171,
      "minimum": 162657.16748808537,
      "standard_deviation_ratio": 0.021490819252643532,
      "upper_outlier_bound": 181877.9974237859
    },
    {
      "maximum": 159910.45014791717,
      "total": 6695371.420995196,
      "mode": null,
      "n": 500,
      "percentiles": {
        "25": 153614.78634487442,
        "50": 156033.99044447843,
        "75": 157531.6678035202
      },
      "frequency_distribution": "removed",
      "outliers": "removed",
      "median": 156033.99044447843,
      "average": 155706.31211616736,
      "sample_size": 43,
      "variance": 6056934.0004706215,
      "standard_deviation": 2461.083907645292,
      "lower_outlier_bound": 148013.4064693825,
      "minimum": 150161.42353029505,
      "standard_deviation_ratio": 0.015805935380507622,
      "upper_outlier_bound": 163290.87966280236
    },
    {
      "maximum": 143577.2854991249,
      "total": 5973910.159064785,
      "mode": null,
      "n": 600,
      "percentiles": {
        "25": 137191.14842710347,
        "50": 139217.40328915036,
        "75": 140690.50901826163
      },
      "frequency_distribution": "removed",
      "outliers": "removed",
      "median": 139217.40328915036,
      "average": 138928.14323406477,
      "sample_size": 43,
      "variance": 5383890.684067298,
      "standard_deviation": 2320.321245876807,
      "lower_outlier_bound": 131942.10754036624,
      "minimum": 133609.63806485146,
      "standard_deviation_ratio": 0.01670159257773677,
      "upper_outlier_bound": 145939.54990499886
    },
    {
      "maximum": 135444.6444510361,
      "total": 5642895.083031766,
      "mode": null,
      "n": 700,
      "percentiles": {
        "25": 130120.56971990246,
        "50": 131529.10476030136,
        "75": 132774.08887100866
      },
      "frequency_distribution": "removed",
      "outliers": "removed",
      "median": 131529.10476030136,
      "average": 131230.11821004108,
      "sample_size": 43,
      "variance": 4019332.604151716,
      "standard_deviation": 2004.827325270612,
      "lower_outlier_bound": 125861.82037874658,
      "minimum": 126278.8894529346,
      "standard_deviation_ratio": 0.015277189052453451,
      "upper_outlier_bound": 136825.93207749518
    },
    {
      "maximum": 128256.10178404237,
      "total": 5447220.941705438,
      "mode": null,
      "n": 800,
      "percentiles": {
        "25": 122770.40434208795,
        "50": 123818.72878930983,
        "75": 125025.10039403604
      },
      "frequency_distribution": "removed",
      "outliers": "removed",
      "median": 123818.72878930983,
      "average": 123800.47594785086,
      "sample_size": 44,
      "variance": 3065101.83779735,
      "standard_deviation": 1750.7432244042384,
      "lower_outlier_bound": 118362.21114019134,
      "minimum": 120826.35561129678,
      "standard_deviation_ratio": 0.014141651807071512,
      "upper_outlier_bound": 128937.08628865697
    },
    {
      "maximum": 122013.86321513851,
      "total": 4964128.397715087,
      "mode": null,
      "n": 900,
      "percentiles": {
        "25": 116649.51857204616,
        "50": 118093.50998682858,
        "75": 119735.85623106197
      },
      "frequency_distribution": "removed",
      "outliers": "removed",
      "median": 118093.50998682858,
      "average": 118193.53327893064,
      "sample_size": 42,
      "variance": 3162186.2216858254,
      "standard_deviation": 1778.2537000343414,
      "lower_outlier_bound": 111749.04101770889,
      "minimum": 114684.9489766662,
      "standard_deviation_ratio": 0.015045270673461926,
      "upper_outlier_bound": 124575.32544692629
    },
    {
      "maximum": 117031.06238457811,
      "total": 4924410.356573948,
      "mode": null,
      "n": 1000,
      "percentiles": {
        "25": 113868.37044113745,
        "50": 114810.69438656072,
        "75": 115463.9746625854
      },
      "frequency_distribution": "removed",
      "outliers": "removed",
      "median": 114810.69438656072,
      "average": 114521.17108311506,
      "sample_size": 43,
      "variance": 2120554.1364311213,
      "standard_deviation": 1456.2122566546132,
      "lower_outlier_bound": 109969.03962871619,
      "minimum": 110973.62711751553,
      "standard_deviation_ratio": 0.012715659845966388,
      "upper_outlier_bound": 118697.30624891509
    },
    {
      "maximum": 88195.00974995832,
      "total": 3655153.0307929665,
      "mode": null,
      "n": 2000,
      "percentiles": {
        "25": 86504.72857965565,
        "50": 87126.6327212482,
        "75": 87725.24660123233
      },
      "frequency_distribution": "removed",
      "outliers": "removed",
      "median": 87126.6327212482,
      "average": 87027.45311411825,
      "sample_size": 42,
      "variance": 625500.5483020467,
      "standard_deviation": 790.8859262258032,
      "lower_outlier_bound": 84591.47316716361,
      "minimum": 85319.209022677,
      "standard_deviation_ratio": 0.009087775155142391,
      "upper_outlier_bound": 89588.60679317411
    },
    {
      "maximum": 72941.4287621183,
      "total": 3071490.0600976483,
      "mode": null,
      "n": 3000,