{
  "build_type": "sequential",
  "name": "runtime",
  "timestamp": "2026-03-19T19:51:18.353386Z",
  "impl_mod": "gb_trees",
  "tweaks": "none",
  "impl_description": ":gb_trees.is_defined/2",
  "group_id": "is_member_existing_x100",
  "measurements": [
    {
      "maximum": 255848.04672808724,
      "total": 10616198.1353917,
      "mode": null,
      "n": 100,
      "percentiles": {
        "25": 237145.94705091245,
        "50": 240688.079507487,
        "75": 245655.99583564818
      },
      "average": 241277.23034981135,
      "variance": 43990922.4455088,
      "standard_deviation": 6632.565299000742,
      "standard_deviation_ratio": 0.027489395867917744,
      "median": 240688.079507487,
      "frequency_distribution": "removed",
      "minimum": 229648.01848207254,
      "lower_outlier_bound": 224380.87387380886,
      "upper_outlier_bound": 258421.06901275177,
      "outliers": "removed",
      "sample_size": 44
    },
    {
      "maximum": 198928.57071811226,
      "total": 7713057.790120214,
      "mode": null,
      "n": 200,
      "percentiles": {
        "25": 191301.01558817708,
        "50": 192998.03637246945,
        "75": 193988.98936046765
      },
      "average": 192826.44475300534,
      "variance": 5377000.849537761,
      "standard_deviation": 2318.8360980323214,
      "standard_deviation_ratio": 0.012025508747011115,
      "median": 192998.03637246945,
      "frequency_distribution": "removed",
      "minimum": 188165.5179161798,
      "lower_outlier_bound": 186201.63650335558,
      "upper_outlier_bound": 200442.9284737613,
      "outliers": "removed",
      "sample_size": 40
    },
    {
      "maximum": 172662.36737371905,
      "total": 6716566.013053469,
      "mode": null,
      "n": 300,
      "percentiles": {
        "25": 166897.7482324002,
        "50": 167763.72634026798,
        "75": 168559.59305717284
      },
      "average": 167914.15032633673,
      "variance": 3003950.8073183354,
      "standard_deviation": 1733.1909321590438,
      "standard_deviation_ratio": 0.010321887278651815,
      "median": 167763.72634026798,
      "frequency_distribution": "removed",
      "minimum": 164001.90898222054,
      "lower_outlier_bound": 163084.6301920996,
      "upper_outlier_bound": 173252.9449662345,
      "outliers": "removed",
      "sample_size": 40
    },
    {
      "maximum": 175552.55165633833,
      "total": 7234959.971083801,
      "mode": null,
      "n": 400,
      "percentiles": {
        "25": 165945.0821345184,
        "50": 168268.01729795217,
        "75": 170107.6611387347
      },
      "average": 168254.8830484605,
      "variance": 10459315.690936372,
      "standard_deviation": 3234.086531145444,
      "standard_deviation_ratio": 0.01922135317887902,
      "median": 168268.01729795217,
      "frequency_distribution": "removed",
      "minimum": 160893.02062165845,
      "lower_outlier_bound": 159215.15312356083,
      "upper_outlier_bound": 177429.98987387214,
      "outliers": "removed",
      "sample_size": 43
    },
    {
      "maximum": 157222.5689853327,
      "total": 6110823.377154594,
      "mode": null,
      "n": 500,
      "percentiles": {
        "25": 151456.19554464307,
        "50": 152798.6627785439,
        "75": 154501.30495727278
      },
      "average": 152770.58442886485,
      "variance": 4477902.033407187,
      "standard_deviation": 2116.1053927928983,
      "standard_deviation_ratio": 0.013851523843441396,
      "median": 152798.6627785439,
      "frequency_distribution": "removed",
      "minimum": 147569.2394871674,
      "lower_outlier_bound": 146802.4117853815,
      "upper_outlier_bound": 159382.6277175655,
      "outliers": "removed",
      "sample_size": 40
    },
    {
      "maximum": 138635.68621198784,
      "total": 5948292.962876084,
      "mode": null,
      "n": 600,
      "percentiles": {
        "25": 133916.09813201695,
        "50": 135438.4991093725,
        "75": 136766.49657981325
      },
      "average": 135188.47642900192,
      "variance": 4634623.96131342,
      "standard_deviation": 2152.817679533829,
      "standard_deviation_ratio": 0.01592456499548201,
      "median": 135438.4991093725,
      "frequency_distribution": "removed",
      "minimum": 130151.73088786908,
      "lower_outlier_bound": 129657.5611734913,
      "upper_outlier_bound": 141059.46173101116,
      "outliers": "removed",
      "sample_size": 44
    },
    {
      "maximum": 135139.51803842286,
      "total": 5638702.142572794,
      "mode": null,
      "n": 700,
      "percentiles": {
        "25": 129819.21376291377,
        "50": 131038.75733325646,
        "75": 132245.21966592214
      },
      "average": 131132.60796680916,
      "variance": 2576534.5821290924,
      "standard_deviation": 1605.158740476808,
      "standard_deviation_ratio": 0.012240729177620627,
      "median": 131038.75733325646,
      "frequency_distribution": "removed",
      "minimum": 127374.41837656208,
      "lower_outlier_bound": 125920.27457940344,
      "upper_outlier_bound": 136657.31002223713,
      "outliers": "removed",
      "sample_size": 43
    },
    {
      "maximum": 124689.36761293428,
      "total": 5578393.410392312,
      "mode": null,
      "n": 800,
      "percentiles": {
        "25": 120187.8664348007,
        "50": 121128.13980986935,
        "75": 122020.78317182208
      },
      "average": 121269.42196505026,
      "variance": 2600649.3937953305,
      "standard_deviation": 1612.6529055551075,
      "standard_deviation_ratio": 0.013298100043883054,
      "median": 121128.13980986935,
      "frequency_distribution": "removed",
      "minimum": 117451.26066310632,
      "lower_outlier_bound": 117284.71176852737,
      "upper_outlier_bound": 125041.38278228513,
      "outliers": "removed",
      "sample_size": 46
    },
    {
      "maximum": 126259.9161381637,
      "total": 5375699.894511282,
      "mode": null,
      "n": 900,
      "percentiles": {
        "25": 121059.34144391946,
        "50": 122352.22295766411,
        "75": 123237.8536967433
      },
      "average": 122174.99760252914,
      "variance": 3078649.812494023,
      "standard_deviation": 1754.6081649456733,
      "standard_deviation_ratio": 0.01436143400349329,
      "median": 122352.22295766411,
      "frequency_distribution": "removed",
      "minimum": 117699.26190792858,
      "lower_outlier_bound": 117637.48167690983,
      "upper_outlier_bound": 126588.11487044288,
      "outliers": "removed",
      "sample_size": 44
    },
    {
      "maximum": 119860.8176185813,
      "total": 5111664.61224978,
      "mode": null,
      "n": 1000,
      "percentiles": {
        "25": 115186.66090671695,
        "50": 116039.43576793595,
        "75": 117268.07216554688
      },
      "average": 116174.19573294955,
      "variance": 2340616.0113891554,
      "standard_deviation": 1529.9071904495238,
      "standard_deviation_ratio": 0.013169079250321064,
      "median": 116039.43576793595,
      "frequency_distribution": "removed",
      "minimum": 112001.27233445372,
      "lower_outlier_bound": 111771.0636151672,
      "upper_outlier_bound": 120689.85695137279,
      "outliers": "removed",
      "sample_size": 44
    },
    {
      "maximum": 85800.45388440105,
      "total": 3342198.6473401207,
      "mode": 83348.26656442613,
      "n": 2000,
      "percentiles": {
        "25": 83037.63251537312,
        "50": 83563.64901122777,
        "75": 84271.31895513451
      },
      "average": 83554.96618350301,
      "variance": 703502.7476177395,
      "standard_deviation": 838.7507064782357,
      "standard_deviation_ratio": 0.010038310644949283,
      "median": 83563.64901122777,
      "frequency_distribution": "removed",
      "minimum": 81616.46301998869,
      "lower_outlier_bound": 81183.2201576934,
      "upper_outlier_bound": 86313.59205459434,
      "outliers": "removed",
      "sample_size": 40
    },
    {
      "maximum": 69928.06499953498,
      "total": 3154317.458044732,
      "mode": null,