{
  "build_type": "sequential",
  "name": "runtime",
  "timestamp": "2026-03-05T18:45:17.165366Z",
  "impl_mod": "gb_trees",
  "group_id": "smaller_x100",
  "impl_description": ":gb_trees.smaller/2",
  "tweaks": "none",
  "measurements": [
    {
      "maximum": 215553.0120300136,
      "total": 9597752.742527138,
      "mode": null,
      "n": 100,
      "percentiles": {
        "25": 201514.98969250827,
        "50": 204046.2368772764,
        "75": 206127.34134893856
      },
      "average": 204207.5051601519,
      "sample_size": 47,
      "variance": 18932259.088839576,
      "standard_deviation": 4351.121589755861,
      "frequency_distribution": "removed",
      "lower_outlier_bound": 192387.5316121242,
      "median": 204046.2368772764,
      "minimum": 195386.91493830658,
      "outliers": "removed",
      "standard_deviation_ratio": 0.021307353940509914,
      "upper_outlier_bound": 217253.5785095805
    },
    {
      "maximum": 172510.75604563946,
      "total": 8068160.348756709,
      "mode": null,
      "n": 200,
      "percentiles": {
        "25": 162891.1057214642,
        "50": 164564.3570059161,
        "75": 166553.2717317562
      },
      "average": 164656.3336480961,
      "sample_size": 49,
      "variance": 8146436.039730544,
      "standard_deviation": 2854.196216052874,
      "frequency_distribution": "removed",
      "lower_outlier_bound": 156858.583419382,
      "median": 164564.3570059161,
      "minimum": 157446.3462213664,
      "outliers": "removed",
      "standard_deviation_ratio": 0.017334263145642907,
      "upper_outlier_bound": 172559.33661799587
    },
    {
      "maximum": 144826.99691084016,
      "total": 7199657.581213789,
      "mode": null,
      "n": 300,
      "percentiles": {
        "25": 140132.3690357912,
        "50": 141172.55097387885,
        "75": 142412.20643503795
      },
      "average": 141169.756494388,
      "sample_size": 51,
      "variance": 3180519.3103869497,
      "standard_deviation": 1783.4010514707425,
      "frequency_distribution": "removed",
      "lower_outlier_bound": 136415.44692958574,
      "median": 141172.55097387885,
      "minimum": 136432.72093232663,
      "outliers": "removed",
      "standard_deviation_ratio": 0.01263302491806479,
      "upper_outlier_bound": 146035.82043062904
    },
    {
      "maximum": 144528.72074738692,
      "total": 7313223.920102126,
      "mode": null,
      "n": 400,
      "percentiles": {
        "25": 139254.81996659265,
        "50": 140707.3479836132,
        "75": 141942.9290427821
      },
      "average": 140638.9215404255,
      "sample_size": 52,
      "variance": 3641728.7798224105,
      "standard_deviation": 1908.3314124706983,
      "frequency_distribution": "removed",
      "lower_outlier_bound": 135055.34277569037,
      "median": 140707.3479836132,
      "minimum": 136565.19417522135,
      "outliers": "removed",
      "standard_deviation_ratio": 0.013569013410858416,
      "upper_outlier_bound": 146092.0865226147
    },
    {
      "maximum": 137015.95687833804,
      "total": 6397631.275542938,
      "mode": null,
      "n": 500,
      "percentiles": {
        "25": 128497.71072999321,
        "50": 130873.26494768995,
        "75": 132426.95165394904
      },
      "average": 130563.90358250894,
      "sample_size": 49,
      "variance": 6621238.881282399,
      "standard_deviation": 2573.1768072331133,
      "frequency_distribution": "removed",
      "lower_outlier_bound": 121563.73597568722,
      "median": 130873.26494768995,
      "minimum": 124538.73964304707,
      "outliers": "removed",
      "standard_deviation_ratio": 0.019708179187573175,
      "upper_outlier_bound": 138703.51598670735
    },
    {
      "maximum": 116674.8144578763,
      "total": 5030631.985750933,
      "mode": null,
      "n": 600,
      "percentiles": {
        "25": 108392.50664743716,
        "50": 109871.2316930032,
        "75": 111251.27987533704
      },
      "average": 109361.56490762898,
      "sample_size": 46,
      "variance": 12262776.233866552,
      "standard_deviation": 3501.824700619172,
      "frequency_distribution": "removed",
      "lower_outlier_bound": 100634.20397678728,
      "median": 109871.2316930032,
      "minimum": 100761.35278161791,
      "outliers": "removed",
      "standard_deviation_ratio": 0.03202061623365529,
      "upper_outlier_bound": 117275.2650843091
    },
    {
      "maximum": 108386.8674135967,
      "total": 5239647.908611531,
      "mode": 104995.2542145095,
      "n": 700,
      "percentiles": {
        "25": 103912.98854685997,
        "50": 104917.59442877254,
        "75": 106009.43643804773
      },
      "average": 104792.95817223063,
      "sample_size": 50,
      "variance": 3201410.1690911846,
      "standard_deviation": 1789.248492829094,
      "frequency_distribution": "removed",
      "lower_outlier_bound": 100650.28505655014,
      "median": 104917.59442877254,
      "minimum": 100751.40397081434,
      "outliers": "removed",
      "standard_deviation_ratio": 0.017074129063981626,
      "upper_outlier_bound": 109226.63546024254
    },
    {
      "maximum": 104147.78987975096,
      "total": 4519568.096824437,
      "mode": null,
      "n": 800,
      "percentiles": {
        "25": 99518.7278100481,
        "50": 100478.37755554194,
        "75": 101381.95340455904
      },
      "average": 100434.8465960986,
      "sample_size": 45,
      "variance": 1832736.4345960103,
      "standard_deviation": 1353.7859633620117,
      "frequency_distribution": "removed",
      "lower_outlier_bound": 96185.41535593683,
      "median": 100478.37755554194,
      "minimum": 97264.81610627542,
      "outliers": "removed",
      "standard_deviation_ratio": 0.013479245592979274,
      "upper_outlier_bound": 104632.3428819284
    },
    {
      "maximum": 100395.96167283767,
      "total": 4768063.033221819,
      "mode": null,
      "n": 900,
      "percentiles": {
        "25": 96469.65003958509,
        "50": 97085.2107185956,
        "75": 98504.70163483893
      },
      "average": 97307.40884126163,
      "sample_size": 49,
      "variance": 2277788.1543868645,
      "standard_deviation": 1509.2342940666517,
      "frequency_distribution": "removed",
      "lower_outlier_bound": 93336.8975337988,
      "median": 97085.2107185956,
      "minimum": 93629.01375878358,
      "outliers": "removed",
      "standard_deviation_ratio": 0.015509962828510603,
      "upper_outlier_bound": 101632.70823894531
    },
    {
      "maximum": 93635.23831104503,
      "total": 4366943.9902988365,
      "mode": null,
      "n": 1000,
      "percentiles": {
        "25": 90296.09576186776,
        "50": 91141.00340298645,
        "75": 91496.27422056605
      },
      "average": 90977.99979789242,
      "sample_size": 48,
      "variance": 1286599.444498724,
      "standard_deviation": 1134.2836702072036,
      "frequency_distribution": "removed",
      "lower_outlier_bound": 87841.38267350182,
      "median": 91141.00340298645,
      "minimum": 88260.31851383745,
      "outliers": "removed",
      "standard_deviation_ratio": 0.01246766990620825,
      "upper_outlier_bound": 93804.96593354698
    },
    {
      "maximum": 67327.96190853228,
      "total": 3223789.693030193,
      "mode": null,
      "n": 2000,
      "percentiles": {
        "25": 65352.92050093733,
        "50": 65821.99494618723,
        "75": 66224.21165632557
      },
      "average": 65791.62638837128,
      "sample_size": 49,
      "variance": 413007.28628855664,
      "standard_deviation": 642.6564294306536,
      "frequency_distribution": "removed",
      "lower_outlier_bound": 63997.237235673594,
      "median": 65821.99494618723,
      "minimum": 64218.6104248639,
      "outliers": "removed",
      "standard_deviation_ratio": 0.00976805810570817,
      "upper_outlier_bound": 67457.7776141016
    },
    {
      "maximum": 56188.99280106624,
      "total": 2631666.122432383,
      "mode": null,
      "n": 3000,