{
  "build_type": "sequential",
  "name": "runtime",
  "timestamp": "2026-04-02T21:16:52.958081Z",
  "impl_mod": "gb_trees",
  "impl_description": ":gb_trees.take_smallest/1",
  "tweaks": "none",
  "group_id": "take_smallest_x300",
  "measurements": [
    {
      "maximum": 113630.16562732942,
      "total": 4889106.534167243,
      "mode": null,
      "n": 300,
      "percentiles": {
        "25": 101892.01578021763,
        "50": 108500.05727749548,
        "75": 110114.30213896462
      },
      "frequency_distribution": "removed",
      "outliers": "removed",
      "median": 108500.05727749548,
      "average": 106284.92465580963,
      "sample_size": 46,
      "variance": 22413983.36630049,
      "standard_deviation": 4734.3408586941105,
      "lower_outlier_bound": 89558.58624209714,
      "minimum": 91141.3356033602,
      "standard_deviation_ratio": 0.04454386051479717,
      "upper_outlier_bound": 122447.7316770851
    },
    {
      "maximum": 91659.19644215664,
      "total": 3661606.822187512,
      "mode": null,
      "n": 400,
      "percentiles": {
        "25": 82660.34039528175,
        "50": 86448.65468603578,
        "75": 87592.97994821503
      },
      "frequency_distribution": "removed",
      "outliers": "removed",
      "median": 86448.65468603578,
      "average": 85153.64702761656,
      "sample_size": 43,
      "variance": 15751239.389143586,
      "standard_deviation": 3968.783111879961,
      "lower_outlier_bound": 75252.73131836797,
      "minimum": 75982.06823189727,
      "standard_deviation_ratio": 0.046607318070508795,
      "upper_outlier_bound": 94977.25320963029
    },
    {
      "maximum": 90370.97284352266,
      "total": 3527905.5112342187,
      "mode": null,
      "n": 500,
      "percentiles": {
        "25": 78683.98511769116,
        "50": 85748.98992433035,
        "75": 87727.69434851149
      },
      "frequency_distribution": "removed",
      "outliers": "removed",
      "median": 85748.98992433035,
      "average": 83997.7502674814,
      "sample_size": 42,
      "variance": 23661920.1608027,
      "standard_deviation": 4864.351977478881,
      "lower_outlier_bound": 63849.29890865623,
      "minimum": 72541.30320451206,
      "standard_deviation_ratio": 0.05791050310262952,
      "upper_outlier_bound": 101970.67957914271
    },
    {
      "maximum": 90095.44711667541,
      "total": 3737693.8041320555,
      "mode": null,
      "n": 600,
      "percentiles": {
        "25": 82589.24476408925,
        "50": 85834.21451594066,
        "75": 88149.13068380665
      },
      "frequency_distribution": "removed",
      "outliers": "removed",
      "median": 85834.21451594066,
      "average": 84947.58645754671,
      "sample_size": 44,
      "variance": 14467810.481386773,
      "standard_deviation": 3803.6575136816373,
      "lower_outlier_bound": 74249.41588451315,
      "minimum": 77444.75671891349,
      "standard_deviation_ratio": 0.04477652246874075,
      "upper_outlier_bound": 96488.95956338276
    },
    {
      "maximum": 88527.93100487169,
      "total": 3554887.0444512623,
      "mode": null,
      "n": 700,
      "percentiles": {
        "25": 83310.5587335886,
        "50": 85358.24553738997,
        "75": 86482.40382264697
      },
      "frequency_distribution": "removed",
      "outliers": "removed",
      "median": 85358.24553738997,
      "average": 84640.16772503006,
      "sample_size": 42,
      "variance": 7367133.535291389,
      "standard_deviation": 2714.2464028329096,
      "lower_outlier_bound": 78177.92928747844,
      "minimum": 78301.11633901564,
      "standard_deviation_ratio": 0.03206806503090428,
      "upper_outlier_bound": 91343.68310079258
    },
    {
      "maximum": 89009.22936699307,
      "total": 3262998.588464465,
      "mode": null,
      "n": 800,
      "percentiles": {
        "25": 84532.48135532613,
        "50": 85701.80999651298,
        "75": 87505.38686313915
      },
      "frequency_distribution": "removed",
      "outliers": "removed",
      "median": 85701.80999651298,
      "average": 85868.3839069596,
      "sample_size": 38,
      "variance": 3338014.2288664384,
      "standard_deviation": 1827.023324664039,
      "lower_outlier_bound": 79714.88664360615,
      "minimum": 82165.01528680109,
      "standard_deviation_ratio": 0.021277020033865564,
      "upper_outlier_bound": 91433.01122942436
    },
    {
      "maximum": 89131.64387273428,
      "total": 3726367.997111576,
      "mode": null,
      "n": 900,
      "percentiles": {
        "25": 83679.30679522913,
        "50": 85560.17983341399,
        "75": 86686.58125835932
      },
      "frequency_distribution": "removed",
      "outliers": "removed",
      "median": 85560.17983341399,
      "average": 84690.18175253582,
      "sample_size": 44,
      "variance": 9503842.045326568,
      "standard_deviation": 3082.830200534335,
      "lower_outlier_bound": 77199.92541173915,
      "minimum": 78196.4764667704,
      "standard_deviation_ratio": 0.03640127033311069,
      "upper_outlier_bound": 92200.97805317823
    },
    {
      "maximum": 74790.90333200953,
      "total": 2955618.484742467,
      "mode": null,
      "n": 1000,
      "percentiles": {
        "25": 69641.75352315872,
        "50": 70730.66210985385,
        "75": 71890.45015707509
      },
      "frequency_distribution": "removed",
      "outliers": "removed",
      "median": 70730.66210985385,
      "average": 70371.86868434444,
      "sample_size": 42,
      "variance": 4540613.875773694,
      "standard_deviation": 2130.871623485022,
      "lower_outlier_bound": 64180.75057728549,
      "minimum": 65898.85711612104,
      "standard_deviation_ratio": 0.030280162561024542,
      "upper_outlier_bound": 76423.1700210345
    },
    {
      "maximum": 73810.92445968559,
      "total": 3106906.634142927,
      "mode": null,
      "n": 2000,
      "percentiles": {
        "25": 69907.09571819844,
        "50": 71067.26165099302,
        "75": 71791.95916645369
      },
      "frequency_distribution": "removed",
      "outliers": "removed",
      "median": 71067.26165099302,
      "average": 70611.51441233925,
      "sample_size": 44,
      "variance": 3311471.3953572316,
      "standard_deviation": 1819.7448709523078,
      "lower_outlier_bound": 66482.68932671807,
      "minimum": 66687.20632621514,
      "standard_deviation_ratio": 0.025771219978739192,
      "upper_outlier_bound": 74942.27794513109
    },
    {
      "maximum": 73674.43121497241,
      "total": 2996934.716842702,
      "mode": null,
      "n": 3000,
      "percentiles": {
        "25": 67454.3991398215,
        "50": 70647.51271301991,
        "75": 71650.5858868408
      },
      "frequency_distribution": "removed",
      "outliers": "removed",
      "median": 70647.51271301991,
      "average": 69696.15620564423,
      "sample_size": 43,
      "variance": 7372757.943282897,
      "standard_deviation": 2715.282295320856,
      "lower_outlier_bound": 61160.11901929256,
      "minimum": 61520.592172612014,
      "standard_deviation_ratio": 0.038958852871443767,
      "upper_outlier_bound": 77944.86600736974
    },
    {
      "maximum": 56472.38472150926,
      "total": 2147813.527809382,
      "mode": null,
      "n": 4000,
      "percentiles": {
        "25": 50818.10662621302,
        "50": 53403.398592286416,
        "75": 54603.914565448154
      },
      "frequency_distribution": "removed",
      "outliers": "removed",
      "median": 53403.398592286416,
      "average": 52385.69580022883,
      "sample_size": 41,
      "variance": 7141286.013654833,
      "standard_deviation": 2672.318471600051,
      "lower_outlier_bound": 45139.394717360316,
      "minimum": 47426.99089022359,
      "standard_deviation_ratio": 0.051012369517641834,
      "upper_outlier_bound": 60282.62647430086
    },
    {
      "maximum": 56082.85905928855,
      "total": 2062523.2826022108,
      "mode": null,
      "n": 5000,