{
  "build_type": "sequential",
  "name": "runtime",
  "timestamp": "2026-03-05T18:45:17.094888Z",
  "impl_mod": "gb_trees",
  "group_id": "take_x100",
  "impl_description": ":gb_trees.take/2",
  "tweaks": "none",
  "measurements": [
    {
      "maximum": 141279.05580381426,
      "total": 6672979.936396015,
      "mode": null,
      "n": 100,
      "percentiles": {
        "25": 124665.45793676568,
        "50": 130248.7065136868,
        "75": 131255.17037077306
      },
      "average": 128326.5372383849,
      "sample_size": 52,
      "variance": 27481357.41602169,
      "standard_deviation": 5242.266438862269,
      "frequency_distribution": "removed",
      "lower_outlier_bound": 113830.99264762158,
      "median": 130248.7065136868,
      "minimum": 116675.63124433394,
      "outliers": "removed",
      "standard_deviation_ratio": 0.04085099272276013,
      "upper_outlier_bound": 141729.18399009484
    },
    {
      "maximum": 105283.66050230834,
      "total": 4916506.283430626,
      "mode": null,
      "n": 200,
      "percentiles": {
        "25": 96251.82119557163,
        "50": 100314.59093811185,
        "75": 101623.85113179454
      },
      "average": 98330.12566861251,
      "sample_size": 50,
      "variance": 22402092.990727387,
      "standard_deviation": 4733.084933817202,
      "frequency_distribution": "removed",
      "lower_outlier_bound": 82518.19764762888,
      "median": 100314.59093811185,
      "minimum": 84119.14635890276,
      "outliers": "removed",
      "standard_deviation_ratio": 0.04813463729079752,
      "upper_outlier_bound": 113019.11020845028
    },
    {
      "maximum": 89223.9744819433,
      "total": 3762373.933186073,
      "mode": null,
      "n": 300,
      "percentiles": {
        "25": 86236.63332183512,
        "50": 87920.4355226694,
        "75": 88485.78697046787
      },
      "average": 87497.0682136296,
      "sample_size": 43,
      "variance": 1708060.3265629588,
      "standard_deviation": 1306.9278199514151,
      "frequency_distribution": "removed",
      "lower_outlier_bound": 81538.22011746431,
      "median": 87920.4355226694,
      "minimum": 84528.63872544338,
      "outliers": "removed",
      "standard_deviation_ratio": 0.014936818417280779,
      "upper_outlier_bound": 92581.99168921536
    },
    {
      "maximum": 86257.75888541175,
      "total": 4186381.5219667084,
      "mode": null,
      "n": 400,
      "percentiles": {
        "25": 83053.05387798703,
        "50": 84527.81730710121,
        "75": 85335.55560241552
      },
      "average": 83727.63043933417,
      "sample_size": 50,
      "variance": 5391313.249621782,
      "standard_deviation": 2321.9201643514325,
      "frequency_distribution": "removed",
      "lower_outlier_bound": 77238.1209477628,
      "median": 84527.81730710121,
      "minimum": 77440.31868239945,
      "outliers": "removed",
      "standard_deviation_ratio": 0.027731827022547912,
      "upper_outlier_bound": 90107.6587798493
    },
    {
      "maximum": 81693.00585330387,
      "total": 3793621.9894919214,
      "mode": null,
      "n": 500,
      "percentiles": {
        "25": 76566.69952459776,
        "50": 78321.29273992944,
        "75": 78999.3626770887
      },
      "average": 77420.85692840656,
      "sample_size": 49,
      "variance": 7057738.603615294,
      "standard_deviation": 2656.6404731568955,
      "frequency_distribution": "removed",
      "lower_outlier_bound": 69466.504549455,
      "median": 78321.29273992944,
      "minimum": 69552.58906035147,
      "outliers": "removed",
      "standard_deviation_ratio": 0.03431427367968263,
      "upper_outlier_bound": 84698.53605715405
    },
    {
      "maximum": 78631.43558984585,
      "total": 3601755.47133618,
      "mode": null,
      "n": 600,
      "percentiles": {
        "25": 68106.01927808982,
        "50": 71707.92501645697,
        "75": 72623.43442031248
      },
      "average": 70622.65630070941,
      "sample_size": 51,
      "variance": 11579326.620769177,
      "standard_deviation": 3402.840963190783,
      "frequency_distribution": "removed",
      "lower_outlier_bound": 61329.896564755836,
      "median": 71707.92501645697,
      "minimum": 62095.67950681128,
      "outliers": "removed",
      "standard_deviation_ratio": 0.048183417920469825,
      "upper_outlier_bound": 79399.55713364646
    },
    {
      "maximum": 70152.49749906347,
      "total": 2931705.5157946907,
      "mode": null,
      "n": 700,
      "percentiles": {
        "25": 67686.61368609792,
        "50": 68381.77270172282,
        "75": 68888.64701319493
      },
      "average": 68179.19804173699,
      "sample_size": 43,
      "variance": 1548140.157543606,
      "standard_deviation": 1244.2428048992713,
      "frequency_distribution": "removed",
      "lower_outlier_bound": 64182.918597253185,
      "median": 68381.77270172282,
      "minimum": 64237.338981080175,
      "outliers": "removed",
      "standard_deviation_ratio": 0.01824959578048407,
      "upper_outlier_bound": 71615.02054589396
    },
    {
      "maximum": 66282.3615344897,
      "total": 3291619.7564894855,
      "mode": null,
      "n": 800,
      "percentiles": {
        "25": 61160.99546005775,
        "50": 64345.01484046961,
        "75": 65191.482252911606
      },
      "average": 63300.379932490105,
      "sample_size": 52,
      "variance": 6894979.832746084,
      "standard_deviation": 2625.829360934576,
      "frequency_distribution": "removed",
      "lower_outlier_bound": 55115.26527077696,
      "median": 64345.01484046961,
      "minimum": 56210.05923978143,
      "outliers": "removed",
      "standard_deviation_ratio": 0.04148204740216448,
      "upper_outlier_bound": 71237.2124421924
    },
    {
      "maximum": 63823.499940325026,
      "total": 2861406.0250272504,
      "mode": null,
      "n": 900,
      "percentiles": {
        "25": 61777.325247618515,
        "50": 62243.79616628616,
        "75": 62770.187753667335
      },
      "average": 62204.47880494023,
      "sample_size": 46,
      "variance": 592845.7216289401,
      "standard_deviation": 769.9647534978079,
      "frequency_distribution": "removed",
      "lower_outlier_bound": 59740.154694205165,
      "median": 62243.79616628616,
      "minimum": 59944.707002261115,
      "outliers": "removed",
      "standard_deviation_ratio": 0.012377963263903401,
      "upper_outlier_bound": 64511.714960537895
    },
    {
      "maximum": 63136.93327499481,
      "total": 3078421.9774963404,
      "mode": null,
      "n": 1000,
      "percentiles": {
        "25": 59339.433427089636,
        "50": 60999.97255001235,
        "75": 61708.01617984184
      },
      "average": 60361.21524502628,
      "sample_size": 51,
      "variance": 3562393.9035764844,
      "standard_deviation": 1887.4305029792447,
      "frequency_distribution": "removed",
      "lower_outlier_bound": 55786.55929796133,
      "median": 60999.97255001235,
      "minimum": 56061.07068796464,
      "outliers": "removed",
      "standard_deviation_ratio": 0.03126892815722042,
      "upper_outlier_bound": 65260.89030897015
    },
    {
      "maximum": 46884.677290421976,
      "total": 2420564.9010385294,
      "mode": null,
      "n": 2000,
      "percentiles": {
        "25": 43592.12198102014,
        "50": 45346.99161052058,
        "75": 45744.27352366366
      },
      "average": 44825.27594515795,
      "sample_size": 54,
      "variance": 1576217.560347351,
      "standard_deviation": 1255.4750337411538,
      "frequency_distribution": "removed",
      "lower_outlier_bound": 40350.2023329316,
      "median": 45346.99161052058,
      "minimum": 41311.5593874322,
      "outliers": "removed",
      "standard_deviation_ratio": 0.02800819420001297,
      "upper_outlier_bound": 48976.39672877028
    },
    {
      "maximum": 38468.80314705585,
      "total": 1804872.0955278713,
      "mode": null,
      "n": 3000,
      "percentiles": {
        "25": 37362.37003951977,