{
  "build_type": "random",
  "name": "runtime",
  "timestamp": "2026-03-05T19:10:41.518435Z",
  "impl_mod": "xb5_trees",
  "group_id": "is_member_existing_x100",
  "impl_description": ":xb5_trees.is_defined/2",
  "tweaks": "none",
  "measurements": [
    {
      "maximum": 268220.1980537942,
      "total": 10920817.684459455,
      "mode": null,
      "n": 100,
      "percentiles": {
        "25": 249951.88426227952,
        "50": 253855.42933299486,
        "75": 256490.49189746537
      },
      "average": 253972.50428975478,
      "sample_size": 43,
      "variance": 21785256.102638893,
      "standard_deviation": 4667.4678469850105,
      "frequency_distribution": "removed",
      "lower_outlier_bound": 240203.92299701032,
      "median": 253855.42933299486,
      "minimum": 245122.07079125405,
      "outliers": "removed",
      "standard_deviation_ratio": 0.01837784708245402,
      "upper_outlier_bound": 268509.484969515
    },
    {
      "maximum": 214026.89461957788,
      "total": 9107828.072860617,
      "mode": null,
      "n": 200,
      "percentiles": {
        "25": 205185.97289871052,
        "50": 206690.47312460328,
        "75": 208800.74353380816
      },
      "average": 206996.09256501403,
      "sample_size": 44,
      "variance": 7713749.062432047,
      "standard_deviation": 2777.3636892621835,
      "frequency_distribution": "removed",
      "lower_outlier_bound": 199703.2025195104,
      "median": 206690.47312460328,
      "minimum": 200910.12285654014,
      "outliers": "removed",
      "standard_deviation_ratio": 0.01341746916497885,
      "upper_outlier_bound": 214282.1140316776
    },
    {
      "maximum": 192719.4448138234,
      "total": 8074677.007235352,
      "mode": null,
      "n": 300,
      "percentiles": {
        "25": 186265.52523152804,
        "50": 187639.0874735898,
        "75": 189233.3777400993
      },
      "average": 187783.18621477563,
      "sample_size": 43,
      "variance": 4942763.836282991,
      "standard_deviation": 2223.2327445148408,
      "frequency_distribution": "removed",
      "lower_outlier_bound": 181718.11071076122,
      "median": 187639.0874735898,
      "minimum": 183759.348756868,
      "outliers": "removed",
      "standard_deviation_ratio": 0.011839360005171254,
      "upper_outlier_bound": 193762.4531508985
    },
    {
      "maximum": 178967.71422435393,
      "total": 7639081.692335152,
      "mode": null,
      "n": 400,
      "percentiles": {
        "25": 171954.25483326492,
        "50": 173453.91896714497,
        "75": 175250.3990939062
      },
      "average": 173615.4930076171,
      "sample_size": 44,
      "variance": 4257449.077500448,
      "standard_deviation": 2063.358688522296,
      "frequency_distribution": "removed",
      "lower_outlier_bound": 166785.8275177437,
      "median": 173453.91896714497,
      "minimum": 169726.84162109502,
      "outliers": "removed",
      "standard_deviation_ratio": 0.011884646080703,
      "upper_outlier_bound": 181291.70821625565
    },
    {
      "maximum": 169047.4178006931,
      "total": 7005243.364918146,
      "mode": null,
      "n": 500,
      "percentiles": {
        "25": 161006.2245006392,
        "50": 163284.76700080172,
        "75": 164211.701725865
      },
      "average": 162912.63639344525,
      "sample_size": 43,
      "variance": 6122060.936791484,
      "standard_deviation": 2474.2798824691367,
      "frequency_distribution": "removed",
      "lower_outlier_bound": 155483.83126834116,
      "median": 163284.76700080172,
      "minimum": 155953.93120872095,
      "outliers": "removed",
      "standard_deviation_ratio": 0.015187771416905808,
      "upper_outlier_bound": 169969.78245473036
    },
    {
      "maximum": 155430.58936170873,
      "total": 6259204.146116025,
      "mode": null,
      "n": 600,
      "percentiles": {
        "25": 151721.12502268903,
        "50": 152991.2856163713,
        "75": 154087.7183735423
      },
      "average": 152663.51575892745,
      "sample_size": 41,
      "variance": 2847465.5589693775,
      "standard_deviation": 1687.4434980079711,
      "frequency_distribution": "removed",
      "lower_outlier_bound": 146366.8932881672,
      "median": 152991.2856163713,
      "minimum": 148288.0881661657,
      "outliers": "removed",
      "standard_deviation_ratio": 0.011053351480995831,
      "upper_outlier_bound": 158610.3571233995
    },
    {
      "maximum": 149775.9352009394,
      "total": 6007651.157608834,
      "mode": null,
      "n": 700,
      "percentiles": {
        "25": 145687.5420958596,
        "50": 146565.02870476086,
        "75": 147279.66770858847
      },
      "average": 146528.0770148496,
      "sample_size": 41,
      "variance": 1542777.5509456105,
      "standard_deviation": 1242.0859676148066,
      "frequency_distribution": "removed",
      "lower_outlier_bound": 143109.2990594808,
      "median": 146565.02870476086,
      "minimum": 143994.07896347303,
      "outliers": "removed",
      "standard_deviation_ratio": 0.008476777918056823,
      "upper_outlier_bound": 149919.52889945978
    },
    {
      "maximum": 143380.0704569666,
      "total": 5642354.530248667,
      "mode": null,
      "n": 800,
      "percentiles": {
        "25": 140222.22952433454,
        "50": 140977.5540180141,
        "75": 141947.9158425747
      },
      "average": 141058.8632562167,
      "sample_size": 40,
      "variance": 1639779.6731432688,
      "standard_deviation": 1280.5388214120135,
      "frequency_distribution": "removed",
      "lower_outlier_bound": 137137.95745349064,
      "median": 140977.5540180141,
      "minimum": 138055.95131594932,
      "outliers": "removed",
      "standard_deviation_ratio": 0.00907804580195763,
      "upper_outlier_bound": 144912.52494978852
    },
    {
      "maximum": 140641.63526842158,
      "total": 6149603.530194412,
      "mode": null,
      "n": 900,
      "percentiles": {
        "25": 135739.1554004238,
        "50": 136890.47803523834,
        "75": 137859.91967335064
      },
      "average": 136657.8562265425,
      "sample_size": 45,
      "variance": 3184052.9390383945,
      "standard_deviation": 1784.391475836621,
      "frequency_distribution": "removed",
      "lower_outlier_bound": 131525.85883138064,
      "median": 136890.47803523834,
      "minimum": 132870.58936078617,
      "outliers": "removed",
      "standard_deviation_ratio": 0.013057364758295147,
      "upper_outlier_bound": 141673.2798214228
    },
    {
      "maximum": 134304.98513243816,
      "total": 5416894.3109024875,
      "mode": null,
      "n": 1000,
      "percentiles": {
        "25": 131359.87191242678,
        "50": 132053.6454729369,
        "75": 133034.8974194412
      },
      "average": 132119.37343664604,
      "sample_size": 41,
      "variance": 1296846.686198921,
      "standard_deviation": 1138.7917659514935,
      "frequency_distribution": "removed",
      "lower_outlier_bound": 128574.07377251644,
      "median": 132053.6454729369,
      "minimum": 129627.54118591052,
      "outliers": "removed",
      "standard_deviation_ratio": 0.008619415429619545,
      "upper_outlier_bound": 135711.39160759607
    },
    {
      "maximum": 109885.15902030788,
      "total": 5184584.735631715,
      "mode": null,
      "n": 2000,
      "percentiles": {
        "25": 104721.69194285729,
        "50": 105531.65263623346,
        "75": 106874.30737142106
      },
      "average": 105807.85174758601,
      "sample_size": 49,
      "variance": 2439381.4367286605,
      "standard_deviation": 1561.8519253529319,
      "frequency_distribution": "removed",
      "lower_outlier_bound": 101492.76880001163,
      "median": 105531.65263623346,
      "minimum": 102749.57872672722,
      "outliers": "removed",
      "standard_deviation_ratio": 0.014761210057254236,
      "upper_outlier_bound": 110103.23051426673
    },
    {
      "maximum": 92541.9515802001,
      "total": 4043197.7984670876,
      "mode": null,