{
  "build_type": "random",
  "name": "runtime",
  "timestamp": "2026-03-05T19:10:41.617824Z",
  "impl_mod": "xb5_trees",
  "group_id": "keys",
  "impl_description": ":xb5_trees.keys/1",
  "tweaks": "none",
  "measurements": [
    {
      "maximum": 10822510.822510822,
      "total": 380852038.81969607,
      "mode": 9828975.82071948,
      "n": 0,
      "percentiles": {
        "25": 8615490.844009373,
        "50": 9099195.83973175,
        "75": 9449208.207429018
      },
      "average": 9067905.68618324,
      "sample_size": 42,
      "variance": 421976239813.883,
      "standard_deviation": 649596.9826083577,
      "frequency_distribution": "removed",
      "lower_outlier_bound": 7040764.617640839,
      "median": 9099195.83973175,
      "minimum": 7602250.266078759,
      "outliers": "removed",
      "standard_deviation_ratio": 0.07163693636537795,
      "upper_outlier_bound": 11309521.811939768
    },
    {
      "maximum": 1038615.7329511228,
      "total": 43572272.92778435,
      "mode": null,
      "n": 100,
      "percentiles": {
        "25": 891233.8241060924,
        "50": 933218.8584866923,
        "75": 970930.345457017
      },
      "average": 927069.6367613692,
      "sample_size": 47,
      "variance": 3628563766.623006,
      "standard_deviation": 60237.561094577904,
      "frequency_distribution": "removed",
      "lower_outlier_bound": 737434.635607154,
      "median": 933218.8584866923,
      "minimum": 762753.2340737125,
      "outliers": "removed",
      "standard_deviation_ratio": 0.0649763067475839,
      "upper_outlier_bound": 1107798.3464864697
    },
    {
      "maximum": 575360.7511909967,
      "total": 22141865.461826902,
      "mode": null,
      "n": 200,
      "percentiles": {
        "25": 510202.7909403219,
        "50": 523924.76765971223,
        "75": 541956.1450764879
      },
      "average": 527187.2729006405,
      "sample_size": 42,
      "variance": 472644162.688646,
      "standard_deviation": 21740.38092326457,
      "frequency_distribution": "removed",
      "lower_outlier_bound": 452876.83046823426,
      "median": 523924.76765971223,
      "minimum": 486291.44418833096,
      "outliers": "removed",
      "standard_deviation_ratio": 0.041238440381245696,
      "upper_outlier_bound": 590263.9686763649
    },
    {
      "maximum": 426832.39145652286,
      "total": 13866866.759311622,
      "mode": 366924.00270056067,
      "n": 300,
      "percentiles": {
        "25": 374707.15388368943,
        "50": 382943.2696948646,
        "75": 394493.94164071506
      },
      "average": 385190.7433142117,
      "sample_size": 36,
      "variance": 283518336.4501942,
      "standard_deviation": 16838.00274528408,
      "frequency_distribution": "removed",
      "lower_outlier_bound": 325569.0942903291,
      "median": 382943.2696948646,
      "minimum": 357283.21840723144,
      "outliers": "removed",
      "standard_deviation_ratio": 0.043713414814718986,
      "upper_outlier_bound": 435848.85005094664
    },
    {
      "maximum": 334081.67628821894,
      "total": 13860820.37133283,
      "mode": null,
      "n": 400,
      "percentiles": {
        "25": 298005.31327137514,
        "50": 308935.6548818012,
        "75": 318708.8695625266
      },
      "average": 308018.2304740629,
      "sample_size": 45,
      "variance": 175878490.47355127,
      "standard_deviation": 13261.918808134487,
      "frequency_distribution": "removed",
      "lower_outlier_bound": 265900.6209652773,
      "median": 308935.6548818012,
      "minimum": 275269.7643690817,
      "outliers": "removed",
      "standard_deviation_ratio": 0.04305562949220054,
      "upper_outlier_bound": 350530.3359728067
    },
    {
      "maximum": 279446.6955428252,
      "total": 10883995.626142876,
      "mode": null,
      "n": 500,
      "percentiles": {
        "25": 247161.35187373022,
        "50": 253871.54100025387,
        "75": 261608.89470241987
      },
      "average": 253116.17735215992,
      "sample_size": 43,
      "variance": 153210262.55563387,
      "standard_deviation": 12377.813318823073,
      "frequency_distribution": "removed",
      "lower_outlier_bound": 219614.93877835304,
      "median": 253871.54100025387,
      "minimum": 220642.42247728485,
      "outliers": "removed",
      "standard_deviation_ratio": 0.04890170769923509,
      "upper_outlier_bound": 286861.12459182006
    },
    {
      "maximum": 238712.4803658985,
      "total": 9402996.655702336,
      "mode": null,
      "n": 600,
      "percentiles": {
        "25": 213055.16850533278,
        "50": 217719.77722912395,
        "75": 223679.61920781626
      },
      "average": 218674.34083028688,
      "sample_size": 43,
      "variance": 59284257.022347964,
      "standard_deviation": 7699.627070342301,
      "frequency_distribution": "removed",
      "lower_outlier_bound": 193743.37628228252,
      "median": 217719.77722912395,
      "minimum": 202983.03873728312,
      "outliers": "removed",
      "standard_deviation_ratio": 0.035210473442414444,
      "upper_outlier_bound": 241406.16641503596
    },
    {
      "maximum": 201081.8201926364,
      "total": 7534620.745199402,
      "mode": null,
      "n": 700,
      "percentiles": {
        "25": 179086.38067279028,
        "50": 184257.0754716981,
        "75": 189946.7865317231
      },
      "average": 183771.2376877903,
      "sample_size": 41,
      "variance": 74937728.7922994,
      "standard_deviation": 8656.6580614172,
      "frequency_distribution": "removed",
      "lower_outlier_bound": 158285.0014056879,
      "median": 184257.0754716981,
      "minimum": 158550.4681995326,
      "outliers": "removed",
      "standard_deviation_ratio": 0.04710561984745421,
      "upper_outlier_bound": 207758.79072104418
    },
    {
      "maximum": 182727.83420007236,
      "total": 6517896.381570488,
      "mode": null,
      "n": 800,
      "percentiles": {
        "25": 162446.31149405122,
        "50": 169304.42968109818,
        "75": 173148.18021262597
      },
      "average": 167125.54824539713,
      "sample_size": 39,
      "variance": 83677387.62365073,
      "standard_deviation": 9147.53451065645,
      "frequency_distribution": "removed",
      "lower_outlier_bound": 132661.2915352023,
      "median": 169304.42968109818,
      "minimum": 133523.47075568943,
      "outliers": "removed",
      "standard_deviation_ratio": 0.05473450712170445,
      "upper_outlier_bound": 195778.16527088382
    },
    {
      "maximum": 163058.7207065008,
      "total": 6005010.967368421,
      "mode": null,
      "n": 900,
      "percentiles": {
        "25": 144750.76858223474,
        "50": 152122.25924378238,
        "75": 157008.68313843224
      },
      "average": 150125.27418421052,
      "sample_size": 40,
      "variance": 101187784.86938518,
      "standard_deviation": 10059.21392899988,
      "frequency_distribution": "removed",
      "lower_outlier_bound": 123509.83383031748,
      "median": 152122.25924378238,
      "minimum": 123641.48913809517,
      "outliers": "removed",
      "standard_deviation_ratio": 0.0670054658262057,
      "upper_outlier_bound": 178538.72462958423
    },
    {
      "maximum": 150439.73534641758,
      "total": 5672141.059386714,
      "mode": null,
      "n": 1000,
      "percentiles": {
        "25": 135430.5141896066,
        "50": 141316.39044022883,
        "75": 144103.84709325474
      },
      "average": 138344.90388748085,
      "sample_size": 41,
      "variance": 95900097.21352494,
      "standard_deviation": 9792.859501367562,
      "frequency_distribution": "removed",
      "lower_outlier_bound": 111694.91804374693,
      "median": 141316.39044022883,
      "minimum": 112179.05572158056,
      "outliers": "removed",
      "standard_deviation_ratio": 0.0707858347231375,
      "upper_outlier_bound": 163367.73786249533
    },
    {
      "maximum": 84233.50876365424,
      "total": 3578663.2588768676,
      "mode": null,
      "n": 2000,