{
  "build_type": "random",
  "name": "runtime",
  "timestamp": "2026-03-19T20:17:22.819328Z",
  "impl_mod": "xb5_trees",
  "tweaks": "none",
  "impl_description": ":xb5_trees.larger/2",
  "group_id": "larger_x100",
  "measurements": [
    {
      "maximum": 231729.84008323736,
      "total": 8548890.690142652,
      "mode": null,
      "n": 100,
      "percentiles": {
        "25": 220903.07589064667,
        "50": 224877.66578317375,
        "75": 229797.79958199474
      },
      "average": 224970.80763533295,
      "variance": 24201188.637720767,
      "standard_deviation": 4919.470361504455,
      "standard_deviation_ratio": 0.02186714984585326,
      "median": 224877.66578317375,
      "frequency_distribution": "removed",
      "minimum": 215249.57111522954,
      "lower_outlier_bound": 207075.0306058299,
      "upper_outlier_bound": 244224.15680939215,
      "outliers": "removed",
      "sample_size": 38
    },
    {
      "maximum": 194197.38221928768,
      "total": 6850520.871550412,
      "mode": null,
      "n": 200,
      "percentiles": {
        "25": 188957.51280930676,
        "50": 190519.55798284122,
        "75": 192448.99899232417
      },
      "average": 190292.2464319559,
      "variance": 6691344.195198362,
      "standard_deviation": 2586.7632661684297,
      "standard_deviation_ratio": 0.013593634605041023,
      "median": 190519.55798284122,
      "frequency_distribution": "removed",
      "minimum": 184044.1116926905,
      "lower_outlier_bound": 183146.0541607229,
      "upper_outlier_bound": 198176.5815080536,
      "outliers": "removed",
      "sample_size": 36
    },
    {
      "maximum": 175582.14259376965,
      "total": 6509122.1324520875,
      "mode": null,
      "n": 300,
      "percentiles": {
        "25": 169916.94398596752,
        "50": 171495.02786414383,
        "75": 173790.73790354928
      },
      "average": 171292.68769610758,
      "variance": 8652537.22661137,
      "standard_deviation": 2941.5195438091805,
      "standard_deviation_ratio": 0.017172475856224324,
      "median": 171495.02786414383,
      "frequency_distribution": "removed",
      "minimum": 163704.9709014414,
      "lower_outlier_bound": 163300.75066793646,
      "upper_outlier_bound": 179973.12325528282,
      "outliers": "removed",
      "sample_size": 38
    },
    {
      "maximum": 165656.1640658649,
      "total": 5740965.031037853,
      "mode": null,
      "n": 400,
      "percentiles": {
        "25": 157639.16144130222,
        "50": 159969.20212166183,
        "75": 161713.9089904717
      },
      "average": 159471.2508621626,
      "variance": 10327667.516508669,
      "standard_deviation": 3213.6688560753532,
      "standard_deviation_ratio": 0.02015202639159742,
      "median": 159969.20212166183,
      "frequency_distribution": "removed",
      "minimum": 152161.60780041266,
      "lower_outlier_bound": 147983.6248537961,
      "upper_outlier_bound": 169301.19330504967,
      "outliers": "removed",
      "sample_size": 36
    },
    {
      "maximum": 153050.29232605835,
      "total": 5456552.017185905,
      "mode": null,
      "n": 500,
      "percentiles": {
        "25": 145749.02910532005,
        "50": 147724.88898474592,
        "75": 149074.84187268812
      },
      "average": 147474.3788428623,
      "variance": 8278799.241589748,
      "standard_deviation": 2877.2902602257127,
      "standard_deviation_ratio": 0.019510441629264557,
      "median": 147724.88898474592,
      "frequency_distribution": "removed",
      "minimum": 140410.19434175,
      "lower_outlier_bound": 140403.72789767775,
      "upper_outlier_bound": 154478.71716331056,
      "outliers": "removed",
      "sample_size": 37
    },
    {
      "maximum": 144118.5923072378,
      "total": 5363169.586054485,
      "mode": null,
      "n": 600,
      "percentiles": {
        "25": 139956.0578935666,
        "50": 141008.7555127459,
        "75": 142468.1042052055
      },
      "average": 141136.04173827593,
      "variance": 2735252.835715978,
      "standard_deviation": 1653.8599806863874,
      "standard_deviation_ratio": 0.011718197281976504,
      "median": 141008.7555127459,
      "frequency_distribution": "removed",
      "minimum": 137290.78600347895,
      "lower_outlier_bound": 135253.4666470072,
      "upper_outlier_bound": 146773.34481691086,
      "outliers": "removed",
      "sample_size": 38
    },
    {
      "maximum": 139480.12966072853,
      "total": 5023409.4565453045,
      "mode": null,
      "n": 700,
      "percentiles": {
        "25": 135002.04900209437,
        "50": 135519.71811898632,
        "75": 136862.26723860938
      },
      "average": 135767.8231498731,
      "variance": 3306100.338476749,
      "standard_deviation": 1818.2685001057323,
      "standard_deviation_ratio": 0.013392484742858101,
      "median": 135519.71811898632,
      "frequency_distribution": "removed",
      "minimum": 131021.07342945039,
      "lower_outlier_bound": 130619.59375706065,
      "upper_outlier_bound": 140417.68259525095,
      "outliers": "removed",
      "sample_size": 37
    },
    {
      "maximum": 136371.69469104992,
      "total": 5144940.907843227,
      "mode": null,
      "n": 800,
      "percentiles": {
        "25": 130693.84052998965,
        "50": 131788.76896110913,
        "75": 133453.44143062088
      },
      "average": 131921.5617395699,
      "variance": 2862650.505578211,
      "standard_deviation": 1691.936909455613,
      "standard_deviation_ratio": 0.012825325042738,
      "median": 131788.76896110913,
      "frequency_distribution": "removed",
      "minimum": 128579.16168958161,
      "lower_outlier_bound": 126028.57862904474,
      "upper_outlier_bound": 137629.21495716908,
      "outliers": "removed",
      "sample_size": 39
    },
    {
      "maximum": 130310.98717088331,
      "total": 5054034.914016307,
      "mode": null,
      "n": 900,
      "percentiles": {
        "25": 124220.7103225502,
        "50": 126500.45420878686,
        "75": 128234.7301128199
      },
      "average": 126350.87285040769,
      "variance": 5250176.252637617,
      "standard_deviation": 2291.3263086338484,
      "standard_deviation_ratio": 0.018134629836286525,
      "median": 126500.45420878686,
      "frequency_distribution": "removed",
      "minimum": 121896.06897367167,
      "lower_outlier_bound": 118199.68063714566,
      "upper_outlier_bound": 134255.75979822443,
      "outliers": "removed",
      "sample_size": 40
    },
    {
      "maximum": 129232.35978288963,
      "total": 4520926.686109988,
      "mode": null,
      "n": 1000,
      "percentiles": {
        "25": 121060.41233683142,
        "50": 121996.8939590798,
        "75": 123938.57361280125
      },
      "average": 122187.20773270237,
      "variance": 7936963.8921372555,
      "standard_deviation": 2817.261772029226,
      "standard_deviation_ratio": 0.02305692898877179,
      "median": 121996.8939590798,
      "frequency_distribution": "removed",
      "minimum": 115141.5780844126,
      "lower_outlier_bound": 114408.61795728712,
      "upper_outlier_bound": 129508.32612044504,
      "outliers": "removed",
      "sample_size": 37
    },
    {
      "maximum": 96512.14750144527,
      "total": 3402721.677033641,
      "mode": 95351.60905840286,
      "n": 2000,
      "percentiles": {
        "25": 93678.21018037386,
        "50": 94472.64556928814,
        "75": 95351.60905840286
      },
      "average": 94520.04658426781,
      "variance": 1538133.2021922881,
      "standard_deviation": 1240.214982247952,
      "standard_deviation_ratio": 0.013121184627667938,
      "median": 94472.64556928814,
      "frequency_distribution": "removed",
      "minimum": 91810.84028953467,
      "lower_outlier_bound": 91049.01571260559,
      "upper_outlier_bound": 97947.7135400617,
      "outliers": "removed",
      "sample_size": 36
    },
    {
      "maximum": 83593.86755387625,
      "total": 3207583.9335223585,
      "mode": null,
      "n": 3000,