{
  "build_type": "random",
  "name": "runtime",
  "timestamp": "2026-04-02T21:43:41.944193Z",
  "impl_mod": "xb5_trees",
  "impl_description": ":xb5_trees.larger/2",
  "tweaks": "none",
  "group_id": "larger_x100",
  "measurements": [
    {
      "maximum": 228749.19937780217,
      "total": 8345981.761769589,
      "mode": null,
      "n": 100,
      "percentiles": {
        "25": 215763.11852034114,
        "50": 220642.76160295337,
        "75": 223725.93571932171
      },
      "frequency_distribution": "removed",
      "outliers": "removed",
      "median": 220642.76160295337,
      "average": 219631.09899393655,
      "sample_size": 38,
      "variance": 24666683.614619005,
      "standard_deviation": 4966.556514791612,
      "lower_outlier_bound": 202324.5497762639,
      "minimum": 209942.4547731467,
      "standard_deviation_ratio": 0.022613175172104046,
      "upper_outlier_bound": 236264.10219937717
    },
    {
      "maximum": 191663.7757380493,
      "total": 6605924.434364246,
      "mode": null,
      "n": 200,
      "percentiles": {
        "25": 180632.8247612653,
        "50": 183586.80653530825,
        "75": 185546.9157792876
      },
      "frequency_distribution": "removed",
      "outliers": "removed",
      "median": 183586.80653530825,
      "average": 183497.90095456238,
      "sample_size": 36,
      "variance": 11850692.3373372,
      "standard_deviation": 3442.483454911178,
      "lower_outlier_bound": 172510.99215762538,
      "minimum": 176783.70337108843,
      "standard_deviation_ratio": 0.018760342418105386,
      "upper_outlier_bound": 193367.23056694702
    },
    {
      "maximum": 171035.1904904434,
      "total": 5666015.819349671,
      "mode": null,
      "n": 300,
      "percentiles": {
        "25": 165623.61457248667,
        "50": 166642.28847562324,
        "75": 168150.5976263581
      },
      "frequency_distribution": "removed",
      "outliers": "removed",
      "median": 166642.28847562324,
      "average": 166647.52409851973,
      "sample_size": 34,
      "variance": 4055104.05672179,
      "standard_deviation": 2013.7288935509146,
      "lower_outlier_bound": 161261.5400723577,
      "minimum": 162421.7736132835,
      "standard_deviation_ratio": 0.012083761246644299,
      "upper_outlier_bound": 172497.6225512352
    },
    {
      "maximum": 157151.90460250783,
      "total": 5163081.965451181,
      "mode": null,
      "n": 400,
      "percentiles": {
        "25": 150298.9262145314,
        "50": 152019.63355718288,
        "75": 152894.56374050907
      },
      "frequency_distribution": "removed",
      "outliers": "removed",
      "median": 152019.63355718288,
      "average": 151855.35192503475,
      "sample_size": 34,
      "variance": 5772975.94548442,
      "standard_deviation": 2402.701801198896,
      "lower_outlier_bound": 146012.2503825587,
      "minimum": 146291.22486716756,
      "standard_deviation_ratio": 0.01582230570566271,
      "upper_outlier_bound": 157271.91055104884
    },
    {
      "maximum": 150052.81859214444,
      "total": 5182880.829664366,
      "mode": null,
      "n": 500,
      "percentiles": {
        "25": 141902.34654240956,
        "50": 144220.75876916718,
        "75": 145111.85803101485
      },
      "frequency_distribution": "removed",
      "outliers": "removed",
      "median": 144220.75876916718,
      "average": 143968.9119351213,
      "sample_size": 36,
      "variance": 5107383.132503288,
      "standard_deviation": 2259.9520199560184,
      "lower_outlier_bound": 136621.9358494694,
      "minimum": 139827.87188970376,
      "standard_deviation_ratio": 0.015697500172637633,
      "upper_outlier_bound": 150064.55975186487
    },
    {
      "maximum": 139874.22509679297,
      "total": 5042391.554718103,
      "mode": null,
      "n": 600,
      "percentiles": {
        "25": 135775.48485962558,
        "50": 136776.63964416189,
        "75": 137570.78911586409
      },
      "frequency_distribution": "removed",
      "outliers": "removed",
      "median": 136776.63964416189,
      "average": 136280.852830219,
      "sample_size": 37,
      "variance": 5022248.6580797555,
      "standard_deviation": 2241.0374066667773,
      "lower_outlier_bound": 129856.88956660958,
      "minimum": 130263.288158025,
      "standard_deviation_ratio": 0.016444257282853224,
      "upper_outlier_bound": 142188.07622378616
    },
    {
      "maximum": 136546.91956976795,
      "total": 5002360.809643226,
      "mode": null,
      "n": 700,
      "percentiles": {
        "25": 130247.08843426705,
        "50": 132101.62111302634,
        "75": 133322.9218955383
      },
      "frequency_distribution": "removed",
      "outliers": "removed",
      "median": 132101.62111302634,
      "average": 131641.0739379796,
      "sample_size": 38,
      "variance": 5855762.180683538,
      "standard_deviation": 2419.8682155612396,
      "lower_outlier_bound": 125717.93260001951,
      "minimum": 126421.29136820706,
      "standard_deviation_ratio": 0.018382319007070075,
      "upper_outlier_bound": 137701.37703637464
    },
    {
      "maximum": 131580.15929094085,
      "total": 4876930.1941147735,
      "mode": null,
      "n": 800,
      "percentiles": {
        "25": 126995.37730265838,
        "50": 128599.59202876182,
        "75": 129139.24105103523
      },
      "frequency_distribution": "removed",
      "outliers": "removed",
      "median": 128599.59202876182,
      "average": 128340.26826617825,
      "sample_size": 38,
      "variance": 2871972.0412271866,
      "standard_deviation": 1694.6893642279067,
      "lower_outlier_bound": 124070.69727245765,
      "minimum": 124886.50938459675,
      "standard_deviation_ratio": 0.01320465811021303,
      "upper_outlier_bound": 132317.33940645814
    },
    {
      "maximum": 125963.30437017088,
      "total": 4036245.0713000298,
      "mode": null,
      "n": 900,
      "percentiles": {
        "25": 121500.40858283483,
        "50": 122408.31005535304,
        "75": 123152.93032950739
      },
      "frequency_distribution": "removed",
      "outliers": "removed",
      "median": 122408.31005535304,
      "average": 122310.45670606151,
      "sample_size": 33,
      "variance": 2147168.686249975,
      "standard_deviation": 1465.322041822198,
      "lower_outlier_bound": 118009.30144796654,
      "minimum": 118206.80280150122,
      "standard_deviation_ratio": 0.011980349687874061,
      "upper_outlier_bound": 126453.01775682077
    },
    {
      "maximum": 120935.50872126421,
      "total": 4258805.800088489,
      "mode": null,
      "n": 1000,
      "percentiles": {
        "25": 117303.67187050518,
        "50": 118333.11275123351,
        "75": 119189.50888286176
      },
      "frequency_distribution": "removed",
      "outliers": "removed",
      "median": 118333.11275123351,
      "average": 118300.16111356915,
      "sample_size": 36,
      "variance": 1729323.5649157306,
      "standard_deviation": 1315.0374766202408,
      "lower_outlier_bound": 114510.84637239229,
      "minimum": 114945.039029588,
      "standard_deviation_ratio": 0.011116108923620093,
      "upper_outlier_bound": 121822.75866270481
    },
    {
      "maximum": 95641.33733369167,
      "total": 3336015.064758957,
      "mode": null,
      "n": 2000,
      "percentiles": {
        "25": 92020.3750086948,
        "50": 92720.9025074346,
        "75": 93541.78837395618
      },
      "frequency_distribution": "removed",
      "outliers": "removed",
      "median": 92720.9025074346,
      "average": 92667.08513219324,
      "sample_size": 36,
      "variance": 1753267.5874110342,
      "standard_deviation": 1324.1101115130245,
      "lower_outlier_bound": 88874.72085230911,
      "minimum": 88941.3049646147,
      "standard_deviation_ratio": 0.014288893511910183,
      "upper_outlier_bound": 96199.21375883065
    },
    {
      "maximum": 82313.87597932934,
      "total": 2970854.423296116,
      "mode": null,
      "n": 3000,