{
  "build_type": "random",
  "name": "runtime",
  "timestamp": "2026-03-05T19:10:41.611178Z",
  "impl_mod": "xb5_trees",
  "group_id": "lookup_existing_x100",
  "impl_description": ":xb5_trees.lookup/2",
  "tweaks": "none",
  "measurements": [
    {
      "maximum": 263949.0472759139,
      "total": 11216202.718093615,
      "mode": null,
      "n": 100,
      "percentiles": {
        "25": 251371.47078924984,
        "50": 254166.79840955633,
        "75": 259104.90733206933
      },
      "average": 254913.69813849125,
      "sample_size": 44,
      "variance": 23633291.30990235,
      "standard_deviation": 4861.408366914094,
      "frequency_distribution": "removed",
      "lower_outlier_bound": 238153.5185392477,
      "median": 254166.79840955633,
      "minimum": 245547.60799797668,
      "outliers": "removed",
      "standard_deviation_ratio": 0.019070800833437183,
      "upper_outlier_bound": 271508.0380968469
    },
    {
      "maximum": 214978.86757731714,
      "total": 8364149.072892119,
      "mode": null,
      "n": 200,
      "percentiles": {
        "25": 207134.79737953524,
        "50": 209069.43696255807,
        "75": 210824.86925230155
      },
      "average": 209103.72682230297,
      "sample_size": 40,
      "variance": 7393964.040064905,
      "standard_deviation": 2719.184443921542,
      "frequency_distribution": "removed",
      "lower_outlier_bound": 200160.2296090658,
      "median": 209069.43696255807,
      "minimum": 204480.1603124457,
      "outliers": "removed",
      "standard_deviation_ratio": 0.013003997992978451,
      "upper_outlier_bound": 217865.19380214694
    },
    {
      "maximum": 192486.48263675685,
      "total": 8155230.6137497295,
      "mode": null,
      "n": 300,
      "percentiles": {
        "25": 183087.843707672,
        "50": 185899.3592896387,
        "75": 187185.39272994065
      },
      "average": 185346.15031249385,
      "sample_size": 44,
      "variance": 9059513.598984959,
      "standard_deviation": 3009.902589617305,
      "frequency_distribution": "removed",
      "lower_outlier_bound": 176332.7883647296,
      "median": 185899.3592896387,
      "minimum": 177174.28279850323,
      "outliers": "removed",
      "standard_deviation_ratio": 0.016239358543690307,
      "upper_outlier_bound": 194002.38443250686
    },
    {
      "maximum": 178829.4539263795,
      "total": 7788344.339312398,
      "mode": null,
      "n": 400,
      "percentiles": {
        "25": 171737.8956627054,
        "50": 172853.07834047216,
        "75": 174526.51976615316
      },
      "average": 173074.31865138662,
      "sample_size": 45,
      "variance": 4093583.008796121,
      "standard_deviation": 2023.2604896048658,
      "frequency_distribution": "removed",
      "lower_outlier_bound": 167486.4130626078,
      "median": 172853.07834047216,
      "minimum": 169194.43147287137,
      "outliers": "removed",
      "standard_deviation_ratio": 0.01169012540607021,
      "upper_outlier_bound": 179169.7616149977
    },
    {
      "maximum": 168236.87752355315,
      "total": 6686847.486631414,
      "mode": null,
      "n": 500,
      "percentiles": {
        "25": 161648.68779417576,
        "50": 162914.2093773419,
        "75": 164221.96343941445
      },
      "average": 163093.84113735156,
      "sample_size": 41,
      "variance": 5390389.428138915,
      "standard_deviation": 2321.7212210209295,
      "frequency_distribution": "removed",
      "lower_outlier_bound": 157399.18927790353,
      "median": 162914.2093773419,
      "minimum": 158864.05843655526,
      "outliers": "removed",
      "standard_deviation_ratio": 0.014235492921315542,
      "upper_outlier_bound": 168719.16538413137
    },
    {
      "maximum": 156242.67612455666,
      "total": 6648860.616001402,
      "mode": null,
      "n": 600,
      "percentiles": {
        "25": 148569.8708407346,
        "50": 151352.44764859357,
        "75": 153702.2062017286
      },
      "average": 151110.46854548642,
      "sample_size": 44,
      "variance": 9248859.882527942,
      "standard_deviation": 3041.193825215345,
      "frequency_distribution": "removed",
      "lower_outlier_bound": 140185.56732921052,
      "median": 151352.44764859357,
      "minimum": 143196.31355410386,
      "outliers": "removed",
      "standard_deviation_ratio": 0.020125632952424484,
      "upper_outlier_bound": 161915.06237755233
    },
    {
      "maximum": 152375.37979563413,
      "total": 6211717.74314934,
      "mode": null,
      "n": 700,
      "percentiles": {
        "25": 146753.4276914786,
        "50": 147785.58287086862,
        "75": 149240.042519659
      },
      "average": 147898.04150355572,
      "sample_size": 42,
      "variance": 5210686.907512961,
      "standard_deviation": 2282.692906966016,
      "frequency_distribution": "removed",
      "lower_outlier_bound": 142420.60472650302,
      "median": 147785.58287086862,
      "minimum": 142832.0452263388,
      "outliers": "removed",
      "standard_deviation_ratio": 0.015434233501402626,
      "upper_outlier_bound": 153439.1804034675
    },
    {
      "maximum": 143940.39716034385,
      "total": 6338757.172094217,
      "mode": null,
      "n": 800,
      "percentiles": {
        "25": 139596.12151289074,
        "50": 140830.59065758027,
        "75": 142154.7156040935
      },
      "average": 140861.2704909826,
      "sample_size": 45,
      "variance": 2930240.162758684,
      "standard_deviation": 1711.7944277157476,
      "frequency_distribution": "removed",
      "lower_outlier_bound": 135061.12901056051,
      "median": 140830.59065758027,
      "minimum": 137688.13362357992,
      "outliers": "removed",
      "standard_deviation_ratio": 0.012152342668422333,
      "upper_outlier_bound": 146325.50913581165
    },
    {
      "maximum": 139539.10234495462,
      "total": 6124568.764605984,
      "mode": null,
      "n": 900,
      "percentiles": {
        "25": 135169.66243467364,
        "50": 136099.23267252618,
        "75": 137169.79005832982
      },
      "average": 136101.5281023552,
      "sample_size": 45,
      "variance": 1944509.1980682982,
      "standard_deviation": 1394.4565959786264,
      "frequency_distribution": "removed",
      "lower_outlier_bound": 132024.79933247576,
      "median": 136099.23267252618,
      "minimum": 133703.60317840206,
      "outliers": "removed",
      "standard_deviation_ratio": 0.010245708592852279,
      "upper_outlier_bound": 140249.48405996838
    },
    {
      "maximum": 138173.45743152124,
      "total": 5609189.183558356,
      "mode": null,
      "n": 1000,
      "percentiles": {
        "25": 132446.93374045435,
        "50": 133608.39252892567,
        "75": 134957.06194928716
      },
      "average": 133552.1234180561,
      "sample_size": 42,
      "variance": 4991159.863952856,
      "standard_deviation": 2234.0903884921163,
      "frequency_distribution": "removed",
      "lower_outlier_bound": 126509.34073799002,
      "median": 133608.39252892567,
      "minimum": 126828.71148370569,
      "outliers": "removed",
      "standard_deviation_ratio": 0.01672822813530848,
      "upper_outlier_bound": 139681.91196206855
    },
    {
      "maximum": 109156.36321561548,
      "total": 4577296.209152199,
      "mode": null,
      "n": 2000,
      "percentiles": {
        "25": 105242.88479166645,
        "50": 106888.65302126123,
        "75": 107586.80641475575
      },
      "average": 106448.74905005115,
      "sample_size": 43,
      "variance": 2678570.467399088,
      "standard_deviation": 1636.633883126916,
      "frequency_distribution": "removed",
      "lower_outlier_bound": 101468.37682426657,
      "median": 106888.65302126123,
      "minimum": 102497.66305328239,
      "outliers": "removed",
      "standard_deviation_ratio": 0.015374853135731892,
      "upper_outlier_bound": 111318.23091771954
    },
    {
      "maximum": 92487.85865635489,
      "total": 3779947.241966628,
      "mode": null,