{
  "build_type": "random",
  "name": "runtime",
  "timestamp": "2026-03-19T20:17:22.947411Z",
  "impl_mod": "xb5_trees",
  "tweaks": "none",
  "impl_description": ":xb5_trees.lookup/2",
  "group_id": "lookup_existing_x100",
  "measurements": [
    {
      "maximum": 256159.3516094492,
      "total": 9358097.314743416,
      "mode": null,
      "n": 100,
      "percentiles": {
        "25": 244061.70551334473,
        "50": 246133.5545326928,
        "75": 248472.63238438612
      },
      "average": 246265.71880903727,
      "variance": 13694768.892098885,
      "standard_deviation": 3700.644388765136,
      "standard_deviation_ratio": 0.015027038300993651,
      "median": 246133.5545326928,
      "frequency_distribution": "removed",
      "minimum": 238459.74084195367,
      "lower_outlier_bound": 236512.02809195314,
      "upper_outlier_bound": 256792.17651579005,
      "outliers": "removed",
      "sample_size": 38
    },
    {
      "maximum": 211764.3570940001,
      "total": 7559210.717591241,
      "mode": null,
      "n": 200,
      "percentiles": {
        "25": 202413.60644250276,
        "50": 204127.04050492865,
        "75": 206099.10529069087
      },
      "average": 204302.99236733085,
      "variance": 9551168.832909042,
      "standard_deviation": 3090.4965350100365,
      "standard_deviation_ratio": 0.015127025302955002,
      "median": 204127.04050492865,
      "frequency_distribution": "removed",
      "minimum": 198152.03412970636,
      "lower_outlier_bound": 195901.35685781034,
      "upper_outlier_bound": 212306.44598843233,
      "outliers": "removed",
      "sample_size": 37
    },
    {
      "maximum": 189268.47733509983,
      "total": 5890006.651044908,
      "mode": null,
      "n": 300,
      "percentiles": {
        "25": 182272.66498037503,
        "50": 184352.53470553688,
        "75": 185333.03814157794
      },
      "average": 184062.70784515337,
      "variance": 4651493.26406163,
      "standard_deviation": 2156.7320798053775,
      "standard_deviation_ratio": 0.01171737667588686,
      "median": 184352.53470553688,
      "frequency_distribution": "removed",
      "minimum": 179517.0990036801,
      "lower_outlier_bound": 175763.7978832925,
      "upper_outlier_bound": 191702.73256191175,
      "outliers": "removed",
      "sample_size": 32
    },
    {
      "maximum": 175343.54183433892,
      "total": 5802902.084415353,
      "mode": null,
      "n": 400,
      "percentiles": {
        "25": 169129.05333035704,
        "50": 170543.46355417208,
        "75": 172082.16474261298
      },
      "average": 170673.59071809863,
      "variance": 4298674.496585038,
      "standard_deviation": 2073.324503444899,
      "standard_deviation_ratio": 0.012147892914899804,
      "median": 170543.46355417208,
      "frequency_distribution": "removed",
      "minimum": 166851.87224485847,
      "lower_outlier_bound": 163383.48694408906,
      "upper_outlier_bound": 178082.40069958987,
      "outliers": "removed",
      "sample_size": 34
    },
    {
      "maximum": 163623.00604914254,
      "total": 5742391.372761913,
      "mode": null,
      "n": 500,
      "percentiles": {
        "25": 158462.28356254852,
        "50": 159511.42615649337,
        "75": 160773.55064008242
      },
      "average": 159510.87146560868,
      "variance": 3964555.574410754,
      "standard_deviation": 1991.1191763454929,
      "standard_deviation_ratio": 0.012482654994301049,
      "median": 159511.42615649337,
      "frequency_distribution": "removed",
      "minimum": 155088.29176450154,
      "lower_outlier_bound": 153995.87298181845,
      "upper_outlier_bound": 164212.2306442812,
      "outliers": "removed",
      "sample_size": 36
    },
    {
      "maximum": 155283.60220689056,
      "total": 5469018.842482772,
      "mode": null,
      "n": 600,
      "percentiles": {
        "25": 150885.04352292142,
        "50": 152131.28898082871,
        "75": 152991.31484915013
      },
      "average": 151917.1900689659,
      "variance": 3021057.3184296167,
      "standard_deviation": 1738.1189022703875,
      "standard_deviation_ratio": 0.011441225982927496,
      "median": 152131.28898082871,
      "frequency_distribution": "removed",
      "minimum": 147882.39800181304,
      "lower_outlier_bound": 147351.3513625994,
      "upper_outlier_bound": 156546.99826004542,
      "outliers": "removed",
      "sample_size": 36
    },
    {
      "maximum": 147720.30637191542,
      "total": 5535998.04507643,
      "mode": null,
      "n": 700,
      "percentiles": {
        "25": 144452.30993907934,
        "50": 145785.00534129277,
        "75": 146925.13285238808
      },
      "average": 145684.1590809587,
      "variance": 1909297.6504844157,
      "standard_deviation": 1381.7733716078103,
      "standard_deviation_ratio": 0.009484719411668771,
      "median": 145785.00534129277,
      "frequency_distribution": "removed",
      "minimum": 142655.18387539926,
      "lower_outlier_bound": 140634.67705419933,
      "upper_outlier_bound": 150684.03766674042,
      "outliers": "removed",
      "sample_size": 38
    },
    {
      "maximum": 142833.2692964176,
      "total": 5198497.091544937,
      "mode": null,
      "n": 800,
      "percentiles": {
        "25": 139663.43913285632,
        "50": 140472.3241426974,
        "75": 141498.7584928202
      },
      "average": 140499.9213931064,
      "variance": 1862887.8826483844,
      "standard_deviation": 1364.8765082044545,
      "standard_deviation_ratio": 0.009714428980964696,
      "median": 140472.3241426974,
      "frequency_distribution": "removed",
      "minimum": 137006.3831273899,
      "lower_outlier_bound": 136052.48428204196,
      "upper_outlier_bound": 144724.87958841427,
      "outliers": "removed",
      "sample_size": 37
    },
    {
      "maximum": 137485.77022278195,
      "total": 4979883.22722853,
      "mode": null,
      "n": 900,
      "percentiles": {
        "25": 133845.85221720248,
        "50": 134601.82089343303,
        "75": 135363.60712048516
      },
      "average": 134591.43857374406,
      "variance": 1886034.878525981,
      "standard_deviation": 1373.3298505916125,
      "standard_deviation_ratio": 0.010203693972994803,
      "median": 134601.82089343303,
      "frequency_distribution": "removed",
      "minimum": 131032.91940034095,
      "lower_outlier_bound": 130616.28323211632,
      "upper_outlier_bound": 138212.00145350647,
      "outliers": "removed",
      "sample_size": 37
    },
    {
      "maximum": 133976.0611573924,
      "total": 4856347.553643445,
      "mode": null,
      "n": 1000,
      "percentiles": {
        "25": 130196.04664603181,
        "50": 131139.28565808316,
        "75": 132396.8608119624
      },
      "average": 131252.63658495797,
      "variance": 2306702.2719403976,
      "standard_deviation": 1518.7831550094297,
      "standard_deviation_ratio": 0.01157144873068011,
      "median": 131139.28565808316,
      "frequency_distribution": "removed",
      "minimum": 127769.72828489583,
      "lower_outlier_bound": 126560.41858716446,
      "upper_outlier_bound": 135968.84185417104,
      "outliers": "removed",
      "sample_size": 37
    },
    {
      "maximum": 108440.110695665,
      "total": 4001044.595326972,
      "mode": null,
      "n": 2000,
      "percentiles": {
        "25": 104307.43761175207,
        "50": 105543.79455778998,
        "75": 105975.90785662686
      },
      "average": 105290.64724544664,
      "variance": 1780862.9667755638,
      "standard_deviation": 1334.4897776961664,
      "standard_deviation_ratio": 0.012674342998246477,
      "median": 105543.79455778998,
      "frequency_distribution": "removed",
      "minimum": 101846.37289419894,
      "lower_outlier_bound": 101683.53740905527,
      "upper_outlier_bound": 108495.7409145386,
      "outliers": "removed",
      "sample_size": 38
    },
    {
      "maximum": 91238.21202300662,
      "total": 3309718.1552084964,
      "mode": null,