{
  "build_type": "random",
  "name": "runtime",
  "timestamp": "2026-03-05T19:10:41.254533Z",
  "impl_mod": "xb5_trees",
  "group_id": "take_smallest",
  "impl_description": ":xb5_trees.take_smallest/1",
  "tweaks": [
    "duplicate_variants",
    10
  ],
  "measurements": [
    {
      "maximum": 5039458.963685659,
      "total": 222887454.14179516,
      "mode": 4302407.627308242,
      "n": 100,
      "percentiles": {
        "25": 4241560.236126745,
        "50": 4342693.594302414,
        "75": 4744207.807725101
      },
      "average": 4457749.082835903,
      "sample_size": 50,
      "variance": 77518872891.2756,
      "standard_deviation": 278422.1127914872,
      "frequency_distribution": "removed",
      "lower_outlier_bound": 3440561.7261386258,
      "median": 4342693.594302414,
      "minimum": 3934126.977882338,
      "outliers": "removed",
      "standard_deviation_ratio": 0.06245800461572017,
      "upper_outlier_bound": 5517703.379234001
    },
    {
      "maximum": 5315303.822766509,
      "total": 221764402.8295548,
      "mode": null,
      "n": 200,
      "percentiles": {
        "25": 4073585.2438448127,
        "50": 4223686.433519175,
        "75": 4668926.427057362
      },
      "average": 4348321.624108918,
      "sample_size": 51,
      "variance": 115625399841.11183,
      "standard_deviation": 340037.35065594164,
      "frequency_distribution": "removed",
      "lower_outlier_bound": 3180573.4690259886,
      "median": 4223686.433519175,
      "minimum": 3863002.480047592,
      "outliers": "removed",
      "standard_deviation_ratio": 0.07819967795634804,
      "upper_outlier_bound": 5561938.201876186
    },
    {
      "maximum": 4717114.635319867,
      "total": 194414363.1585677,
      "mode": null,
      "n": 300,
      "percentiles": {
        "25": 3839903.6219803765,
        "50": 3932146.9212156422,
        "75": 4460570.650172006
      },
      "average": 4050299.2324701604,
      "sample_size": 48,
      "variance": 164710411062.4755,
      "standard_deviation": 405845.30434942263,
      "frequency_distribution": "removed",
      "lower_outlier_bound": 2858600.671109828,
      "median": 3932146.9212156422,
      "minimum": 2928497.797769656,
      "outliers": "removed",
      "standard_deviation_ratio": 0.10020131379327975,
      "upper_outlier_bound": 5421752.637609313
    },
    {
      "maximum": 4636455.522482173,
      "total": 173876335.49348274,
      "mode": 3630475.664921618,
      "n": 400,
      "percentiles": {
        "25": 3557539.7858306454,
        "50": 3631398.7588481745,
        "75": 4068732.46348791
      },
      "average": 3779920.336814842,
      "sample_size": 46,
      "variance": 95499795317.8587,
      "standard_deviation": 309030.4116391439,
      "frequency_distribution": "removed",
      "lower_outlier_bound": 2719038.7771820626,
      "median": 3631398.7588481745,
      "minimum": 3375390.7014736957,
      "outliers": "removed",
      "standard_deviation_ratio": 0.08175580014989126,
      "upper_outlier_bound": 4917965.685884809
    },
    {
      "maximum": 3968757.937515875,
      "total": 146429581.5468088,
      "mode": null,
      "n": 500,
      "percentiles": {
        "25": 3589826.7468994455,
        "50": 3652035.9045929825,
        "75": 3711911.1555303135
      },
      "average": 3660739.5386702204,
      "sample_size": 40,
      "variance": 10345608445.479473,
      "standard_deviation": 101713.36414394852,
      "frequency_distribution": "removed",
      "lower_outlier_bound": 3337581.537668694,
      "median": 3652035.9045929825,
      "minimum": 3468753.4687534687,
      "outliers": "removed",
      "standard_deviation_ratio": 0.027784922436982867,
      "upper_outlier_bound": 3987393.010276513
    },
    {
      "maximum": 4102395.7991467016,
      "total": 142850152.64344078,
      "mode": null,
      "n": 600,
      "percentiles": {
        "25": 3410444.5387975127,
        "50": 3519714.0643352047,
        "75": 3590100.503775035
      },
      "average": 3571253.8160860194,
      "sample_size": 40,
      "variance": 52343818499.70234,
      "standard_deviation": 228787.7149230315,
      "frequency_distribution": "removed",
      "lower_outlier_bound": 2931020.733618802,
      "median": 3519714.0643352047,
      "minimum": 3305588.427796032,
      "outliers": "removed",
      "standard_deviation_ratio": 0.06406369491087463,
      "upper_outlier_bound": 4138039.004662151
    },
    {
      "maximum": 3799392.0972644375,
      "total": 137494944.61330286,
      "mode": null,
      "n": 700,
      "percentiles": {
        "25": 3390250.011912008,
        "50": 3427288.0784401502,
        "75": 3513792.1411262397
      },
      "average": 3437373.6153325713,
      "sample_size": 40,
      "variance": 15490194002.343903,
      "standard_deviation": 124459.60791495329,
      "frequency_distribution": "removed",
      "lower_outlier_bound": 3117869.854479445,
      "median": 3427288.0784401502,
      "minimum": 3176075.2602793677,
      "outliers": "removed",
      "standard_deviation_ratio": 0.03620776262428826,
      "upper_outlier_bound": 3844216.9409662783
    },
    {
      "maximum": 4305816.296653519,
      "total": 173061041.918108,
      "mode": null,
      "n": 800,
      "percentiles": {
        "25": 3407596.2134790877,
        "50": 3498583.0738550886,
        "75": 3968568.9340423844
      },
      "average": 3682149.828044851,
      "sample_size": 47,
      "variance": 97000627217.53064,
      "standard_deviation": 311449.2369833817,
      "frequency_distribution": "removed",
      "lower_outlier_bound": 2550581.4971779846,
      "median": 3498583.0738550886,
      "minimum": 3276325.27357316,
      "outliers": "removed",
      "standard_deviation_ratio": 0.08458353177571677,
      "upper_outlier_bound": 4794993.045404447
    },
    {
      "maximum": 4478320.45069817,
      "total": 170019838.89629164,
      "mode": null,
      "n": 900,
      "percentiles": {
        "25": 3385905.1540248254,
        "50": 3524154.555322178,
        "75": 3833356.333471334
      },
      "average": 3617443.3807721627,
      "sample_size": 47,
      "variance": 80398478118.17757,
      "standard_deviation": 283546.2539307786,
      "frequency_distribution": "removed",
      "lower_outlier_bound": 2700036.9737728946,
      "median": 3524154.555322178,
      "minimum": 3244288.4302186,
      "outliers": "removed",
      "standard_deviation_ratio": 0.07838305236176334,
      "upper_outlier_bound": 4492424.371104496
    },
    {
      "maximum": 4250435.66965614,
      "total": 170915956.9357116,
      "mode": null,
      "n": 1000,
      "percentiles": {
        "25": 3378789.368229962,
        "50": 3431852.4175565094,
        "75": 3827444.1974407993
      },
      "average": 3560749.102827325,
      "sample_size": 48,
      "variance": 74079354462.70044,
      "standard_deviation": 272175.2274963694,
      "frequency_distribution": "removed",
      "lower_outlier_bound": 2719927.7020735843,
      "median": 3431852.4175565094,
      "minimum": 3263025.9997911663,
      "outliers": "removed",
      "standard_deviation_ratio": 0.07643763141869653,
      "upper_outlier_bound": 4455813.808932927
    },
    {
      "maximum": 3182726.7056232416,
      "total": 119371076.1351397,
      "mode": 3162755.392497944,
      "n": 2000,
      "percentiles": {
        "25": 3022864.950485472,
        "50": 3063406.38536427,
        "75": 3096972.399781973
      },
      "average": 3060796.823977941,
      "sample_size": 39,
      "variance": 3289149991.2847047,
      "standard_deviation": 57351.11150871188,
      "frequency_distribution": "removed",
      "lower_outlier_bound": 2811092.869714138,
      "median": 3063406.38536427,
      "minimum": 2959928.488127727,
      "outliers": "removed",
      "standard_deviation_ratio": 0.018737314107042213,
      "upper_outlier_bound": 3350442.550555433
    },
    {
      "maximum": 3274801.7107564136,
      "total": 121286057.402704,