{
  "build_type": "sequential",
  "name": "runtime",
  "timestamp": "2026-04-02T21:16:52.782791Z",
  "impl_mod": "gb_sets",
  "impl_description": ":gb_sets.delete_any/2",
  "tweaks": "none",
  "group_id": "delete_any_missing_x100",
  "measurements": [
    {
      "maximum": 648554.6958602754,
      "total": 24659483.04386183,
      "mode": null,
      "n": 0,
      "percentiles": {
        "25": 627246.325904646,
        "50": 632351.081320349,
        "75": 638300.5885131427
      },
      "frequency_distribution": "removed",
      "outliers": "removed",
      "median": 632351.081320349,
      "average": 632294.4370220982,
      "sample_size": 39,
      "variance": 81254280.12232666,
      "standard_deviation": 9014.115604002794,
      "lower_outlier_bound": 609214.0896958162,
      "minimum": 610314.3118706134,
      "standard_deviation_ratio": 0.014256199447928651,
      "upper_outlier_bound": 654294.3519700046
    },
    {
      "maximum": 208362.41725407506,
      "total": 8054919.969134166,
      "mode": null,
      "n": 100,
      "percentiles": {
        "25": 192673.95963807654,
        "50": 196156.8941302011,
        "75": 199766.86865145742
      },
      "frequency_distribution": "removed",
      "outliers": "removed",
      "median": 196156.8941302011,
      "average": 196461.46266180894,
      "sample_size": 41,
      "variance": 24857706.759056505,
      "standard_deviation": 4985.750370712167,
      "lower_outlier_bound": 182034.59611800523,
      "minimum": 187962.85853915266,
      "standard_deviation_ratio": 0.025377752477058035,
      "upper_outlier_bound": 210406.23217152874
    },
    {
      "maximum": 180030.31710540055,
      "total": 6479164.186254035,
      "mode": null,
      "n": 200,
      "percentiles": {
        "25": 162457.1316243926,
        "50": 164479.63577629454,
        "75": 168800.87236290838
      },
      "frequency_distribution": "removed",
      "outliers": "removed",
      "median": 164479.63577629454,
      "average": 166132.41503215473,
      "sample_size": 39,
      "variance": 35699046.1888243,
      "standard_deviation": 5974.867880449266,
      "lower_outlier_bound": 148939.28535356466,
      "minimum": 155901.41418172803,
      "standard_deviation_ratio": 0.03596449181391143,
      "upper_outlier_bound": 185019.6051820839
    },
    {
      "maximum": 147319.01490721112,
      "total": 5875843.083990059,
      "mode": null,
      "n": 300,
      "percentiles": {
        "25": 140433.58689007722,
        "50": 144243.9453603935,
        "75": 145755.62110437325
      },
      "frequency_distribution": "removed",
      "outliers": "removed",
      "median": 144243.9453603935,
      "average": 143313.24595097706,
      "sample_size": 41,
      "variance": 9221979.27371394,
      "standard_deviation": 3036.7711921898135,
      "lower_outlier_bound": 131793.73953159142,
      "minimum": 137312.65404763375,
      "standard_deviation_ratio": 0.021189745386330845,
      "upper_outlier_bound": 154752.21101967525
    },
    {
      "maximum": 145243.70441163226,
      "total": 5744653.94089,
      "mode": null,
      "n": 400,
      "percentiles": {
        "25": 137410.2973315427,
        "50": 140019.54672872333,
        "75": 142963.45035697368
      },
      "frequency_distribution": "removed",
      "outliers": "removed",
      "median": 140019.54672872333,
      "average": 140113.51075341465,
      "sample_size": 41,
      "variance": 10588678.158020912,
      "standard_deviation": 3254.0249166257026,
      "lower_outlier_bound": 128813.34940426682,
      "minimum": 133397.36406808603,
      "standard_deviation_ratio": 0.023224205140020018,
      "upper_outlier_bound": 151472.55965493398
    },
    {
      "maximum": 138484.5908195795,
      "total": 5536371.819382432,
      "mode": null,
      "n": 500,
      "percentiles": {
        "25": 128473.96298077247,
        "50": 132852.00983123397,
        "75": 135075.22025512025
      },
      "frequency_distribution": "removed",
      "outliers": "removed",
      "median": 132852.00983123397,
      "average": 131818.37665196267,
      "sample_size": 42,
      "variance": 17253504.115564696,
      "standard_deviation": 4153.733755979636,
      "lower_outlier_bound": 119056.80661949873,
      "minimum": 123820.91533373452,
      "standard_deviation_ratio": 0.03151103709118383,
      "upper_outlier_bound": 144908.4294956222
    },
    {
      "maximum": 122425.09420610999,
      "total": 4673023.511121926,
      "mode": null,
      "n": 600,
      "percentiles": {
        "25": 115501.24973536457,
        "50": 116881.31754065046,
        "75": 118263.2025129745
      },
      "frequency_distribution": "removed",
      "outliers": "removed",
      "median": 116881.31754065046,
      "average": 116825.58777804815,
      "sample_size": 40,
      "variance": 5810072.118551116,
      "standard_deviation": 2410.4091185006573,
      "lower_outlier_bound": 109603.42103459426,
      "minimum": 109902.54940943865,
      "standard_deviation_ratio": 0.020632544328217622,
      "upper_outlier_bound": 123459.07140000265
    },
    {
      "maximum": 120447.24470905366,
      "total": 5195721.066501784,
      "mode": null,
      "n": 700,
      "percentiles": {
        "25": 113769.49924583638,
        "50": 116057.61564270967,
        "75": 117703.00328542897
      },
      "frequency_distribution": "removed",
      "outliers": "removed",
      "median": 116057.61564270967,
      "average": 115460.4681444841,
      "sample_size": 45,
      "variance": 9136539.296556877,
      "standard_deviation": 3022.6708878997856,
      "lower_outlier_bound": 107869.24318644751,
      "minimum": 108037.5624997299,
      "standard_deviation_ratio": 0.026179271022158834,
      "upper_outlier_bound": 123603.25934481787
    },
    {
      "maximum": 110988.28407673286,
      "total": 4612988.225145054,
      "mode": null,
      "n": 800,
      "percentiles": {
        "25": 102001.36920510403,
        "50": 105747.53944318913,
        "75": 107307.11012700587
      },
      "frequency_distribution": "removed",
      "outliers": "removed",
      "median": 105747.53944318913,
      "average": 104840.64148056941,
      "sample_size": 44,
      "variance": 10467353.919865526,
      "standard_deviation": 3235.329028068942,
      "lower_outlier_bound": 93865.33666898514,
      "minimum": 97578.20649304902,
      "standard_deviation_ratio": 0.030859492868217143,
      "upper_outlier_bound": 115570.579814155
    },
    {
      "maximum": 106292.51700680272,
      "total": 4115365.878908834,
      "mode": null,
      "n": 900,
      "percentiles": {
        "25": 101827.2131845403,
        "50": 102868.33961551938,
        "75": 104319.20634562978
      },
      "frequency_distribution": "removed",
      "outliers": "removed",
      "median": 102868.33961551938,
      "average": 102884.14697272085,
      "sample_size": 40,
      "variance": 2889055.240766773,
      "standard_deviation": 1699.7221069241798,
      "lower_outlier_bound": 97977.83594572774,
      "minimum": 98642.8713756143,
      "standard_deviation_ratio": 0.01652073868459882,
      "upper_outlier_bound": 108235.5833809326
    },
    {
      "maximum": 103465.15138503625,
      "total": 4160193.9950223705,
      "mode": null,
      "n": 1000,
      "percentiles": {
        "25": 96817.4544849622,
        "50": 99806.3791408033,
        "75": 101119.83587494232
      },
      "frequency_distribution": "removed",
      "outliers": "removed",
      "median": 99806.3791408033,
      "average": 99052.2379767231,
      "sample_size": 42,
      "variance": 7940695.471630651,
      "standard_deviation": 2817.9239648419634,
      "lower_outlier_bound": 90250.3740419586,
      "minimum": 92511.21698505944,
      "standard_deviation_ratio": 0.028448867207868284,
      "upper_outlier_bound": 107985.59210703557
    },
    {
      "maximum": 73693.59676337722,
      "total": 3032000.4069364415,
      "mode": null,
      "n": 2000,