{
  "build_type": "sequential",
  "name": "runtime",
  "timestamp": "2026-03-05T18:45:17.132509Z",
  "impl_mod": "gb_sets",
  "group_id": "difference_100_1000",
  "impl_description": ":gb_sets.difference/2",
  "tweaks": "none",
  "measurements": [
    {
      "maximum": 8264462.809917355,
      "total": 364195621.3937912,
      "mode": 7662248.103593594,
      "n": 0,
      "percentiles": {
        "25": 6938813.495514859,
        "50": 7320108.494499633,
        "75": 7636503.0164245255
      },
      "average": 7283912.427875824,
      "sample_size": 50,
      "variance": 224226967827.7302,
      "standard_deviation": 473526.10047148424,
      "frequency_distribution": "removed",
      "lower_outlier_bound": 5580324.201130647,
      "median": 7320108.494499633,
      "minimum": 6094959.468519534,
      "outliers": "removed",
      "standard_deviation_ratio": 0.06500985633205596,
      "upper_outlier_bound": 8857635.52418387
    },
    {
      "maximum": 176670.9538818142,
      "total": 8067005.273525443,
      "mode": null,
      "n": 100,
      "percentiles": {
        "25": 154364.62635386156,
        "50": 162603.44056312877,
        "75": 167868.4760015218
      },
      "average": 161340.10547050886,
      "sample_size": 50,
      "variance": 64284368.46750511,
      "standard_deviation": 8017.753330422751,
      "frequency_distribution": "removed",
      "lower_outlier_bound": 134108.85188237118,
      "median": 162603.44056312877,
      "minimum": 143205.74656019796,
      "outliers": "removed",
      "standard_deviation_ratio": 0.049694732174873316,
      "upper_outlier_bound": 188124.25047301216
    },
    {
      "maximum": 89109.08734472742,
      "total": 4373881.714099289,
      "mode": null,
      "n": 200,
      "percentiles": {
        "25": 84437.56559743377,
        "50": 85865.35968140517,
        "75": 87624.06472263917
      },
      "average": 85762.38655096645,
      "sample_size": 51,
      "variance": 4324597.813457765,
      "standard_deviation": 2079.5667369569474,
      "frequency_distribution": "removed",
      "lower_outlier_bound": 79328.12319532488,
      "median": 85865.35968140517,
      "minimum": 80047.45212962244,
      "outliers": "removed",
      "standard_deviation_ratio": 0.024248004522601674,
      "upper_outlier_bound": 92676.94315945162
    },
    {
      "maximum": 81992.88629718486,
      "total": 4101537.0428875494,
      "mode": null,
      "n": 300,
      "percentiles": {
        "25": 76104.48550339293,
        "50": 77563.45272158521,
        "75": 79434.36584784111
      },
      "average": 77387.49137523679,
      "sample_size": 53,
      "variance": 5818192.965861769,
      "standard_deviation": 2412.0930674129822,
      "frequency_distribution": "removed",
      "lower_outlier_bound": 71093.93995331506,
      "median": 77563.45272158521,
      "minimum": 71144.65344372137,
      "outliers": "removed",
      "standard_deviation_ratio": 0.031169030350360054,
      "upper_outlier_bound": 84428.3742396155
    },
    {
      "maximum": 78651.53515998903,
      "total": 3778606.210413019,
      "mode": null,
      "n": 400,
      "percentiles": {
        "25": 74644.3652943741,
        "50": 76026.93807917176,
        "75": 76798.39058477845
      },
      "average": 75572.12420826039,
      "sample_size": 50,
      "variance": 3432444.997148645,
      "standard_deviation": 1852.6858873399574,
      "frequency_distribution": "removed",
      "lower_outlier_bound": 71041.23360901322,
      "median": 76026.93807917176,
      "minimum": 71054.82305927962,
      "outliers": "removed",
      "standard_deviation_ratio": 0.024515466605574788,
      "upper_outlier_bound": 80297.47865034961
    },
    {
      "maximum": 74623.85844152549,
      "total": 3562942.0864454648,
      "mode": null,
      "n": 500,
      "percentiles": {
        "25": 69286.24086114483,
        "50": 69943.37384453547,
        "75": 71212.44166810872
      },
      "average": 69861.60953814637,
      "sample_size": 51,
      "variance": 4136818.9579375065,
      "standard_deviation": 2033.9171462814081,
      "frequency_distribution": "removed",
      "lower_outlier_bound": 64449.26477216204,
      "median": 69943.37384453547,
      "minimum": 65006.360872411366,
      "outliers": "removed",
      "standard_deviation_ratio": 0.029113516847487364,
      "upper_outlier_bound": 75280.55474002499
    },
    {
      "maximum": 70478.86867320006,
      "total": 3274262.653970236,
      "mode": null,
      "n": 600,
      "percentiles": {
        "25": 65820.04504973796,
        "50": 67290.81137241628,
        "75": 68161.2550339454
      },
      "average": 66821.6868157191,
      "sample_size": 49,
      "variance": 4361989.957916954,
      "standard_deviation": 2088.537755923257,
      "frequency_distribution": "removed",
      "lower_outlier_bound": 61829.77578492792,
      "median": 67290.81137241628,
      "minimum": 61898.04154596548,
      "outliers": "removed",
      "standard_deviation_ratio": 0.031255388114984704,
      "upper_outlier_bound": 71883.71020913773
    },
    {
      "maximum": 68792.82353264907,
      "total": 3450899.2100916156,
      "mode": null,
      "n": 700,
      "percentiles": {
        "25": 65080.92155251845,
        "50": 66799.87521531354,
        "75": 67756.87601589109
      },
      "average": 66363.44634791568,
      "sample_size": 52,
      "variance": 3287933.3950974257,
      "standard_deviation": 1813.2659471510035,
      "frequency_distribution": "removed",
      "lower_outlier_bound": 60748.86255630528,
      "median": 66799.87521531354,
      "minimum": 61738.341794573076,
      "outliers": "removed",
      "standard_deviation_ratio": 0.02732326373836602,
      "upper_outlier_bound": 71953.23797863026
    },
    {
      "maximum": 68164.51369050176,
      "total": 3364238.2090359647,
      "mode": null,
      "n": 800,
      "percentiles": {
        "25": 63153.30061294675,
        "50": 65418.381919318635,
        "75": 66289.51776786165
      },
      "average": 64696.88863530701,
      "sample_size": 52,
      "variance": 4842660.489881886,
      "standard_deviation": 2200.6045737210234,
      "frequency_distribution": "removed",
      "lower_outlier_bound": 58448.9748805744,
      "median": 65418.381919318635,
      "minimum": 59000.391762601306,
      "outliers": "removed",
      "standard_deviation_ratio": 0.03401407115766751,
      "upper_outlier_bound": 70993.843500234
    },
    {
      "maximum": 71190.59145143378,
      "total": 3358302.809517531,
      "mode": null,
      "n": 900,
      "percentiles": {
        "25": 62410.843341021406,
        "50": 65220.90245996265,
        "75": 66383.57752238642
      },
      "average": 64582.7463368756,
      "sample_size": 52,
      "variance": 7110675.229652405,
      "standard_deviation": 2666.5849376407277,
      "frequency_distribution": "removed",
      "lower_outlier_bound": 56451.74206897389,
      "median": 65220.90245996265,
      "minimum": 58301.83091069792,
      "outliers": "removed",
      "standard_deviation_ratio": 0.04128943237767136,
      "upper_outlier_bound": 72342.67879443394
    },
    {
      "maximum": 71116.42113722269,
      "total": 3402300.8625514447,
      "mode": null,
      "n": 1000,
      "percentiles": {
        "25": 63833.665516377194,
        "50": 66033.09465994533,
        "75": 67409.50407961148
      },
      "average": 65428.86274137394,
      "sample_size": 52,
      "variance": 5688698.079377937,
      "standard_deviation": 2385.099176004624,
      "frequency_distribution": "removed",
      "lower_outlier_bound": 58436.94017799086,
      "median": 66033.09465994533,
      "minimum": 59064.47773712173,
      "outliers": "removed",
      "standard_deviation_ratio": 0.036453318551973035,
      "upper_outlier_bound": 72772.65647498166
    },
    {
      "maximum": 30357.69254821864,
      "total": 1517378.3011093978,
      "mode": null,
      "n": 2000,