{
  "build_type": "sequential",
  "name": "runtime",
  "timestamp": "2026-04-02T21:16:52.692684Z",
  "impl_mod": "gb_sets",
  "impl_description": ":gb_sets.difference/2",
  "tweaks": "none",
  "group_id": "difference_100_0500",
  "measurements": [
    {
      "maximum": 8443093.549476529,
      "total": 287378274.86420506,
      "mode": null,
      "n": 0,
      "percentiles": {
        "25": 6670025.770390312,
        "50": 6881838.827334664,
        "75": 7455561.451969176
      },
      "frequency_distribution": "removed",
      "outliers": "removed",
      "median": 6881838.827334664,
      "average": 7009226.216200124,
      "sample_size": 41,
      "variance": 381709056317.38586,
      "standard_deviation": 617826.0728695301,
      "lower_outlier_bound": 5491722.248022017,
      "minimum": 5647165.1231082,
      "standard_deviation_ratio": 0.08814469012878699,
      "upper_outlier_bound": 8633864.97433747
    },
    {
      "maximum": 151510.7898408985,
      "total": 5731803.680479677,
      "mode": null,
      "n": 100,
      "percentiles": {
        "25": 140779.22218110517,
        "50": 143539.98389303213,
        "75": 145871.4342255679
      },
      "frequency_distribution": "removed",
      "outliers": "removed",
      "median": 143539.98389303213,
      "average": 143295.09201199195,
      "sample_size": 40,
      "variance": 11593338.625754885,
      "standard_deviation": 3404.8992093386387,
      "lower_outlier_bound": 132790.3528528087,
      "minimum": 137173.0822517236,
      "standard_deviation_ratio": 0.02376145031578397,
      "upper_outlier_bound": 153894.59772691145
    },
    {
      "maximum": 128564.77993566619,
      "total": 5136809.019919652,
      "mode": null,
      "n": 200,
      "percentiles": {
        "25": 117034.62352302305,
        "50": 119138.10727671732,
        "75": 121205.51000248472
      },
      "frequency_distribution": "removed",
      "outliers": "removed",
      "median": 119138.10727671732,
      "average": 119460.67488185236,
      "sample_size": 43,
      "variance": 15655622.822750537,
      "standard_deviation": 3956.7186939117287,
      "lower_outlier_bound": 108395.0871698239,
      "minimum": 109561.30557634177,
      "standard_deviation_ratio": 0.033121516330164365,
      "upper_outlier_bound": 128877.54511652599
    },
    {
      "maximum": 112690.15054277211,
      "total": 4336173.110409223,
      "mode": null,
      "n": 300,
      "percentiles": {
        "25": 106958.93994594154,
        "50": 108307.10340572515,
        "75": 110654.01785286223
      },
      "frequency_distribution": "removed",
      "outliers": "removed",
      "median": 108307.10340572515,
      "average": 108404.32776023056,
      "sample_size": 40,
      "variance": 8948853.266944073,
      "standard_deviation": 2991.463398897615,
      "lower_outlier_bound": 98576.84051070883,
      "minimum": 98679.56869134116,
      "standard_deviation_ratio": 0.027595424100725522,
      "upper_outlier_bound": 117894.00634364385
    },
    {
      "maximum": 119287.89895837806,
      "total": 4822031.05310037,
      "mode": null,
      "n": 400,
      "percentiles": {
        "25": 110401.9625052855,
        "50": 112250.83121740517,
        "75": 113803.5773016489
      },
      "frequency_distribution": "removed",
      "outliers": "removed",
      "median": 112250.83121740517,
      "average": 112140.25704884582,
      "sample_size": 43,
      "variance": 12146422.852859471,
      "standard_deviation": 3485.171854135671,
      "lower_outlier_bound": 103309.69052231501,
      "minimum": 103547.002573143,
      "standard_deviation_ratio": 0.031078686154764272,
      "upper_outlier_bound": 120084.52501253862
    },
    {
      "maximum": 114165.93790742969,
      "total": 4394725.241639474,
      "mode": 110472.45755924362,
      "n": 500,
      "percentiles": {
        "25": 108414.7076280238,
        "50": 109908.36725848506,
        "75": 111136.39877862224
      },
      "frequency_distribution": "removed",
      "outliers": "removed",
      "median": 109908.36725848506,
      "average": 109868.13104098686,
      "sample_size": 40,
      "variance": 3854961.7339767287,
      "standard_deviation": 1963.4056468230729,
      "lower_outlier_bound": 103775.99560508874,
      "minimum": 105261.16347269209,
      "standard_deviation_ratio": 0.017870565633728807,
      "upper_outlier_bound": 115513.02654375535
    },
    {
      "maximum": 97420.78472442096,
      "total": 3787237.44114919,
      "mode": null,
      "n": 600,
      "percentiles": {
        "25": 85034.01360544217,
        "50": 88450.5671892621,
        "75": 90391.31303325226
      },
      "frequency_distribution": "removed",
      "outliers": "removed",
      "median": 88450.5671892621,
      "average": 88075.28932905094,
      "sample_size": 43,
      "variance": 14760653.940494467,
      "standard_deviation": 3841.9596484729595,
      "lower_outlier_bound": 76998.06446372706,
      "minimum": 81396.70229400326,
      "standard_deviation_ratio": 0.04362131169526252,
      "upper_outlier_bound": 98427.26217496739
    },
    {
      "maximum": 78950.33944698445,
      "total": 2834906.9501050636,
      "mode": null,
      "n": 700,
      "percentiles": {
        "25": 73741.13293590798,
        "50": 74949.63836185716,
        "75": 75770.74959627539
      },
      "frequency_distribution": "removed",
      "outliers": "removed",
      "median": 74949.63836185716,
      "average": 74602.81447644904,
      "sample_size": 38,
      "variance": 3658408.894539771,
      "standard_deviation": 1912.6967596929135,
      "lower_outlier_bound": 70110.87659236058,
      "minimum": 70302.77295227356,
      "standard_deviation_ratio": 0.025638399477498564,
      "upper_outlier_bound": 79197.20902112275
    },
    {
      "maximum": 68710.10519517105,
      "total": 2703756.8357328377,
      "mode": null,
      "n": 800,
      "percentiles": {
        "25": 63237.18890293967,
        "50": 64296.297558838356,
        "75": 65385.48750307753
      },
      "frequency_distribution": "removed",
      "outliers": "removed",
      "median": 64296.297558838356,
      "average": 64375.16275554375,
      "sample_size": 42,
      "variance": 3054872.929181862,
      "standard_deviation": 1747.819478430728,
      "lower_outlier_bound": 59876.651769655145,
      "minimum": 60973.97386899376,
      "standard_deviation_ratio": 0.027150525196617266,
      "upper_outlier_bound": 69378.43128523458
    },
    {
      "maximum": 60313.885523038996,
      "total": 2545644.494651707,
      "mode": null,
      "n": 900,
      "percentiles": {
        "25": 55241.768066095225,
        "50": 56742.54658279362,
        "75": 57992.02828992391
      },
      "frequency_distribution": "removed",
      "outliers": "removed",
      "median": 56742.54658279362,
      "average": 56569.87765892682,
      "sample_size": 45,
      "variance": 4172426.850130582,
      "standard_deviation": 2042.651916047025,
      "lower_outlier_bound": 51116.37773035219,
      "minimum": 51178.38225133703,
      "standard_deviation_ratio": 0.03610847328259497,
      "upper_outlier_bound": 62117.418625666935
    },
    {
      "maximum": 55887.058960288334,
      "total": 2193190.278842864,
      "mode": null,
      "n": 1000,
      "percentiles": {
        "25": 52402.338148696,
        "50": 54070.27513659503,
        "75": 54559.45010494264
      },
      "frequency_distribution": "removed",
      "outliers": "removed",
      "median": 54070.27513659503,
      "average": 53492.44582543571,
      "sample_size": 41,
      "variance": 2578069.0209805993,
      "standard_deviation": 1605.636640395516,
      "lower_outlier_bound": 49105.28949598964,
      "minimum": 49312.46101233551,
      "standard_deviation_ratio": 0.030016138084903835,
      "upper_outlier_bound": 57810.26394815366
    },
    {
      "maximum": 28181.707760763227,
      "total": 1253515.7480891855,
      "mode": null,
      "n": 2000,