{
  "build_type": "sequential",
  "name": "runtime",
  "timestamp": "2026-04-02T21:16:52.961880Z",
  "impl_mod": "gb_sets",
  "impl_description": ":gb_sets.difference/2",
  "tweaks": "none",
  "group_id": "difference_100_0050",
  "measurements": [
    {
      "maximum": 8489685.032685287,
      "total": 312623581.4329054,
      "mode": null,
      "n": 0,
      "percentiles": {
        "25": 6742633.672712562,
        "50": 7257420.712678714,
        "75": 7661661.048115231
      },
      "frequency_distribution": "removed",
      "outliers": "removed",
      "median": 7257420.712678714,
      "average": 7270315.847276869,
      "sample_size": 43,
      "variance": 273371763337.58432,
      "standard_deviation": 522849.6565338686,
      "lower_outlier_bound": 5364092.609608557,
      "minimum": 6435420.554733252,
      "standard_deviation_ratio": 0.07191567292495338,
      "upper_outlier_bound": 9040202.111219235
    },
    {
      "maximum": 434244.52309095254,
      "total": 16529785.185308265,
      "mode": null,
      "n": 100,
      "percentiles": {
        "25": 358152.4784199122,
        "50": 379606.3625587962,
        "75": 398133.73160386045
      },
      "frequency_distribution": "removed",
      "outliers": "removed",
      "median": 379606.3625587962,
      "average": 375676.9360297333,
      "sample_size": 44,
      "variance": 964024975.5338975,
      "standard_deviation": 31048.75159380643,
      "lower_outlier_bound": 298180.5986439899,
      "minimum": 316963.23860358674,
      "standard_deviation_ratio": 0.08264747876709964,
      "upper_outlier_bound": 458105.6113797828
    },
    {
      "maximum": 253605.6381605476,
      "total": 9360130.631225765,
      "mode": null,
      "n": 200,
      "percentiles": {
        "25": 208076.27243842502,
        "50": 219472.95763952445,
        "75": 226436.4562694594
      },
      "frequency_distribution": "removed",
      "outliers": "removed",
      "median": 219472.95763952445,
      "average": 217677.45654013407,
      "sample_size": 43,
      "variance": 208807845.92824295,
      "standard_deviation": 14450.184979032032,
      "lower_outlier_bound": 178266.12574612233,
      "minimum": 179576.4151519396,
      "standard_deviation_ratio": 0.06638347033592702,
      "upper_outlier_bound": 255176.51101902768
    },
    {
      "maximum": 187706.7120166083,
      "total": 6804062.0984545,
      "mode": null,
      "n": 300,
      "percentiles": {
        "25": 145975.86723640276,
        "50": 152686.81526533148,
        "75": 163269.53716245946
      },
      "frequency_distribution": "removed",
      "outliers": "removed",
      "median": 152686.81526533148,
      "average": 154637.774964875,
      "sample_size": 44,
      "variance": 151426013.74918956,
      "standard_deviation": 12305.527772070142,
      "lower_outlier_bound": 120035.36234731771,
      "minimum": 130388.29634651994,
      "standard_deviation_ratio": 0.07957646684236931,
      "upper_outlier_bound": 189210.0420515445
    },
    {
      "maximum": 138503.38779286543,
      "total": 5713604.007131113,
      "mode": null,
      "n": 400,
      "percentiles": {
        "25": 121691.31698563573,
        "50": 129446.15169535625,
        "75": 130923.56780684064
      },
      "frequency_distribution": "removed",
      "outliers": "removed",
      "median": 129446.15169535625,
      "average": 126968.97793624696,
      "sample_size": 45,
      "variance": 39885929.0461706,
      "standard_deviation": 6315.5307810326285,
      "lower_outlier_bound": 109066.46246772977,
      "minimum": 113393.9839955731,
      "standard_deviation_ratio": 0.049740738908710065,
      "upper_outlier_bound": 144238.07029644825
    },
    {
      "maximum": 112899.31074970787,
      "total": 4655538.2576704165,
      "mode": null,
      "n": 500,
      "percentiles": {
        "25": 102269.28221329233,
        "50": 105709.9668959298,
        "75": 109019.64249751682
      },
      "frequency_distribution": "removed",
      "outliers": "removed",
      "median": 105709.9668959298,
      "average": 105807.68767432765,
      "sample_size": 44,
      "variance": 14455807.915156484,
      "standard_deviation": 3802.0794198907106,
      "lower_outlier_bound": 92143.7417869556,
      "minimum": 98885.75530917621,
      "standard_deviation_ratio": 0.035933867410403844,
      "upper_outlier_bound": 119145.18292385354
    },
    {
      "maximum": 98379.49299144492,
      "total": 3915185.0665766536,
      "mode": null,
      "n": 600,
      "percentiles": {
        "25": 88594.44034449062,
        "50": 91571.82115290755,
        "75": 93214.19316590822
      },
      "frequency_distribution": "removed",
      "outliers": "removed",
      "median": 91571.82115290755,
      "average": 91050.81550178264,
      "sample_size": 43,
      "variance": 8371233.513492928,
      "standard_deviation": 2893.308402761954,
      "lower_outlier_bound": 81664.81111236423,
      "minimum": 85365.53093518793,
      "standard_deviation_ratio": 0.03177685325295419,
      "upper_outlier_bound": 100143.82239803462
    },
    {
      "maximum": 79711.95288704736,
      "total": 3005786.3748508734,
      "mode": null,
      "n": 700,
      "percentiles": {
        "25": 75740.70623664123,
        "50": 77011.93685021179,
        "75": 78441.58533581627
      },
      "frequency_distribution": "removed",
      "outliers": "removed",
      "median": 77011.93685021179,
      "average": 77071.44550899675,
      "sample_size": 39,
      "variance": 2573768.4199862136,
      "standard_deviation": 1604.2968615521922,
      "lower_outlier_bound": 70761.29462240894,
      "minimum": 74249.57807677258,
      "standard_deviation_ratio": 0.020815710033165506,
      "upper_outlier_bound": 83224.75094836486
    },
    {
      "maximum": 70172.63169122358,
      "total": 2658235.211459715,
      "mode": null,
      "n": 800,
      "percentiles": {
        "25": 65541.66398049735,
        "50": 67256.68677937855,
        "75": 68641.81858202962
      },
      "frequency_distribution": "removed",
      "outliers": "removed",
      "median": 67256.68677937855,
      "average": 66455.88028649287,
      "sample_size": 40,
      "variance": 7244857.039819784,
      "standard_deviation": 2691.6272104100494,
      "lower_outlier_bound": 59994.64421713285,
      "minimum": 60628.95262878044,
      "standard_deviation_ratio": 0.04050246868759214,
      "upper_outlier_bound": 73865.2229312186
    },
    {
      "maximum": 69244.35710422868,
      "total": 2665063.5958558214,
      "mode": null,
      "n": 900,
      "percentiles": {
        "25": 59185.64108998644,
        "50": 62708.387811245244,
        "75": 63776.60839823135
      },
      "frequency_distribution": "removed",
      "outliers": "removed",
      "median": 62708.387811245244,
      "average": 61978.22315943771,
      "sample_size": 43,
      "variance": 6242226.986801638,
      "standard_deviation": 2498.4449137016486,
      "lower_outlier_bound": 52299.19012761908,
      "minimum": 57912.7324617081,
      "standard_deviation_ratio": 0.040311657649081845,
      "upper_outlier_bound": 70663.05936059871
    },
    {
      "maximum": 62697.850905764506,
      "total": 2606668.527837292,
      "mode": null,
      "n": 1000,
      "percentiles": {
        "25": 56607.228412744895,
        "50": 60608.11527434185,
        "75": 61210.89421561913
      },
      "frequency_distribution": "removed",
      "outliers": "removed",
      "median": 60608.11527434185,
      "average": 59242.466541756636,
      "sample_size": 44,
      "variance": 6512174.464504352,
      "standard_deviation": 2551.896248773518,
      "lower_outlier_bound": 49701.72970843354,
      "minimum": 53649.33507014114,
      "standard_deviation_ratio": 0.04307545579613624,
      "upper_outlier_bound": 68116.39291993048
    },
    {
      "maximum": 31666.50358417321,
      "total": 1306321.2756083217,
      "mode": null,
      "n": 2000,