{
  "build_type": "sequential",
  "name": "runtime",
  "timestamp": "2026-03-19T19:51:18.507691Z",
  "impl_mod": "gb_sets",
  "tweaks": "none",
  "impl_description": ":gb_sets.filter/2",
  "group_id": "filter_none",
  "measurements": [
    {
      "maximum": 5827505.827505828,
      "total": 212953136.77281573,
      "mode": null,
      "n": 0,
      "percentiles": {
        "25": 4933155.847774769,
        "50": 5246589.716684155,
        "75": 5434279.812691756
      },
      "average": 5193978.9456784325,
      "variance": 117667345058.1893,
      "standard_deviation": 343026.74102493713,
      "standard_deviation_ratio": 0.06604315200591004,
      "median": 5246589.716684155,
      "frequency_distribution": "removed",
      "minimum": 4289636.238846946,
      "lower_outlier_bound": 4173490.4383024443,
      "upper_outlier_bound": 6243621.959527465,
      "outliers": "removed",
      "sample_size": 41
    },
    {
      "maximum": 430011.3522997007,
      "total": 13382679.513952855,
      "mode": null,
      "n": 100,
      "percentiles": {
        "25": 295714.5605097546,
        "50": 307161.15517167235,
        "75": 350116.3720155079
      },
      "average": 326406.81741348427,
      "variance": 1808946380.460881,
      "standard_deviation": 42531.71029315516,
      "standard_deviation_ratio": 0.13030276337420066,
      "median": 307161.15517167235,
      "frequency_distribution": "removed",
      "minimum": 280870.47377231513,
      "lower_outlier_bound": 199896.7008538875,
      "upper_outlier_bound": 455581.22359499405,
      "outliers": "removed",
      "sample_size": 41
    },
    {
      "maximum": 231907.71928034397,
      "total": 9141789.052205691,
      "mode": null,
      "n": 200,
      "percentiles": {
        "25": 183360.50883629447,
        "50": 192424.01772904914,
        "75": 227186.1793760216
      },
      "average": 198734.5446131672,
      "variance": 557826416.5644102,
      "standard_deviation": 23618.34914985402,
      "standard_deviation_ratio": 0.1188437027685683,
      "median": 192424.01772904914,
      "frequency_distribution": "removed",
      "minimum": 138210.505656956,
      "lower_outlier_bound": 117622.00302670375,
      "upper_outlier_bound": 292924.6851856123,
      "outliers": "removed",
      "sample_size": 46
    },
    {
      "maximum": 163303.1657951721,
      "total": 5740165.350002995,
      "mode": null,
      "n": 300,
      "percentiles": {
        "25": 142244.27324555913,
        "50": 146906.3002235914,
        "75": 151900.88770878778
      },
      "average": 147183.7269231537,
      "variance": 56022457.57422567,
      "standard_deviation": 7484.815132935861,
      "standard_deviation_ratio": 0.05085355079263462,
      "median": 146906.3002235914,
      "frequency_distribution": "removed",
      "minimum": 125813.06694513292,
      "lower_outlier_bound": 125667.45301095543,
      "upper_outlier_bound": 167640.94852748717,
      "outliers": "removed",
      "sample_size": 39
    },
    {
      "maximum": 114104.1908187204,
      "total": 4562039.297611724,
      "mode": null,
      "n": 400,
      "percentiles": {
        "25": 106665.64560242902,
        "50": 108290.06686126995,
        "75": 111562.27240832671
      },
      "average": 108619.9832764696,
      "variance": 10158025.911009679,
      "standard_deviation": 3187.1658116592675,
      "standard_deviation_ratio": 0.029342352258948514,
      "median": 108290.06686126995,
      "frequency_distribution": "removed",
      "minimum": 98997.74681128257,
      "lower_outlier_bound": 98981.21347347167,
      "upper_outlier_bound": 118963.64036460183,
      "outliers": "removed",
      "sample_size": 42
    },
    {
      "maximum": 98885.36417501919,
      "total": 3722929.3820088087,
      "mode": null,
      "n": 500,
      "percentiles": {
        "25": 91295.22825182688,
        "50": 92608.55778223329,
        "75": 94995.03762955648
      },
      "average": 93073.23455022022,
      "variance": 7717949.476116945,
      "standard_deviation": 2778.119773536941,
      "standard_deviation_ratio": 0.029848750685009556,
      "median": 92608.55778223329,
      "frequency_distribution": "removed",
      "minimum": 88407.94964283188,
      "lower_outlier_bound": 84941.76587607859,
      "upper_outlier_bound": 101027.00068164321,
      "outliers": "removed",
      "sample_size": 40
    },
    {
      "maximum": 86894.71315186241,
      "total": 3524993.3278227574,
      "mode": null,
      "n": 600,
      "percentiles": {
        "25": 83156.4270969587,
        "50": 84237.56641782235,
        "75": 85272.7961674747
      },
      "average": 83928.4125672085,
      "variance": 3622524.841482586,
      "standard_deviation": 1903.2931569998843,
      "standard_deviation_ratio": 0.022677578412146876,
      "median": 84237.56641782235,
      "frequency_distribution": "removed",
      "minimum": 79327.80788708797,
      "lower_outlier_bound": 79191.14537744399,
      "upper_outlier_bound": 88678.25257984427,
      "outliers": "removed",
      "sample_size": 42
    },
    {
      "maximum": 78015.53445322033,
      "total": 2877120.284930056,
      "mode": null,
      "n": 700,
      "percentiles": {
        "25": 72337.64899747253,
        "50": 73986.82442630616,
        "75": 75365.56065194224
      },
      "average": 73772.31499820657,
      "variance": 3577867.0949467584,
      "standard_deviation": 1891.525071191698,
      "standard_deviation_ratio": 0.02564003950855659,
      "median": 73986.82442630616,
      "frequency_distribution": "removed",
      "minimum": 70172.48396558741,
      "lower_outlier_bound": 67140.85539908923,
      "upper_outlier_bound": 80236.63063738274,
      "outliers": "removed",
      "sample_size": 39
    },
    {
      "maximum": 69386.33339023012,
      "total": 2611544.6684287814,
      "mode": null,
      "n": 800,
      "percentiles": {
        "25": 64016.96471667981,
        "50": 65189.59699270423,
        "75": 66319.80165995157
      },
      "average": 65288.616710719536,
      "variance": 2879984.3448939295,
      "standard_deviation": 1697.0516624115864,
      "standard_deviation_ratio": 0.025993071195410285,
      "median": 65189.59699270423,
      "frequency_distribution": "removed",
      "minimum": 62545.580091491676,
      "lower_outlier_bound": 60054.727146900455,
      "upper_outlier_bound": 70272.45349341517,
      "outliers": "removed",
      "sample_size": 40
    },
    {
      "maximum": 61967.39028053877,
      "total": 2447561.678067547,
      "mode": null,
      "n": 900,
      "percentiles": {
        "25": 58997.294274839216,
        "50": 59693.65217702749,
        "75": 60390.16621068357
      },
      "average": 59696.62629433041,
      "variance": 939672.8178150799,
      "standard_deviation": 969.367225469832,
      "standard_deviation_ratio": 0.01623822459732362,
      "median": 59693.65217702749,
      "frequency_distribution": "removed",
      "minimum": 57549.65096136692,
      "lower_outlier_bound": 56574.131033867,
      "upper_outlier_bound": 62790.5918330408,
      "outliers": "removed",
      "sample_size": 41
    },
    {
      "maximum": 59241.635969625626,
      "total": 2196515.475157538,
      "mode": null,
      "n": 1000,
      "percentiles": {
        "25": 55538.647122987,
        "50": 56326.35036792372,
        "75": 57306.39321583995
      },
      "average": 56320.90961942405,
      "variance": 1882341.6664950952,
      "standard_deviation": 1371.9845722511225,
      "standard_deviation_ratio": 0.024360128086034147,
      "median": 56326.35036792372,
      "frequency_distribution": "removed",
      "minimum": 53222.68691541531,
      "lower_outlier_bound": 51823.28300374427,
      "upper_outlier_bound": 60243.02539896087,
      "outliers": "removed",
      "sample_size": 39
    },
    {
      "maximum": 31626.35360793442,
      "total": 1201982.1990738453,
      "mode": null,
      "n": 2000,
      "percentiles": {
        "25": 28804.082741207116,