{
  "build_type": "sequential",
  "name": "runtime",
  "timestamp": "2026-03-05T18:45:17.211818Z",
  "impl_mod": "gb_sets",
  "group_id": "foldl",
  "impl_description": ":gb_sets.fold/3",
  "tweaks": "none",
  "measurements": [
    {
      "maximum": 11366219.595362583,
      "total": 482945825.3663079,
      "mode": 10642826.734780759,
      "n": 0,
      "percentiles": {
        "25": 9565293.778263075,
        "50": 10076582.432638086,
        "75": 10597164.430042006
      },
      "average": 10061371.361798082,
      "sample_size": 48,
      "variance": 503995204157.3449,
      "standard_deviation": 709926.1962748979,
      "frequency_distribution": "removed",
      "lower_outlier_bound": 7865215.593113488,
      "median": 10076582.432638086,
      "minimum": 8337502.084375521,
      "outliers": "removed",
      "standard_deviation_ratio": 0.07055958584039641,
      "upper_outlier_bound": 12525007.122022143
    },
    {
      "maximum": 696136.4427427776,
      "total": 27908987.392034672,
      "mode": null,
      "n": 100,
      "percentiles": {
        "25": 439514.21306571667,
        "50": 559891.6049852748,
        "75": 590432.850528148
      },
      "average": 526584.6677742391,
      "sample_size": 53,
      "variance": 8216921598.629213,
      "standard_deviation": 90647.2371262865,
      "frequency_distribution": "removed",
      "lower_outlier_bound": 213136.25687206967,
      "median": 559891.6049852748,
      "minimum": 361930.68303558504,
      "outliers": "removed",
      "standard_deviation_ratio": 0.17214180866570425,
      "upper_outlier_bound": 816810.806721795
    },
    {
      "maximum": 436646.90111694275,
      "total": 16889965.349668227,
      "mode": null,
      "n": 200,
      "percentiles": {
        "25": 368863.509868292,
        "50": 377563.6572326094,
        "75": 388635.90650649567
      },
      "average": 375332.5633259606,
      "sample_size": 45,
      "variance": 765071280.1531268,
      "standard_deviation": 27659.9219115515,
      "frequency_distribution": "removed",
      "lower_outlier_bound": 285104.4067853197,
      "median": 377563.6572326094,
      "minimum": 285777.973376924,
      "outliers": "removed",
      "standard_deviation_ratio": 0.07369443691868008,
      "upper_outlier_bound": 445019.3550063473
    },
    {
      "maximum": 280374.35583991744,
      "total": 11802465.35560989,
      "mode": null,
      "n": 300,
      "percentiles": {
        "25": 256577.9192667671,
        "50": 264358.63950469764,
        "75": 272465.95782087476
      },
      "average": 262277.007902442,
      "sample_size": 45,
      "variance": 165978918.30603236,
      "standard_deviation": 12883.280572355488,
      "frequency_distribution": "removed",
      "lower_outlier_bound": 222436.9002741034,
      "median": 264358.63950469764,
      "minimum": 225927.43210880665,
      "outliers": "removed",
      "standard_deviation_ratio": 0.04912089197367855,
      "upper_outlier_bound": 300840.98780008336
    },
    {
      "maximum": 221333.93536163753,
      "total": 10184865.32649644,
      "mode": null,
      "n": 400,
      "percentiles": {
        "25": 198773.98472232147,
        "50": 206020.35853739502,
        "75": 209401.5045611717
      },
      "average": 203697.3065299288,
      "sample_size": 50,
      "variance": 76024630.82334527,
      "standard_deviation": 8719.210447244937,
      "frequency_distribution": "removed",
      "lower_outlier_bound": 181349.31578100641,
      "median": 206020.35853739502,
      "minimum": 184933.1281808498,
      "outliers": "removed",
      "standard_deviation_ratio": 0.042804740994274476,
      "upper_outlier_bound": 226201.59152956196
    },
    {
      "maximum": 178917.76223976412,
      "total": 8218523.4865921065,
      "mode": null,
      "n": 500,
      "percentiles": {
        "25": 156344.29515301416,
        "50": 162753.5293102831,
        "75": 167298.49732489703
      },
      "average": 161147.51934494326,
      "sample_size": 51,
      "variance": 63879069.847436704,
      "standard_deviation": 7992.438291750315,
      "frequency_distribution": "removed",
      "lower_outlier_bound": 139912.99189518986,
      "median": 162753.5293102831,
      "minimum": 140180.88941970718,
      "outliers": "removed",
      "standard_deviation_ratio": 0.049597029629988625,
      "upper_outlier_bound": 183729.80058272136
    },
    {
      "maximum": 149353.5976294597,
      "total": 7479472.033261915,
      "mode": null,
      "n": 600,
      "percentiles": {
        "25": 131866.27704577343,
        "50": 136500.1365001365,
        "75": 140726.1469180974
      },
      "average": 135990.40060476208,
      "sample_size": 55,
      "variance": 37748393.308642924,
      "standard_deviation": 6143.972111642673,
      "frequency_distribution": "removed",
      "lower_outlier_bound": 118576.47223728748,
      "median": 136500.1365001365,
      "minimum": 121366.29318212712,
      "outliers": "removed",
      "standard_deviation_ratio": 0.045179454463843416,
      "upper_outlier_bound": 154015.95172658336
    },
    {
      "maximum": 124000.248000496,
      "total": 5951522.987222347,
      "mode": null,
      "n": 700,
      "percentiles": {
        "25": 116444.33953329797,
        "50": 119435.64417225866,
        "75": 121389.20742085383
      },
      "average": 119030.45974444695,
      "sample_size": 50,
      "variance": 8844775.607382432,
      "standard_deviation": 2974.0167463184252,
      "frequency_distribution": "removed",
      "lower_outlier_bound": 108939.46659803585,
      "median": 119435.64417225866,
      "minimum": 112399.45868420698,
      "outliers": "removed",
      "standard_deviation_ratio": 0.024985342009965394,
      "upper_outlier_bound": 128768.66977060653
    },
    {
      "maximum": 107996.72553928164,
      "total": 5312644.451582946,
      "mode": null,
      "n": 800,
      "percentiles": {
        "25": 102714.32885430384,
        "50": 104529.03398447952,
        "75": 106846.96736252535
      },
      "average": 104169.499050646,
      "sample_size": 51,
      "variance": 8894000.73782882,
      "standard_deviation": 2982.281129911937,
      "frequency_distribution": "removed",
      "lower_outlier_bound": 96316.4059659025,
      "median": 104529.03398447952,
      "minimum": 97265.85676629933,
      "outliers": "removed",
      "standard_deviation_ratio": 0.028629120395999855,
      "upper_outlier_bound": 113097.28031540936
    },
    {
      "maximum": 97754.9595978752,
      "total": 4766866.171507282,
      "mode": null,
      "n": 900,
      "percentiles": {
        "25": 91927.98729187503,
        "50": 93846.13363314045,
        "75": 94962.6132191756
      },
      "average": 93467.96414720161,
      "sample_size": 51,
      "variance": 3945575.393864704,
      "standard_deviation": 1986.3472490641468,
      "frequency_distribution": "removed",
      "lower_outlier_bound": 87376.04840092418,
      "median": 93846.13363314045,
      "minimum": 89398.26030985438,
      "outliers": "removed",
      "standard_deviation_ratio": 0.02125163704149875,
      "upper_outlier_bound": 99514.55211012646
    },
    {
      "maximum": 86737.34025150359,
      "total": 4050067.9192552883,
      "mode": null,
      "n": 1000,
      "percentiles": {
        "25": 83504.24728735024,
        "50": 84284.93166600188,
        "75": 85056.74027813759
      },
      "average": 84376.41498448518,
      "sample_size": 48,
      "variance": 1505396.6910900904,
      "standard_deviation": 1226.9460832041848,
      "frequency_distribution": "removed",
      "lower_outlier_bound": 80612.56728870541,
      "median": 84284.93166600188,
      "minimum": 81479.5380436111,
      "outliers": "removed",
      "standard_deviation_ratio": 0.014541339347373209,
      "upper_outlier_bound": 87453.90456554756
    },
    {
      "maximum": 43996.54011208558,
      "total": 2244352.223869814,
      "mode": null,
      "n": 2000,