{
  "build_type": "sequential",
  "name": "runtime",
  "timestamp": "2026-03-05T18:45:17.041677Z",
  "impl_mod": "gb_sets",
  "group_id": "from_ordset / from_orddict",
  "impl_description": ":gb_sets.from_ordset/1",
  "tweaks": "none",
  "measurements": [
    {
      "maximum": 282775.04114376847,
      "total": 13056570.664121263,
      "mode": null,
      "n": 100,
      "percentiles": {
        "25": 234760.0523576542,
        "50": 246338.18291102757,
        "75": 254024.4929226301
      },
      "average": 246350.38988908043,
      "sample_size": 53,
      "variance": 184962092.09703386,
      "standard_deviation": 13600.076915114629,
      "frequency_distribution": "removed",
      "lower_outlier_bound": 206192.4401498151,
      "median": 246338.18291102757,
      "minimum": 222425.8654590425,
      "outliers": "removed",
      "standard_deviation_ratio": 0.05520623255858487,
      "upper_outlier_bound": 283075.9685418759
    },
    {
      "maximum": 140833.96239169867,
      "total": 5858604.827577103,
      "mode": null,
      "n": 200,
      "percentiles": {
        "25": 121930.69946765057,
        "50": 124897.89597004448,
        "75": 129097.88976589388
      },
      "average": 124651.16654419368,
      "sample_size": 47,
      "variance": 34059252.33173126,
      "standard_deviation": 5836.030528683967,
      "frequency_distribution": "removed",
      "lower_outlier_bound": 106516.05893009386,
      "median": 124897.89597004448,
      "minimum": 107891.1593983989,
      "outliers": "removed",
      "standard_deviation_ratio": 0.04681890021955685,
      "upper_outlier_bound": 142702.750348855
    },
    {
      "maximum": 88519.07586084801,
      "total": 3941221.146524956,
      "mode": null,
      "n": 300,
      "percentiles": {
        "25": 80222.42064369765,
        "50": 81765.22409391077,
        "75": 83938.93519884332
      },
      "average": 82108.77388593658,
      "sample_size": 48,
      "variance": 7529464.177215222,
      "standard_deviation": 2743.9869127266666,
      "frequency_distribution": "removed",
      "lower_outlier_bound": 74197.69875956341,
      "median": 81765.22409391077,
      "minimum": 74204.01354668471,
      "outliers": "removed",
      "standard_deviation_ratio": 0.033418924468882505,
      "upper_outlier_bound": 89502.01657166347
    },
    {
      "maximum": 63237.10753470136,
      "total": 2645330.6172481026,
      "mode": null,
      "n": 400,
      "percentiles": {
        "25": 57252.53459124217,
        "50": 59174.258724060965,
        "75": 59797.8124440322
      },
      "average": 58785.12482773561,
      "sample_size": 45,
      "variance": 5070647.262223158,
      "standard_deviation": 2251.8097748751243,
      "frequency_distribution": "removed",
      "lower_outlier_bound": 53172.6527638394,
      "median": 59174.258724060965,
      "minimum": 53356.55410568012,
      "outliers": "removed",
      "standard_deviation_ratio": 0.03830577516801819,
      "upper_outlier_bound": 63795.225025828055
    },
    {
      "maximum": 51388.14804308793,
      "total": 2563030.847684473,
      "mode": null,
      "n": 500,
      "percentiles": {
        "25": 47635.861536426615,
        "50": 48255.23545177034,
        "75": 49277.56629069269
      },
      "average": 48359.07259782024,
      "sample_size": 53,
      "variance": 2119123.7168470733,
      "standard_deviation": 1455.7210298841853,
      "frequency_distribution": "removed",
      "lower_outlier_bound": 44920.16707402989,
      "median": 48255.23545177034,
      "minimum": 44945.880665091165,
      "outliers": "removed",
      "standard_deviation_ratio": 0.030102335542923568,
      "upper_outlier_bound": 51890.7431158511
    },
    {
      "maximum": 41283.14623811458,
      "total": 1890400.9853099135,
      "mode": null,
      "n": 600,
      "percentiles": {
        "25": 37744.815709415794,
        "50": 38471.629865987925,
        "75": 39387.96521930225
      },
      "average": 38579.611945100274,
      "sample_size": 49,
      "variance": 1814384.3805815105,
      "standard_deviation": 1346.9908613578307,
      "frequency_distribution": "removed",
      "lower_outlier_bound": 35276.08076473453,
      "median": 38471.629865987925,
      "minimum": 35714.74490386305,
      "outliers": "removed",
      "standard_deviation_ratio": 0.03491457776388812,
      "upper_outlier_bound": 41904.54551354085
    },
    {
      "maximum": 33814.35378741051,
      "total": 1728582.1864092902,
      "mode": null,
      "n": 700,
      "percentiles": {
        "25": 32036.066265711634,
        "50": 32761.06308339263,
        "75": 33133.826656360965
      },
      "average": 32614.75823413755,
      "sample_size": 53,
      "variance": 430124.2227316517,
      "standard_deviation": 655.8385645352457,
      "frequency_distribution": "removed",
      "lower_outlier_bound": 30388.403889868576,
      "median": 32761.06308339263,
      "minimum": 30831.95720031029,
      "outliers": "removed",
      "standard_deviation_ratio": 0.02010864406312802,
      "upper_outlier_bound": 34807.882691186496
    },
    {
      "maximum": 29363.332479839137,
      "total": 1335791.3645316,
      "mode": 28181.318603897478,
      "n": 800,
      "percentiles": {
        "25": 28233.003590673397,
        "50": 28388.283587597725,
        "75": 28634.653887211534
      },
      "average": 28421.092862374466,
      "sample_size": 47,
      "variance": 132173.19977561838,
      "standard_deviation": 363.55632270064893,
      "frequency_distribution": "removed",
      "lower_outlier_bound": 27412.504742815898,
      "median": 28388.283587597725,
      "minimum": 27548.209366391184,
      "outliers": "removed",
      "standard_deviation_ratio": 0.012791778432346858,
      "upper_outlier_bound": 29462.675039033446
    },
    {
      "maximum": 27121.644916915553,
      "total": 1303586.2490069359,
      "mode": null,
      "n": 900,
      "percentiles": {
        "25": 25502.199118576587,
        "50": 26142.72944700229,
        "75": 26671.511931228175
      },
      "average": 26071.72498013872,
      "sample_size": 50,
      "variance": 461073.02402180823,
      "standard_deviation": 679.0235813444244,
      "frequency_distribution": "removed",
      "lower_outlier_bound": 23748.229899599206,
      "median": 26142.72944700229,
      "minimum": 24344.60667149339,
      "outliers": "removed",
      "standard_deviation_ratio": 0.02604444400444161,
      "upper_outlier_bound": 28425.481150205556
    },
    {
      "maximum": 24676.97835335459,
      "total": 1106691.8997665062,
      "mode": null,
      "n": 1000,
      "percentiles": {
        "25": 23909.43435715665,
        "50": 24055.24238679166,
        "75": 24336.894474679375
      },
      "average": 24058.519560141438,
      "sample_size": 46,
      "variance": 124557.95737692644,
      "standard_deviation": 352.9276942617658,
      "frequency_distribution": "removed",
      "lower_outlier_bound": 23019.87437809752,
      "median": 24055.24238679166,
      "minimum": 23020.300221547368,
      "outliers": "removed",
      "standard_deviation_ratio": 0.014669551606428561,
      "upper_outlier_bound": 25057.248869579664
    },
    {
      "maximum": 11555.627868106836,
      "total": 552897.9230717238,
      "mode": null,
      "n": 2000,
      "percentiles": {
        "25": 10911.881441072825,
        "50": 11006.984155334205,
        "75": 11242.097069153651
      },
      "average": 11057.958461434475,
      "sample_size": 50,
      "variance": 50522.4903097731,
      "standard_deviation": 224.77208525476001,
      "frequency_distribution": "removed",
      "lower_outlier_bound": 10417.114758481555,
      "median": 11006.984155334205,
      "minimum": 10544.352181362858,
      "outliers": "removed",
      "standard_deviation_ratio": 0.020326725411265636,
      "upper_outlier_bound": 11731.059126278087
    },
    {
      "maximum": 6640.5410075321,
      "total": 323767.27862121933,
      "mode": null,