{
  "build_type": "sequential",
  "name": "runtime",
  "timestamp": "2026-03-19T19:51:18.288842Z",
  "impl_mod": "gb_sets",
  "tweaks": "none",
  "impl_description": ":gb_sets.intersection/2",
  "group_id": "intersection_050_0050",
  "measurements": [
    {
      "maximum": 8565310.492505353,
      "total": 522331331.93921345,
      "mode": null,
      "n": 0,
      "percentiles": {
        "25": 6679607.344384212,
        "50": 7008199.593524423,
        "75": 7652573.726713629
      },
      "average": 7155223.725194705,
      "variance": 437763962609.66724,
      "standard_deviation": 661637.3346552227,
      "standard_deviation_ratio": 0.09246913305107292,
      "median": 7008199.593524423,
      "frequency_distribution": "removed",
      "minimum": 5490885.130683066,
      "lower_outlier_bound": 5220157.770890086,
      "upper_outlier_bound": 9112023.300207756,
      "outliers": "removed",
      "sample_size": 73
    },
    {
      "maximum": 543203.7068220953,
      "total": 29029300.90523131,
      "mode": null,
      "n": 100,
      "percentiles": {
        "25": 329539.26348817965,
        "50": 355224.64406490664,
        "75": 434568.5292835502
      },
      "average": 377003.90786014684,
      "variance": 3786180637.6170135,
      "standard_deviation": 61531.948105167394,
      "standard_deviation_ratio": 0.16321302464586987,
      "median": 355224.64406490664,
      "frequency_distribution": "removed",
      "minimum": 256192.82096477092,
      "lower_outlier_bound": 171995.3647951238,
      "upper_outlier_bound": 592112.4279766061,
      "outliers": "removed",
      "sample_size": 77
    },
    {
      "maximum": 331075.3991113936,
      "total": 20001629.435677998,
      "mode": null,
      "n": 200,
      "percentiles": {
        "25": 251141.63699360672,
        "50": 282414.3250617853,
        "75": 302830.7095902415
      },
      "average": 277800.4088288611,
      "variance": 983332207.3130523,
      "standard_deviation": 31358.128249515346,
      "standard_deviation_ratio": 0.11288006515798009,
      "median": 282414.3250617853,
      "frequency_distribution": "removed",
      "minimum": 173802.112390874,
      "lower_outlier_bound": 173608.02809865458,
      "upper_outlier_bound": 380364.31848519365,
      "outliers": "removed",
      "sample_size": 72
    },
    {
      "maximum": 254276.29153285376,
      "total": 15617905.419162797,
      "mode": null,
      "n": 300,
      "percentiles": {
        "25": 207450.37268459453,
        "50": 223823.30493015595,
        "75": 233102.9499178312
      },
      "average": 219970.49886144785,
      "variance": 285788319.52562326,
      "standard_deviation": 16905.274902397276,
      "standard_deviation_ratio": 0.07685246426178881,
      "median": 223823.30493015595,
      "frequency_distribution": "removed",
      "minimum": 178621.8254436073,
      "lower_outlier_bound": 168655.7958297482,
      "upper_outlier_bound": 272108.00077600504,
      "outliers": "removed",
      "sample_size": 71
    },
    {
      "maximum": 205184.6045887485,
      "total": 11883786.944091747,
      "mode": null,
      "n": 400,
      "percentiles": {
        "25": 181268.28720854607,
        "50": 184587.44255249813,
        "75": 189492.14884956594
      },
      "average": 185684.17100143354,
      "variance": 48459764.59591823,
      "standard_deviation": 6961.304805560394,
      "standard_deviation_ratio": 0.037490028191507235,
      "median": 184587.44255249813,
      "frequency_distribution": "removed",
      "minimum": 172225.8293965379,
      "lower_outlier_bound": 164762.37595666992,
      "upper_outlier_bound": 205407.8224745394,
      "outliers": "removed",
      "sample_size": 64
    },
    {
      "maximum": 328868.3967336791,
      "total": 21220383.12637715,
      "mode": null,
      "n": 500,
      "percentiles": {
        "25": 279829.18416369957,
        "50": 298311.5766828867,
        "75": 305324.86812509067
      },
      "average": 286761.93414023175,
      "variance": 822028912.7719305,
      "standard_deviation": 28671.046593592124,
      "standard_deviation_ratio": 0.09998205193989054,
      "median": 298311.5766828867,
      "frequency_distribution": "removed",
      "minimum": 222601.13882742624,
      "lower_outlier_bound": 221996.34722777992,
      "upper_outlier_bound": 355844.6858949687,
      "outliers": "removed",
      "sample_size": 74
    },
    {
      "maximum": 307319.7416055613,
      "total": 17841685.721565165,
      "mode": null,
      "n": 600,
      "percentiles": {
        "25": 267323.5857793712,
        "50": 274010.88919273653,
        "75": 281183.6147734786
      },
      "average": 274487.4726394641,
      "variance": 133131275.93023378,
      "standard_deviation": 11538.252724318088,
      "standard_deviation_ratio": 0.04203562593719329,
      "median": 274010.88919273653,
      "frequency_distribution": "removed",
      "minimum": 248701.15820129376,
      "lower_outlier_bound": 236536.5311879811,
      "upper_outlier_bound": 307981.036374887,
      "outliers": "removed",
      "sample_size": 65
    },
    {
      "maximum": 278220.6122522793,
      "total": 18080825.319280636,
      "mode": null,
      "n": 700,
      "percentiles": {
        "25": 249074.06715535,
        "50": 255482.00512496903,
        "75": 260171.40091892538
      },
      "average": 254659.51153916388,
      "variance": 73956822.7172405,
      "standard_deviation": 8599.815272274196,
      "standard_deviation_ratio": 0.03376985693680496,
      "median": 255482.00512496903,
      "frequency_distribution": "removed",
      "minimum": 232192.57123087603,
      "lower_outlier_bound": 226956.74593771918,
      "upper_outlier_bound": 280100.1939076491,
      "outliers": "removed",
      "sample_size": 71
    },
    {
      "maximum": 255984.92760746248,
      "total": 17218318.724295426,
      "mode": null,
      "n": 800,
      "percentiles": {
        "25": 230606.65549134946,
        "50": 235952.00736170262,
        "75": 240961.601853262
      },
      "average": 235867.37978486886,
      "variance": 55648225.62691428,
      "standard_deviation": 7459.773832155655,
      "standard_deviation_ratio": 0.03162698393885413,
      "median": 235952.00736170262,
      "frequency_distribution": "removed",
      "minimum": 219606.94748539064,
      "lower_outlier_bound": 209469.68538902607,
      "upper_outlier_bound": 259856.75173180352,
      "outliers": "removed",
      "sample_size": 73
    },
    {
      "maximum": 237940.01056453647,
      "total": 15035661.152125508,
      "mode": null,
      "n": 900,
      "percentiles": {
        "25": 197724.03383862128,
        "50": 221624.57873655125,
        "75": 228918.03877146784
      },
      "average": 214795.15931607867,
      "variance": 395963691.9565907,
      "standard_deviation": 19898.836447304922,
      "standard_deviation_ratio": 0.0926409911222584,
      "median": 221624.57873655125,
      "frequency_distribution": "removed",
      "minimum": 171330.8638844819,
      "lower_outlier_bound": 156384.43567265826,
      "upper_outlier_bound": 273569.08233329805,
      "outliers": "removed",
      "sample_size": 70
    },
    {
      "maximum": 230839.72567007,
      "total": 14493357.432241369,
      "mode": 212552.95225423033,
      "n": 1000,
      "percentiles": {
        "25": 204986.9218895132,
        "50": 209735.06266883673,
        "75": 215570.90361798916
      },
      "average": 210048.65843828072,
      "variance": 73976035.10945794,
      "standard_deviation": 8600.932223280099,
      "standard_deviation_ratio": 0.040947332333509466,
      "median": 209735.06266883673,
      "frequency_distribution": "removed",
      "minimum": 187749.70711045692,
      "lower_outlier_bound": 183516.92999442513,
      "upper_outlier_bound": 234329.38883195128,
      "outliers": "removed",
      "sample_size": 69
    },
    {
      "maximum": 157401.2425254085,
      "total": 10390126.842795296,
      "mode": null,