{
  "build_type": "sequential",
  "name": "runtime",
  "timestamp": "2026-03-05T18:45:17.065544Z",
  "impl_mod": "gb_sets",
  "group_id": "is_disjoint_000_0500",
  "impl_description": ":gb_sets.is_disjoint/2",
  "tweaks": "none",
  "measurements": [
    {
      "maximum": 12658227.848101266,
      "total": 571469239.9200336,
      "mode": 11228385.358185492,
      "n": 0,
      "percentiles": {
        "25": 10761945.759793371,
        "50": 11171936.096525528,
        "75": 11548677.676406052
      },
      "average": 11205279.214118306,
      "sample_size": 51,
      "variance": 334672615104.03314,
      "standard_deviation": 578508.9585339479,
      "frequency_distribution": "removed",
      "lower_outlier_bound": 9592942.190798009,
      "median": 11171936.096525528,
      "minimum": 10018032.458425166,
      "outliers": "removed",
      "standard_deviation_ratio": 0.0516282501738149,
      "upper_outlier_bound": 12739746.459136346
    },
    {
      "maximum": 213740.06643041264,
      "total": 10308984.823505005,
      "mode": null,
      "n": 100,
      "percentiles": {
        "25": 191988.74804443558,
        "50": 197913.60699561267,
        "75": 205059.76555072743
      },
      "average": 198249.708144327,
      "sample_size": 52,
      "variance": 55680035.62804469,
      "standard_deviation": 7461.9056298002515,
      "frequency_distribution": "removed",
      "lower_outlier_bound": 172382.2217849978,
      "median": 197913.60699561267,
      "minimum": 183701.62447346523,
      "outliers": "removed",
      "standard_deviation_ratio": 0.03763892365666404,
      "upper_outlier_bound": 224666.29181016522
    },
    {
      "maximum": 133579.2973461801,
      "total": 6632919.8447809545,
      "mode": null,
      "n": 200,
      "percentiles": {
        "25": 124636.55315568551,
        "50": 128509.70727966634,
        "75": 129290.12960551484
      },
      "average": 127556.15086117221,
      "sample_size": 52,
      "variance": 9186520.154592538,
      "standard_deviation": 3030.9272763615654,
      "frequency_distribution": "removed",
      "lower_outlier_bound": 118001.5659733489,
      "median": 128509.70727966634,
      "minimum": 121238.7202525645,
      "outliers": "removed",
      "standard_deviation_ratio": 0.023761514093195896,
      "upper_outlier_bound": 136157.8271319979
    },
    {
      "maximum": 101529.95489024105,
      "total": 5033690.878755354,
      "mode": null,
      "n": 300,
      "percentiles": {
        "25": 93210.6911512443,
        "50": 96068.12382796888,
        "75": 96689.74671782904
      },
      "average": 94975.29959915763,
      "sample_size": 53,
      "variance": 7547665.410110964,
      "standard_deviation": 2747.3014778343795,
      "frequency_distribution": "removed",
      "lower_outlier_bound": 86094.91567476105,
      "median": 96068.12382796888,
      "minimum": 86730.11842130369,
      "outliers": "removed",
      "standard_deviation_ratio": 0.028926483932447067,
      "upper_outlier_bound": 103014.8590648282
    },
    {
      "maximum": 71087.75641353738,
      "total": 3675008.6264872667,
      "mode": null,
      "n": 400,
      "percentiles": {
        "25": 68620.34564773942,
        "50": 69405.45207588236,
        "75": 69938.9673465211
      },
      "average": 69339.78540542013,
      "sample_size": 53,
      "variance": 767458.9219766797,
      "standard_deviation": 876.0473286168275,
      "frequency_distribution": "removed",
      "lower_outlier_bound": 66467.83149664139,
      "median": 69405.45207588236,
      "minimum": 67012.94489056451,
      "outliers": "removed",
      "standard_deviation_ratio": 0.012634122293495718,
      "upper_outlier_bound": 71931.88085583184
    },
    {
      "maximum": 64593.516232027665,
      "total": 3228988.5874777883,
      "mode": null,
      "n": 500,
      "percentiles": {
        "25": 61256.808691581966,
        "50": 62251.93061858801,
        "75": 62909.166413688
      },
      "average": 62095.934374572855,
      "sample_size": 52,
      "variance": 1352680.37043936,
      "standard_deviation": 1163.047879684822,
      "frequency_distribution": "removed",
      "lower_outlier_bound": 58739.044513090266,
      "median": 62251.93061858801,
      "minimum": 59542.132906376544,
      "outliers": "removed",
      "standard_deviation_ratio": 0.018729855527563632,
      "upper_outlier_bound": 65482.43660720599
    },
    {
      "maximum": 57244.52341644475,
      "total": 2882825.195646831,
      "mode": null,
      "n": 600,
      "percentiles": {
        "25": 54317.30201761579,
        "50": 55868.09723552083,
        "75": 56345.265831545206
      },
      "average": 55438.946070131366,
      "sample_size": 52,
      "variance": 1820201.049141711,
      "standard_deviation": 1349.1482680349523,
      "frequency_distribution": "removed",
      "lower_outlier_bound": 51189.51663143591,
      "median": 55868.09723552083,
      "minimum": 52550.43002016885,
      "outliers": "removed",
      "standard_deviation_ratio": 0.024335748849342354,
      "upper_outlier_bound": 59560.876074445856
    },
    {
      "maximum": 55111.843976165226,
      "total": 2698284.1524042604,
      "mode": null,
      "n": 700,
      "percentiles": {
        "25": 53612.27342765227,
        "50": 53949.334853088265,
        "75": 54404.35739312053
      },
      "average": 53965.68304808521,
      "sample_size": 50,
      "variance": 335131.1298642785,
      "standard_deviation": 578.9051130058176,
      "frequency_distribution": "removed",
      "lower_outlier_bound": 52233.444567037004,
      "median": 53949.334853088265,
      "minimum": 52419.94033562391,
      "outliers": "removed",
      "standard_deviation_ratio": 0.01072728223397069,
      "upper_outlier_bound": 55690.95165867904
    },
    {
      "maximum": 51960.22548659452,
      "total": 2582854.0780654117,
      "mode": null,
      "n": 800,
      "percentiles": {
        "25": 50120.137970715805,
        "50": 51045.5402787597,
        "75": 51281.36753048421
      },
      "average": 50644.19760912572,
      "sample_size": 51,
      "variance": 934551.9723689563,
      "standard_deviation": 966.722282958739,
      "frequency_distribution": "removed",
      "lower_outlier_bound": 48108.22109628609,
      "median": 51045.5402787597,
      "minimum": 48365.72224533029,
      "outliers": "removed",
      "standard_deviation_ratio": 0.019088510206439577,
      "upper_outlier_bound": 53188.748034376484
    },
    {
      "maximum": 50414.736832553,
      "total": 2509083.9799248427,
      "mode": 48729.8800416543,
      "n": 900,
      "percentiles": {
        "25": 48599.555216870656,
        "50": 49692.89789103341,
        "75": 49929.67405409481
      },
      "average": 49197.72509656554,
      "sample_size": 51,
      "variance": 991658.0030195994,
      "standard_deviation": 995.8202664234141,
      "frequency_distribution": "removed",
      "lower_outlier_bound": 46741.92086585768,
      "median": 49692.89789103341,
      "minimum": 46866.00026338692,
      "outliers": "removed",
      "standard_deviation_ratio": 0.02024118522693505,
      "upper_outlier_bound": 51869.378901603806
    },
    {
      "maximum": 51255.31966148937,
      "total": 2321762.1700962754,
      "mode": null,
      "n": 1000,
      "percentiles": {
        "25": 50246.46609207731,
        "50": 50457.04048885901,
        "75": 50738.721262252075
      },
      "average": 50473.09065426686,
      "sample_size": 46,
      "variance": 136580.53939634663,
      "standard_deviation": 369.5680443387207,
      "frequency_distribution": "removed",
      "lower_outlier_bound": 49207.5768121477,
      "median": 50457.04048885901,
      "minimum": 49598.99214847954,
      "outliers": "removed",
      "standard_deviation_ratio": 0.007322080727534731,
      "upper_outlier_bound": 51608.78068142563
    },
    {
      "maximum": 39664.47031273055,
      "total": 1784416.5176019578,
      "mode": null,
      "n": 2000,