{
  "build_type": "sequential",
  "name": "runtime",
  "timestamp": "2026-04-02T21:16:52.672599Z",
  "impl_mod": "gb_sets",
  "impl_description": ":gb_sets.largest/1",
  "tweaks": [
    "duplicate_variants",
    10
  ],
  "group_id": "largest",
  "measurements": [
    {
      "maximum": 5990678.504247391,
      "total": 200807708.30856922,
      "mode": null,
      "n": 100,
      "percentiles": {
        "25": 4684361.887627721,
        "50": 5033407.683934415,
        "75": 5292829.095035898
      },
      "frequency_distribution": "removed",
      "outliers": "removed",
      "median": 5033407.683934415,
      "average": 5020192.707714231,
      "sample_size": 40,
      "variance": 173289418845.20346,
      "standard_deviation": 416280.45695805066,
      "lower_outlier_bound": 3959238.105747543,
      "minimum": 4216100.4443769865,
      "standard_deviation_ratio": 0.08292121063766682,
      "upper_outlier_bound": 6127316.222919267
    },
    {
      "maximum": 4335498.192097254,
      "total": 151815743.94031328,
      "mode": null,
      "n": 200,
      "percentiles": {
        "25": 3318444.578657092,
        "50": 3483446.6614647196,
        "75": 3727615.6679141754
      },
      "frequency_distribution": "removed",
      "outliers": "removed",
      "median": 3483446.6614647196,
      "average": 3530598.696286355,
      "sample_size": 43,
      "variance": 65728126744.48305,
      "standard_deviation": 256374.9729292683,
      "lower_outlier_bound": 2715796.8632482933,
      "minimum": 3014445.2215014347,
      "standard_deviation_ratio": 0.07261515538396793,
      "upper_outlier_bound": 4356440.291499552
    },
    {
      "maximum": 3206258.6168200327,
      "total": 117782055.52635795,
      "mode": null,
      "n": 300,
      "percentiles": {
        "25": 2878091.2520466633,
        "50": 2929559.500896784,
        "75": 2993157.335181283
      },
      "frequency_distribution": "removed",
      "outliers": "removed",
      "median": 2929559.500896784,
      "average": 2944551.3881589486,
      "sample_size": 40,
      "variance": 15809133846.509989,
      "standard_deviation": 125734.3781410239,
      "lower_outlier_bound": 2653804.4993131626,
      "minimum": 2679040.2606170364,
      "standard_deviation_ratio": 0.04270069072207229,
      "upper_outlier_bound": 3240988.1417963095
    },
    {
      "maximum": 6100536.847242557,
      "total": 214229463.17525163,
      "mode": null,
      "n": 400,
      "percentiles": {
        "25": 4598842.93111853,
        "50": 4859228.160199034,
        "75": 5333674.688513398
      },
      "frequency_distribution": "removed",
      "outliers": "removed",
      "median": 4859228.160199034,
      "average": 4982080.53895934,
      "sample_size": 43,
      "variance": 221955154629.65872,
      "standard_deviation": 471121.1676730931,
      "lower_outlier_bound": 3496595.2950262283,
      "minimum": 4256514.595588548,
      "standard_deviation_ratio": 0.09456313762673559,
      "upper_outlier_bound": 6435922.3246057
    },
    {
      "maximum": 6248984.540012248,
      "total": 228897765.78510427,
      "mode": null,
      "n": 500,
      "percentiles": {
        "25": 4943007.1278162785,
        "50": 5368954.557168628,
        "75": 5719645.839529617
      },
      "frequency_distribution": "removed",
      "outliers": "removed",
      "median": 5368954.557168628,
      "average": 5323203.855467541,
      "sample_size": 43,
      "variance": 221756237235.54303,
      "standard_deviation": 470910.00969988207,
      "lower_outlier_bound": 3772602.7547314363,
      "minimum": 4394793.049195314,
      "standard_deviation_ratio": 0.08846364379154922,
      "upper_outlier_bound": 6893843.979806122
    },
    {
      "maximum": 3192134.5803939095,
      "total": 115628668.19461006,
      "mode": null,
      "n": 600,
      "percentiles": {
        "25": 2900568.5114282398,
        "50": 2949469.685350574,
        "75": 3031607.540214274
      },
      "frequency_distribution": "removed",
      "outliers": "removed",
      "median": 2949469.685350574,
      "average": 2964837.6460156427,
      "sample_size": 39,
      "variance": 8429786423.14093,
      "standard_deviation": 91813.86835952905,
      "lower_outlier_bound": 2682685.331919544,
      "minimum": 2751304.118152004,
      "standard_deviation_ratio": 0.03096758720765536,
      "upper_outlier_bound": 3265346.320886769
    },
    {
      "maximum": 3139816.0067820027,
      "total": 112033499.30795795,
      "mode": null,
      "n": 700,
      "percentiles": {
        "25": 2898692.415992414,
        "50": 2932444.0715630334,
        "75": 2994046.5529892817
      },
      "frequency_distribution": "removed",
      "outliers": "removed",
      "median": 2932444.0715630334,
      "average": 2948249.981788367,
      "sample_size": 38,
      "variance": 5877587673.771624,
      "standard_deviation": 76665.42684790598,
      "lower_outlier_bound": 2694254.644445345,
      "minimum": 2826455.624646693,
      "standard_deviation_ratio": 0.026003706375468817,
      "upper_outlier_bound": 3239422.0352375302
    },
    {
      "maximum": 2696886.1752220886,
      "total": 93966046.4985612,
      "mode": null,
      "n": 800,
      "percentiles": {
        "25": 2586180.8317992105,
        "50": 2621032.77909521,
        "75": 2643778.796964757
      },
      "frequency_distribution": "removed",
      "outliers": "removed",
      "median": 2621032.77909521,
      "average": 2610167.9582933667,
      "sample_size": 36,
      "variance": 2911134031.13025,
      "standard_deviation": 53954.925920904105,
      "lower_outlier_bound": 2453132.710822073,
      "minimum": 2462059.660629696,
      "standard_deviation_ratio": 0.020671055189943416,
      "upper_outlier_bound": 2763178.0609166967
    },
    {
      "maximum": 2855902.57945121,
      "total": 110303078.30662133,
      "mode": null,
      "n": 900,
      "percentiles": {
        "25": 2578607.2540384308,
        "50": 2618830.99972356,
        "75": 2680049.497422086
      },
      "frequency_distribution": "removed",
      "outliers": "removed",
      "median": 2618830.99972356,
      "average": 2626263.76920527,
      "sample_size": 42,
      "variance": 9165690820.096008,
      "standard_deviation": 95737.61444748876,
      "lower_outlier_bound": 2410318.1075128503,
      "minimum": 2424842.0215422967,
      "standard_deviation_ratio": 0.03645392194419976,
      "upper_outlier_bound": 2870158.2167064957
    },
    {
      "maximum": 3008622.7126945825,
      "total": 107962931.71673423,
      "mode": null,
      "n": 1000,
      "percentiles": {
        "25": 2800038.3672923716,
        "50": 2832548.353578708,
        "75": 2865288.377702793
      },
      "frequency_distribution": "removed",
      "outliers": "removed",
      "median": 2832548.353578708,
      "average": 2841129.782019322,
      "sample_size": 38,
      "variance": 3537690391.1233544,
      "standard_deviation": 59478.48679248115,
      "lower_outlier_bound": 2639499.6907874006,
      "minimum": 2744312.412525042,
      "standard_deviation_ratio": 0.020934801067132896,
      "upper_outlier_bound": 3076379.8050922337
    },
    {
      "maximum": 2632632.0001684884,
      "total": 96420071.4809735,
      "mode": null,
      "n": 2000,
      "percentiles": {
        "25": 2431551.8163692066,
        "50": 2464826.9198536878,
        "75": 2508642.2726292075
      },
      "frequency_distribution": "removed",
      "outliers": "removed",
      "median": 2464826.9198536878,
      "average": 2472309.5251531666,
      "sample_size": 39,
      "variance": 5647194754.496335,
      "standard_deviation": 75147.81935955517,
      "lower_outlier_bound": 2298348.2371275323,
      "minimum": 2309063.536192262,
      "standard_deviation_ratio": 0.030395797368818353,
      "upper_outlier_bound": 2649682.3092326177
    },
    {
      "maximum": 2529020.510356339,
      "total": 96312994.31587808,
      "mode": null,
      "n": 3000,