{
  "build_type": "sequential",
  "name": "runtime",
  "timestamp": "2026-03-19T19:51:18.378196Z",
  "impl_mod": "gb_sets",
  "tweaks": "none",
  "impl_description": ":gb_sets.union/2",
  "group_id": "union_100_0500",
  "measurements": [
    {
      "maximum": 8656509.695290858,
      "total": 350296742.0402347,
      "mode": 7218131.947451999,
      "n": 0,
      "percentiles": {
        "25": 6775762.01325595,
        "50": 7109341.674960898,
        "75": 7544610.594553794
      },
      "average": 7148913.1028619325,
      "variance": 429965946160.02997,
      "standard_deviation": 655717.8861065404,
      "standard_deviation_ratio": 0.09172273836200864,
      "median": 7109341.674960898,
      "frequency_distribution": "removed",
      "minimum": 5842486.562280906,
      "lower_outlier_bound": 5397579.355600515,
      "upper_outlier_bound": 8832829.33792576,
      "outliers": "removed",
      "sample_size": 49
    },
    {
      "maximum": 111534.07310166219,
      "total": 5141204.168766779,
      "mode": null,
      "n": 100,
      "percentiles": {
        "25": 97571.54189380509,
        "50": 101532.53203859048,
        "75": 103587.44023004698
      },
      "average": 100807.92487777998,
      "variance": 24482634.009837255,
      "standard_deviation": 4947.992927423932,
      "standard_deviation_ratio": 0.04908337249698278,
      "median": 101532.53203859048,
      "frequency_distribution": "removed",
      "minimum": 89150.79411069854,
      "lower_outlier_bound": 88547.69438944224,
      "upper_outlier_bound": 112611.28773440982,
      "outliers": "removed",
      "sample_size": 51
    },
    {
      "maximum": 94296.03296589313,
      "total": 4497271.608339978,
      "mode": null,
      "n": 200,
      "percentiles": {
        "25": 85581.48769723324,
        "50": 88550.42946958293,
        "75": 91158.28451047545
      },
      "average": 88181.79624196036,
      "variance": 16341432.731559882,
      "standard_deviation": 4042.4538007947453,
      "standard_deviation_ratio": 0.0458422710023136,
      "median": 88550.42946958293,
      "frequency_distribution": "removed",
      "minimum": 77372.49206738525,
      "lower_outlier_bound": 76373.90323504171,
      "upper_outlier_bound": 99987.52057646745,
      "outliers": "removed",
      "sample_size": 51
    },
    {
      "maximum": 88308.79820556522,
      "total": 3299449.2417120594,
      "mode": null,
      "n": 300,
      "percentiles": {
        "25": 82893.37673630539,
        "50": 85305.88985985948,
        "75": 86132.64427217915
      },
      "average": 84601.26260800152,
      "variance": 5605312.872950775,
      "standard_deviation": 2367.554196412571,
      "standard_deviation_ratio": 0.027984856530836807,
      "median": 85305.88985985948,
      "frequency_distribution": "removed",
      "minimum": 78856.76614710572,
      "lower_outlier_bound": 75996.04781097226,
      "upper_outlier_bound": 92199.50402536418,
      "outliers": "removed",
      "sample_size": 39
    },
    {
      "maximum": 95334.88284296247,
      "total": 3968316.542550693,
      "mode": null,
      "n": 400,
      "percentiles": {
        "25": 82058.5537015793,
        "50": 85711.32255142037,
        "75": 88096.02466688691
      },
      "average": 84432.2668627807,
      "variance": 22394986.762532704,
      "standard_deviation": 4732.334176971519,
      "standard_deviation_ratio": 0.05604888217276586,
      "median": 85711.32255142037,
      "frequency_distribution": "removed",
      "minimum": 72766.01070533549,
      "lower_outlier_bound": 71477.39870304344,
      "upper_outlier_bound": 98027.10649099541,
      "outliers": "removed",
      "sample_size": 47
    },
    {
      "maximum": 92903.56145802849,
      "total": 3857391.715768498,
      "mode": null,
      "n": 500,
      "percentiles": {
        "25": 78805.06306769197,
        "50": 83792.44611098309,
        "75": 85501.43599661757
      },
      "average": 82072.16416528719,
      "variance": 23804219.15169944,
      "standard_deviation": 4878.9567687877125,
      "standard_deviation_ratio": 0.05944715627288515,
      "median": 83792.44611098309,
      "frequency_distribution": "removed",
      "minimum": 70957.01140421088,
      "lower_outlier_bound": 67362.02983631808,
      "upper_outlier_bound": 96316.61144921239,
      "outliers": "removed",
      "sample_size": 47
    },
    {
      "maximum": 76765.11793041242,
      "total": 2945677.413764815,
      "mode": null,
      "n": 600,
      "percentiles": {
        "25": 69809.8992803902,
        "50": 70779.38581745888,
        "75": 71721.71116596229
      },
      "average": 70135.17651820988,
      "variance": 10305491.92579132,
      "standard_deviation": 3210.216803549461,
      "standard_deviation_ratio": 0.04577185034553897,
      "median": 70779.38581745888,
      "frequency_distribution": "removed",
      "minimum": 62470.59977398137,
      "lower_outlier_bound": 61597.158563503974,
      "upper_outlier_bound": 77796.44272743727,
      "outliers": "removed",
      "sample_size": 42
    },
    {
      "maximum": 65972.19931520858,
      "total": 2976321.432536497,
      "mode": null,
      "n": 700,
      "percentiles": {
        "25": 56614.258239981544,
        "50": 60812.629803084026,
        "75": 61498.520162672794
      },
      "average": 59526.42865072993,
      "variance": 8744400.997781422,
      "standard_deviation": 2957.0933359942196,
      "standard_deviation_ratio": 0.049676982191303676,
      "median": 60812.629803084026,
      "frequency_distribution": "removed",
      "minimum": 52087.37553070525,
      "lower_outlier_bound": 49287.86535594467,
      "upper_outlier_bound": 68824.91304670967,
      "outliers": "removed",
      "sample_size": 50
    },
    {
      "maximum": 57489.271064787536,
      "total": 2662944.334532064,
      "mode": null,
      "n": 800,
      "percentiles": {
        "25": 51139.558589900495,
        "50": 54190.74781174096,
        "75": 54732.04417072528
      },
      "average": 53258.88669064128,
      "variance": 6282533.290240407,
      "standard_deviation": 2506.498212694437,
      "standard_deviation_ratio": 0.0470625348827444,
      "median": 54190.74781174096,
      "frequency_distribution": "removed",
      "minimum": 46923.17690553849,
      "lower_outlier_bound": 45750.83021866331,
      "upper_outlier_bound": 60120.77254196246,
      "outliers": "removed",
      "sample_size": 50
    },
    {
      "maximum": 53156.909095838186,
      "total": 2467657.4987268546,
      "mode": null,
      "n": 900,
      "percentiles": {
        "25": 47144.85084839227,
        "50": 50415.8709605227,
        "75": 51079.482166712434
      },
      "average": 49353.14997453709,
      "variance": 4992405.853677859,
      "standard_deviation": 2234.3692294868947,
      "standard_deviation_ratio": 0.04527308248084832,
      "median": 50415.8709605227,
      "frequency_distribution": "removed",
      "minimum": 44092.00237214973,
      "lower_outlier_bound": 41242.90387091202,
      "upper_outlier_bound": 56981.429144192676,
      "outliers": "removed",
      "sample_size": 50
    },
    {
      "maximum": 50575.37070482342,
      "total": 2238520.715511092,
      "mode": null,
      "n": 1000,
      "percentiles": {
        "25": 44745.20653559477,
        "50": 47617.215758539205,
        "75": 48467.07586202038
      },
      "average": 46635.84823981442,
      "variance": 5517563.087332049,
      "standard_deviation": 2348.9493581880492,
      "standard_deviation_ratio": 0.050367891800940395,
      "median": 47617.215758539205,
      "frequency_distribution": "removed",
      "minimum": 42029.83950485487,
      "lower_outlier_bound": 38846.440498623655,
      "upper_outlier_bound": 54225.79977547174,
      "outliers": "removed",
      "sample_size": 48
    },
    {
      "maximum": 28375.081117263144,
      "total": 1309484.1218276739,
      "mode": null,
      "n": 2000,