{
  "build_type": "sequential",
  "name": "runtime",
  "timestamp": "2026-03-19T19:51:18.518068Z",
  "impl_mod": "gb_sets",
  "tweaks": "none",
  "impl_description": ":gb_sets.union/2",
  "group_id": "union_050_0050",
  "measurements": [
    {
      "maximum": 8388558.006878617,
      "total": 350391281.5298871,
      "mode": null,
      "n": 0,
      "percentiles": {
        "25": 6891684.497549885,
        "50": 7113663.813111242,
        "75": 7686708.482832662
      },
      "average": 7299818.365205981,
      "variance": 350929797687.828,
      "standard_deviation": 592393.2795768601,
      "standard_deviation_ratio": 0.08115178350196449,
      "median": 7113663.813111242,
      "frequency_distribution": "removed",
      "minimum": 6235191.420376605,
      "lower_outlier_bound": 5699148.51962572,
      "upper_outlier_bound": 8879244.460756827,
      "outliers": "removed",
      "sample_size": 48
    },
    {
      "maximum": 363591.41051651794,
      "total": 12399459.978028085,
      "mode": null,
      "n": 100,
      "percentiles": {
        "25": 296274.31025418476,
        "50": 305141.18844004243,
        "75": 330465.9062697367
      },
      "average": 309986.4994507021,
      "variance": 751051747.9041668,
      "standard_deviation": 27405.32334974661,
      "standard_deviation_ratio": 0.08840811905779447,
      "median": 305141.18844004243,
      "frequency_distribution": "removed",
      "minimum": 241416.43852813225,
      "lower_outlier_bound": 240962.0492631123,
      "upper_outlier_bound": 383937.3388900278,
      "outliers": "removed",
      "sample_size": 40
    },
    {
      "maximum": 228362.11837835493,
      "total": 8582066.454230355,
      "mode": null,
      "n": 200,
      "percentiles": {
        "25": 184841.51688342416,
        "50": 201972.87100396675,
        "75": 219076.28674457018
      },
      "average": 199582.94079605478,
      "variance": 416081889.2458902,
      "standard_deviation": 20398.08543089008,
      "standard_deviation_ratio": 0.10220355181425053,
      "median": 201972.87100396675,
      "frequency_distribution": "removed",
      "minimum": 151276.54714306677,
      "lower_outlier_bound": 133489.36209170514,
      "upper_outlier_bound": 270428.44153628923,
      "outliers": "removed",
      "sample_size": 43
    },
    {
      "maximum": 155746.98590645526,
      "total": 5626038.965900032,
      "mode": null,
      "n": 300,
      "percentiles": {
        "25": 134291.23679076007,
        "50": 141986.90493591133,
        "75": 147280.30812013143
      },
      "average": 140650.9741475008,
      "variance": 79540688.81635752,
      "standard_deviation": 8918.558673707177,
      "standard_deviation_ratio": 0.06340914968960171,
      "median": 141986.90493591133,
      "frequency_distribution": "removed",
      "minimum": 118319.95134683601,
      "lower_outlier_bound": 112386.08158445694,
      "upper_outlier_bound": 169088.89729352738,
      "outliers": "removed",
      "sample_size": 40
    },
    {
      "maximum": 131299.7626100292,
      "total": 5706212.933938138,
      "mode": null,
      "n": 400,
      "percentiles": {
        "25": 122414.55107235974,
        "50": 124700.40801692604,
        "75": 127180.27088125629
      },
      "average": 124048.10725952474,
      "variance": 19197922.42676213,
      "standard_deviation": 4381.543384101329,
      "standard_deviation_ratio": 0.035321323967761734,
      "median": 124700.40801692604,
      "frequency_distribution": "removed",
      "minimum": 113072.54282057197,
      "lower_outlier_bound": 113008.52529526071,
      "upper_outlier_bound": 135138.84205407713,
      "outliers": "removed",
      "sample_size": 46
    },
    {
      "maximum": 240282.37985280302,
      "total": 9271411.431054765,
      "mode": null,
      "n": 500,
      "percentiles": {
        "25": 195246.19591791544,
        "50": 210815.68806024268,
        "75": 215771.1449795164
      },
      "average": 206031.36513455035,
      "variance": 226638044.81309512,
      "standard_deviation": 15054.502476438573,
      "standard_deviation_ratio": 0.07306898377636394,
      "median": 210815.68806024268,
      "frequency_distribution": "removed",
      "minimum": 171481.8777951546,
      "lower_outlier_bound": 164458.772325514,
      "upper_outlier_bound": 246558.56857191783,
      "outliers": "removed",
      "sample_size": 45
    },
    {
      "maximum": 205285.6961032669,
      "total": 7064717.832573542,
      "mode": null,
      "n": 600,
      "percentiles": {
        "25": 191905.34011952387,
        "50": 196199.92218470428,
        "75": 199882.76938871964
      },
      "average": 196242.16201593174,
      "variance": 27145303.760911383,
      "standard_deviation": 5210.1155227990275,
      "standard_deviation_ratio": 0.02654941970307099,
      "median": 196199.92218470428,
      "frequency_distribution": "removed",
      "minimum": 185327.26942507774,
      "lower_outlier_bound": 176574.79610019614,
      "upper_outlier_bound": 213547.97521689028,
      "outliers": "removed",
      "sample_size": 36
    },
    {
      "maximum": 195020.3503735615,
      "total": 7727916.6232416155,
      "mode": null,
      "n": 700,
      "percentiles": {
        "25": 177828.67629668224,
        "50": 183604.48655923357,
        "75": 188203.76445169657
      },
      "average": 179718.9912381771,
      "variance": 132941116.21599658,
      "standard_deviation": 11530.009376231945,
      "standard_deviation_ratio": 0.06415576504628556,
      "median": 183604.48655923357,
      "frequency_distribution": "removed",
      "minimum": 154114.31275033945,
      "lower_outlier_bound": 145168.8216001835,
      "upper_outlier_bound": 213778.72555341758,
      "outliers": "removed",
      "sample_size": 43
    },
    {
      "maximum": 199808.18414322252,
      "total": 6376813.288134503,
      "mode": null,
      "n": 800,
      "percentiles": {
        "25": 174082.36598690497,
        "50": 176862.93990984582,
        "75": 181967.5803345642
      },
      "average": 177133.70244818064,
      "variance": 90612571.00498626,
      "standard_deviation": 9519.063557146063,
      "standard_deviation_ratio": 0.05373942635185873,
      "median": 176862.93990984582,
      "frequency_distribution": "removed",
      "minimum": 155264.31420528737,
      "lower_outlier_bound": 154622.75124875046,
      "upper_outlier_bound": 202621.0351341547,
      "outliers": "removed",
      "sample_size": 36
    },
    {
      "maximum": 182318.06480313296,
      "total": 6927042.984441471,
      "mode": null,
      "n": 900,
      "percentiles": {
        "25": 149236.134843802,
        "50": 167315.85217309828,
        "75": 170349.91576196667
      },
      "average": 161094.0228939877,
      "variance": 193870243.85922706,
      "standard_deviation": 13923.729524061686,
      "standard_deviation_ratio": 0.08643231619601786,
      "median": 167315.85217309828,
      "frequency_distribution": "removed",
      "minimum": 128719.01411532708,
      "lower_outlier_bound": 112437.37422671968,
      "upper_outlier_bound": 204707.1191161286,
      "outliers": "removed",
      "sample_size": 43
    },
    {
      "maximum": 173755.00197211927,
      "total": 7196751.382918583,
      "mode": null,
      "n": 1000,
      "percentiles": {
        "25": 154310.6178637764,
        "50": 162259.69339408336,
        "75": 166777.8852197185
      },
      "average": 159927.80850930186,
      "variance": 75286661.85078818,
      "standard_deviation": 8676.788683077868,
      "standard_deviation_ratio": 0.054254408685736485,
      "median": 162259.69339408336,
      "frequency_distribution": "removed",
      "minimum": 139028.30338200252,
      "lower_outlier_bound": 135609.71682986323,
      "upper_outlier_bound": 185478.78625363167,
      "outliers": "removed",
      "sample_size": 45
    },
    {
      "maximum": 125865.64094560339,
      "total": 4798617.965961202,
      "mode": null,
      "n": 2000,