{
  "build_type": "sequential",
  "name": "runtime",
  "timestamp": "2026-04-02T21:16:52.634542Z",
  "impl_mod": "gb_sets",
  "impl_description": ":gb_sets.union/2",
  "tweaks": "none",
  "group_id": "union_050_1000",
  "measurements": [
    {
      "maximum": 8530967.411704488,
      "total": 301885643.1474022,
      "mode": 6291682.395872656,
      "n": 0,
      "percentiles": {
        "25": 6827578.3326169625,
        "50": 7170010.153221734,
        "75": 7601672.895200329
      },
      "frequency_distribution": "removed",
      "outliers": "removed",
      "median": 7170010.153221734,
      "average": 7187753.408271481,
      "sample_size": 42,
      "variance": 361316152612.4763,
      "standard_deviation": 601095.7932081012,
      "lower_outlier_bound": 5634999.87505113,
      "minimum": 5725409.366769724,
      "standard_deviation_ratio": 0.08362777060720748,
      "upper_outlier_bound": 8779827.011200987
    },
    {
      "maximum": 101161.12742053288,
      "total": 3970112.210873389,
      "mode": null,
      "n": 100,
      "percentiles": {
        "25": 91151.65523304648,
        "50": 95843.32583972768,
        "75": 98329.9547200935
      },
      "frequency_distribution": "removed",
      "outliers": "removed",
      "median": 95843.32583972768,
      "average": 94526.48121127117,
      "sample_size": 42,
      "variance": 22983518.653605465,
      "standard_deviation": 4794.112916234396,
      "lower_outlier_bound": 80384.20600247593,
      "minimum": 81837.07874363716,
      "standard_deviation_ratio": 0.05071714142748344,
      "upper_outlier_bound": 109097.40395066404
    },
    {
      "maximum": 50073.407615564414,
      "total": 1796922.2642119885,
      "mode": null,
      "n": 200,
      "percentiles": {
        "25": 48052.799831032724,
        "50": 48618.83610395874,
        "75": 49336.165720233854
      },
      "frequency_distribution": "removed",
      "outliers": "removed",
      "median": 48618.83610395874,
      "average": 48565.46660032401,
      "sample_size": 37,
      "variance": 1095481.0760494308,
      "standard_deviation": 1046.6523186089212,
      "lower_outlier_bound": 45271.93704555581,
      "minimum": 45441.65654832448,
      "standard_deviation_ratio": 0.021551369561060456,
      "upper_outlier_bound": 51539.916918290124
    },
    {
      "maximum": 45763.364961920306,
      "total": 1901586.5305869882,
      "mode": null,
      "n": 300,
      "percentiles": {
        "25": 42472.9316895782,
        "50": 43324.943441162046,
        "75": 44160.55333028484
      },
      "frequency_distribution": "removed",
      "outliers": "removed",
      "median": 43324.943441162046,
      "average": 43217.87569515882,
      "sample_size": 44,
      "variance": 1668957.4347215544,
      "standard_deviation": 1291.8813547387215,
      "lower_outlier_bound": 39813.52949002022,
      "minimum": 40160.14258457023,
      "standard_deviation_ratio": 0.02989229188058948,
      "upper_outlier_bound": 46749.9575540142
    },
    {
      "maximum": 43700.60193209101,
      "total": 1756905.432563884,
      "mode": null,
      "n": 400,
      "percentiles": {
        "25": 41229.6943196649,
        "50": 41969.633196782714,
        "75": 42573.69048182921
      },
      "frequency_distribution": "removed",
      "outliers": "removed",
      "median": 41969.633196782714,
      "average": 41831.08172771152,
      "sample_size": 42,
      "variance": 962619.9255983548,
      "standard_deviation": 981.131961358081,
      "lower_outlier_bound": 39027.29071390792,
      "minimum": 39432.332146420136,
      "standard_deviation_ratio": 0.023454616061437346,
      "upper_outlier_bound": 44582.117530207324
    },
    {
      "maximum": 40232.26893501563,
      "total": 1726492.8349436026,
      "mode": null,
      "n": 500,
      "percentiles": {
        "25": 36348.9153876001,
        "50": 37944.91242337286,
        "75": 38364.85763498813
      },
      "frequency_distribution": "removed",
      "outliers": "removed",
      "median": 37944.91242337286,
      "average": 37532.452933556575,
      "sample_size": 46,
      "variance": 1783404.5340576076,
      "standard_deviation": 1335.4416999845434,
      "lower_outlier_bound": 33325.00201651805,
      "minimum": 34456.061114026474,
      "standard_deviation_ratio": 0.035580986469194165,
      "upper_outlier_bound": 41388.77100607018
    },
    {
      "maximum": 36200.20887520521,
      "total": 1576346.135072266,
      "mode": null,
      "n": 600,
      "percentiles": {
        "25": 34674.30312010039,
        "50": 35363.53001585701,
        "75": 35603.58250897429
      },
      "frequency_distribution": "removed",
      "outliers": "removed",
      "median": 35363.53001585701,
      "average": 35029.91411271702,
      "sample_size": 45,
      "variance": 842167.2704935384,
      "standard_deviation": 917.6967203240613,
      "lower_outlier_bound": 32844.821980113076,
      "minimum": 32943.28484081805,
      "standard_deviation_ratio": 0.026197515568298437,
      "upper_outlier_bound": 37238.85615188751
    },
    {
      "maximum": 34210.10409108372,
      "total": 1520513.972566641,
      "mode": null,
      "n": 700,
      "percentiles": {
        "25": 32490.51847815813,
        "50": 33262.05935540012,
        "75": 33760.72236767607
      },
      "frequency_distribution": "removed",
      "outliers": "removed",
      "median": 33262.05935540012,
      "average": 33054.651577535675,
      "sample_size": 46,
      "variance": 661955.8345967819,
      "standard_deviation": 813.606682984341,
      "lower_outlier_bound": 30585.21264388122,
      "minimum": 30966.741410058185,
      "standard_deviation_ratio": 0.024613984542413918,
      "upper_outlier_bound": 35666.02820195298
    },
    {
      "maximum": 32613.28632671664,
      "total": 1333834.0998684764,
      "mode": null,
      "n": 800,
      "percentiles": {
        "25": 30227.26977324409,
        "50": 31254.483064914624,
        "75": 31658.47345373684
      },
      "frequency_distribution": "removed",
      "outliers": "removed",
      "median": 31254.483064914624,
      "average": 31019.397671359915,
      "sample_size": 43,
      "variance": 690444.1801798797,
      "standard_deviation": 830.929708326691,
      "lower_outlier_bound": 28080.464252504968,
      "minimum": 29429.309767911633,
      "standard_deviation_ratio": 0.02678742241000653,
      "upper_outlier_bound": 33805.278974475965
    },
    {
      "maximum": 31656.45904144875,
      "total": 1378918.1211085573,
      "mode": null,
      "n": 900,
      "percentiles": {
        "25": 29320.361031409837,
        "50": 30200.725971024804,
        "75": 30580.291571565424
      },
      "frequency_distribution": "removed",
      "outliers": "removed",
      "median": 30200.725971024804,
      "average": 29976.48089366429,
      "sample_size": 46,
      "variance": 783210.765384153,
      "standard_deviation": 884.9919578076136,
      "lower_outlier_bound": 27430.465221176455,
      "minimum": 28031.438940658285,
      "standard_deviation_ratio": 0.02952287698302378,
      "upper_outlier_bound": 32470.1873817988
    },
    {
      "maximum": 30087.48538124304,
      "total": 1208249.4942020683,
      "mode": null,
      "n": 1000,
      "percentiles": {
        "25": 28047.84235104334,
        "50": 29114.893289425003,
        "75": 29446.562173522667
      },
      "frequency_distribution": "removed",
      "outliers": "removed",
      "median": 29114.893289425003,
      "average": 28767.845100049246,
      "sample_size": 42,
      "variance": 899800.4616475223,
      "standard_deviation": 948.5781262750698,
      "lower_outlier_bound": 25949.762617324348,
      "minimum": 26102.77707445295,
      "standard_deviation_ratio": 0.03297355512642989,
      "upper_outlier_bound": 31544.64190724166
    },
    {
      "maximum": 20117.08141382848,
      "total": 832432.3451749773,
      "mode": null,
      "n": 2000,