{
  "build_type": "sequential",
  "name": "runtime",
  "timestamp": "2026-04-02T21:16:52.977653Z",
  "impl_mod": "gb_sets",
  "impl_description": ":gb_sets.union/2",
  "tweaks": "none",
  "group_id": "union_050_0050",
  "measurements": [
    {
      "maximum": 8334722.453742291,
      "total": 344097780.9266713,
      "mode": null,
      "n": 0,
      "percentiles": {
        "25": 6886578.0593623025,
        "50": 7389344.5651370725,
        "75": 7653451.706719731
      },
      "frequency_distribution": "removed",
      "outliers": "removed",
      "median": 7389344.5651370725,
      "average": 7321229.381418539,
      "sample_size": 47,
      "variance": 250054812049.74423,
      "standard_deviation": 500054.80904571275,
      "lower_outlier_bound": 5736267.58832616,
      "minimum": 6328713.372571357,
      "standard_deviation_ratio": 0.06830202729542448,
      "upper_outlier_bound": 8803762.177755874
    },
    {
      "maximum": 365036.7774553286,
      "total": 12326905.6216985,
      "mode": null,
      "n": 100,
      "percentiles": {
        "25": 304842.7316347496,
        "50": 317062.7308613009,
        "75": 328413.69616478484
      },
      "frequency_distribution": "removed",
      "outliers": "removed",
      "median": 317062.7308613009,
      "average": 316074.5031204744,
      "sample_size": 39,
      "variance": 389086652.8380205,
      "standard_deviation": 19725.279537639522,
      "lower_outlier_bound": 260006.19852992086,
      "minimum": 267931.30241406104,
      "standard_deviation_ratio": 0.062407057016304376,
      "upper_outlier_bound": 369042.6326302878
    },
    {
      "maximum": 208961.08726632927,
      "total": 7785946.703593001,
      "mode": null,
      "n": 200,
      "percentiles": {
        "25": 172612.27643053344,
        "50": 187785.47465424292,
        "75": 197788.99895606755
      },
      "frequency_distribution": "removed",
      "outliers": "removed",
      "median": 187785.47465424292,
      "average": 185379.68341888097,
      "sample_size": 42,
      "variance": 230754707.65739754,
      "standard_deviation": 15190.612484603691,
      "lower_outlier_bound": 134847.1926422323,
      "minimum": 156166.54850064497,
      "standard_deviation_ratio": 0.08194324321009452,
      "upper_outlier_bound": 235554.0827443687
    },
    {
      "maximum": 148325.25949504148,
      "total": 5433324.341693517,
      "mode": null,
      "n": 300,
      "percentiles": {
        "25": 127235.52020847143,
        "50": 133763.87465789888,
        "75": 137290.98505048148
      },
      "frequency_distribution": "removed",
      "outliers": "removed",
      "median": 133763.87465789888,
      "average": 132520.10589496384,
      "sample_size": 41,
      "variance": 50532851.46302554,
      "standard_deviation": 7108.646246862024,
      "lower_outlier_bound": 115439.95539219506,
      "minimum": 117702.3096724227,
      "standard_deviation_ratio": 0.05364202057381674,
      "upper_outlier_bound": 151042.19726513597
    },
    {
      "maximum": 123827.96828022765,
      "total": 4908883.489545762,
      "mode": null,
      "n": 400,
      "percentiles": {
        "25": 113169.10707022267,
        "50": 117697.25655112031,
        "75": 120348.64105026322
      },
      "frequency_distribution": "removed",
      "outliers": "removed",
      "median": 117697.25655112031,
      "average": 116878.17832251813,
      "sample_size": 42,
      "variance": 18464065.990688663,
      "standard_deviation": 4296.983359368368,
      "lower_outlier_bound": 102873.71779286495,
      "minimum": 108701.91434941361,
      "standard_deviation_ratio": 0.036764633236420804,
      "upper_outlier_bound": 130886.96316457505
    },
    {
      "maximum": 209862.26739390937,
      "total": 8191950.614800614,
      "mode": null,
      "n": 500,
      "percentiles": {
        "25": 176115.87015329127,
        "50": 196292.4286084437,
        "75": 201904.36194183538
      },
      "frequency_distribution": "removed",
      "outliers": "removed",
      "median": 196292.4286084437,
      "average": 190510.47941396778,
      "sample_size": 43,
      "variance": 211889668.1764726,
      "standard_deviation": 14556.430475101806,
      "lower_outlier_bound": 137433.1324704751,
      "minimum": 160403.70404233373,
      "standard_deviation_ratio": 0.07640750535025194,
      "upper_outlier_bound": 240587.09962465154
    },
    {
      "maximum": 185498.81559006247,
      "total": 7377741.147153613,
      "mode": 174483.52875488554,
      "n": 600,
      "percentiles": {
        "25": 171125.9302782534,
        "50": 178633.18458766397,
        "75": 182060.4051613987
      },
      "frequency_distribution": "removed",
      "outliers": "removed",
      "median": 178633.18458766397,
      "average": 175660.50350365747,
      "sample_size": 42,
      "variance": 79434203.61584935,
      "standard_deviation": 8912.586808320542,
      "lower_outlier_bound": 149215.09323796228,
      "minimum": 152606.28646336458,
      "standard_deviation_ratio": 0.050737568380788405,
      "upper_outlier_bound": 201744.39453480643
    },
    {
      "maximum": 185200.27557801007,
      "total": 6216948.752214323,
      "mode": null,
      "n": 700,
      "percentiles": {
        "25": 169373.2467754925,
        "50": 173370.60938305192,
        "75": 175330.65789560237
      },
      "frequency_distribution": "removed",
      "outliers": "removed",
      "median": 173370.60938305192,
      "average": 172693.0208948423,
      "sample_size": 36,
      "variance": 26959859.22980295,
      "standard_deviation": 5192.288438617692,
      "lower_outlier_bound": 157695.62615490204,
      "minimum": 157803.37699226764,
      "standard_deviation_ratio": 0.0300665794813991,
      "upper_outlier_bound": 185781.88773031882
    },
    {
      "maximum": 170289.57742641363,
      "total": 6041071.28352865,
      "mode": null,
      "n": 800,
      "percentiles": {
        "25": 161398.51958276267,
        "50": 163523.7403766279,
        "75": 164923.4304498884
      },
      "frequency_distribution": "removed",
      "outliers": "removed",
      "median": 163523.7403766279,
      "average": 163272.1968521257,
      "sample_size": 37,
      "variance": 9094274.951319302,
      "standard_deviation": 3015.6715589266846,
      "lower_outlier_bound": 152491.16192223664,
      "minimum": 157381.67258946362,
      "standard_deviation_ratio": 0.018470208749980586,
      "upper_outlier_bound": 172382.79156647946
    },
    {
      "maximum": 167101.40883197787,
      "total": 6669382.016482669,
      "mode": null,
      "n": 900,
      "percentiles": {
        "25": 156826.7214051536,
        "50": 158262.15247823033,
        "75": 160785.8880024053
      },
      "frequency_distribution": "removed",
      "outliers": "removed",
      "median": 158262.15247823033,
      "average": 158794.80991625402,
      "sample_size": 42,
      "variance": 11058723.304287873,
      "standard_deviation": 3325.4658777813183,
      "lower_outlier_bound": 150339.0349496822,
      "minimum": 152768.08124817634,
      "standard_deviation_ratio": 0.02094190534020047,
      "upper_outlier_bound": 167715.91153495817
    },
    {
      "maximum": 159876.70308657963,
      "total": 6471330.360867619,
      "mode": null,
      "n": 1000,
      "percentiles": {
        "25": 139907.78225597925,
        "50": 146171.3309815817,
        "75": 154532.7334517707
      },
      "frequency_distribution": "removed",
      "outliers": "removed",
      "median": 146171.3309815817,
      "average": 147075.6900197186,
      "sample_size": 44,
      "variance": 65635834.87041945,
      "standard_deviation": 8101.594588130132,
      "lower_outlier_bound": 117970.35546229208,
      "minimum": 131893.9309007696,
      "standard_deviation_ratio": 0.05508452543750733,
      "upper_outlier_bound": 176470.1602454579
    },
    {
      "maximum": 120177.14110599023,
      "total": 4654789.897513071,
      "mode": null,
      "n": 2000,