{
  "build_type": "random",
  "name": "runtime",
  "timestamp": "2026-03-19T21:33:01.758806Z",
  "impl_mod": "xb5_trees",
  "tweaks": "none",
  "impl_description": ":xb5_trees.delete_any/2",
  "group_id": "delete_any_missing_x100",
  "measurements": [
    {
      "maximum": 661791.469507958,
      "total": 23216769.3413767,
      "mode": 627470.6657463764,
      "n": 0,
      "percentiles": {
        "25": 615524.6024273209,
        "50": 629960.9424215698,
        "75": 640189.1431684049
      },
      "frequency_distribution": "removed",
      "average": 627480.2524696406,
      "variance": 410470998.4476507,
      "standard_deviation": 20260.083870696355,
      "standard_deviation_ratio": 0.032288002356977125,
      "median": 629960.9424215698,
      "minimum": 584170.1570833552,
      "lower_outlier_bound": 570069.9989720077,
      "upper_outlier_bound": 685538.878817367,
      "outliers": "removed",
      "sample_size": 37
    },
    {
      "maximum": 238749.5254853181,
      "total": 8162823.70387733,
      "mode": null,
      "n": 100,
      "percentiles": {
        "25": 222471.20984650214,
        "50": 226589.62661264453,
        "75": 229955.5259406348
      },
      "frequency_distribution": "removed",
      "average": 226745.10288548138,
      "variance": 21386793.43373078,
      "standard_deviation": 4624.585758068584,
      "standard_deviation_ratio": 0.02039552651509414,
      "median": 226589.62661264453,
      "minimum": 218626.06634863862,
      "lower_outlier_bound": 209915.32791506706,
      "upper_outlier_bound": 243715.1067483802,
      "outliers": "removed",
      "sample_size": 36
    },
    {
      "maximum": 197544.91183570586,
      "total": 6686488.230420797,
      "mode": null,
      "n": 200,
      "percentiles": {
        "25": 188433.92564397294,
        "50": 190808.01469984945,
        "75": 193725.99008510384
      },
      "frequency_distribution": "removed",
      "average": 191042.52086916563,
      "variance": 11996189.986300634,
      "standard_deviation": 3463.551643371387,
      "standard_deviation_ratio": 0.01812974215171386,
      "median": 190808.01469984945,
      "minimum": 183859.01690583662,
      "lower_outlier_bound": 178747.87000801755,
      "upper_outlier_bound": 202026.71239525676,
      "outliers": "removed",
      "sample_size": 35
    },
    {
      "maximum": 177178.04976577061,
      "total": 6257245.298030606,
      "mode": null,
      "n": 300,
      "percentiles": {
        "25": 166720.7641260826,
        "50": 168392.9753186416,
        "75": 171915.67503756023
      },
      "frequency_distribution": "removed",
      "average": 169114.73778461097,
      "variance": 12452523.113873191,
      "standard_deviation": 3528.8132727410202,
      "standard_deviation_ratio": 0.020866385265815274,
      "median": 168392.9753186416,
      "minimum": 163499.67790563454,
      "lower_outlier_bound": 158209.20034139414,
      "upper_outlier_bound": 181281.9752904188,
      "outliers": "removed",
      "sample_size": 37
    },
    {
      "maximum": 157974.63875149484,
      "total": 5421842.200409941,
      "mode": null,
      "n": 400,
      "percentiles": {
        "25": 148902.42226882122,
        "50": 150353.55646432174,
        "75": 151916.39195268264
      },
      "frequency_distribution": "removed",
      "average": 150606.72778916504,
      "variance": 6290026.259187236,
      "standard_deviation": 2507.9924759032347,
      "standard_deviation_ratio": 0.016652592568203083,
      "median": 150353.55646432174,
      "minimum": 144944.3413729128,
      "lower_outlier_bound": 142591.8991130718,
      "upper_outlier_bound": 159494.3251799993,
      "outliers": "removed",
      "sample_size": 36
    },
    {
      "maximum": 142303.37942065447,
      "total": 5375539.0014434755,
      "mode": null,
      "n": 500,
      "percentiles": {
        "25": 136479.45779441006,
        "50": 137718.6628068716,
        "75": 138986.17921433892
      },
      "frequency_distribution": "removed",
      "average": 137834.33337034553,
      "variance": 3210928.0028879656,
      "standard_deviation": 1791.9062483534024,
      "standard_deviation_ratio": 0.013000434685157504,
      "median": 137718.6628068716,
      "minimum": 134660.36635699272,
      "lower_outlier_bound": 132595.86387961538,
      "upper_outlier_bound": 142997.07772327116,
      "outliers": "removed",
      "sample_size": 39
    },
    {
      "maximum": 134525.9507285253,
      "total": 5075372.1910592755,
      "mode": null,
      "n": 600,
      "percentiles": {
        "25": 128522.14950724608,
        "50": 129643.84243605965,
        "75": 131398.44739594558
      },
      "frequency_distribution": "removed",
      "average": 130137.74848869938,
      "variance": 3983601.739657426,
      "standard_deviation": 1995.8962246713695,
      "standard_deviation_ratio": 0.015336796954380111,
      "median": 129643.84243605965,
      "minimum": 126683.78586893043,
      "lower_outlier_bound": 123219.67397095496,
      "upper_outlier_bound": 137359.60873439797,
      "outliers": "removed",
      "sample_size": 39
    },
    {
      "maximum": 124565.26721741124,
      "total": 4749400.297220196,
      "mode": null,
      "n": 700,
      "percentiles": {
        "25": 120199.82018106901,
        "50": 121776.27749403905,
        "75": 122817.83413205865
      },
      "frequency_distribution": "removed",
      "average": 121779.49480051783,
      "variance": 2294120.092138863,
      "standard_deviation": 1514.63530004383,
      "standard_deviation_ratio": 0.012437523267155068,
      "median": 121776.27749403905,
      "minimum": 118915.39645204024,
      "lower_outlier_bound": 116210.72125698414,
      "upper_outlier_bound": 126813.55750024287,
      "outliers": "removed",
      "sample_size": 39
    },
    {
      "maximum": 118173.4171261643,
      "total": 4212645.060633344,
      "mode": null,
      "n": 800,
      "percentiles": {
        "25": 112805.01611303946,
        "50": 113429.86971445165,
        "75": 114774.452456431
      },
      "frequency_distribution": "removed",
      "average": 113855.27190900929,
      "variance": 3477880.8895158228,
      "standard_deviation": 1864.9077428966352,
      "standard_deviation_ratio": 0.016379634527481785,
      "median": 113429.86971445165,
      "minimum": 109729.97647389304,
      "lower_outlier_bound": 109423.76039879175,
      "upper_outlier_bound": 118569.58864823444,
      "outliers": "removed",
      "sample_size": 37
    },
    {
      "maximum": 110626.32198454771,
      "total": 4224696.443599112,
      "mode": null,
      "n": 900,
      "percentiles": {
        "25": 107427.0784991148,
        "50": 108200.40012507966,
        "75": 109309.44849010858
      },
      "frequency_distribution": "removed",
      "average": 108325.54983587467,
      "variance": 1249766.8772369078,
      "standard_deviation": 1117.9297282194923,
      "standard_deviation_ratio": 0.010320092812021548,
      "median": 108200.40012507966,
      "minimum": 106634.022437931,
      "lower_outlier_bound": 104431.78863520315,
      "upper_outlier_bound": 112356.80972927285,
      "outliers": "removed",
      "sample_size": 39
    },
    {
      "maximum": 105464.4284302569,
      "total": 4010646.2879176573,
      "mode": null,
      "n": 1000,
      "percentiles": {
        "25": 102078.73128386462,
        "50": 102895.37289797615,
        "75": 103445.56487485155
      },
      "frequency_distribution": "removed",
      "average": 102837.08430558095,
      "variance": 1374158.978452736,
      "standard_deviation": 1172.2452723098252,
      "standard_deviation_ratio": 0.011399052007605466,
      "median": 102895.37289797615,
      "minimum": 100449.41066330764,
      "lower_outlier_bound": 99986.08338740325,
      "upper_outlier_bound": 105547.02976484314,
      "outliers": "removed",
      "sample_size": 39
    },
    {
      "maximum": 80460.10305329999,
      "total": 3006900.808378469,