{
  "build_type": "random",
  "name": "runtime",
  "timestamp": "2026-03-19T21:33:01.699776Z",
  "impl_mod": "xb5_trees",
  "tweaks": "none",
  "impl_description": ":xb5_trees.is_defined/2",
  "group_id": "is_member_existing_x100",
  "measurements": [
    {
      "maximum": 313045.8737423382,
      "total": 11328029.817786269,
      "mode": null,
      "n": 100,
      "percentiles": {
        "25": 290781.7814043703,
        "50": 296318.97282876156,
        "75": 306038.55866245093
      },
      "frequency_distribution": "removed",
      "average": 298106.0478364808,
      "variance": 72139113.1538403,
      "standard_deviation": 8493.474739695192,
      "standard_deviation_ratio": 0.028491453968602785,
      "median": 296318.97282876156,
      "minimum": 283724.96836466604,
      "lower_outlier_bound": 267008.0477058903,
      "upper_outlier_bound": 329456.8652363873,
      "outliers": "removed",
      "sample_size": 38
    },
    {
      "maximum": 266533.75516742317,
      "total": 8967922.103885496,
      "mode": null,
      "n": 200,
      "percentiles": {
        "25": 243881.98131701676,
        "50": 249018.010594202,
        "75": 253836.52460414718
      },
      "frequency_distribution": "removed",
      "average": 249108.94733015267,
      "variance": 48921816.40490047,
      "standard_deviation": 6994.413228062842,
      "standard_deviation_ratio": 0.028077727849706278,
      "median": 249018.010594202,
      "minimum": 235966.4833207091,
      "lower_outlier_bound": 229156.8955533419,
      "upper_outlier_bound": 270352.68411352806,
      "outliers": "removed",
      "sample_size": 36
    },
    {
      "maximum": 225751.4702064497,
      "total": 7641839.00422807,
      "mode": null,
      "n": 300,
      "percentiles": {
        "25": 215696.67870254134,
        "50": 217525.60276344526,
        "75": 221140.10995086268
      },
      "frequency_distribution": "removed",
      "average": 218338.25726365915,
      "variance": 10125856.52806752,
      "standard_deviation": 3182.1151028942245,
      "standard_deviation_ratio": 0.014574244306858195,
      "median": 217525.60276344526,
      "minimum": 213536.96218046863,
      "lower_outlier_bound": 206653.58813463204,
      "upper_outlier_bound": 230802.62278806936,
      "outliers": "removed",
      "sample_size": 35
    },
    {
      "maximum": 211568.56937333388,
      "total": 7633897.006562232,
      "mode": null,
      "n": 400,
      "percentiles": {
        "25": 191004.81905158467,
        "50": 194552.9076904819,
        "75": 199555.390589766
      },
      "frequency_distribution": "removed",
      "average": 195740.9488862111,
      "variance": 42764370.24739542,
      "standard_deviation": 6539.4472432611165,
      "standard_deviation_ratio": 0.03340868265159302,
      "median": 194552.9076904819,
      "minimum": 186570.64497471967,
      "lower_outlier_bound": 177863.38393202817,
      "upper_outlier_bound": 212973.15738548568,
      "outliers": "removed",
      "sample_size": 39
    },
    {
      "maximum": 186654.22305179655,
      "total": 6503591.174353915,
      "mode": null,
      "n": 500,
      "percentiles": {
        "25": 172958.0385815701,
        "50": 174862.47066682053,
        "75": 177589.48250816978
      },
      "frequency_distribution": "removed",
      "average": 175772.73444199772,
      "variance": 21111603.31272815,
      "standard_deviation": 4594.736479138728,
      "standard_deviation_ratio": 0.026140211641612256,
      "median": 174862.47066682053,
      "minimum": 164849.74769746113,
      "lower_outlier_bound": 163810.97185625276,
      "upper_outlier_bound": 188116.99609110004,
      "outliers": "removed",
      "sample_size": 37
    },
    {
      "maximum": 166114.6124379977,
      "total": 6119317.731447148,
      "mode": null,
      "n": 600,
      "percentiles": {
        "25": 159633.21741811387,
        "50": 161264.57646380062,
        "75": 162411.49396770424
      },
      "frequency_distribution": "removed",
      "average": 161034.677143346,
      "variance": 5071178.946126509,
      "standard_deviation": 2251.9278288005835,
      "standard_deviation_ratio": 0.013984117388554866,
      "median": 161264.57646380062,
      "minimum": 156322.05469708695,
      "lower_outlier_bound": 154884.88156033168,
      "upper_outlier_bound": 167141.01312402356,
      "outliers": "removed",
      "sample_size": 38
    },
    {
      "maximum": 156790.9287040289,
      "total": 5274717.1991789,
      "mode": null,
      "n": 700,
      "percentiles": {
        "25": 148608.725115469,
        "50": 150572.70327691373,
        "75": 152647.2855496447
      },
      "frequency_distribution": "removed",
      "average": 150706.2056908257,
      "variance": 8309692.091193124,
      "standard_deviation": 2882.653654394354,
      "standard_deviation_ratio": 0.019127637386798308,
      "median": 150572.70327691373,
      "minimum": 144278.07579215878,
      "lower_outlier_bound": 140281.00465601977,
      "upper_outlier_bound": 162649.29609352388,
      "outliers": "removed",
      "sample_size": 35
    },
    {
      "maximum": 150479.35197571866,
      "total": 5206412.984356728,
      "mode": null,
      "n": 800,
      "percentiles": {
        "25": 138724.45084520715,
        "50": 139782.33095423807,
        "75": 142591.4496313405
      },
      "frequency_distribution": "removed",
      "average": 140713.86444207374,
      "variance": 11797703.846300647,
      "standard_deviation": 3434.778573110739,
      "standard_deviation_ratio": 0.02440966699855436,
      "median": 139782.33095423807,
      "minimum": 135251.56114114448,
      "lower_outlier_bound": 131305.8573987885,
      "upper_outlier_bound": 151043.74119114032,
      "outliers": "removed",
      "sample_size": 37
    },
    {
      "maximum": 139844.88405460663,
      "total": 4319262.394312487,
      "mode": null,
      "n": 900,
      "percentiles": {
        "25": 133891.16988812445,
        "50": 134820.31210148858,
        "75": 135800.78840842858
      },
      "frequency_distribution": "removed",
      "average": 134976.94982226522,
      "variance": 2652562.567247273,
      "standard_deviation": 1628.6689556958077,
      "standard_deviation_ratio": 0.012066274707203003,
      "median": 134820.31210148858,
      "minimum": 131217.06451680628,
      "lower_outlier_bound": 130142.48032964136,
      "upper_outlier_bound": 139926.97393958212,
      "outliers": "removed",
      "sample_size": 32
    },
    {
      "maximum": 137828.94600826697,
      "total": 5130328.588959615,
      "mode": null,
      "n": 1000,
      "percentiles": {
        "25": 125417.9856520603,
        "50": 127271.19611605909,
        "75": 130156.40633916704
      },
      "frequency_distribution": "removed",
      "average": 128258.21472399037,
      "variance": 14559132.781524777,
      "standard_deviation": 3815.6431674784235,
      "standard_deviation_ratio": 0.029749698104637012,
      "median": 127271.19611605909,
      "minimum": 122979.59891433611,
      "lower_outlier_bound": 117976.78547768905,
      "upper_outlier_bound": 138079.9284890886,
      "outliers": "removed",
      "sample_size": 40
    },
    {
      "maximum": 100195.38099293623,
      "total": 3488542.470884575,
      "mode": null,
      "n": 2000,
      "percentiles": {
        "25": 95976.8428731675,
        "50": 96609.91018469105,
        "75": 97758.53978616736
      },
      "frequency_distribution": "removed",
      "average": 96903.95752457152,
      "variance": 1915051.7198254922,
      "standard_deviation": 1383.8539373161793,
      "standard_deviation_ratio": 0.014280675141314857,
      "median": 96609.91018469105,
      "minimum": 94737.43047456822,
      "lower_outlier_bound": 92496.9214245376,
      "upper_outlier_bound": 101030.66953977954,
      "outliers": "removed",
      "sample_size": 36
    },
    {
      "maximum": 84244.7917763604,
      "total": 3161577.3783097365,
      "mode": null,
      "n": 3000,