{
  "build_type": "random",
  "name": "runtime",
  "impl_mod": "xb5_trees",
  "group_id": "largest",
  "impl_description": ":xb5_trees.largest/1",
  "tweaks": [
    "duplicate_variants",
    10
  ],
  "measurements": [
    {
      "maximum": 136165.57734204794,
      "total": 1480060784.888268,
      "mode": 111148.16049794375,
      "n": 100,
      "frequency_distribution": "removed",
      "outliers": "removed",
      "median": 109926.34934593822,
      "average": 102426.35189538187,
      "sample_size": 14450,
      "percentiles": {
        "25": 96246.39076034649,
        "50": 109926.34934593822,
        "75": 114337.98307797851
      },
      "variance": 333339181.9357408,
      "standard_deviation": 18257.578753376387,
      "lower_outlier_bound": 46643.68603943405,
      "minimum": 46748.63260249638,
      "standard_deviation_ratio": 0.17825079596727852,
      "upper_outlier_bound": 154933.64661344944
    },
    {
      "maximum": 110168.55789357718,
      "total": 1261845744.5769336,
      "mode": 93984.96240601504,
      "n": 200,
      "frequency_distribution": "removed",
      "outliers": "removed",
      "median": 93023.25581395348,
      "average": 87234.41027147831,
      "sample_size": 14465,
      "percentiles": {
        "25": 78437.53657629265,
        "50": 93023.25581395348,
        "75": 96432.01542912248
      },
      "variance": 191102804.41370448,
      "standard_deviation": 13823.993793897062,
      "lower_outlier_bound": 42533.14891248324,
      "minimum": 42746.003248696245,
      "standard_deviation_ratio": 0.1584695047616649,
      "upper_outlier_bound": 128637.54393124598
    },
    {
      "maximum": 111024.75852115022,
      "total": 1192951157.9369252,
      "mode": 89839.18785374181,
      "n": 300,
      "frequency_distribution": "removed",
      "outliers": "removed",
      "median": 87627.05923589204,
      "average": 82608.6252985891,
      "sample_size": 14441,
      "percentiles": {
        "25": 78314.68034534462,
        "50": 87627.05923589204,
        "75": 90818.27263645445
      },
      "variance": 160476337.96210942,
      "standard_deviation": 12667.925558753075,
      "lower_outlier_bound": 45095.79304135604,
      "minimum": 45163.03856923494,
      "standard_deviation_ratio": 0.15334870315254398,
      "upper_outlier_bound": 118133.0867886165
    },
    {
      "maximum": 104953.82031905961,
      "total": 1148685579.600894,
      "mode": 85091.89925119128,
      "n": 400,
      "frequency_distribution": "removed",
      "outliers": "removed",
      "median": 83948.959032908,
      "average": 79438.8367635473,
      "sample_size": 14460,
      "percentiles": {
        "25": 71397.97229758675,
        "50": 83948.959032908,
        "75": 87092.84096847239
      },
      "variance": 146540698.1810091,
      "standard_deviation": 12105.39954652506,
      "lower_outlier_bound": 41560.76609929581,
      "minimum": 41675.349031048136,
      "standard_deviation_ratio": 0.15238641500450514,
      "upper_outlier_bound": 114412.08588997833
    },
    {
      "maximum": 99117.85112498762,
      "total": 1128550859.7305608,
      "mode": 85528.56654122478,
      "n": 500,
      "frequency_distribution": "removed",
      "outliers": "removed",
      "median": 82966.89620841284,
      "average": 78127.43923368368,
      "sample_size": 14445,
      "percentiles": {
        "25": 69895.99176459404,
        "50": 82966.89620841284,
        "75": 85748.58514834505
      },
      "variance": 135072345.3148165,
      "standard_deviation": 11622.062868304254,
      "lower_outlier_bound": 40433.11362181565,
      "minimum": 40572.88919543961,
      "standard_deviation_ratio": 0.1487577601710712,
      "upper_outlier_bound": 112937.8680642627
    },
    {
      "maximum": 98048.82831650162,
      "total": 1071332127.7402339,
      "mode": 78591.63784973278,
      "n": 600,
      "frequency_distribution": "removed",
      "outliers": "removed",
      "median": 78529.9198994817,
      "average": 74238.24598019777,
      "sample_size": 14431,
      "percentiles": {
        "25": 68408.81105486387,
        "50": 78529.9198994817,
        "75": 81076.69855683476
      },
      "variance": 112237653.63684243,
      "standard_deviation": 10594.227373284115,
      "lower_outlier_bound": 41669.65984996901,
      "minimum": 41675.349031048136,
      "standard_deviation_ratio": 0.14270578774328813,
      "upper_outlier_bound": 104626.33339407758
    },
    {
      "maximum": 90163.1953836444,
      "total": 1029161471.590014,
      "mode": 78406.77434530343,
      "n": 700,
      "frequency_distribution": "removed",
      "outliers": "removed",
      "median": 75159.7143930853,
      "average": 71276.50610083897,
      "sample_size": 14439,
      "percentiles": {
        "25": 64354.205547332516,
        "50": 75159.7143930853,
        "75": 77918.03023219573
      },
      "variance": 97388139.56979644,
      "standard_deviation": 9868.542930432863,
      "lower_outlier_bound": 39080.53419007198,
      "minimum": 39080.819133969046,
      "standard_deviation_ratio": 0.13845435852974144,
      "upper_outlier_bound": 101220.52785746998
    },
    {
      "maximum": 98531.87506158242,
      "total": 1033264336.3788327,
      "mode": 75901.32827324478,
      "n": 800,
      "frequency_distribution": "removed",
      "outliers": "removed",
      "median": 75386.35506973238,
      "average": 71640.042735827,
      "sample_size": 14423,
      "percentiles": {
        "25": 66190.09796134499,
        "50": 75386.35506973238,
        "75": 77918.03023219573
      },
      "variance": 98621555.67208803,
      "standard_deviation": 9930.838618771731,
      "lower_outlier_bound": 40997.42903421645,
      "minimum": 41108.27920743237,
      "standard_deviation_ratio": 0.1386213385632913,
      "upper_outlier_bound": 99973.32707028295
    },
    {
      "maximum": 93545.36950420954,
      "total": 1020596721.3305635,
      "mode": 75443.22897019993,
      "n": 900,
      "frequency_distribution": "removed",
      "outliers": "removed",
      "median": 74710.49682480388,
      "average": 70953.60965868768,
      "sample_size": 14384,
      "percentiles": {
        "25": 65881.57791740746,
        "50": 74710.49682480388,
        "75": 77136.6862079605
      },
      "variance": 96756823.20682374,
      "standard_deviation": 9836.504623433251,
      "lower_outlier_bound": 41034.78260028495,
      "minimum": 41076.19634421852,
      "standard_deviation_ratio": 0.13863289930914532,
      "upper_outlier_bound": 98797.82837256584
    },
    {
      "maximum": 89839.18785374181,
      "total": 1009309807.5379418,
      "mode": 75216.2467092892,
      "n": 1000,
      "frequency_distribution": "removed",
      "outliers": "removed",
      "median": 73659.39893930465,
      "average": 69974.33496519286,
      "sample_size": 14424,
      "percentiles": {
        "25": 64478.689793023404,
        "50": 73659.39893930465,
        "75": 76132.47049866768
      },
      "variance": 92024756.21270138,
      "standard_deviation": 9592.95346661816,
      "lower_outlier_bound": 40415.120275564506,
      "minimum": 40441.62251789542,
      "standard_deviation_ratio": 0.13709245641834192,
      "upper_outlier_bound": 97479.47317854445
    },
    {
      "maximum": 87711.60424524164,
      "total": 916748188.2224436,
      "mode": 67303.8093956118,
      "n": 2000,
      "frequency_distribution": "removed",
      "outliers": "removed",
      "median": 66760.13084985646,
      "average": 63676.334529585576,
      "sample_size": 14397,
      "percentiles": {
        "25": 58198.74877618354,
        "50": 66760.13084985646,
        "75": 68975.03103876396
      },
      "variance": 67395428.0668244,
      "standard_deviation": 8209.47185066277,
      "lower_outlier_bound": 37573.784491667175,
      "minimum": 37593.984962406015,
      "standard_deviation_ratio": 0.1289250066184078,