{"build_type":"random","name":"runtime","timestamp":"2026-04-06T01:02:02.360110Z","impl_mod":"xb5_trees","impl_description":":xb5_trees.values/1","tweaks":"none","group_id":"values","measurements":[{"maximum":7088176.920895945,"total":389223792.3042178,"mode":[6628662.335940607,6225099.601593626],"n":0,"percentiles":{"25":6171696.622903067,"50":6449116.471043467,"75":6628662.335940607},"frequency_distribution":"removed","outliers":"removed","median":6449116.471043467,"average":6380717.906626522,"sample_size":61,"variance":123594831635.07462,"standard_deviation":351560.5660978982,"lower_outlier_bound":5354543.635572093,"minimum":5550005.55000555,"standard_deviation_ratio":0.055097337202886607,"upper_outlier_bound":7393133.556161715},{"maximum":1323311.4545839508,"total":73980521.73055491,"mode":[1115125.5631384093,1143615.1963587292,1152844.0663115906,1139990.8800729595,1215480.3578374174,1083071.5910321672,1181362.8201493244,1189202.0454275182],"n":100,"percentiles":{"25":1093817.2775154696,"50":1139990.8800729595,"75":1185282.4327884214},"frequency_distribution":"removed","outliers":"removed","median":1139990.8800729595,"average":1138161.8727777677,"sample_size":65,"variance":5349903200.161192,"standard_deviation":73143.03247857031,"lower_outlier_bound":947760.3806343937,"minimum":955821.9112614938,"standard_deviation_ratio":0.06426417386488212,"upper_outlier_bound":1337245.4389839293},{"maximum":778998.2083041209,"total":46823733.007901564,"mode":770617.8814173205,"n":200,"percentiles":{"25":664107.6385660588,"50":700495.9511334024,"75":738814.3507299486},"frequency_distribution":"removed","outliers":"removed","median":700495.9511334024,"average":698861.686685098,"sample_size":67,"variance":2749367812.727111,"standard_deviation":52434.41439290717,"lower_outlier_bound":553119.964479326,"minimum":568181.8181818182,"standard_deviation_ratio":0.07502831446036008,"upper_outlier_bound":851148.9543387566},{"maximum":556693.6848668389,"total":33657313.489698,"mode":[551128.1593421735,497502.53726294,477272.2933888242,487343.6845131924,489342.12844252185,543590.5241299834],"n":300,"percentiles":{"25":481769.82964618824,"50":498544.25078769994,"75":525248.7052619415},"frequency_distribution":"removed","outliers":"removed","median":498544.25078769994,"average":502347.962532806,"sample_size":67,"variance":873802400.3738924,"standard_deviation":29560.148855746524,"lower_outlier_bound":411945.2691493303,"minimum":436795.6669869835,"standard_deviation_ratio":0.058843970833894026,"upper_outlier_bound":593848.3550145879},{"maximum":481445.10562905617,"total":27125163.733585518,"mode":[412864.86932826886,433358.17920227424,425376.2452889581,426391.9565421318],"n":400,"percentiles":{"25":409440.15074513905,"50":423995.60884610016,"75":438334.8357258845},"frequency_distribution":"removed","outliers":"removed","median":423995.60884610016,"average":423830.6833372737,"sample_size":64,"variance":576302261.9350837,"standard_deviation":24006.296297744135,"lower_outlier_bound":356042.62666862435,"minimum":367320.25183476467,"standard_deviation_ratio":0.05664124199011928,"upper_outlier_bound":483231.84588366747},{"maximum":402647.81201178953,"total":24591615.42956429,"mode":[387188.70028497087,355113.63636363635],"n":500,"percentiles":{"25":349054.3990414784,"50":359302.54532725574,"75":372919.5447278386},"frequency_distribution":"removed","outliers":"removed","median":359302.54532725574,"average":361641.40337594546,"sample_size":68,"variance":368268590.6383254,"standard_deviation":19190.325443783528,"lower_outlier_bound":312318.29483491805,"minimum":319460.23997853225,"standard_deviation_ratio":0.053064514363235574,"upper_outlier_bound":407576.30566833},{"maximum":354060.0060898321,"total":21172187.004488453,"mode":[338171.43939291465,329304.8374880627,321324.37052555813,322191.93618022127],"n":600,"percentiles":{"25":310894.1373089244,"50":320675.2298882039,"75":331785.5667698217},"frequency_distribution":"removed","outliers":"removed","median":320675.2298882039,"average":320790.71218921896,"sample_size":66,"variance":226984021.6803205,"standard_deviation":15065.988904825348,"lower_outlier_bound":278835.5512963176,"minimum":284202.32932229113,"standard_deviation_ratio":0.0469651655498637,"upper_outlier_bound":361540.6031337833},{"maximum":303866.39602299663,"total":16863928.032361805,"mode":[283865.1073010106,287168.17717127857,287052.77178156434,279760.97222533065,282744.65895339235],"n":700,"percentiles":{"25":271924.6081374042,"50":282186.94885586255,"75":289817.76818621083},"frequency_distribution":"removed","outliers":"removed","median":282186.94885586255,"average":281065.4672060301,"sample_size":60,"variance":178522744.09912956,"standard_deviation":13361.240365292795,"lower_outlier_bound":233249.88314751134,"minimum":238795.70549803233,"standard_deviation_ratio":0.047537822764610826,"upper_outlier_bound":319519.1535855389},{"maximum":275137.98169782147,"total":16994740.75987648,"mode":249359.14699222997,"n":800,"percentiles":{"25":244922.75136421973,"50":251636.8980216307,"75":265742.59109656024},"frequency_distribution":"removed","outliers":"removed","median":251636.8980216307,"average":253652.8471623355,"sample_size":67,"variance":134011648.28271297,"standard_deviation":11576.340021039161,"lower_outlier_bound":212621.96655013855,"minimum":230195.15945618696,"standard_deviation_ratio":0.04563851796085068,"upper_outlier_bound":295147.8435562524},{"maximum":247463.49913387775,"total":13171106.287663337,"mode":[223931.06506093164,237606.44768856448,214280.5103304634,227997.13635596738],"n":900,"percentiles":{"25":219033.47839609906,"50":226698.04164232805,"75":234419.84635885933},"frequency_distribution":"removed","outliers":"removed","median":226698.04164232805,"average":227088.03944247132,"sample_size":58,"variance":94996998.10932963,"standard_deviation":9746.640349850282,"lower_outlier_bound":192239.21411079806,"minimum":205484.8002893226,"standard_deviation_ratio":0.042920095544351285,"upper_outlier_bound":256802.006272256},{"maximum":224916.21870853106,"total":11183811.629282977,"mode":[218265.31458579793,198093.5476969644,208052.46250894625,211369.12235313017],"n":1000,"percentiles":{"25":199626.1031543292,"50":208294.99441840447,"75":212736.34170779164},"frequency_distribution":"removed","outliers":"removed","median":208294.99441840447,"average":207107.6227644996,"sample_size":54,"variance":59451663.011427835,"standard_deviation":7710.490452067744,"lower_outlier_bound":172961.53283152264,"minimum":193855.5543493432,"standard_deviation_ratio":0.03722938996231578,"upper_outlier_bound":234413.67606609466},{"maximum":126218.00373605291,"total":6721425.388158064,"mode":[118410.17759158435,115655.6053645696,113998.30826510534],"n":2000,"percentiles":{"25":115432.22992061873,"50":117419.95481680139,"75":120564.12174527548},"frequency_distribution":"removed","outliers":"removed","median":117419.95481680139,"average":117919.74365189587,"sample_size":57,"variance":12399818.633414136,"standard_deviation":3521.337619912941,"lower_outlier_bound":104370.49475469747,"minimum":109032.70545032687,"standard_deviation_ratio":0.02986215463890492,"upper_outlier_bound":130068.92646800207},{"maximum":90793.86524011346,"total":5365323.411932515,"mode":null,"n":3000,"percentiles":{"25":70307.8758435151,"50":80802.46544482565,"75":81963.40546315021},"frequency_distribution":"removed","outliers":"removed","median":80802.46544482565,"average":77758.31031786253,"sample_size":69,"variance":43629729.16967206,"standard_deviation":6605.280400533505,"lower_outlier_bound":52824.58141406243,"minimum":65070.78399883393,"standard_deviation_ratio":0.08494629543173277,"upper_outlier_bound":99446.69989260288},{"maximum":67095.54136708507,"total":4116742.619277356,"mode":62661.66710112089,"n":4000,"percentiles":{"25":54319.93817814704,"50":62053.305492297135,"75":62921.89782986341},"frequency_distribution":"removed","outliers":"removed","median":62053.305492297135,"average":58810.60884681938,