{
  "build_type": "sequential",
  "name": "runtime",
  "timestamp": "2026-04-02T21:16:52.784782Z",
  "impl_mod": "xb5_bag",
  "impl_description": ":xb5_bag.add/2",
  "tweaks": "none",
  "group_id": "add_new_x300",
  "measurements": [
    {
      "maximum": 43444.846116182816,
      "total": 1972912.1016177349,
      "mode": null,
      "n": 0,
      "percentiles": {
        "25": 40695.03870505131,
        "50": 42733.81915987875,
        "75": 42914.88176520925
      },
      "frequency_distribution": "removed",
      "outliers": "removed",
      "median": 42733.81915987875,
      "average": 41976.85322590925,
      "sample_size": 47,
      "variance": 2048727.2605515362,
      "standard_deviation": 1431.337577425932,
      "lower_outlier_bound": 37365.2741148144,
      "minimum": 38850.65768335859,
      "standard_deviation_ratio": 0.03409825814533596,
      "upper_outlier_bound": 46244.64635544615
    },
    {
      "maximum": 39973.98493060716,
      "total": 1659984.7002064635,
      "mode": null,
      "n": 100,
      "percentiles": {
        "25": 37077.41021705116,
        "50": 39406.568602107145,
        "75": 39667.9790156391
      },
      "frequency_distribution": "removed",
      "outliers": "removed",
      "median": 39406.568602107145,
      "average": 38604.295353638685,
      "sample_size": 43,
      "variance": 1837652.3731454143,
      "standard_deviation": 1355.6003736888738,
      "lower_outlier_bound": 33191.55701916925,
      "minimum": 35183.74004564035,
      "standard_deviation_ratio": 0.03511527308737939,
      "upper_outlier_bound": 43553.83221352102
    },
    {
      "maximum": 38732.77214710862,
      "total": 1621997.4098027006,
      "mode": null,
      "n": 200,
      "percentiles": {
        "25": 37110.22665070927,
        "50": 38232.379460954035,
        "75": 38388.953808875216
      },
      "frequency_distribution": "removed",
      "outliers": "removed",
      "median": 38232.379460954035,
      "average": 37720.869995411646,
      "sample_size": 43,
      "variance": 1143547.5190859125,
      "standard_deviation": 1069.3678128155498,
      "lower_outlier_bound": 35045.15618785789,
      "minimum": 35287.732643199386,
      "standard_deviation_ratio": 0.028349500235430078,
      "upper_outlier_bound": 40391.31330865189
    },
    {
      "maximum": 37674.34746146479,
      "total": 1562534.6885765265,
      "mode": null,
      "n": 300,
      "percentiles": {
        "25": 34952.33724531542,
        "50": 37059.98677699672,
        "75": 37297.31705479498
      },
      "frequency_distribution": "removed",
      "outliers": "removed",
      "median": 37059.98677699672,
      "average": 36338.01601340759,
      "sample_size": 43,
      "variance": 1505897.4645097863,
      "standard_deviation": 1227.1501393512476,
      "lower_outlier_bound": 31434.86753109609,
      "minimum": 33251.40187910322,
      "standard_deviation_ratio": 0.03377042210830849,
      "upper_outlier_bound": 40814.78676901431
    },
    {
      "maximum": 36474.02666324297,
      "total": 1520253.888704704,
      "mode": null,
      "n": 400,
      "percentiles": {
        "25": 33977.928617128884,
        "50": 36183.5868355427,
        "75": 36377.44656516874
      },
      "frequency_distribution": "removed",
      "outliers": "removed",
      "median": 36183.5868355427,
      "average": 35354.74159778381,
      "sample_size": 43,
      "variance": 1881188.1555574157,
      "standard_deviation": 1371.5641273952217,
      "lower_outlier_bound": 30255.392146305083,
      "minimum": 30659.874073765204,
      "standard_deviation_ratio": 0.0387943473890698,
      "upper_outlier_bound": 40049.50949686671
    },
    {
      "maximum": 36893.30345959574,
      "total": 1453512.422539452,
      "mode": null,
      "n": 500,
      "percentiles": {
        "25": 33231.12469207863,
        "50": 35247.36565303781,
        "75": 35434.65925734773
      },
      "frequency_distribution": "removed",
      "outliers": "removed",
      "median": 35247.36565303781,
      "average": 34607.43863189172,
      "sample_size": 42,
      "variance": 1508050.1442098422,
      "standard_deviation": 1228.0269313862145,
      "lower_outlier_bound": 29925.822844174974,
      "minimum": 32038.39481234311,
      "standard_deviation_ratio": 0.03548447905805296,
      "upper_outlier_bound": 38739.96110525139
    },
    {
      "maximum": 36946.19045982859,
      "total": 1423443.3122630334,
      "mode": null,
      "n": 600,
      "percentiles": {
        "25": 33617.257884759834,
        "50": 35250.68879845912,
        "75": 35423.23564979076
      },
      "frequency_distribution": "removed",
      "outliers": "removed",
      "median": 35250.68879845912,
      "average": 34718.12956739106,
      "sample_size": 41,
      "variance": 1318707.3630842776,
      "standard_deviation": 1148.3498435077515,
      "lower_outlier_bound": 30081.20040385597,
      "minimum": 32066.544493132147,
      "standard_deviation_ratio": 0.033076374154278665,
      "upper_outlier_bound": 38621.07854078326
    },
    {
      "maximum": 34876.28336003694,
      "total": 1512669.8591687516,
      "mode": null,
      "n": 700,
      "percentiles": {
        "25": 32545.708324099924,
        "50": 34446.269331246345,
        "75": 34633.89814065159
      },
      "frequency_distribution": "removed",
      "outliers": "removed",
      "median": 34446.269331246345,
      "average": 33614.885759305595,
      "sample_size": 45,
      "variance": 1541483.3710580764,
      "standard_deviation": 1241.5648879772964,
      "lower_outlier_bound": 29413.423599272428,
      "minimum": 31241.428133155965,
      "standard_deviation_ratio": 0.03693497270427565,
      "upper_outlier_bound": 37766.18286547909
    },
    {
      "maximum": 35339.710030611255,
      "total": 1497421.9919782132,
      "mode": null,
      "n": 800,
      "percentiles": {
        "25": 32903.978899648326,
        "50": 34848.4633513702,
        "75": 34983.952919371215
      },
      "frequency_distribution": "removed",
      "outliers": "removed",
      "median": 34848.4633513702,
      "average": 34032.31799950485,
      "sample_size": 44,
      "variance": 1892191.785646823,
      "standard_deviation": 1375.569622246298,
      "lower_outlier_bound": 29784.01787006399,
      "minimum": 30450.549373586524,
      "standard_deviation_ratio": 0.040419510133465245,
      "upper_outlier_bound": 38103.91394895555
    },
    {
      "maximum": 34029.115311060144,
      "total": 1384838.4764231776,
      "mode": null,
      "n": 900,
      "percentiles": {
        "25": 31905.83233591086,
        "50": 33508.95263655724,
        "75": 33739.167754755006
      },
      "frequency_distribution": "removed",
      "outliers": "removed",
      "median": 33508.95263655724,
      "average": 32972.34467674232,
      "sample_size": 42,
      "variance": 1134928.4443303305,
      "standard_deviation": 1065.3302043640415,
      "lower_outlier_bound": 29155.829207644645,
      "minimum": 30294.58454006762,
      "standard_deviation_ratio": 0.03230981038225931,
      "upper_outlier_bound": 36489.17088302122
    },
    {
      "maximum": 34478.2526697373,
      "total": 1420586.8390009226,
      "mode": null,
      "n": 1000,
      "percentiles": {
        "25": 31964.27161575877,
        "50": 33800.43278074132,
        "75": 34092.01708146424
      },
      "frequency_distribution": "removed",
      "outliers": "removed",
      "median": 33800.43278074132,
      "average": 33036.90323257959,
      "sample_size": 43,
      "variance": 1593943.7869000488,
      "standard_deviation": 1262.514866011505,
      "lower_outlier_bound": 28772.653417200567,
      "minimum": 30873.16408870601,
      "standard_deviation_ratio": 0.038215290855907656,
      "upper_outlier_bound": 37283.63528002244
    },
    {
      "maximum": 30154.732981347188,
      "total": 1247299.9476497367,
      "mode": null,
      "n": 2000,