{
  "build_type": "sequential",
  "name": "runtime",
  "timestamp": "2026-03-19T19:51:18.227284Z",
  "impl_mod": "xb5_bag",
  "tweaks": "none",
  "impl_description": ":xb5_bag.filter/2",
  "group_id": "filter_none",
  "measurements": [
    {
      "maximum": 8829242.450997705,
      "total": 309385274.46907324,
      "mode": null,
      "n": 0,
      "percentiles": {
        "25": 6872866.235348331,
        "50": 7357813.54214488,
        "75": 7932848.381561133
      },
      "average": 7366316.058787458,
      "variance": 575086692636.7992,
      "standard_deviation": 758344.7056825802,
      "standard_deviation_ratio": 0.10294761989989995,
      "median": 7357813.54214488,
      "frequency_distribution": "removed",
      "minimum": 5630630.630630631,
      "lower_outlier_bound": 5222821.145486283,
      "upper_outlier_bound": 9646881.08554897,
      "outliers": "removed",
      "sample_size": 42
    },
    {
      "maximum": 737495.7593993834,
      "total": 29132223.77937168,
      "mode": null,
      "n": 100,
      "percentiles": {
        "25": 680723.6860308487,
        "50": 696621.7805868993,
        "75": 715654.1271547726
      },
      "average": 693624.3756993257,
      "variance": 627733410.6009194,
      "standard_deviation": 25054.60857009982,
      "standard_deviation_ratio": 0.03612129193821839,
      "median": 696621.7805868993,
      "frequency_distribution": "removed",
      "minimum": 633207.9581576182,
      "lower_outlier_bound": 625446.616278622,
      "upper_outlier_bound": 772500.0998519963,
      "outliers": "removed",
      "sample_size": 42
    },
    {
      "maximum": 411441.36137717654,
      "total": 15176459.193874096,
      "mode": 398244.5380761603,
      "n": 200,
      "percentiles": {
        "25": 381661.9086148726,
        "50": 389459.66366263444,
        "75": 393874.4643307285
      },
      "average": 389139.97933010507,
      "variance": 95779454.27834308,
      "standard_deviation": 9786.697822981105,
      "standard_deviation_ratio": 0.025149556310890147,
      "median": 389459.66366263444,
      "frequency_distribution": "removed",
      "minimum": 371344.1171664958,
      "lower_outlier_bound": 360721.0324236512,
      "upper_outlier_bound": 413766.5234749749,
      "outliers": "removed",
      "sample_size": 39
    },
    {
      "maximum": 286871.60774323845,
      "total": 12182532.661787828,
      "mode": null,
      "n": 300,
      "percentiles": {
        "25": 265588.5619280065,
        "50": 271102.628611087,
        "75": 279349.1960843504
      },
      "average": 270722.9480397295,
      "variance": 93917066.30698952,
      "standard_deviation": 9691.08179240014,
      "standard_deviation_ratio": 0.035797045882412386,
      "median": 271102.628611087,
      "frequency_distribution": "removed",
      "minimum": 246445.03043596126,
      "lower_outlier_bound": 242625.5744486172,
      "upper_outlier_bound": 301621.8469324664,
      "outliers": "removed",
      "sample_size": 45
    },
    {
      "maximum": 224049.47012300315,
      "total": 8542900.013433322,
      "mode": null,
      "n": 400,
      "percentiles": {
        "25": 203359.10024844768,
        "50": 207155.99675179398,
        "75": 214920.7482022363
      },
      "average": 208363.41496178834,
      "variance": 63283158.37170829,
      "standard_deviation": 7955.071236117769,
      "standard_deviation_ratio": 0.03817882922285875,
      "median": 207155.99675179398,
      "frequency_distribution": "removed",
      "minimum": 194028.57652875115,
      "lower_outlier_bound": 183979.53651906975,
      "upper_outlier_bound": 233860.17424057372,
      "outliers": "removed",
      "sample_size": 41
    },
    {
      "maximum": 181495.44990907077,
      "total": 6061344.90217741,
      "mode": null,
      "n": 500,
      "percentiles": {
        "25": 164718.41843939552,
        "50": 167236.16127718537,
        "75": 174566.7669441359
      },
      "average": 168370.6917271503,
      "variance": 69296871.66100383,
      "standard_deviation": 8324.474257333242,
      "standard_deviation_ratio": 0.049441349750010535,
      "median": 167236.16127718537,
      "frequency_distribution": "removed",
      "minimum": 146235.17540909292,
      "lower_outlier_bound": 141578.9458166092,
      "upper_outlier_bound": 194134.38072929473,
      "outliers": "removed",
      "sample_size": 36
    },
    {
      "maximum": 151586.8107347716,
      "total": 5683269.339070702,
      "mode": null,
      "n": 600,
      "percentiles": {
        "25": 139411.11193484048,
        "50": 141766.29999746417,
        "75": 146241.83918541178
      },
      "average": 142081.73347676755,
      "variance": 26792099.95513634,
      "standard_deviation": 5176.108572580017,
      "standard_deviation_ratio": 0.03643049986736252,
      "median": 141766.29999746417,
      "frequency_distribution": "removed",
      "minimum": 125937.2882679341,
      "lower_outlier_bound": 125609.50827734891,
      "upper_outlier_bound": 157465.66636738318,
      "outliers": "removed",
      "sample_size": 40
    },
    {
      "maximum": 133360.71673383602,
      "total": 4995347.581217299,
      "mode": null,
      "n": 700,
      "percentiles": {
        "25": 116966.46836225927,
        "50": 124000.248000496,
        "75": 128841.2312497439
      },
      "average": 121837.74588334876,
      "variance": 85917131.012106,
      "standard_deviation": 9269.149422255852,
      "standard_deviation_ratio": 0.07607781443306103,
      "median": 124000.248000496,
      "frequency_distribution": "removed",
      "minimum": 97698.22970807769,
      "lower_outlier_bound": 94525.77946416086,
      "upper_outlier_bound": 149203.14813656796,
      "outliers": "removed",
      "sample_size": 41
    },
    {
      "maximum": 115331.20816360424,
      "total": 4232301.595164102,
      "mode": null,
      "n": 800,
      "percentiles": {
        "25": 105632.31503781637,
        "50": 108980.18522272281,
        "75": 111392.06665701269
      },
      "average": 108520.55372215644,
      "variance": 18049180.010038998,
      "standard_deviation": 4248.432653348644,
      "standard_deviation_ratio": 0.039148645188687874,
      "median": 108980.18522272281,
      "frequency_distribution": "removed",
      "minimum": 94710.24348109394,
      "lower_outlier_bound": 93713.83596206414,
      "upper_outlier_bound": 121882.3883288715,
      "outliers": "removed",
      "sample_size": 39
    },
    {
      "maximum": 103658.30904273625,
      "total": 4227271.516765081,
      "mode": null,
      "n": 900,
      "percentiles": {
        "25": 94935.89003706668,
        "50": 96588.04449775931,
        "75": 100532.03211110146
      },
      "average": 96074.35265375185,
      "variance": 32136922.607538678,
      "standard_deviation": 5668.9436941584345,
      "standard_deviation_ratio": 0.05900579642299628,
      "median": 96588.04449775931,
      "frequency_distribution": "removed",
      "minimum": 80635.40700721687,
      "lower_outlier_bound": 80487.34799442167,
      "upper_outlier_bound": 112148.16100803064,
      "outliers": "removed",
      "sample_size": 44
    },
    {
      "maximum": 94449.7546195375,
      "total": 3718378.686560851,
      "mode": null,
      "n": 1000,
      "percentiles": {
        "25": 86264.2154066239,
        "50": 88295.4427554853,
        "75": 91428.47112019612
      },
      "average": 88532.82587049645,
      "variance": 14217329.651203088,
      "standard_deviation": 3770.587441129444,
      "standard_deviation_ratio": 0.04258971069832293,
      "median": 88295.4427554853,
      "frequency_distribution": "removed",
      "minimum": 77624.92567413367,
      "lower_outlier_bound": 77233.92417741157,
      "upper_outlier_bound": 99458.82925325623,
      "outliers": "removed",
      "sample_size": 42
    },
    {
      "maximum": 47594.84224213591,
      "total": 2006992.0694512548,
      "mode": null,
      "n": 2000,