{
  "build_type": "sequential",
  "name": "runtime",
  "timestamp": "2026-03-19T19:51:18.405061Z",
  "impl_mod": "xb5_bag",
  "tweaks": "none",
  "impl_description": ":xb5_bag.filtermap/2",
  "group_id": "filtermap_all",
  "measurements": [
    {
      "maximum": 6068697.657482704,
      "total": 202271384.98300248,
      "mode": null,
      "n": 0,
      "percentiles": {
        "25": 5238897.226625296,
        "50": 5504183.179216204,
        "75": 5648806.978858356
      },
      "average": 5466794.188729797,
      "variance": 90893929398.07292,
      "standard_deviation": 301486.2010077292,
      "standard_deviation_ratio": 0.05514862835503584,
      "median": 5504183.179216204,
      "frequency_distribution": "removed",
      "minimum": 4840271.05517909,
      "lower_outlier_bound": 4340574.661254705,
      "upper_outlier_bound": 6880679.163321667,
      "outliers": "removed",
      "sample_size": 37
    },
    {
      "maximum": 380265.7296919087,
      "total": 14469212.989264224,
      "mode": null,
      "n": 100,
      "percentiles": {
        "25": 343065.84881306766,
        "50": 352303.71398575284,
        "75": 364791.4762439538
      },
      "average": 352907.63388449326,
      "variance": 212763339.34716964,
      "standard_deviation": 14586.40940557921,
      "standard_deviation_ratio": 0.0413320880736554,
      "median": 352303.71398575284,
      "frequency_distribution": "removed",
      "minimum": 324035.6698465367,
      "lower_outlier_bound": 297707.58951283,
      "upper_outlier_bound": 402473.3408592782,
      "outliers": "removed",
      "sample_size": 41
    },
    {
      "maximum": 209647.12196430968,
      "total": 7755429.555320533,
      "mode": null,
      "n": 200,
      "percentiles": {
        "25": 190147.8743945462,
        "50": 193724.1593612867,
        "75": 199359.5192545894
      },
      "average": 193885.7388830133,
      "variance": 49117341.85641915,
      "standard_deviation": 7008.376549274386,
      "standard_deviation_ratio": 0.03614694195483401,
      "median": 193724.1593612867,
      "frequency_distribution": "removed",
      "minimum": 179572.54551266166,
      "lower_outlier_bound": 172550.87561335738,
      "upper_outlier_bound": 215138.71189716618,
      "outliers": "removed",
      "sample_size": 40
    },
    {
      "maximum": 137647.00700347972,
      "total": 4874614.593247957,
      "mode": null,
      "n": 300,
      "percentiles": {
        "25": 129846.87122500123,
        "50": 131681.1735426186,
        "75": 133081.4175182641
      },
      "average": 131746.34035805287,
      "variance": 6264053.116317881,
      "standard_deviation": 2502.8090451166827,
      "standard_deviation_ratio": 0.018997180781755968,
      "median": 131681.1735426186,
      "frequency_distribution": "removed",
      "minimum": 126291.00984817295,
      "lower_outlier_bound": 122468.21829069243,
      "upper_outlier_bound": 138745.9926636846,
      "outliers": "removed",
      "sample_size": 37
    },
    {
      "maximum": 105389.40330627636,
      "total": 4222314.840313808,
      "mode": null,
      "n": 400,
      "percentiles": {
        "25": 86261.26135205447,
        "50": 98931.7379887283,
        "75": 101822.80834433834
      },
      "average": 95961.70091622291,
      "variance": 58636272.58814935,
      "standard_deviation": 7657.432506274498,
      "standard_deviation_ratio": 0.07979675675986234,
      "median": 98931.7379887283,
      "frequency_distribution": "removed",
      "minimum": 75808.45931435797,
      "lower_outlier_bound": 62918.94086362867,
      "upper_outlier_bound": 125165.12883276414,
      "outliers": "removed",
      "sample_size": 44
    },
    {
      "maximum": 85800.0858000858,
      "total": 3675091.2974168314,
      "mode": null,
      "n": 500,
      "percentiles": {
        "25": 75123.23967468632,
        "50": 79894.41154570121,
        "75": 81571.3912816497
      },
      "average": 78193.43185993258,
      "variance": 18242052.568180896,
      "standard_deviation": 4271.071594832016,
      "standard_deviation_ratio": 0.054621871597639565,
      "median": 79894.41154570121,
      "frequency_distribution": "removed",
      "minimum": 68514.08032864834,
      "lower_outlier_bound": 65451.01226424125,
      "upper_outlier_bound": 91243.61869209478,
      "outliers": "removed",
      "sample_size": 47
    },
    {
      "maximum": 69915.4023631406,
      "total": 2960927.3171994397,
      "mode": null,
      "n": 600,
      "percentiles": {
        "25": 61498.19156116553,
        "50": 65199.783382166075,
        "75": 67940.71524676916
      },
      "average": 64367.98515650956,
      "variance": 16216211.194679141,
      "standard_deviation": 4026.9357077906197,
      "standard_deviation_ratio": 0.06256115828387669,
      "median": 65199.783382166075,
      "frequency_distribution": "removed",
      "minimum": 54793.2595523829,
      "lower_outlier_bound": 51834.406032760075,
      "upper_outlier_bound": 77604.50077517462,
      "outliers": "removed",
      "sample_size": 46
    },
    {
      "maximum": 60280.18228727124,
      "total": 2453218.8025553133,
      "mode": null,
      "n": 700,
      "percentiles": {
        "25": 54712.01782298693,
        "50": 58119.2607230036,
        "75": 59144.160342184456
      },
      "average": 57051.600059425895,
      "variance": 6071568.446711638,
      "standard_deviation": 2464.055284832635,
      "standard_deviation_ratio": 0.043189941776672944,
      "median": 58119.2607230036,
      "frequency_distribution": "removed",
      "minimum": 51746.22821742523,
      "lower_outlier_bound": 47754.529475265714,
      "upper_outlier_bound": 65936.12048565008,
      "outliers": "removed",
      "sample_size": 43
    },
    {
      "maximum": 53117.125386161504,
      "total": 2191032.6347153536,
      "mode": null,
      "n": 800,
      "percentiles": {
        "25": 47862.875381127,
        "50": 50585.790744391605,
        "75": 51930.384488975964
      },
      "average": 49796.196243530765,
      "variance": 6756556.253101693,
      "standard_deviation": 2599.337656615949,
      "standard_deviation_ratio": 0.05219952230696014,
      "median": 50585.790744391605,
      "frequency_distribution": "removed",
      "minimum": 44208.07858428049,
      "lower_outlier_bound": 41761.611719353554,
      "upper_outlier_bound": 58031.64815074941,
      "outliers": "removed",
      "sample_size": 44
    },
    {
      "maximum": 47075.305424581595,
      "total": 1959441.950205458,
      "mode": null,
      "n": 900,
      "percentiles": {
        "25": 40810.47755734837,
        "50": 44493.92168535856,
        "75": 46359.39744730191
      },
      "average": 43543.15444901018,
      "variance": 10228784.042094259,
      "standard_deviation": 3198.2470264340523,
      "standard_deviation_ratio": 0.07345005355960733,
      "median": 44493.92168535856,
      "frequency_distribution": "removed",
      "minimum": 35343.831865150554,
      "lower_outlier_bound": 32087.323587119623,
      "upper_outlier_bound": 54917.58685984828,
      "outliers": "removed",
      "sample_size": 45
    },
    {
      "maximum": 42526.11954262308,
      "total": 1723020.067147975,
      "mode": null,
      "n": 1000,
      "percentiles": {
        "25": 37907.85056422045,
        "50": 41162.42693669219,
        "75": 41718.53671398105
      },
      "average": 40070.23411972035,
      "variance": 4849449.982821009,
      "standard_deviation": 2202.1466760461276,
      "standard_deviation_ratio": 0.05495717018938886,
      "median": 41162.42693669219,
      "frequency_distribution": "removed",
      "minimum": 35099.7147797177,
      "lower_outlier_bound": 31929.757686096385,
      "upper_outlier_bound": 47575.668498991,
      "outliers": "removed",
      "sample_size": 43
    },
    {
      "maximum": 21198.64786544455,
      "total": 858198.2275891192,
      "mode": null,
      "n": 2000,
      "percentiles": {
        "25": 19217.59778490281,