{
  "build_type": "sequential",
  "name": "runtime",
  "timestamp": "2026-04-02T21:16:52.981786Z",
  "impl_mod": "xb5_bag",
  "impl_description": ":xb5_bag.is_member/2",
  "tweaks": "none",
  "group_id": "is_member_missing_x100",
  "measurements": [
    {
      "maximum": 634872.2637005434,
      "total": 24251085.223059673,
      "mode": null,
      "n": 0,
      "percentiles": {
        "25": 573425.9344690103,
        "50": 589386.3309522126,
        "75": 601719.4825261619
      },
      "frequency_distribution": "removed",
      "outliers": "removed",
      "median": 589386.3309522126,
      "average": 591489.8834892603,
      "sample_size": 41,
      "variance": 447844432.3559345,
      "standard_deviation": 21162.335229268403,
      "lower_outlier_bound": 528015.0140183833,
      "minimum": 556854.8836173293,
      "standard_deviation_ratio": 0.03577801720703926,
      "upper_outlier_bound": 645564.1666094847
    },
    {
      "maximum": 294914.7843730554,
      "total": 12546769.135760864,
      "mode": null,
      "n": 100,
      "percentiles": {
        "25": 279747.77195683686,
        "50": 286662.3796371238,
        "75": 291739.02610715904
      },
      "frequency_distribution": "removed",
      "outliers": "removed",
      "median": 286662.3796371238,
      "average": 285153.8439945651,
      "sample_size": 44,
      "variance": 58158443.812322915,
      "standard_deviation": 7626.168357197664,
      "lower_outlier_bound": 262150.48995594657,
      "minimum": 264322.3040446599,
      "standard_deviation_ratio": 0.026744048932908705,
      "upper_outlier_bound": 310224.0446245228
    },
    {
      "maximum": 259546.77941378765,
      "total": 9986147.935880512,
      "mode": null,
      "n": 200,
      "percentiles": {
        "25": 244888.12285994523,
        "50": 250825.61556181335,
        "75": 254248.90936573897
      },
      "frequency_distribution": "removed",
      "outliers": "removed",
      "median": 250825.61556181335,
      "average": 249653.6983970128,
      "sample_size": 40,
      "variance": 34925902.08852406,
      "standard_deviation": 5909.814048557201,
      "lower_outlier_bound": 231020.31412396603,
      "minimum": 235913.04245255198,
      "standard_deviation_ratio": 0.02367204686533061,
      "upper_outlier_bound": 268517.6960281696
    },
    {
      "maximum": 235412.6548426737,
      "total": 9256753.705758994,
      "mode": null,
      "n": 300,
      "percentiles": {
        "25": 222963.2761924177,
        "50": 224958.72007486626,
        "75": 228952.45729728445
      },
      "frequency_distribution": "removed",
      "outliers": "removed",
      "median": 224958.72007486626,
      "average": 225774.48062826815,
      "sample_size": 41,
      "variance": 16047334.270637851,
      "standard_deviation": 4005.9124142494493,
      "lower_outlier_bound": 213499.29818319005,
      "minimum": 218664.310923157,
      "standard_deviation_ratio": 0.017742981417129603,
      "upper_outlier_bound": 238137.12719062576
    },
    {
      "maximum": 226076.06555301597,
      "total": 9129669.201412486,
      "mode": null,
      "n": 400,
      "percentiles": {
        "25": 214411.5843083129,
        "50": 217145.20444924777,
        "75": 220606.58263304524
      },
      "frequency_distribution": "removed",
      "outliers": "removed",
      "median": 217145.20444924777,
      "average": 217373.0762241068,
      "sample_size": 42,
      "variance": 18266819.60524112,
      "standard_deviation": 4273.970005187346,
      "lower_outlier_bound": 205227.8702635122,
      "minimum": 207934.35928146204,
      "standard_deviation_ratio": 0.01966191066266633,
      "upper_outlier_bound": 230460.3910682564
    },
    {
      "maximum": 210347.85224325466,
      "total": 8912607.895314703,
      "mode": null,
      "n": 500,
      "percentiles": {
        "25": 200518.65985211084,
        "50": 203043.624291753,
        "75": 205037.14970540395
      },
      "frequency_distribution": "removed",
      "outliers": "removed",
      "median": 203043.624291753,
      "average": 202559.27034806143,
      "sample_size": 44,
      "variance": 12495612.673146624,
      "standard_deviation": 3534.9133897659535,
      "lower_outlier_bound": 193740.92507217117,
      "minimum": 193928.86301446904,
      "standard_deviation_ratio": 0.01745125455720612,
      "upper_outlier_bound": 211814.88448534362
    },
    {
      "maximum": 198888.61044483425,
      "total": 7836547.507989574,
      "mode": null,
      "n": 600,
      "percentiles": {
        "25": 187863.66686617507,
        "50": 191600.6123555571,
        "75": 193883.37162105943
      },
      "frequency_distribution": "removed",
      "outliers": "removed",
      "median": 191600.6123555571,
      "average": 191135.30507291644,
      "sample_size": 41,
      "variance": 16464081.59956393,
      "standard_deviation": 4057.5955441078563,
      "lower_outlier_bound": 179006.5381790066,
      "minimum": 182897.2757450778,
      "standard_deviation_ratio": 0.0212289170886557,
      "upper_outlier_bound": 202890.2433958379
    },
    {
      "maximum": 194718.45658362572,
      "total": 7608108.289998196,
      "mode": null,
      "n": 700,
      "percentiles": {
        "25": 183392.52341840515,
        "50": 185107.71417888068,
        "75": 187860.53846850363
      },
      "frequency_distribution": "removed",
      "outliers": "removed",
      "median": 185107.71417888068,
      "average": 185563.61682922428,
      "sample_size": 41,
      "variance": 12849286.245666781,
      "standard_deviation": 3584.590108459652,
      "lower_outlier_bound": 176022.6807173849,
      "minimum": 178507.3571807262,
      "standard_deviation_ratio": 0.01931731106404646,
      "upper_outlier_bound": 195196.23220454948
    },
    {
      "maximum": 187396.81462894494,
      "total": 7370476.910332362,
      "mode": null,
      "n": 800,
      "percentiles": {
        "25": 177673.4921487718,
        "50": 179879.73241091007,
        "75": 181791.32130676782
      },
      "frequency_distribution": "removed",
      "outliers": "removed",
      "median": 179879.73241091007,
      "average": 179767.7295203015,
      "sample_size": 41,
      "variance": 10341726.169139978,
      "standard_deviation": 3215.855433495103,
      "lower_outlier_bound": 170530.4656792669,
      "minimum": 174352.1075682763,
      "standard_deviation_ratio": 0.01788894726587694,
      "upper_outlier_bound": 188452.78843283484
    },
    {
      "maximum": 180964.03158908137,
      "total": 7465070.554210301,
      "mode": null,
      "n": 900,
      "percentiles": {
        "25": 170791.56767872057,
        "50": 174093.7982566247,
        "75": 176211.4537444934
      },
      "frequency_distribution": "removed",
      "outliers": "removed",
      "median": 174093.7982566247,
      "average": 173606.2919583791,
      "sample_size": 43,
      "variance": 14396248.721532665,
      "standard_deviation": 3794.2388856703087,
      "lower_outlier_bound": 162679.64812051976,
      "minimum": 165396.6957048132,
      "standard_deviation_ratio": 0.021855422651270908,
      "upper_outlier_bound": 184462.14880298445
    },
    {
      "maximum": 178328.77406100984,
      "total": 6808240.086165741,
      "mode": null,
      "n": 1000,
      "percentiles": {
        "25": 168275.94564954893,
        "50": 170323.66494498216,
        "75": 172302.62141230365
      },
      "frequency_distribution": "removed",
      "outliers": "removed",
      "median": 170323.66494498216,
      "average": 170206.00215414353,
      "sample_size": 40,
      "variance": 9791015.034647789,
      "standard_deviation": 3129.0597684684435,
      "lower_outlier_bound": 161628.0192440526,
      "minimum": 163779.50692541644,
      "standard_deviation_ratio": 0.018383956669369837,
      "upper_outlier_bound": 179141.58293887973
    },
    {
      "maximum": 141898.31566699303,
      "total": 5907584.1704377,
      "mode": null,
      "n": 2000,