{
  "build_type": "sequential",
  "name": "runtime",
  "impl_mod": "gb_trees",
  "tweaks": [
    "duplicate_variants",
    4
  ],
  "impl_description": ":gb_trees.delete/2",
  "group_id": "delete",
  "measurements": [
    {
      "maximum": 117218.17819507449,
      "total": 2161627.560632861,
      "mode": null,
      "n": 100,
      "frequency_distribution": "removed",
      "outliers": "removed",
      "average": 113769.87161225585,
      "sample_size": 19,
      "percentiles": {
        "25": 111161.75146455607,
        "50": 113204.12968665097,
        "75": 116616.7158400485
      },
      "variance": 8013403.002248128,
      "standard_deviation": 2830.795471638339,
      "lower_outlier_bound": 102483.36489609364,
      "median": 113204.12968665097,
      "minimum": 107336.44609026995,
      "standard_deviation_ratio": 0.024881767303791102,
      "upper_outlier_bound": 124364.57440748133
    },
    {
      "maximum": 87831.78456619881,
      "total": 1476065.3803017891,
      "mode": null,
      "n": 200,
      "frequency_distribution": "removed",
      "outliers": "removed",
      "average": 82003.63223898828,
      "sample_size": 18,
      "percentiles": {
        "25": 81456.11775316823,
        "50": 81893.42974800867,
        "75": 82810.88223899042
      },
      "variance": 4757944.93139825,
      "standard_deviation": 2181.2714025077785,
      "lower_outlier_bound": 71398.01398689931,
      "median": 81893.42974800867,
      "minimum": 78142.70420642177,
      "standard_deviation_ratio": 0.02659969251301898,
      "upper_outlier_bound": 89383.8545722925
    },
    {
      "maximum": 75740.93570351969,
      "total": 1530582.206779162,
      "mode": null,
      "n": 300,
      "frequency_distribution": "removed",
      "outliers": "removed",
      "average": 69571.9184899619,
      "sample_size": 22,
      "percentiles": {
        "25": 63897.83857881248,
        "50": 71934.02177133437,
        "75": 72875.63084804287
      },
      "variance": 28540014.353485834,
      "standard_deviation": 5342.285499061786,
      "lower_outlier_bound": 50431.1501749669,
      "median": 71934.02177133437,
      "minimum": 59369.378461976885,
      "standard_deviation_ratio": 0.07678795719615798,
      "upper_outlier_bound": 86342.31925188846
    },
    {
      "maximum": 77953.86690156766,
      "total": 1547450.0978357573,
      "mode": null,
      "n": 400,
      "frequency_distribution": "removed",
      "outliers": "removed",
      "average": 73688.09989694082,
      "sample_size": 21,
      "percentiles": {
        "25": 73922.60801541904,
        "50": 76145.80398547139,
        "75": 76914.52061363342
      },
      "variance": 29107932.10646692,
      "standard_deviation": 5395.176744692144,
      "lower_outlier_bound": 61192.285962811904,
      "median": 76145.80398547139,
      "minimum": 62409.50621598682,
      "standard_deviation_ratio": 0.07321639114372286,
      "upper_outlier_bound": 86314.49605670269
    },
    {
      "maximum": 70225.70541721092,
      "total": 1216318.516585318,
      "mode": null,
      "n": 500,
      "frequency_distribution": "removed",
      "outliers": "removed",
      "average": 67573.25092140655,
      "sample_size": 18,
      "percentiles": {
        "25": 66853.34298765054,
        "50": 67540.69465107721,
        "75": 68269.61257344246
      },
      "variance": 1614183.3726763933,
      "standard_deviation": 1270.5051643643142,
      "lower_outlier_bound": 62227.24634463289,
      "median": 67540.69465107721,
      "minimum": 64307.85456135612,
      "standard_deviation_ratio": 0.018801894936829662,
      "upper_outlier_bound": 71738.34542809911
    },
    {
      "maximum": 63912.057009554854,
      "total": 1330651.8171528664,
      "mode": null,
      "n": 600,
      "frequency_distribution": "removed",
      "outliers": "removed",
      "average": 57854.42683273332,
      "sample_size": 23,
      "percentiles": {
        "25": 52607.49025446243,
        "50": 59724.66927464389,
        "75": 60935.110201146796
      },
      "variance": 22476915.901159525,
      "standard_deviation": 4740.982588151904,
      "lower_outlier_bound": 40116.060334435875,
      "median": 59724.66927464389,
      "minimum": 48360.81033373795,
      "standard_deviation_ratio": 0.08194675580935,
      "upper_outlier_bound": 73426.54012117334
    },
    {
      "maximum": 66736.96293429079,
      "total": 1281263.665681601,
      "mode": null,
      "n": 700,
      "frequency_distribution": "removed",
      "outliers": "removed",
      "average": 61012.55550864767,
      "sample_size": 21,
      "percentiles": {
        "25": 57634.022996590356,
        "50": 63416.768661969596,
        "75": 63857.00109468781
      },
      "variance": 23112996.68838086,
      "standard_deviation": 4807.597808509034,
      "lower_outlier_bound": 37573.10848188078,
      "median": 63416.768661969596,
      "minimum": 51353.946807581895,
      "standard_deviation_ratio": 0.07879686022703351,
      "upper_outlier_bound": 79545.7823825576
    },
    {
      "maximum": 63814.173127851696,
      "total": 1354850.659825715,
      "mode": null,
      "n": 800,
      "frequency_distribution": "removed",
      "outliers": "removed",
      "average": 58906.550427205,
      "sample_size": 23,
      "percentiles": {
        "25": 50851.76709890669,
        "50": 61471.882760825196,
        "75": 63120.155528063224
      },
      "variance": 30544263.408197977,
      "standard_deviation": 5526.686476379674,
      "lower_outlier_bound": 32449.18445517189,
      "median": 61471.882760825196,
      "minimum": 49120.01493248454,
      "standard_deviation_ratio": 0.09382125478913235,
      "upper_outlier_bound": 81522.73817179803
    },
    {
      "maximum": 61730.68138326111,
      "total": 1073969.0725370077,
      "mode": null,
      "n": 900,
      "frequency_distribution": "removed",
      "outliers": "removed",
      "average": 59664.94847427821,
      "sample_size": 18,
      "percentiles": {
        "25": 59167.927494410425,
        "50": 59653.24629131668,
        "75": 60275.40776989797
      },
      "variance": 1456631.0356439308,
      "standard_deviation": 1206.9097048428812,
      "lower_outlier_bound": 54113.10260534263,
      "median": 59653.24629131668,
      "minimum": 56624.179657197215,
      "standard_deviation_ratio": 0.02022811945213,
      "upper_outlier_bound": 63688.78228169828
    },
    {
      "maximum": 58955.659448528764,
      "total": 1164431.5829822472,
      "mode": null,
      "n": 1000,
      "frequency_distribution": "removed",
      "outliers": "removed",
      "average": 55449.12299915463,
      "sample_size": 21,
      "percentiles": {
        "25": 53280.63054970837,
        "50": 57106.96133858717,
        "75": 57696.247723534805
      },
      "variance": 12906031.39950386,
      "standard_deviation": 3592.496541334989,
      "lower_outlier_bound": 40120.039621476055,
      "median": 57106.96133858717,
      "minimum": 46763.49828377961,
      "standard_deviation_ratio": 0.0647890597185777,
      "upper_outlier_bound": 68228.9234655854
    },
    {
      "maximum": 52696.20113086048,
      "total": 975463.0112109347,
      "mode": null,
      "n": 2000,
      "frequency_distribution": "removed",
      "outliers": "removed",
      "average": 51340.158484786036,
      "sample_size": 19,
      "percentiles": {
        "25": 50794.94082389394,
        "50": 51526.47172484864,
        "75": 51839.525564662035
      },
      "variance": 763966.8364835654,
      "standard_deviation": 874.0519644069026,
      "lower_outlier_bound": 46379.515363931176,
      "median": 51526.47172484864,
      "minimum": 49475.55907381753,
      "standard_deviation_ratio": 0.017024722755110234,
      "upper_outlier_bound": 55055.37900550851
    },
    {
      "maximum": 44088.40607185529,
      "total": 902157.9317245743,
      "mode": null,
      "n": 3000,
      "frequency_distribution": "removed",
      "outliers": "removed",