{
  "build_type": "sequential",
  "name": "runtime",
  "impl_mod": "gb_trees",
  "group_type": "delete_existing",
  "input_amount": 1,
  "measurements": [
    {
      "maximum": 250281.56676260792,
      "total": 1454711526.6783395,
      "mode": 221803.26050792946,
      "n": 100,
      "frequency_distribution": "removed",
      "outliers": "removed",
      "average": 191258.4179172153,
      "variance": 1540085768.1696622,
      "standard_deviation": 39243.92651315184,
      "standard_deviation_ratio": 0.20518796997546151,
      "median": 211488.03214233078,
      "percentiles": {
        "25": 146393.59381633459,
        "50": 211488.03214233078,
        "75": 221606.64819944598
      },
      "minimum": 34419.02408299115,
      "lower_outlier_bound": 33520.44237317698,
      "upper_outlier_bound": 334458.3716952074,
      "sample_size": 7606
    },
    {
      "maximum": 169661.18661033915,
      "total": 1036887047.9851015,
      "mode": [
        155688.0633961794,
        155663.82839619557,
        154793.96922695893
      ],
      "n": 200,
      "frequency_distribution": "removed",
      "outliers": "removed",
      "average": 136486.38251745445,
      "variance": 574797299.152623,
      "standard_deviation": 23974.93063916188,
      "standard_deviation_ratio": 0.17565804146135874,
      "median": 149664.7509578544,
      "percentiles": {
        "25": 108709.83203835902,
        "50": 149664.7509578544,
        "75": 155204.79272399933
      },
      "minimum": 43612.51155731556,
      "lower_outlier_bound": 38745.249053574094,
      "upper_outlier_bound": 225080.51892625447,
      "sample_size": 7597
    },
    {
      "maximum": 141637.04091894111,
      "total": 863892128.5700991,
      "mode": 127996.72328388393,
      "n": 300,
      "frequency_distribution": "removed",
      "outliers": "removed",
      "average": 113819.7797852568,
      "variance": 352967347.54068846,
      "standard_deviation": 18787.425250435153,
      "standard_deviation_ratio": 0.16506292039820578,
      "median": 123912.66635275458,
      "percentiles": {
        "25": 92744.37563476595,
        "50": 123912.66635275458,
        "75": 128341.69693391686
      },
      "minimum": 39192.63178522438,
      "lower_outlier_bound": 39179.188431954586,
      "upper_outlier_bound": 181812.85087117233,
      "sample_size": 7590
    },
    {
      "maximum": 135668.64290656502,
      "total": 845523664.6538402,
      "mode": 125533.51744915893,
      "n": 400,
      "frequency_distribution": "removed",
      "outliers": "removed",
      "average": 111297.04681503754,
      "variance": 309322649.73627716,
      "standard_deviation": 17587.570887882077,
      "standard_deviation_ratio": 0.15802369776361208,
      "median": 120691.31988027421,
      "percentiles": {
        "25": 91356.32185970942,
        "50": 120691.31988027421,
        "75": 124998.43751953101
      },
      "minimum": 46279.79840519815,
      "lower_outlier_bound": 40779.49043899121,
      "upper_outlier_bound": 175529.8057678549,
      "sample_size": 7597
    },
    {
      "maximum": 122588.079535146,
      "total": 770300893.5018508,
      "mode": 113448.14285390149,
      "n": 500,
      "frequency_distribution": "removed",
      "outliers": "removed",
      "average": 101515.66862175157,
      "variance": 235112618.25649098,
      "standard_deviation": 15333.382479299567,
      "standard_deviation_ratio": 0.15104449084044266,
      "median": 109580.63523915742,
      "percentiles": {
        "25": 83860.958530756,
        "50": 109580.63523915742,
        "75": 113332.42667391994
      },
      "minimum": 42979.69639142469,
      "lower_outlier_bound": 39532.683577521166,
      "upper_outlier_bound": 157610.21747681993,
      "sample_size": 7588
    },
    {
      "maximum": 111783.05145373859,
      "total": 698455953.9671569,
      "mode": 103592.59105788753,
      "n": 600,
      "frequency_distribution": "removed",
      "outliers": "removed",
      "average": 92059.56952249333,
      "variance": 202627289.54915705,
      "standard_deviation": 14234.72126699912,
      "standard_deviation_ratio": 0.15462511220543007,
      "median": 99582.74828468716,
      "percentiles": {
        "25": 75545.81853894387,
        "50": 99582.74828468716,
        "75": 102994.03664527823
      },
      "minimum": 40280.67574861636,
      "lower_outlier_bound": 34204.812336366806,
      "upper_outlier_bound": 144250.60054396943,
      "sample_size": 7587
    },
    {
      "maximum": 116821.06517447226,
      "total": 736454122.227969,
      "mode": 107648.42025943269,
      "n": 700,
      "frequency_distribution": "removed",
      "outliers": "removed",
      "average": 96901.85818789067,
      "variance": 209476234.39648026,
      "standard_deviation": 14473.293833695227,
      "standard_deviation_ratio": 0.14936033327278217,
      "median": 104849.82906606913,
      "percentiles": {
        "25": 79964.17604913,
        "50": 104849.82906606913,
        "75": 108138.50379566148
      },
      "minimum": 39565.41349813647,
      "lower_outlier_bound": 37626.13937949868,
      "upper_outlier_bound": 150444.05143583147,
      "sample_size": 7600
    },
    {
      "maximum": 112883.38017993611,
      "total": 712752861.344027,
      "mode": [
        104657.24751439037,
        105923.22684518261
      ],
      "n": 800,
      "frequency_distribution": "removed",
      "outliers": "removed",
      "average": 93981.12623207108,
      "variance": 212905353.9689676,
      "standard_deviation": 14591.276639450285,
      "standard_deviation_ratio": 0.1552575205730085,
      "median": 102035.61042803939,
      "percentiles": {
        "25": 76875.62131841916,
        "50": 102035.61042803939,
        "75": 105219.96233125348
      },
      "minimum": 36212.20351258374,
      "lower_outlier_bound": 34176.094521083614,
      "upper_outlier_bound": 147828.57089626734,
      "sample_size": 7584
    },
    {
      "maximum": 102835.1655131989,
      "total": 644156768.9391307,
      "mode": 95122.1368236816,
      "n": 900,
      "frequency_distribution": "removed",
      "outliers": "removed",
      "average": 84869.13951767203,
      "variance": 164313506.654544,
      "standard_deviation": 12818.483009098385,
      "standard_deviation_ratio": 0.15103821108530543,
      "median": 91687.60200245722,
      "percentiles": {
        "25": 70028.50160015126,
        "50": 91687.60200245722,
        "75": 94724.77715996173
      },
      "minimum": 34265.350877192985,
      "lower_outlier_bound": 32862.79021158022,
      "upper_outlier_bound": 131827.61423532089,
      "sample_size": 7590
    },
    {
      "maximum": 101218.67282076197,
      "total": 635096111.3151699,
      "mode": 93273.14106629854,
      "n": 1000,
      "frequency_distribution": "removed",
      "outliers": "removed",
      "average": 83741.57585906776,
      "variance": 142210930.44408163,
      "standard_deviation": 11925.222448410832,
      "standard_deviation_ratio": 0.14240503986311762,
      "median": 90053.98751331388,
      "percentiles": {
        "25": 70355.77160066734,
        "50": 90053.98751331388,
        "75": 92891.0480896956
      },
      "minimum": 38084.35685042369,
      "lower_outlier_bound": 36350.37153707372,
      "upper_outlier_bound": 126803.02966455519,
      "sample_size": 7584
    },
    {
      "maximum": 86238.12069887372,
      "total": 558190023.6185999,
      "mode": [
        80571.08787082843,
        81187.28282401845
      ],
      "n": 2000,
      "frequency_distribution": "removed",
      "outliers": "removed",
      "average": 73552.51332436419,
      "variance": 100934929.05614384,
      "standard_deviation": 10046.637699058518,
      "standard_deviation_ratio": 0.1365913582687946,
      "median": 78964.6159555903,
      "percentiles": {
        "25": 61871.80780200838,
        "50": 78964.6159555903,
        "75": 81372.26182338965
      },
      "minimum": 32575.518195055687,