{
  "build_type": "sequential",
  "name": "runtime",
  "impl_mod": "gb_trees",
  "group_id": "from_ordset / from_orddict",
  "impl_description": ":gb_trees.from_orddict/1",
  "tweaks": [
    "duplicate_variants",
    10
  ],
  "measurements": [
    {
      "maximum": 9101.085759531112,
      "total": 1982379.3546406163,
      "mode": [
        8341.953351796858,
        3736.7252834306128,
        3802.642836771556,
        2728.8182306888357,
        3832.283926251528,
        3899.958270446506,
        3982.9053701513108
      ],
      "n": 100,
      "frequency_distribution": "removed",
      "outliers": "removed",
      "median": 3802.642836771556,
      "average": 3677.883774843444,
      "sample_size": 539,
      "percentiles": {
        "25": 2743.363802960638,
        "50": 3802.642836771556,
        "75": 3921.4148464766085
      },
      "variance": 1301008.5150846129,
      "standard_deviation": 1140.6176024788556,
      "lower_outlier_bound": 976.2872376866826,
      "minimum": 1351.0701826917102,
      "standard_deviation_ratio": 0.3101287784787077,
      "upper_outlier_bound": 5688.491411750564
    },
    {
      "maximum": 4410.27947941061,
      "total": 1007845.2028098385,
      "mode": [
        1382.9307621884602,
        2035.975690450256,
        1995.2751883539777,
        1999.272264895578,
        2018.7623775368272
      ],
      "n": 200,
      "frequency_distribution": "removed",
      "outliers": "removed",
      "median": 1989.6797612464852,
      "average": 1873.3182208361309,
      "sample_size": 538,
      "percentiles": {
        "25": 1407.1580361807316,
        "50": 1989.6797612464852,
        "75": 2036.2151157098917
      },
      "variance": 251240.63552628068,
      "standard_deviation": 501.2391001570814,
      "lower_outlier_bound": 463.5724168869915,
      "minimum": 622.2860549428804,
      "standard_deviation_ratio": 0.2675675144681825,
      "upper_outlier_bound": 2979.800735003632
    },
    {
      "maximum": 3455.162358079206,
      "total": 710870.3653412535,
      "mode": [
        1404.2162998619656,
        1410.3079407388602
      ],
      "n": 300,
      "frequency_distribution": "removed",
      "outliers": "removed",
      "median": 1381.2707967584338,
      "average": 1323.7809410451648,
      "sample_size": 537,
      "percentiles": {
        "25": 1013.9367941713256,
        "50": 1381.2707967584338,
        "75": 1415.0106353065805
      },
      "variance": 147073.23164569054,
      "standard_deviation": 383.5012798488299,
      "lower_outlier_bound": 412.32603246844315,
      "minimum": 439.73362695813387,
      "standard_deviation_ratio": 0.28970146642694833,
      "upper_outlier_bound": 2016.621397009463
    },
    {
      "maximum": 2654.1039081680046,
      "total": 548444.5670815567,
      "mode": [
        1068.4297181589247,
        1050.4058242902145
      ],
      "n": 400,
      "frequency_distribution": "removed",
      "outliers": "removed",
      "median": 1053.2879436448818,
      "average": 1017.5223879064131,
      "sample_size": 539,
      "percentiles": {
        "25": 799.9462436124293,
        "50": 1053.2879436448818,
        "75": 1107.362075285118
      },
      "variance": 75853.75113519956,
      "standard_deviation": 275.41559711679287,
      "lower_outlier_bound": 338.82249610339625,
      "minimum": 30.435107602714226,
      "standard_deviation_ratio": 0.27067276395114,
      "upper_outlier_bound": 1568.4858227941509
    },
    {
      "maximum": 1938.0896637802052,
      "total": 481561.4949122904,
      "mode": null,
      "n": 500,
      "frequency_distribution": "removed",
      "outliers": "removed",
      "median": 897.0907574177515,
      "average": 901.8005522702068,
      "sample_size": 534,
      "percentiles": {
        "25": 707.7989539790442,
        "50": 897.0907574177515,
        "75": 1038.3283338314777
      },
      "variance": 54983.93200347521,
      "standard_deviation": 234.4865284050988,
      "lower_outlier_bound": 212.00488420039392,
      "minimum": 277.49003602653136,
      "standard_deviation_ratio": 0.26002038678596806,
      "upper_outlier_bound": 1534.122403610128
    },
    {
      "maximum": 1787.4251068880214,
      "total": 425722.01122315665,
      "mode": 873.487556296273,
      "n": 600,
      "frequency_distribution": "removed",
      "outliers": "removed",
      "median": 801.1631048178531,
      "average": 788.3740948576975,
      "sample_size": 540,
      "percentiles": {
        "25": 605.8329667740129,
        "50": 801.1631048178531,
        "75": 904.0123662452356
      },
      "variance": 41206.06467286049,
      "standard_deviation": 202.99277000144733,
      "lower_outlier_bound": 158.56386756717882,
      "minimum": 244.92695053700234,
      "standard_deviation_ratio": 0.25748280077377195,
      "upper_outlier_bound": 1351.2814654520698
    },
    {
      "maximum": 1343.5749573750845,
      "total": 372466.30734794895,
      "mode": null,
      "n": 700,
      "frequency_distribution": "removed",
      "outliers": "removed",
      "median": 728.9405432356505,
      "average": 691.0321101075119,
      "sample_size": 539,
      "percentiles": {
        "25": 514.4048798504522,
        "50": 728.9405432356505,
        "75": 799.0877614115725
      },
      "variance": 29811.330350167547,
      "standard_deviation": 172.65957937562442,
      "lower_outlier_bound": 87.38055750877169,
      "minimum": 223.2063638812819,
      "standard_deviation_ratio": 0.24985753462130977,
      "upper_outlier_bound": 1226.112083753253
    },
    {
      "maximum": 1123.2168931820734,
      "total": 340927.1866191986,
      "mode": null,
      "n": 800,
      "frequency_distribution": "removed",
      "outliers": "removed",
      "median": 681.1817919040024,
      "average": 638.4404243805217,
      "sample_size": 534,
      "percentiles": {
        "25": 458.8411755914498,
        "50": 681.1817919040024,
        "75": 747.8990060839241
      },
      "variance": 29037.38484338182,
      "standard_deviation": 170.40359398610647,
      "lower_outlier_bound": 25.254429852738497,
      "minimum": 34.981585168843345,
      "standard_deviation_ratio": 0.266906022048101,
      "upper_outlier_bound": 1181.4857518226354
    },
    {
      "maximum": 1010.955727215838,
      "total": 314340.4628690927,
      "mode": null,
      "n": 900,
      "frequency_distribution": "removed",
      "outliers": "removed",
      "median": 623.3734159464941,
      "average": 582.1119682760976,
      "sample_size": 540,
      "percentiles": {
        "25": 413.87800294822046,
        "50": 623.3734159464941,
        "75": 689.8339404424453
      },
      "variance": 23370.193642678725,
      "standard_deviation": 152.87312923688953,
      "lower_outlier_bound": -0.05590329311678488,
      "minimum": 24.66198286288135,
      "standard_deviation_ratio": 0.26261808306332796,
      "upper_outlier_bound": 1103.7678466837824
    },
    {
      "maximum": 928.7646779647794,
      "total": 279802.52730549086,
      "mode": null,
      "n": 1000,
      "frequency_distribution": "removed",
      "outliers": "removed",
      "median": 572.1635563855741,
      "average": 522.9953781411044,
      "sample_size": 535,
      "percentiles": {
        "25": 364.4053251278972,
        "50": 572.1635563855741,
        "75": 632.8032551399444
      },
      "variance": 22488.62682855503,
      "standard_deviation": 149.96208463660082,
      "lower_outlier_bound": -38.191569890173696,
      "minimum": 32.335161972970006,
      "standard_deviation_ratio": 0.28673692140380824,
      "upper_outlier_bound": 1035.4001501580153
    },
    {
      "maximum": 324.8479792669026,
      "total": 99820.98392121927,
      "mode": null,
      "n": 2000,
      "frequency_distribution": "removed",
      "outliers": "removed",
      "median": 174.49464170578983,
      "average": 186.5812783574192,
      "sample_size": 535,
      "percentiles": {
        "25": 146.3142561002803,