{
  "build_type": "sequential",
  "name": "runtime",
  "impl_mod": "gb_trees",
  "impl_description": ":gb_trees.take_smallest/1",
  "group_id": "take_smallest_x100",
  "measurements": [
    {
      "maximum": 51909.49061216862,
      "total": 2571595.2133499645,
      "mode": 50647.785172354415,
      "n": 100,
      "frequency_distribution": "removed",
      "outliers": "removed",
      "average": 39563.003282307145,
      "sample_size": 65,
      "percentiles": {
        "25": 15617.498831757934,
        "50": 50440.59862902453,
        "75": 50876.35455786495
      },
      "variance": 282869046.1000664,
      "standard_deviation": 16818.711190221038,
      "lower_outlier_bound": -37270.78475740259,
      "median": 50440.59862902453,
      "minimum": 764.4864252821166,
      "standard_deviation_ratio": 0.4251120945042735,
      "upper_outlier_bound": 103764.63814702547
    },
    {
      "maximum": 42857.93879029182,
      "total": 2283893.533825445,
      "mode": null,
      "n": 200,
      "frequency_distribution": "removed",
      "outliers": "removed",
      "average": 34604.447482203715,
      "sample_size": 66,
      "percentiles": {
        "25": 27851.218008632175,
        "50": 41942.790698464014,
        "75": 42251.86051598203
      },
      "variance": 167764526.20003116,
      "standard_deviation": 12952.394612581535,
      "lower_outlier_bound": 6250.254247607394,
      "median": 41942.790698464014,
      "minimum": 9732.01912147117,
      "standard_deviation_ratio": 0.37429855278696933,
      "upper_outlier_bound": 63852.82427700681
    },
    {
      "maximum": 36542.36173283879,
      "total": 1930144.9005901162,
      "mode": 35735.08864088737,
      "n": 300,
      "frequency_distribution": "removed",
      "outliers": "removed",
      "average": 35743.42408500215,
      "sample_size": 54,
      "percentiles": {
        "25": 35542.964109762645,
        "50": 35739.55924715055,
        "75": 36077.70416802305
      },
      "variance": 170545.82853085478,
      "standard_deviation": 412.9719464211277,
      "lower_outlier_bound": 33600.83088924042,
      "median": 35739.55924715055,
      "minimum": 34698.96909362823,
      "standard_deviation_ratio": 0.011553788060120676,
      "upper_outlier_bound": 37404.07189967083
    },
    {
      "maximum": 29370.214490676426,
      "total": 1226807.5868621902,
      "mode": 27830.57856989789,
      "n": 400,
      "frequency_distribution": "removed",
      "outliers": "removed",
      "average": 18587.993740336213,
      "sample_size": 66,
      "percentiles": {
        "25": 8868.373584002893,
        "50": 20189.493219982327,
        "75": 28450.89837272292
      },
      "variance": 96823934.26581995,
      "standard_deviation": 9839.915358671535,
      "lower_outlier_bound": -20505.41359907715,
      "median": 20189.493219982327,
      "minimum": 7239.226763710914,
      "standard_deviation_ratio": 0.5293694142643688,
      "upper_outlier_bound": 57824.685555802964
    },
    {
      "maximum": 30669.766357719887,
      "total": 1375583.6757665237,
      "mode": null,
      "n": 500,
      "frequency_distribution": "removed",
      "outliers": "removed",
      "average": 20842.176905553388,
      "sample_size": 66,
      "percentiles": {
        "25": 9033.107075273472,
        "50": 29384.844229704642,
        "75": 29818.7716519924
      },
      "variance": 110338994.8254165,
      "standard_deviation": 10504.236993966602,
      "lower_outlier_bound": -22145.389789804918,
      "median": 29384.844229704642,
      "minimum": 7576.233960165677,
      "standard_deviation_ratio": 0.503989436495367,
      "upper_outlier_bound": 60997.268517070785
    },
    {
      "maximum": 31492.293835698405,
      "total": 1713156.1844368023,
      "mode": null,
      "n": 600,
      "frequency_distribution": "removed",
      "outliers": "removed",
      "average": 30592.074722085756,
      "sample_size": 56,
      "percentiles": {
        "25": 30399.11498882772,
        "50": 30654.62964424402,
        "75": 30959.129978546378
      },
      "variance": 272556.2377337803,
      "standard_deviation": 522.0691886462754,
      "lower_outlier_bound": 28609.381191700097,
      "median": 30654.62964424402,
      "minimum": 29150.609539245466,
      "standard_deviation_ratio": 0.017065504493860656,
      "upper_outlier_bound": 32311.047597835724
    },
    {
      "maximum": 31887.653419472514,
      "total": 1566533.2546641126,
      "mode": 9247.725290771603,
      "n": 700,
      "frequency_distribution": "removed",
      "outliers": "removed",
      "average": 23735.352343395643,
      "sample_size": 66,
      "percentiles": {
        "25": 9251.00441056192,
        "50": 31160.48059432504,
        "75": 31566.967887785107
      },
      "variance": 111366608.65334818,
      "standard_deviation": 10553.037887421242,
      "lower_outlier_bound": -24222.940805272865,
      "median": 31160.48059432504,
      "minimum": 8802.197028378283,
      "standard_deviation_ratio": 0.44461264929811006,
      "upper_outlier_bound": 65040.913103619896
    },
    {
      "maximum": 29496.87185673959,
      "total": 1586987.1434905657,
      "mode": [
        28695.475010545586,
        28846.458952931232
      ],
      "n": 800,
      "frequency_distribution": "removed",
      "outliers": "removed",
      "average": 28854.311699828468,
      "sample_size": 55,
      "percentiles": {
        "25": 28696.29846446107,
        "50": 28846.458952931232,
        "75": 29031.03126932378
      },
      "variance": 64970.7534120088,
      "standard_deviation": 254.8936119482181,
      "lower_outlier_bound": 28052.494099717267,
      "median": 28846.458952931232,
      "minimum": 28213.67912018463,
      "standard_deviation_ratio": 0.008833813628960465,
      "upper_outlier_bound": 29619.16502010978
    },
    {
      "maximum": 36990.59329212581,
      "total": 1922564.4651084773,
      "mode": [
        36352.00372244518,
        35555.555555555555
      ],
      "n": 900,
      "frequency_distribution": "removed",
      "outliers": "removed",
      "average": 36274.80122846184,
      "sample_size": 53,
      "percentiles": {
        "25": 35964.24093045041,
        "50": 36369.19093097855,
        "75": 36561.07569952411
      },
      "variance": 200784.88683845353,
      "standard_deviation": 448.0902663955707,
      "lower_outlier_bound": 34107.57567116519,
      "median": 36369.19093097855,
      "minimum": 34851.584527290535,
      "standard_deviation_ratio": 0.012352659455622084,
      "upper_outlier_bound": 37968.855362872826
    },
    {
      "maximum": 24641.16306289657,
      "total": 1064816.8296208943,
      "mode": null,
      "n": 1000,
      "frequency_distribution": "removed",
      "outliers": "removed",
      "average": 16133.588327589307,
      "sample_size": 66,
      "percentiles": {
        "25": 7470.786049331515,
        "50": 22866.51506956206,
        "75": 23837.477675816288
      },
      "variance": 69463742.4942298,
      "standard_deviation": 8334.491135890048,
      "lower_outlier_bound": -17079.251390395642,
      "median": 22866.51506956206,
      "minimum": 692.6044733245119,
      "standard_deviation_ratio": 0.5165925252745924,
      "upper_outlier_bound": 48387.51511554344
    },
    {
      "maximum": 26160.88947024199,
      "total": 1315951.1869210901,
      "mode": null,
      "n": 2000,
      "frequency_distribution": "removed",
      "outliers": "removed",
      "average": 19938.654347289244,
      "sample_size": 66,
      "percentiles": {
        "25": 7690.134460671902,
        "50": 25387.027555284298,
        "75": 25780.12728888298
      },
      "variance": 70338456.81853332,
      "standard_deviation": 8386.802538425078,
      "lower_outlier_bound": -19444.854781644714,
      "median": 25387.027555284298,
      "minimum": 6359.005273523073,
      "standard_deviation_ratio": 0.420630318994687,