{
  "build_type": "sequential",
  "name": "runtime",
  "impl_mod": "gb_trees",
  "group_id": "take_smallest",
  "impl_description": ":gb_trees.take_smallest/1",
  "tweaks": [
    "duplicate_variants",
    10
  ],
  "measurements": [
    {
      "maximum": 15926.610180289228,
      "total": 3252901.1019364344,
      "mode": [
        5638.122730655601,
        6262.917266862904,
        7071.835707112852
      ],
      "n": 100,
      "frequency_distribution": "removed",
      "outliers": "removed",
      "median": 6007.1440770836725,
      "average": 6046.284576090026,
      "sample_size": 538,
      "percentiles": {
        "25": 4502.228600457341,
        "50": 6007.1440770836725,
        "75": 6743.29502908715
      },
      "variance": 3807686.904687405,
      "standard_deviation": 1951.3295223225125,
      "lower_outlier_bound": 1140.6289575126261,
      "minimum": 2307.7846190770706,
      "standard_deviation_ratio": 0.32273200140777797,
      "upper_outlier_bound": 10104.894672031865
    },
    {
      "maximum": 20374.067886394198,
      "total": 3272783.0328478743,
      "mode": [
        5911.98240594036,
        6046.643810353064,
        6950.671087293478,
        6358.653491536632,
        4376.559149196902
      ],
      "n": 200,
      "frequency_distribution": "removed",
      "outliers": "removed",
      "median": 5980.879384067139,
      "average": 6105.938494119168,
      "sample_size": 536,
      "percentiles": {
        "25": 4472.947115498019,
        "50": 5980.879384067139,
        "75": 6764.0702746697425
      },
      "variance": 4436174.409937517,
      "standard_deviation": 2106.22278259863,
      "lower_outlier_bound": 1036.2623767404343,
      "minimum": 1397.627945850303,
      "standard_deviation_ratio": 0.34494660970253843,
      "upper_outlier_bound": 10200.755013427328
    },
    {
      "maximum": 16343.875132793986,
      "total": 3292286.9363945425,
      "mode": null,
      "n": 300,
      "frequency_distribution": "removed",
      "outliers": "removed",
      "median": 5999.736011615489,
      "average": 6176.898567344358,
      "sample_size": 533,
      "percentiles": {
        "25": 4350.1251854581715,
        "50": 5999.736011615489,
        "75": 6926.793149810743
      },
      "variance": 5045433.620798472,
      "standard_deviation": 2246.2042696065005,
      "lower_outlier_bound": 485.12323892931454,
      "minimum": 2199.2183977814284,
      "standard_deviation_ratio": 0.36364596975601854,
      "upper_outlier_bound": 10791.7950963396
    },
    {
      "maximum": 14513.998751796107,
      "total": 2578265.026853311,
      "mode": [
        5722.165954257005,
        5246.617243532232,
        4870.778252949256
      ],
      "n": 400,
      "frequency_distribution": "removed",
      "outliers": "removed",
      "median": 4920.824446192306,
      "average": 4792.314176307269,
      "sample_size": 538,
      "percentiles": {
        "25": 3310.856222204102,
        "50": 4920.824446192306,
        "75": 5457.889933403498
      },
      "variance": 2475121.158976074,
      "standard_deviation": 1573.2517786343271,
      "lower_outlier_bound": 90.30565540500811,
      "minimum": 1882.955486932289,
      "standard_deviation_ratio": 0.3282864438254757,
      "upper_outlier_bound": 8678.440500202592
    },
    {
      "maximum": 10693.585987124923,
      "total": 2607846.022750659,
      "mode": [
        3080.316163651037,
        4879.810272976587,
        5049.918443817132,
        5893.793835091648,
        5516.90656015359,
        5069.143112048339,
        5039.712937951054
      ],
      "n": 500,
      "frequency_distribution": "removed",
      "outliers": "removed",
      "median": 4965.563814943368,
      "average": 4856.324064712587,
      "sample_size": 537,
      "percentiles": {
        "25": 3448.793140446596,
        "50": 4965.563814943368,
        "75": 5585.596359770136
      },
      "variance": 2126480.6308461144,
      "standard_deviation": 1458.2457374688652,
      "lower_outlier_bound": 243.58831146128705,
      "minimum": 2249.491052649338,
      "standard_deviation_ratio": 0.3002776828805326,
      "upper_outlier_bound": 8790.801188755446
    },
    {
      "maximum": 13761.9729164373,
      "total": 2750782.4820249425,
      "mode": [
        5125.891905191504,
        5885.8151854031785,
        5792.903692976104,
        3179.2256677963514,
        3225.24463480555,
        6218.402741071928,
        6114.412894073911
      ],
      "n": 600,
      "frequency_distribution": "removed",
      "outliers": "removed",
      "median": 5172.12843429328,
      "average": 5122.499966526895,
      "sample_size": 537,
      "percentiles": {
        "25": 3486.9330259484063,
        "50": 5172.12843429328,
        "75": 5858.522714188876
      },
      "variance": 2781554.5979729206,
      "standard_deviation": 1667.7993278488034,
      "lower_outlier_bound": -70.45150641229839,
      "minimum": 1892.8101606049422,
      "standard_deviation_ratio": 0.3255830822346667,
      "upper_outlier_bound": 9415.907246549581
    },
    {
      "maximum": 13839.872673171407,
      "total": 2676917.3325659097,
      "mode": 4919.492505153168,
      "n": 700,
      "frequency_distribution": "removed",
      "outliers": "removed",
      "median": 5002.876714680577,
      "average": 4994.248754787145,
      "sample_size": 536,
      "percentiles": {
        "25": 3381.7838500512153,
        "50": 5002.876714680577,
        "75": 5733.346417949439
      },
      "variance": 2819797.4389420035,
      "standard_deviation": 1679.2252496142391,
      "lower_outlier_bound": -145.56000179611965,
      "minimum": 1882.2820787923279,
      "standard_deviation_ratio": 0.33623180022914334,
      "upper_outlier_bound": 9260.690269796774
    },
    {
      "maximum": 18243.847262510717,
      "total": 2615843.504824514,
      "mode": [
        3100.996350127296,
        5133.022272183639,
        3502.4061530271297,
        4892.966360856269
      ],
      "n": 800,
      "frequency_distribution": "removed",
      "outliers": "removed",
      "median": 4936.29708610383,
      "average": 4853.141938449933,
      "sample_size": 539,
      "percentiles": {
        "25": 3352.0152315572122,
        "50": 4936.29708610383,
        "75": 5548.7737210076575
      },
      "variance": 2819296.955746485,
      "standard_deviation": 1679.076220946055,
      "lower_outlier_bound": 56.877497381544345,
      "minimum": 1794.011589314867,
      "standard_deviation_ratio": 0.3459771509345846,
      "upper_outlier_bound": 8843.911455183326
    },
    {
      "maximum": 17167.971432495535,
      "total": 2642213.1551183485,
      "mode": [
        5200.965299159524,
        4806.028682379177,
        6069.434328720563
      ],
      "n": 900,
      "frequency_distribution": "removed",
      "outliers": "removed",
      "median": 5030.307603309942,
      "average": 4938.716177791306,
      "sample_size": 535,
      "percentiles": {
        "25": 3431.379277214269,
        "50": 5030.307603309942,
        "75": 5630.47211508685
      },
      "variance": 2645704.2964545046,
      "standard_deviation": 1626.5621096209345,
      "lower_outlier_bound": 132.7400204053979,
      "minimum": 32.51789825767475,
      "standard_deviation_ratio": 0.32934917720830964,
      "upper_outlier_bound": 8929.11137189572
    },
    {
      "maximum": 9972.177624427846,
      "total": 2444066.255893251,
      "mode": [
        5104.410721304279,
        2946.8187618056927,
        5268.7594179074595
      ],
      "n": 1000,
      "frequency_distribution": "removed",
      "outliers": "removed",
      "median": 4738.528023654731,
      "average": 4568.348141856543,
      "sample_size": 535,
      "percentiles": {
        "25": 3075.579285358397,
        "50": 4738.528023654731,
        "75": 5325.862922940089
      },
      "variance": 2017407.2579167513,
      "standard_deviation": 1420.3546239994967,
      "lower_outlier_bound": -299.8461710141414,