{
  "build_type": "sequential",
  "name": "runtime",
  "impl_mod": "gb_trees",
  "tweaks": "none",
  "impl_description": ":gb_trees.take_smallest/1",
  "group_id": "take_smallest_x100",
  "measurements": [
    {
      "maximum": 53535.483318343395,
      "total": 882315.9684078306,
      "mode": null,
      "n": 100,
      "frequency_distribution": "removed",
      "outliers": "removed",
      "average": 51900.93931810768,
      "sample_size": 17,
      "percentiles": {
        "25": 51423.81935134198,
        "50": 51839.525564662035,
        "75": 52539.519227484605
      },
      "variance": 1601027.1241703944,
      "standard_deviation": 1265.317005406311,
      "lower_outlier_bound": 21476.89870701869,
      "median": 51839.525564662035,
      "minimum": 48007.220285931005,
      "standard_deviation_ratio": 0.024379462530552995,
      "upper_outlier_bound": 71038.95871782915
    },
    {
      "maximum": 42878.15315218743,
      "total": 753688.6964708245,
      "mode": null,
      "n": 200,
      "frequency_distribution": "removed",
      "outliers": "removed",
      "average": 41871.594248379144,
      "sample_size": 18,
      "percentiles": {
        "25": 41546.71432889975,
        "50": 42029.318248306154,
        "75": 42364.98302794528
      },
      "variance": 533550.6907830518,
      "standard_deviation": 730.4455426539694,
      "lower_outlier_bound": 37569.21441021304,
      "median": 42029.318248306154,
      "minimum": 40261.37685856581,
      "standard_deviation_ratio": 0.01744489446284327,
      "upper_outlier_bound": 45235.26551801
    },
    {
      "maximum": 39896.11052818461,
      "total": 690432.0926713977,
      "mode": null,
      "n": 300,
      "frequency_distribution": "removed",
      "outliers": "removed",
      "average": 38357.338481744315,
      "sample_size": 18,
      "percentiles": {
        "25": 38392.14814857522,
        "50": 38938.766780380574,
        "75": 39325.83081848806
      },
      "variance": 5494733.685530351,
      "standard_deviation": 2344.084828996244,
      "lower_outlier_bound": 28904.98959242551,
      "median": 38938.766780380574,
      "minimum": 29331.448298922656,
      "standard_deviation_ratio": 0.06111176952780187,
      "upper_outlier_bound": 45495.38939411657
    },
    {
      "maximum": 34188.03418803419,
      "total": 595924.5804473071,
      "mode": null,
      "n": 400,
      "frequency_distribution": "removed",
      "outliers": "removed",
      "average": 33106.92113596151,
      "sample_size": 18,
      "percentiles": {
        "25": 32771.740988347075,
        "50": 33216.35167515318,
        "75": 33591.360692676106
      },
      "variance": 568280.5975481718,
      "standard_deviation": 753.8438814158882,
      "lower_outlier_bound": 28909.531496809108,
      "median": 33216.35167515318,
      "minimum": 31110.488901333083,
      "standard_deviation_ratio": 0.022769978468249814,
      "upper_outlier_bound": 36321.084030626094
    },
    {
      "maximum": 35979.89443498973,
      "total": 623741.4400142252,
      "mode": 35402.99226090589,
      "n": 500,
      "frequency_distribution": "removed",
      "outliers": "removed",
      "average": 34652.30222301251,
      "sample_size": 18,
      "percentiles": {
        "25": 34582.19831221626,
        "50": 34979.97738956973,
        "75": 35402.99226090589
      },
      "variance": 1614216.7001122343,
      "standard_deviation": 1270.5182801173048,
      "lower_outlier_bound": 25267.081169233665,
      "median": 34979.97738956973,
      "minimum": 31242.970331675373,
      "standard_deviation_ratio": 0.03666475814335812,
      "upper_outlier_bound": 41202.78560241155
    },
    {
      "maximum": 31259.57324430607,
      "total": 581398.8159147691,
      "mode": null,
      "n": 600,
      "frequency_distribution": "removed",
      "outliers": "removed",
      "average": 30599.937679724688,
      "sample_size": 19,
      "percentiles": {
        "25": 30436.952895771698,
        "50": 30558.144509465386,
        "75": 30850.866909360153
      },
      "variance": 111396.37737691814,
      "standard_deviation": 333.7609584371997,
      "lower_outlier_bound": 29195.410796660275,
      "median": 30558.144509465386,
      "minimum": 30010.4736553057,
      "standard_deviation_ratio": 0.010907243077764419,
      "upper_outlier_bound": 31699.429370108643
    },
    {
      "maximum": 34005.046348878175,
      "total": 627861.1689140922,
      "mode": null,
      "n": 700,
      "frequency_distribution": "removed",
      "outliers": "removed",
      "average": 33045.32467968907,
      "sample_size": 19,
      "percentiles": {
        "25": 32714.484337940623,
        "50": 32901.01400925177,
        "75": 33346.227207853706
      },
      "variance": 252444.37299306432,
      "standard_deviation": 502.43842706650565,
      "lower_outlier_bound": 31248.880387555593,
      "median": 32901.01400925177,
      "minimum": 32200.519072367446,
      "standard_deviation_ratio": 0.015204523845254385,
      "upper_outlier_bound": 34577.83252747635
    },
    {
      "maximum": 33689.430614933175,
      "total": 625026.037736781,
      "mode": null,
      "n": 800,
      "frequency_distribution": "removed",
      "outliers": "removed",
      "average": 27175.04511899048,
      "sample_size": 23,
      "percentiles": {
        "25": 17447.80489166658,
        "50": 33167.82588218125,
        "75": 33355.12534856106
      },
      "variance": 107400142.86048125,
      "standard_deviation": 10363.404018973748,
      "lower_outlier_bound": -6413.175793675138,
      "median": 33167.82588218125,
      "minimum": 7733.641029131079,
      "standard_deviation_ratio": 0.3813573804052891,
      "upper_outlier_bound": 57216.106033902775
    },
    {
      "maximum": 31396.2870750905,
      "total": 550683.5162960427,
      "mode": null,
      "n": 900,
      "frequency_distribution": "removed",
      "outliers": "removed",
      "average": 30593.528683113484,
      "sample_size": 18,
      "percentiles": {
        "25": 30304.632912563506,
        "50": 30789.033402909834,
        "75": 30852.295190133606
      },
      "variance": 208879.7761202306,
      "standard_deviation": 457.0336706635854,
      "lower_outlier_bound": 28329.690592337727,
      "median": 30789.033402909834,
      "minimum": 29480.34987279229,
      "standard_deviation_ratio": 0.014938900164068075,
      "upper_outlier_bound": 32357.482225746084
    },
    {
      "maximum": 25793.87086040615,
      "total": 468394.37046410434,
      "mode": 25421.359025853522,
      "n": 1000,
      "frequency_distribution": "removed",
      "outliers": "removed",
      "average": 20364.9726288741,
      "sample_size": 23,
      "percentiles": {
        "25": 11644.222427936818,
        "50": 25050.037449805986,
        "75": 25501.876938142646
      },
      "variance": 60617525.577678375,
      "standard_deviation": 7785.7257579289535,
      "lower_outlier_bound": -9142.259337371923,
      "median": 25050.037449805986,
      "minimum": 7103.539054192189,
      "standard_deviation_ratio": 0.3823096598170776,
      "upper_outlier_bound": 46288.35870345139
    },
    {
      "maximum": 27037.549749091537,
      "total": 555428.4280097999,
      "mode": null,
      "n": 2000,
      "frequency_distribution": "removed",
      "outliers": "removed",
      "average": 26448.972762371424,
      "sample_size": 21,
      "percentiles": {
        "25": 26249.06700626619,
        "50": 26404.52256662521,
        "75": 26591.365693676882
      },
      "variance": 80903.4987578041,
      "standard_deviation": 284.43540348874313,
      "lower_outlier_bound": 25576.88167353395,
      "median": 26404.52256662521,
      "minimum": 25858.034220522488,
      "standard_deviation_ratio": 0.010754119112459645,
      "upper_outlier_bound": 27180.257289625326
    },
    {
      "maximum": 25844.60157962205,
      "total": 467433.262891256,
      "mode": null,
      "n": 3000,