{
  "build_type": "from_ordset_or_orddict",
  "name": "runtime",
  "timestamp": "2026-04-02T22:07:07.046442Z",
  "impl_mod": "xb5_trees",
  "impl_description": ":xb5_trees.delete_any/2",
  "tweaks": "none",
  "group_id": "delete_any_missing_x100",
  "measurements": [
    {
      "maximum": 632903.3809698612,
      "total": 26442891.454509832,
      "mode": null,
      "n": 0,
      "percentiles": {
        "25": 608479.7741323079,
        "50": 614677.2637026929,
        "75": 621979.5119948749
      },
      "frequency_distribution": "removed",
      "outliers": "removed",
      "median": 614677.2637026929,
      "average": 614950.9640583682,
      "sample_size": 43,
      "variance": 72950814.45247634,
      "standard_deviation": 8541.124893857737,
      "lower_outlier_bound": 585299.6122963452,
      "minimum": 591673.963978889,
      "standard_deviation_ratio": 0.013889115381640501,
      "upper_outlier_bound": 643058.404134722
    },
    {
      "maximum": 214551.2981426294,
      "total": 9417440.85912606,
      "mode": null,
      "n": 100,
      "percentiles": {
        "25": 207103.07228287484,
        "50": 209648.4405300751,
        "75": 211520.7462413307
      },
      "frequency_distribution": "removed",
      "outliers": "removed",
      "median": 209648.4405300751,
      "average": 209276.46353613466,
      "sample_size": 45,
      "variance": 8823815.475448169,
      "standard_deviation": 2970.4907802328166,
      "lower_outlier_bound": 200068.3026368395,
      "minimum": 201060.7967637254,
      "standard_deviation_ratio": 0.014194098705800797,
      "upper_outlier_bound": 218678.711292242
    },
    {
      "maximum": 184562.79841497468,
      "total": 8538111.333464481,
      "mode": null,
      "n": 200,
      "percentiles": {
        "25": 180676.96043535921,
        "50": 181550.8069933371,
        "75": 182528.38316358195
      },
      "frequency_distribution": "removed",
      "outliers": "removed",
      "median": 181550.8069933371,
      "average": 181661.94326520173,
      "sample_size": 47,
      "variance": 2206263.2656639586,
      "standard_deviation": 1485.3495432604268,
      "lower_outlier_bound": 177696.60746051438,
      "minimum": 178458.61723125025,
      "standard_deviation_ratio": 0.008176448608677594,
      "upper_outlier_bound": 185541.14810282618
    },
    {
      "maximum": 167904.12003129732,
      "total": 7583943.969336845,
      "mode": null,
      "n": 300,
      "percentiles": {
        "25": 163992.97664317884,
        "50": 164937.57234261994,
        "75": 165918.23778536275
      },
      "frequency_distribution": "removed",
      "outliers": "removed",
      "median": 164937.57234261994,
      "average": 164868.34715949662,
      "sample_size": 46,
      "variance": 1950793.4535665044,
      "standard_deviation": 1396.7080774329704,
      "lower_outlier_bound": 160804.11970602002,
      "minimum": 162214.9477830083,
      "standard_deviation_ratio": 0.008471656940199503,
      "upper_outlier_bound": 168996.17923701162
    },
    {
      "maximum": 160048.65479105647,
      "total": 6452726.243105533,
      "mode": null,
      "n": 400,
      "percentiles": {
        "25": 152256.27285600733,
        "50": 153608.66658514127,
        "75": 155180.93511246954
      },
      "frequency_distribution": "removed",
      "outliers": "removed",
      "median": 153608.66658514127,
      "average": 153636.3391215603,
      "sample_size": 42,
      "variance": 4958804.41009571,
      "standard_deviation": 2226.8373110974476,
      "lower_outlier_bound": 147231.42325286684,
      "minimum": 148629.7084033751,
      "standard_deviation_ratio": 0.014494209663089714,
      "upper_outlier_bound": 160307.75483133423
    },
    {
      "maximum": 149128.19656289334,
      "total": 6772745.536914591,
      "mode": null,
      "n": 500,
      "percentiles": {
        "25": 142845.91924920186,
        "50": 144276.82683318137,
        "75": 145631.63352090688
      },
      "frequency_distribution": "removed",
      "outliers": "removed",
      "median": 144276.82683318137,
      "average": 144100.9688705232,
      "sample_size": 47,
      "variance": 5268683.781353783,
      "standard_deviation": 2295.361361823838,
      "lower_outlier_bound": 138475.94780780812,
      "minimum": 138708.76015174738,
      "standard_deviation_ratio": 0.01592884058875588,
      "upper_outlier_bound": 149923.26348314277
    },
    {
      "maximum": 141244.53383654053,
      "total": 5816167.553445508,
      "mode": null,
      "n": 600,
      "percentiles": {
        "25": 137923.10965862012,
        "50": 138312.39615902252,
        "75": 139160.64018672996
      },
      "frequency_distribution": "removed",
      "outliers": "removed",
      "median": 138312.39615902252,
      "average": 138480.17984394066,
      "sample_size": 42,
      "variance": 1439956.2891054498,
      "standard_deviation": 1199.9817869890567,
      "lower_outlier_bound": 135608.20178360236,
      "minimum": 135691.83840730347,
      "standard_deviation_ratio": 0.008665368490576546,
      "upper_outlier_bound": 141402.6340273379
    },
    {
      "maximum": 137423.7985037297,
      "total": 6441571.881842709,
      "mode": null,
      "n": 700,
      "percentiles": {
        "25": 132965.90913627157,
        "50": 134157.2210980609,
        "75": 135371.93638827433
      },
      "frequency_distribution": "removed",
      "outliers": "removed",
      "median": 134157.2210980609,
      "average": 134199.41420505644,
      "sample_size": 48,
      "variance": 2519143.087221715,
      "standard_deviation": 1587.1808615346,
      "lower_outlier_bound": 129356.86825826742,
      "minimum": 131163.5386348761,
      "standard_deviation_ratio": 0.011827032710510872,
      "upper_outlier_bound": 138980.97726627847
    },
    {
      "maximum": 134554.55043306382,
      "total": 6239421.3221022,
      "mode": null,
      "n": 800,
      "percentiles": {
        "25": 128567.5479633321,
        "50": 130239.11277699933,
        "75": 131030.83980715962
      },
      "frequency_distribution": "removed",
      "outliers": "removed",
      "median": 130239.11277699933,
      "average": 129987.9442104625,
      "sample_size": 48,
      "variance": 3270783.692613067,
      "standard_deviation": 1808.5308105235772,
      "lower_outlier_bound": 124872.61019759081,
      "minimum": 126506.2146177931,
      "standard_deviation_ratio": 0.013913065719351624,
      "upper_outlier_bound": 134725.7775729009
    },
    {
      "maximum": 126770.99074064684,
      "total": 6070024.402113175,
      "mode": null,
      "n": 900,
      "percentiles": {
        "25": 122839.95836293761,
        "50": 123972.8846506692,
        "75": 124930.58427666409
      },
      "frequency_distribution": "removed",
      "outliers": "removed",
      "median": 123972.8846506692,
      "average": 123878.04902271785,
      "sample_size": 49,
      "variance": 2582414.6262965156,
      "standard_deviation": 1606.9893049726609,
      "lower_outlier_bound": 119719.49349978834,
      "minimum": 119790.03203185457,
      "standard_deviation_ratio": 0.012972349158307757,
      "upper_outlier_bound": 127848.47171541426
    },
    {
      "maximum": 125123.71607426844,
      "total": 5923312.802725131,
      "mode": null,
      "n": 1000,
      "percentiles": {
        "25": 119694.54293940021,
        "50": 121048.81535576851,
        "75": 121984.17038329359
      },
      "frequency_distribution": "removed",
      "outliers": "removed",
      "median": 121048.81535576851,
      "average": 120883.93474949246,
      "sample_size": 49,
      "variance": 2471200.150757492,
      "standard_deviation": 1572.0051370009871,
      "lower_outlier_bound": 116260.10177356015,
      "minimum": 117503.42816251665,
      "standard_deviation_ratio": 0.01300425189053161,
      "upper_outlier_bound": 125418.61154913365
    },
    {
      "maximum": 99045.59663086498,
      "total": 4225064.449720306,