{
  "build_type": "from_ordset_or_orddict",
  "name": "runtime",
  "timestamp": "2026-03-05T19:28:36.650932Z",
  "impl_mod": "xb5_trees",
  "group_id": "smaller_x100",
  "impl_description": ":xb5_trees.smaller/2",
  "tweaks": "none",
  "measurements": [
    {
      "maximum": 301400.9114363562,
      "total": 16090231.780350117,
      "mode": null,
      "n": 100,
      "percentiles": {
        "25": 277430.2548978023,
        "50": 281596.53974171967,
        "75": 287155.4429874324
      },
      "average": 282284.76807631785,
      "sample_size": 57,
      "variance": 56394546.58999004,
      "standard_deviation": 7509.630256543263,
      "frequency_distribution": "removed",
      "lower_outlier_bound": 262347.83658586827,
      "median": 281596.53974171967,
      "minimum": 265188.68174706306,
      "outliers": "removed",
      "standard_deviation_ratio": 0.026603030364404846,
      "upper_outlier_bound": 301946.66410655074
    },
    {
      "maximum": 258006.58948829552,
      "total": 12428723.67617949,
      "mode": null,
      "n": 200,
      "percentiles": {
        "25": 240248.32066423856,
        "50": 244063.75921645772,
        "75": 246823.99227934552
      },
      "average": 243700.46423881353,
      "sample_size": 51,
      "variance": 26653573.141456142,
      "standard_deviation": 5162.70986415624,
      "frequency_distribution": "removed",
      "lower_outlier_bound": 228061.64075174913,
      "median": 244063.75921645772,
      "minimum": 231333.14980903448,
      "outliers": "removed",
      "standard_deviation_ratio": 0.021184653382921168,
      "upper_outlier_bound": 258107.7232898668
    },
    {
      "maximum": 231044.52921211504,
      "total": 12901918.132808667,
      "mode": null,
      "n": 300,
      "percentiles": {
        "25": 219823.7358433716,
        "50": 222229.1387613053,
        "75": 225094.31709446438
      },
      "average": 222446.8643587701,
      "sample_size": 58,
      "variance": 15292381.935847742,
      "standard_deviation": 3910.5475237935343,
      "frequency_distribution": "removed",
      "lower_outlier_bound": 210141.91439701122,
      "median": 222229.1387613053,
      "minimum": 212578.70726636538,
      "outliers": "removed",
      "standard_deviation_ratio": 0.017579692728266406,
      "upper_outlier_bound": 233975.37356491358
    },
    {
      "maximum": 219343.4611520796,
      "total": 11638657.554851515,
      "mode": null,
      "n": 400,
      "percentiles": {
        "25": 209083.85726263231,
        "50": 211700.24938289376,
        "75": 213975.60250180276
      },
      "average": 211611.95554275482,
      "sample_size": 55,
      "variance": 14135890.084665796,
      "standard_deviation": 3759.7726107659482,
      "frequency_distribution": "removed",
      "lower_outlier_bound": 201192.69180347584,
      "median": 211700.24938289376,
      "minimum": 201351.47107384767,
      "outliers": "removed",
      "standard_deviation_ratio": 0.01776729769885951,
      "upper_outlier_bound": 221679.41789605387
    },
    {
      "maximum": 210174.54996374488,
      "total": 11109079.83997559,
      "mode": null,
      "n": 500,
      "percentiles": {
        "25": 198864.8792691318,
        "50": 202703.2505493258,
        "75": 204665.13713587515
      },
      "average": 201983.269817738,
      "sample_size": 55,
      "variance": 15943804.204887792,
      "standard_deviation": 3992.9693468505106,
      "frequency_distribution": "removed",
      "lower_outlier_bound": 187922.93303512386,
      "median": 202703.2505493258,
      "minimum": 194172.49507772725,
      "outliers": "removed",
      "standard_deviation_ratio": 0.01976881229051106,
      "upper_outlier_bound": 214699.7377192385
    },
    {
      "maximum": 190634.5078960813,
      "total": 10605672.427366847,
      "mode": null,
      "n": 600,
      "percentiles": {
        "25": 179943.34404333172,
        "50": 183036.429755248,
        "75": 185300.36016925465
      },
      "average": 182856.42116149736,
      "sample_size": 58,
      "variance": 14517801.537445068,
      "standard_deviation": 3810.2232923340684,
      "frequency_distribution": "removed",
      "lower_outlier_bound": 171878.26020698572,
      "median": 183036.429755248,
      "minimum": 173380.83968340658,
      "outliers": "removed",
      "standard_deviation_ratio": 0.020837240869812874,
      "upper_outlier_bound": 193207.7539308157
    },
    {
      "maximum": 185299.7965408234,
      "total": 9786300.2475043,
      "mode": null,
      "n": 700,
      "percentiles": {
        "25": 176161.7869851672,
        "50": 178425.18364412026,
        "75": 180030.31710540055
      },
      "average": 177932.73177280545,
      "sample_size": 55,
      "variance": 13870423.391094403,
      "standard_deviation": 3724.301732015601,
      "frequency_distribution": "removed",
      "lower_outlier_bound": 167429.12052555857,
      "median": 178425.18364412026,
      "minimum": 167952.05976406095,
      "outliers": "removed",
      "standard_deviation_ratio": 0.020930953483988542,
      "upper_outlier_bound": 187472.33049946427
    },
    {
      "maximum": 178842.2468309154,
      "total": 10294517.091888791,
      "mode": null,
      "n": 800,
      "percentiles": {
        "25": 168636.98961352414,
        "50": 172043.24497555906,
        "75": 174119.10966290787
      },
      "average": 171575.28486481318,
      "sample_size": 60,
      "variance": 14441479.93290366,
      "standard_deviation": 3800.1947230245532,
      "frequency_distribution": "removed",
      "lower_outlier_bound": 160413.80953944856,
      "median": 172043.24497555906,
      "minimum": 162413.85974913556,
      "outliers": "removed",
      "standard_deviation_ratio": 0.022148846939224292,
      "upper_outlier_bound": 182342.28973698345
    },
    {
      "maximum": 176027.51662139824,
      "total": 10066852.424819397,
      "mode": null,
      "n": 900,
      "percentiles": {
        "25": 165682.57665883796,
        "50": 167322.852480462,
        "75": 171107.8703118945
      },
      "average": 167780.87374698994,
      "sample_size": 60,
      "variance": 15967463.36199381,
      "standard_deviation": 3995.9308505020217,
      "frequency_distribution": "removed",
      "lower_outlier_bound": 156958.26640734903,
      "median": 167322.852480462,
      "minimum": 157836.75260351723,
      "outliers": "removed",
      "standard_deviation_ratio": 0.023816366915145538,
      "upper_outlier_bound": 179475.94492214394
    },
    {
      "maximum": 169023.98788436054,
      "total": 9214691.902739843,
      "mode": null,
      "n": 1000,
      "percentiles": {
        "25": 159990.96836869328,
        "50": 161793.70978415103,
        "75": 163748.665501504
      },
      "average": 161661.2614515762,
      "sample_size": 57,
      "variance": 9254567.010299688,
      "standard_deviation": 3042.1319843655187,
      "frequency_distribution": "removed",
      "lower_outlier_bound": 153656.34274712222,
      "median": 161793.70978415103,
      "minimum": 153966.24751921883,
      "outliers": "removed",
      "standard_deviation_ratio": 0.018817940408542184,
      "upper_outlier_bound": 169799.33995605476
    },
    {
      "maximum": 130959.64609465239,
      "total": 7339779.058133599,
      "mode": null,
      "n": 2000,
      "percentiles": {
        "25": 124940.8490648602,
        "50": 126529.91716932193,
        "75": 128393.07278891429
      },
      "average": 126547.91479540689,
      "sample_size": 58,
      "variance": 5176807.462786524,
      "standard_deviation": 2275.259867089147,
      "frequency_distribution": "removed",
      "lower_outlier_bound": 119742.86007822907,
      "median": 126529.91716932193,
      "minimum": 120631.19064191476,
      "outliers": "removed",
      "standard_deviation_ratio": 0.017979433882949515,
      "upper_outlier_bound": 133559.52281367968
    },
    {
      "maximum": 109029.61462392415,
      "total": 5894889.959235571,
      "mode": null,