{
  "build_type": "from_ordset_or_orddict",
  "name": "runtime",
  "timestamp": "2026-04-02T22:07:07.006419Z",
  "impl_mod": "xb5_trees",
  "impl_description": ":xb5_trees.take_smallest/1 + :xb5_trees.insert/3",
  "tweaks": "none",
  "group_id": "take_smallest + insert largest x300",
  "measurements": [
    {
      "maximum": 31473.431859862656,
      "total": 1428641.9462182992,
      "mode": null,
      "n": 100,
      "percentiles": {
        "25": 29912.338899620772,
        "50": 30481.02099227916,
        "75": 30832.261398378716
      },
      "frequency_distribution": "removed",
      "outliers": "removed",
      "median": 30481.02099227916,
      "average": 30396.637153580836,
      "sample_size": 47,
      "variance": 277371.01186837186,
      "standard_deviation": 526.6602432957816,
      "lower_outlier_bound": 28515.072534542443,
      "minimum": 29023.111103371615,
      "standard_deviation_ratio": 0.017326266739139565,
      "upper_outlier_bound": 32192.070540179688
    },
    {
      "maximum": 28557.973686111887,
      "total": 1328665.3212090677,
      "mode": null,
      "n": 200,
      "percentiles": {
        "25": 27077.28909644678,
        "50": 27793.103942623573,
        "75": 28282.940742900046
      },
      "frequency_distribution": "removed",
      "outliers": "removed",
      "median": 27793.103942623573,
      "average": 27680.52752518891,
      "sample_size": 48,
      "variance": 424737.50149486307,
      "standard_deviation": 651.7188822604905,
      "lower_outlier_bound": 25069.783486965207,
      "minimum": 25672.972034174833,
      "standard_deviation_ratio": 0.023544308599878924,
      "upper_outlier_bound": 30196.313126075525
    },
    {
      "maximum": 27305.70014682275,
      "total": 1296151.158226171,
      "mode": null,
      "n": 300,
      "percentiles": {
        "25": 25823.467257819364,
        "50": 26701.03624051546,
        "75": 26891.813487088562
      },
      "frequency_distribution": "removed",
      "outliers": "removed",
      "median": 26701.03624051546,
      "average": 26452.06445359533,
      "sample_size": 49,
      "variance": 360668.59916047944,
      "standard_deviation": 600.5569075120853,
      "lower_outlier_bound": 24156.334536900184,
      "minimum": 25088.707397179576,
      "standard_deviation_ratio": 0.02270359308119932,
      "upper_outlier_bound": 28528.194874668996
    },
    {
      "maximum": 26104.95759249639,
      "total": 1163593.213582114,
      "mode": null,
      "n": 400,
      "percentiles": {
        "25": 24647.02104920671,
        "50": 25676.737381774852,
        "75": 25788.542632395987
      },
      "frequency_distribution": "removed",
      "outliers": "removed",
      "median": 25676.737381774852,
      "average": 25295.504643089436,
      "sample_size": 46,
      "variance": 543812.775998802,
      "standard_deviation": 737.4366250728276,
      "lower_outlier_bound": 22549.082089736636,
      "minimum": 23674.657179126716,
      "standard_deviation_ratio": 0.029152872634003384,
      "upper_outlier_bound": 27711.52283796463
    },
    {
      "maximum": 25561.35287038656,
      "total": 1189527.1912091563,
      "mode": null,
      "n": 500,
      "percentiles": {
        "25": 24213.387711377156,
        "50": 25128.74812875956,
        "75": 25291.921560186736
      },
      "frequency_distribution": "removed",
      "outliers": "removed",
      "median": 25128.74812875956,
      "average": 24781.81648352409,
      "sample_size": 48,
      "variance": 523189.5252822334,
      "standard_deviation": 723.318412099563,
      "lower_outlier_bound": 22595.586938162785,
      "minimum": 23050.63648569996,
      "standard_deviation_ratio": 0.029187465437832336,
      "upper_outlier_bound": 26909.722333401107
    },
    {
      "maximum": 24432.54199587481,
      "total": 1118670.220683523,
      "mode": null,
      "n": 600,
      "percentiles": {
        "25": 23681.693411587123,
        "50": 24014.994962854806,
        "75": 24258.7084518068
      },
      "frequency_distribution": "removed",
      "outliers": "removed",
      "median": 24014.994962854806,
      "average": 23801.494057096235,
      "sample_size": 47,
      "variance": 388741.86145645316,
      "standard_deviation": 623.4916691155169,
      "lower_outlier_bound": 21900.981367206863,
      "minimum": 22476.521587462776,
      "standard_deviation_ratio": 0.026195484519579038,
      "upper_outlier_bound": 25619.771389320267
    },
    {
      "maximum": 24007.517233796247,
      "total": 1090801.5298629794,
      "mode": null,
      "n": 700,
      "percentiles": {
        "25": 22433.83812460292,
        "50": 23557.142678781634,
        "75": 23727.20734803139
      },
      "frequency_distribution": "removed",
      "outliers": "removed",
      "median": 23557.142678781634,
      "average": 23208.54318857403,
      "sample_size": 47,
      "variance": 461008.7843418622,
      "standard_deviation": 678.9762767150721,
      "lower_outlier_bound": 20448.844076702553,
      "minimum": 21748.534311901385,
      "standard_deviation_ratio": 0.029255445772630142,
      "upper_outlier_bound": 25689.740543105894
    },
    {
      "maximum": 23855.84390644215,
      "total": 1010511.8618067283,
      "mode": null,
      "n": 800,
      "percentiles": {
        "25": 22177.894721316883,
        "50": 23319.293353497727,
        "75": 23544.250293302328
      },
      "frequency_distribution": "removed",
      "outliers": "removed",
      "median": 23319.293353497727,
      "average": 22966.178677425643,
      "sample_size": 44,
      "variance": 531520.7108930965,
      "standard_deviation": 729.0546693445536,
      "lower_outlier_bound": 19819.769157306648,
      "minimum": 21406.890835346116,
      "standard_deviation_ratio": 0.03174470945230301,
      "upper_outlier_bound": 25775.95025540684
    },
    {
      "maximum": 23528.03883443978,
      "total": 1110392.9765039317,
      "mode": null,
      "n": 900,
      "percentiles": {
        "25": 21703.612152234593,
        "50": 23076.60532981892,
        "75": 23242.764252255874
      },
      "frequency_distribution": "removed",
      "outliers": "removed",
      "median": 23076.60532981892,
      "average": 22661.081153141462,
      "sample_size": 49,
      "variance": 682828.4838631001,
      "standard_deviation": 826.3343656553926,
      "lower_outlier_bound": 19394.88400220267,
      "minimum": 20542.570368574798,
      "standard_deviation_ratio": 0.03646491357014709,
      "upper_outlier_bound": 25551.492402287797
    },
    {
      "maximum": 23130.25432639842,
      "total": 1096334.0386961,
      "mode": null,
      "n": 1000,
      "percentiles": {
        "25": 21630.29103016278,
        "50": 22795.82079658172,
        "75": 22913.237039358417
      },
      "frequency_distribution": "removed",
      "outliers": "removed",
      "median": 22795.82079658172,
      "average": 22374.164055022447,
      "sample_size": 49,
      "variance": 625790.7227945119,
      "standard_deviation": 791.0693539725274,
      "lower_outlier_bound": 19512.74906059065,
      "minimum": 20383.682047173956,
      "standard_deviation_ratio": 0.03535637586401588,
      "upper_outlier_bound": 24939.677800997364
    },
    {
      "maximum": 21131.275513373774,
      "total": 976465.6989308868,
      "mode": null,
      "n": 2000,
      "percentiles": {
        "25": 19534.014396884355,
        "50": 20783.61040605539,
        "75": 20920.81310061795
      },
      "frequency_distribution": "removed",
      "outliers": "removed",
      "median": 20783.61040605539,
      "average": 20343.035394393475,
      "sample_size": 48,
      "variance": 630295.4999294507,
      "standard_deviation": 793.9115189550097,
      "lower_outlier_bound": 17390.402777724237,
      "minimum": 17624.648564507625,
      "standard_deviation_ratio": 0.03902620742496526,
      "upper_outlier_bound": 23034.142962044214
    },
    {
      "maximum": 20721.587853834062,