{
  "build_type": "from_ordset_or_orddict",
  "name": "runtime",
  "timestamp": "2026-03-05T19:28:36.722974Z",
  "impl_mod": "xb5_trees",
  "group_id": "take_x100",
  "impl_description": ":xb5_trees.take/2",
  "tweaks": "none",
  "measurements": [
    {
      "maximum": 140009.15659884157,
      "total": 7371765.673639656,
      "mode": null,
      "n": 100,
      "percentiles": {
        "25": 120157.79121141884,
        "50": 126369.84916494804,
        "75": 128893.55197116909
      },
      "average": 124945.18090914671,
      "sample_size": 59,
      "variance": 36075907.71588128,
      "standard_deviation": 6006.322312021,
      "frequency_distribution": "removed",
      "lower_outlier_bound": 107054.15007179347,
      "median": 126369.84916494804,
      "minimum": 110343.97527412201,
      "outliers": "removed",
      "standard_deviation_ratio": 0.04807166045394314,
      "upper_outlier_bound": 141997.19311079447
    },
    {
      "maximum": 108183.77827518275,
      "total": 5676217.552489518,
      "mode": null,
      "n": 200,
      "percentiles": {
        "25": 101733.2290228625,
        "50": 103807.23411853125,
        "75": 104683.65124013487
      },
      "average": 103203.95549980942,
      "sample_size": 55,
      "variance": 5281867.101347298,
      "standard_deviation": 2298.2312984874475,
      "frequency_distribution": "removed",
      "lower_outlier_bound": 96426.41683287921,
      "median": 103807.23411853125,
      "minimum": 96514.56935681726,
      "outliers": "removed",
      "standard_deviation_ratio": 0.02226882959434332,
      "upper_outlier_bound": 109636.413895932
    },
    {
      "maximum": 101074.72757834049,
      "total": 5293414.803836213,
      "mode": null,
      "n": 300,
      "percentiles": {
        "25": 95552.69109821574,
        "50": 96775.34860899953,
        "75": 97309.2058401093
      },
      "average": 96243.9055242948,
      "sample_size": 55,
      "variance": 4779119.327530758,
      "standard_deviation": 2186.119696524131,
      "frequency_distribution": "removed",
      "lower_outlier_bound": 89449.70956850165,
      "median": 96775.34860899953,
      "minimum": 89975.95842390913,
      "outliers": "removed",
      "standard_deviation_ratio": 0.022714370168324997,
      "upper_outlier_bound": 101918.1668756778
    },
    {
      "maximum": 94873.77992319019,
      "total": 4839450.446258704,
      "mode": null,
      "n": 400,
      "percentiles": {
        "25": 90621.31439806262,
        "50": 91689.11521837597,
        "75": 92500.61449806321
      },
      "average": 91310.38577846612,
      "sample_size": 53,
      "variance": 3265424.5606191945,
      "standard_deviation": 1807.048577271567,
      "frequency_distribution": "removed",
      "lower_outlier_bound": 84622.69686285799,
      "median": 91689.11521837597,
      "minimum": 85947.64585100632,
      "outliers": "removed",
      "standard_deviation_ratio": 0.019790175694315446,
      "upper_outlier_bound": 97153.3244635179
    },
    {
      "maximum": 89486.09922934571,
      "total": 4453566.6256529745,
      "mode": null,
      "n": 500,
      "percentiles": {
        "25": 86816.93520591674,
        "50": 87378.06391181107,
        "75": 88110.22942141537
      },
      "average": 87324.83579711715,
      "sample_size": 51,
      "variance": 1032487.5363637761,
      "standard_deviation": 1016.1139386721236,
      "frequency_distribution": "removed",
      "lower_outlier_bound": 84284.93007736468,
      "median": 87378.06391181107,
      "minimum": 84527.56697541769,
      "outliers": "removed",
      "standard_deviation_ratio": 0.011636024613122358,
      "upper_outlier_bound": 90055.06592710946
    },
    {
      "maximum": 86992.52908160248,
      "total": 4408547.864238555,
      "mode": null,
      "n": 600,
      "percentiles": {
        "25": 84191.06912396727,
        "50": 85035.138380514,
        "75": 85647.54794743049
      },
      "average": 84779.7666199722,
      "sample_size": 52,
      "variance": 1824832.0048385488,
      "standard_deviation": 1350.8634293808345,
      "frequency_distribution": "removed",
      "lower_outlier_bound": 79206.19770147468,
      "median": 85035.138380514,
      "minimum": 81293.2785091463,
      "outliers": "removed",
      "standard_deviation_ratio": 0.015933795093304746,
      "upper_outlier_bound": 89328.1532080009
    },
    {
      "maximum": 84466.30807903344,
      "total": 4145509.928791656,
      "mode": null,
      "n": 700,
      "percentiles": {
        "25": 82508.76226045632,
        "50": 82911.10857159278,
        "75": 83458.65615411692
      },
      "average": 82910.19857583313,
      "sample_size": 50,
      "variance": 730047.4597385318,
      "standard_deviation": 854.4281477915694,
      "frequency_distribution": "removed",
      "lower_outlier_bound": 80186.94343991333,
      "median": 82911.10857159278,
      "minimum": 80389.98790934581,
      "outliers": "removed",
      "standard_deviation_ratio": 0.010305464978594565,
      "upper_outlier_bound": 85362.65057502262
    },
    {
      "maximum": 81948.13666326855,
      "total": 3913896.5746665103,
      "mode": null,
      "n": 800,
      "percentiles": {
        "25": 79263.56182052939,
        "50": 79943.46398227174,
        "75": 80773.72253700747
      },
      "average": 79875.44029931654,
      "sample_size": 49,
      "variance": 1840617.8507046232,
      "standard_deviation": 1356.6937203011678,
      "frequency_distribution": "removed",
      "lower_outlier_bound": 74449.60185397584,
      "median": 79943.46398227174,
      "minimum": 74797.5604027699,
      "outliers": "removed",
      "standard_deviation_ratio": 0.016985117267801483,
      "upper_outlier_bound": 84409.96498043572
    },
    {
      "maximum": 80319.15619907263,
      "total": 3923671.5992896617,
      "mode": null,
      "n": 900,
      "percentiles": {
        "25": 77943.62954450736,
        "50": 78458.88010036899,
        "75": 78958.53912945543
      },
      "average": 78473.43198579323,
      "sample_size": 50,
      "variance": 773812.3648950253,
      "standard_deviation": 879.6660530536718,
      "frequency_distribution": "removed",
      "lower_outlier_bound": 75071.00811075002,
      "median": 78458.88010036899,
      "minimum": 75694.55430667952,
      "outliers": "removed",
      "standard_deviation_ratio": 0.011209730870607596,
      "upper_outlier_bound": 81175.99716108492
    },
    {
      "maximum": 79179.32216165884,
      "total": 4086681.603693973,
      "mode": null,
      "n": 1000,
      "percentiles": {
        "25": 74982.72931785563,
        "50": 76121.42155274772,
        "75": 76678.19632953378
      },
      "average": 75679.2889572958,
      "sample_size": 54,
      "variance": 3198195.3886743803,
      "standard_deviation": 1788.349906666584,
      "frequency_distribution": "removed",
      "lower_outlier_bound": 71148.67342837769,
      "median": 76121.42155274772,
      "minimum": 71173.41473674022,
      "outliers": "removed",
      "standard_deviation_ratio": 0.023630638333239518,
      "upper_outlier_bound": 79953.32936849698
    },
    {
      "maximum": 64650.51869111146,
      "total": 3498801.717827919,
      "mode": null,
      "n": 2000,
      "percentiles": {
        "25": 60575.60817662017,
        "50": 61590.61457578848,
        "75": 62352.0123627475
      },
      "average": 61382.48627768279,
      "sample_size": 57,
      "variance": 2648452.6822218588,
      "standard_deviation": 1627.4067353374996,
      "frequency_distribution": "removed",
      "lower_outlier_bound": 55887.84988467273,
      "median": 61590.61457578848,
      "minimum": 57419.3229802466,
      "outliers": "removed",
      "standard_deviation_ratio": 0.026512558125707367,
      "upper_outlier_bound": 66191.88394998232
    },
    {
      "maximum": 56775.31000738647,
      "total": 2785993.233727798,
      "mode": null,
      "n": 3000,
      "percentiles": {
        "25": 54130.480440492196,