{"build_type":"from_ordset_or_orddict","name":"runtime","timestamp":"2026-04-06T01:16:14.885136Z","impl_mod":"xb5_trees","impl_description":":xb5_trees.map/2","tweaks":"none","group_id":"map","measurements":[{"maximum":7535795.026375283,"total":362858088.02265143,"mode":6449948.400412797,"n":0,"percentiles":{"25":6449948.400412797,"50":6567713.122290818,"75":6883259.911894273},"frequency_distribution":"removed","outliers":"removed","median":6567713.122290818,"average":6597419.782230026,"sample_size":55,"variance":103699222490.77791,"standard_deviation":322023.6365405153,"lower_outlier_bound":5722552.864109531,"minimum":5965875.193890944,"standard_deviation_ratio":0.04881054217709131,"upper_outlier_bound":7660055.815933358},{"maximum":1031565.9170621003,"total":55787868.15003169,"mode":[987459.2673052236,911992.7040583675,867769.3122060432,928556.8369639906,888225.6803808712,896009.1751339533,999880.0143982721,953270.6716745152],"n":100,"percentiles":{"25":888498.2003991301,"50":926732.9164536106,"75":981374.9178666193},"frequency_distribution":"removed","outliers":"removed","median":926732.9164536106,"average":929797.8025005282,"sample_size":60,"variance":3225077156.201131,"standard_deviation":56789.76277641183,"lower_outlier_bound":749183.1241978963,"minimum":749647.6655971693,"standard_deviation_ratio":0.061077540325096186,"upper_outlier_bound":1120689.994067853},{"maximum":630755.6452630251,"total":31876946.824503716,"mode":[586331.4414372157,598587.3338920148],"n":200,"percentiles":{"25":579567.4224570529,"50":588983.7499304301,"75":599089.3841361131},"frequency_distribution":"removed","outliers":"removed","median":588983.7499304301,"average":590313.8300834021,"sample_size":54,"variance":294853562.6246921,"standard_deviation":17171.300551347067,"lower_outlier_bound":542607.922062398,"minimum":553256.4675681059,"standard_deviation_ratio":0.029088426657598435,"upper_outlier_bound":632777.4412827027},{"maximum":447163.1966802604,"total":24065620.70490838,"mode":[438939.17180957063,437598.459653422,442740.38589252037],"n":300,"percentiles":{"25":423112.96905285184,"50":434280.3941588108,"75":440761.44576026796},"frequency_distribution":"removed","outliers":"removed","median":434280.3941588108,"average":429743.2268733639,"sample_size":56,"variance":222630851.9070864,"standard_deviation":14920.81941138242,"lower_outlier_bound":386215.3424331383,"minimum":386975.93783618533,"standard_deviation_ratio":0.03472031315057646,"upper_outlier_bound":471434.8545492634},{"maximum":347359.7187775717,"total":18114164.212080024,"mode":[338171.43939291465,339775.4763652179,318607.30375383125,340908.31611746334,336265.5690958491,342867.3309149758],"n":400,"percentiles":{"25":332055.22704487614,"50":336344.75854908186,"75":340908.31611746334},"frequency_distribution":"removed","outliers":"removed","median":336344.75854908186,"average":335447.48540888936,"sample_size":54,"variance":52434359.16597093,"standard_deviation":7241.157308467406,"lower_outlier_bound":311072.71096058766,"minimum":318607.30375383125,"standard_deviation_ratio":0.021586560112802432,"upper_outlier_bound":358680.56662507233},{"maximum":288440.460120222,"total":14775396.899698615,"mode":[280969.90812284005,278455.35246878513,279870.5878401827,277377.12193498283,284428.6681343186,276305.6825026664,284203.9447507531],"n":500,"percentiles":{"25":276466.19291579607,"50":278890.23995716247,"75":282968.2780932837},"frequency_distribution":"removed","outliers":"removed","median":278890.23995716247,"average":278781.07357921917,"sample_size":53,"variance":30934692.284827296,"standard_deviation":5561.896464770563,"lower_outlier_bound":261495.13428935886,"minimum":262141.06334900938,"standard_deviation_ratio":0.019950767795540756,"upper_outlier_bound":294648.02770836104},{"maximum":245342.17873668406,"total":12270936.203036865,"mode":[234647.04391654074,238556.44722654275,240641.45385940763,240237.9316475037,236976.93266537436,237685.51354332056],"n":600,"percentiles":{"25":232627.57824605302,"50":236976.93266537436,"75":239956.63614729815},"frequency_distribution":"removed","outliers":"removed","median":236976.93266537436,"average":235979.54236609355,"sample_size":52,"variance":29581500.221546277,"standard_deviation":5438.887774310689,"lower_outlier_bound":215262.57163557553,"minimum":221711.79240681452,"standard_deviation_ratio":0.023048132561732475,"upper_outlier_bound":254002.17791163528},{"maximum":214665.05810983124,"total":10846787.972746661,"mode":[209882.08824282518,207630.84896101523,204195.81561934634,208598.42716785916,204253.3722231754,211369.12235313017],"n":700,"percentiles":{"25":200872.20314990025,"50":204720.86310315883,"75":208719.97075972403},"frequency_distribution":"removed","outliers":"removed","median":204720.86310315883,"average":204656.37684427662,"sample_size":53,"variance":30535475.15029355,"standard_deviation":5525.891344416171,"lower_outlier_bound":182827.41322114549,"minimum":189896.734155966,"standard_deviation_ratio":0.027000826603222977,"upper_outlier_bound":224012.32908386245},{"maximum":187607.4052394996,"total":9460142.183712875,"mode":[182630.38896620242,183143.47459800006,183097.19897905,182258.25265368016],"n":800,"percentiles":{"25":180933.5832687745,"50":182327.7313529776,"75":183143.47459800006},"frequency_distribution":"removed","outliers":"removed","median":182327.7313529776,"average":181925.8112252476,"sample_size":52,"variance":6227696.721365544,"standard_deviation":2495.5353576668763,"lower_outlier_bound":172884.39475948986,"minimum":175253.50419381636,"standard_deviation_ratio":0.01371732433600135,"upper_outlier_bound":189224.88151078607},{"maximum":170090.0116341568,"total":8851718.21261543,"mode":166335.65870584204,"n":900,"percentiles":{"25":161942.87112239207,"50":164331.2478915423,"75":166133.46048578346},"frequency_distribution":"removed","outliers":"removed","median":164331.2478915423,"average":163920.7076410265,"sample_size":54,"variance":8158444.912762001,"standard_deviation":2856.2991637365303,"lower_outlier_bound":152535.9826488633,"minimum":157723.7311125832,"standard_deviation_ratio":0.0174248830720741,"upper_outlier_bound":174060.1264801925},{"maximum":153892.55837144738,"total":7744654.521512716,"mode":[147397.4040369201,149584.15604619158,148713.9220025222,152743.58018732473,149365.6441094671],"n":1000,"percentiles":{"25":147572.08114271963,"50":149240.8185044771,"75":150551.39573620012},"frequency_distribution":"removed","outliers":"removed","median":149240.8185044771,"average":148935.66387524453,"sample_size":52,"variance":5968208.7806799505,"standard_deviation":2442.9917684429374,"lower_outlier_bound":141121.8315835919,"minimum":141595.7272073358,"standard_deviation_ratio":0.016403000496169284,"upper_outlier_bound":155464.0511374879},{"maximum":78757.76945395663,"total":4402476.192962717,"mode":77841.60789625271,"n":2000,"percentiles":{"25":66196.21417482813,"50":76518.7364597788,"75":77523.35447398783},"frequency_distribution":"removed","outliers":"removed","median":76518.7364597788,"average":73374.60321604529,"sample_size":60,"variance":38547885.573765576,"standard_deviation":6208.694353385869,"lower_outlier_bound":49205.50372608858,"minimum":61700.363291739064,"standard_deviation_ratio":0.08461639424617938,"upper_outlier_bound":94514.06492272738},{"maximum":53002.821870236374,"total":2352384.1803301983,"mode":51933.915131673246,"n":3000,"percentiles":{"25":52003.70273254229,"50":52298.08233391698,"75":52501.389377753},"frequency_distribution":"removed","outliers":"removed","median":52298.08233391698,"average":52275.204007337736,"sample_size":45,"variance":90624.86418495809,"standard_deviation":301.03963889321636,"lower_outlier_bound":50555.745769454006,"minimum":51667.78441306947,"standard_deviation_ratio":0.005758746323609951,"upper_outlier_bound":53521.18215242859},{"maximum":40021.77184388307,"total":1819553.107095133,"mode":39574.8709067711,"n":4000,"percentiles":{"25":39443.48582185938,"50":39586.90302598373,"75":39712.59315700317},