{
  "build_type": "random",
  "name": "memory",
  "timestamp": "2026-03-05T19:10:42.008573Z",
  "impl_mod": "gb_sets",
  "group_id": "add_new_x100",
  "impl_description": ":gb_sets.add/2",
  "tweaks": "none",
  "measurements": [
    {
      "maximum": 30968,
      "total": 1207832,
      "mode": [
        26208,
        25728,
        24416,
        26336
      ],
      "n": 0,
      "percentiles": {
        "25": 24968.0,
        "50": 26208.0,
        "75": 2.74e4
      },
      "average": 26257.217391304348,
      "sample_size": 46,
      "variance": 2711202.0405797106,
      "standard_deviation": 1646.5728166648782,
      "frequency_distribution": "removed",
      "lower_outlier_bound": 21272.0,
      "median": 26208.0,
      "minimum": 23424,
      "outliers": "removed",
      "standard_deviation_ratio": 0.06270934166886157,
      "upper_outlier_bound": 31384.0
    },
    {
      "maximum": 40232,
      "total": 1621224,
      "mode": [
        33184,
        32992
      ],
      "n": 100,
      "percentiles": {
        "25": 33056.0,
        "50": 33632.0,
        "75": 35896.0
      },
      "average": 34494.12765957447,
      "sample_size": 47,
      "variance": 5595634.679000923,
      "standard_deviation": 2365.5093910193896,
      "frequency_distribution": "removed",
      "lower_outlier_bound": 28415.0,
      "median": 33632.0,
      "minimum": 30944,
      "outliers": "removed",
      "standard_deviation_ratio": 0.06857716230324205,
      "upper_outlier_bound": 40919.0
    },
    {
      "maximum": 39776,
      "total": 1759640,
      "mode": [
        35680,
        35872,
        39776,
        37592
      ],
      "n": 200,
      "percentiles": {
        "25": 35688.0,
        "50": 36620.0,
        "75": 37592.0
      },
      "average": 36659.166666666664,
      "sample_size": 48,
      "variance": 2260599.120567376,
      "standard_deviation": 1503.528889169535,
      "frequency_distribution": "removed",
      "lower_outlier_bound": 32809.0,
      "median": 36620.0,
      "minimum": 33376,
      "outliers": "removed",
      "standard_deviation_ratio": 0.04101372251150104,
      "upper_outlier_bound": 40465.0
    },
    {
      "maximum": 44560,
      "total": 1953976,
      "mode": 38016,
      "n": 300,
      "percentiles": {
        "25": 37552.0,
        "50": 38944.0,
        "75": 40726.0
      },
      "average": 39079.52,
      "sample_size": 50,
      "variance": 4763993.88734694,
      "standard_deviation": 2182.657528644139,
      "frequency_distribution": "removed",
      "lower_outlier_bound": 32791.0,
      "median": 38944.0,
      "minimum": 34720,
      "outliers": "removed",
      "standard_deviation_ratio": 0.055851697478478214,
      "upper_outlier_bound": 45487.0
    },
    {
      "maximum": 44576,
      "total": 1827896,
      "mode": [
        39104,
        38592,
        40896,
        39552
      ],
      "n": 400,
      "percentiles": {
        "25": 38480.0,
        "50": 39552.0,
        "75": 40896.0
      },
      "average": 39736.86956521739,
      "sample_size": 46,
      "variance": 4203955.849275363,
      "standard_deviation": 2050.3550544418795,
      "frequency_distribution": "removed",
      "lower_outlier_bound": 34436.0,
      "median": 39552.0,
      "minimum": 35360,
      "outliers": "removed",
      "standard_deviation_ratio": 0.05159830346164467,
      "upper_outlier_bound": 45220.0
    },
    {
      "maximum": 45120,
      "total": 1957336,
      "mode": [
        39264,
        38880,
        42080,
        40896,
        40608
      ],
      "n": 500,
      "percentiles": {
        "25": 39264.0,
        "50": 40784.0,
        "75": 42040.0
      },
      "average": 40777.833333333336,
      "sample_size": 48,
      "variance": 3253052.5673758863,
      "standard_deviation": 1803.6220688869068,
      "frequency_distribution": "removed",
      "lower_outlier_bound": 35040.0,
      "median": 40784.0,
      "minimum": 37184,
      "outliers": "removed",
      "standard_deviation_ratio": 0.04423045369143137,
      "upper_outlier_bound": 46304.0
    },
    {
      "maximum": 45200,
      "total": 2045760,
      "mode": [
        43040,
        40384,
        41696,
        42176,
        41856
      ],
      "n": 600,
      "percentiles": {
        "25": 40384.0,
        "50": 42016.0,
        "75": 43008.0
      },
      "average": 41750.204081632655,
      "sample_size": 49,
      "variance": 2792539.37414966,
      "standard_deviation": 1671.0892777316417,
      "frequency_distribution": "removed",
      "lower_outlier_bound": 3.64e4,
      "median": 42016.0,
      "minimum": 37920,
      "outliers": "removed",
      "standard_deviation_ratio": 0.04002589483069883,
      "upper_outlier_bound": 47024.0
    },
    {
      "maximum": 47040,
      "total": 2025048,
      "mode": [
        43776,
        42240,
        43296,
        42400,
        42336,
        40224,
        44320
      ],
      "n": 700,
      "percentiles": {
        "25": 42144.0,
        "50": 43296.0,
        "75": 44256.0
      },
      "average": 43086.12765957447,
      "sample_size": 47,
      "variance": 3089027.374653099,
      "standard_deviation": 1757.5629077370456,
      "frequency_distribution": "removed",
      "lower_outlier_bound": 38840.0,
      "median": 43296.0,
      "minimum": 39040,
      "outliers": "removed",
      "standard_deviation_ratio": 0.040791851187547724,
      "upper_outlier_bound": 47608.0
    },
    {
      "maximum": 46304,
      "total": 2130312,
      "mode": [
        41792,
        45088
      ],
      "n": 800,
      "percentiles": {
        "25": 42016.0,
        "50": 43552.0,
        "75": 45056.0
      },
      "average": 43475.755102040814,
      "sample_size": 49,
      "variance": 2715805.605442177,
      "standard_deviation": 1647.9701470118252,
      "frequency_distribution": "removed",
      "lower_outlier_bound": 37568.0,
      "median": 43552.0,
      "minimum": 40352,
      "outliers": "removed",
      "standard_deviation_ratio": 0.03790549797568593,
      "upper_outlier_bound": 4.96e4
    },
    {
      "maximum": 50360,
      "total": 2081920,
      "mode": [
        45952,
        43808,
        44000,
        45152,
        44864
      ],
      "n": 900,
      "percentiles": {
        "25": 42720.0,
        "50": 44224.0,
        "75": 45632.0
      },
      "average": 44296.17021276596,
      "sample_size": 47,
      "variance": 4549018.405180389,
      "standard_deviation": 2132.8427989845827,
      "frequency_distribution": "removed",
      "lower_outlier_bound": 38172.0,
      "median": 44224.0,
      "minimum": 39808,
      "outliers": "removed",
      "standard_deviation_ratio": 0.04814959823253313,
      "upper_outlier_bound": 50620.0
    },
    {
      "maximum": 49408,
      "total": 2202712,
      "mode": [
        43808,
        44704,
        44224,
        46368
      ],
      "n": 1000,
      "percentiles": {
        "25": 43856.0,
        "50": 44672.0,
        "75": 46112.0
      },
      "average": 44953.30612244898,
      "sample_size": 49,
      "variance": 3502472.925170068,
      "standard_deviation": 1871.4894937375598,
      "frequency_distribution": "removed",
      "lower_outlier_bound": 4.04e4,
      "median": 44672.0,
      "minimum": 40768,
      "outliers": "removed",
      "standard_deviation_ratio": 0.04163185436550054,
      "upper_outlier_bound": 49488.0
    },
    {
      "maximum": 53632,
      "total": 2227144,
      "mode": [
        49952,
        51104
      ],
      "n": 2000,
      "percentiles": {
        "25": 48208.0,
        "50": 49696.0,
        "75": 50480.0
      },
      "average": 49492.08888888889,
      "sample_size": 45,
      "variance": 2138334.901010102,
      "standard_deviation": 1462.304653965822,
      "frequency_distribution": "removed",
      "lower_outlier_bound": 44444.0,
      "median": 49696.0,
      "minimum": 46752,
      "outliers": "removed",