{
  "build_type": "sequential",
  "name": "runtime",
  "impl_mod": "xb5_trees",
  "group_id": "add_existing",
  "impl_description": ":xb5_trees.enter/3",
  "tweaks": [
    "duplicate_variants",
    4
  ],
  "measurements": [
    {
      "maximum": 23029.800561927135,
      "total": 4451471.191818231,
      "mode": [
        7605.893045931988,
        7348.294460855635,
        9936.505728395552,
        7662.4829509754345,
        6734.006734006734,
        7479.319681081809,
        7986.837691484434,
        8284.523681310942,
        7903.326510128113,
        8276.29586102444
      ],
      "n": 100,
      "frequency_distribution": "removed",
      "outliers": "removed",
      "median": 7948.051535166154,
      "average": 8351.728314855967,
      "sample_size": 533,
      "percentiles": {
        "25": 7352.888313663114,
        "50": 7948.051535166154,
        "75": 8936.531307644287
      },
      "variance": 3506288.557829078,
      "standard_deviation": 1872.5086269037795,
      "lower_outlier_bound": 4977.423822691354,
      "minimum": 3616.88506624325,
      "standard_deviation_ratio": 0.22420612312938637,
      "upper_outlier_bound": 11311.995798616048
    },
    {
      "maximum": 13816.734829225157,
      "total": 3958393.2281737886,
      "mode": 7655.443786076279,
      "n": 200,
      "frequency_distribution": "removed",
      "outliers": "removed",
      "median": 7070.835631354914,
      "average": 7343.957751713893,
      "sample_size": 539,
      "percentiles": {
        "25": 6575.227174098865,
        "50": 7070.835631354914,
        "75": 7917.154891218292
      },
      "variance": 1822991.0988837082,
      "standard_deviation": 1350.1818762239805,
      "lower_outlier_bound": 4562.335598419726,
      "minimum": 2937.0214490676426,
      "standard_deviation_ratio": 0.18384935233442518,
      "upper_outlier_bound": 9930.046466897431
    },
    {
      "maximum": 13734.943068660981,
      "total": 3740378.7105673277,
      "mode": [
        7212.405337179949,
        7267.653129451438,
        5723.1484184079345,
        6514.276035932747,
        8391.725758402215,
        6225.370876469966,
        5765.150816345355
      ],
      "n": 300,
      "frequency_distribution": "removed",
      "outliers": "removed",
      "median": 6792.693778571768,
      "average": 6991.362075826781,
      "sample_size": 535,
      "percentiles": {
        "25": 6314.805693428813,
        "50": 6792.693778571768,
        "75": 7603.117278084014
      },
      "variance": 1394644.6768633157,
      "standard_deviation": 1180.9507512438086,
      "lower_outlier_bound": 4382.338316446012,
      "minimum": 2976.1639032984826,
      "standard_deviation_ratio": 0.16891569030976733,
      "upper_outlier_bound": 9535.584655066816
    },
    {
      "maximum": 20537.25457980777,
      "total": 3591015.043532148,
      "mode": [
        6204.859646074806,
        6434.550964860917,
        6582.151837078578,
        6171.1253046993115,
        6141.864792988447
      ],
      "n": 400,
      "frequency_distribution": "removed",
      "outliers": "removed",
      "median": 6508.955265316294,
      "average": 6699.654931962963,
      "sample_size": 536,
      "percentiles": {
        "25": 6072.881854816231,
        "50": 6508.955265316294,
        "75": 7144.694787506011
      },
      "variance": 1695425.3293955887,
      "standard_deviation": 1302.084993153515,
      "lower_outlier_bound": 4465.162455781559,
      "minimum": 2450.5059069444887,
      "standard_deviation_ratio": 0.19435105335671535,
      "upper_outlier_bound": 8752.414186540682
    },
    {
      "maximum": 22028.857803722876,
      "total": 3527680.4863362773,
      "mode": [
        7101.011894194923,
        6701.9187593408
      ],
      "n": 500,
      "frequency_distribution": "removed",
      "outliers": "removed",
      "median": 6351.74704802556,
      "average": 6544.861755725932,
      "sample_size": 539,
      "percentiles": {
        "25": 5809.832560625603,
        "50": 6351.74704802556,
        "75": 7024.198363361781
      },
      "variance": 2119213.5743811433,
      "standard_deviation": 1455.7518931401544,
      "lower_outlier_bound": 3988.283856521336,
      "minimum": 2320.6540531383366,
      "standard_deviation_ratio": 0.2224266833239914,
      "upper_outlier_bound": 8845.747067466047
    },
    {
      "maximum": 21386.71457290731,
      "total": 3463859.008786678,
      "mode": 6228.511634859734,
      "n": 600,
      "frequency_distribution": "removed",
      "outliers": "removed",
      "median": 6230.956969955463,
      "average": 6462.423523855742,
      "sample_size": 536,
      "percentiles": {
        "25": 5760.397019595937,
        "50": 6230.956969955463,
        "75": 6932.3129058694785
      },
      "variance": 1960545.39475318,
      "standard_deviation": 1400.1947702920404,
      "lower_outlier_bound": 4002.5231901856255,
      "minimum": 2510.922512931251,
      "standard_deviation_ratio": 0.2166671319394783,
      "upper_outlier_bound": 8690.18673527979
    },
    {
      "maximum": 21295.625878444567,
      "total": 3316293.095742333,
      "mode": [
        5826.045920893948,
        5751.489635815677,
        5809.427539010306,
        7411.579852361329,
        6100.98347853674
      ],
      "n": 700,
      "frequency_distribution": "removed",
      "outliers": "removed",
      "median": 5998.188547058789,
      "average": 6175.5923570620735,
      "sample_size": 537,
      "percentiles": {
        "25": 5444.962385432798,
        "50": 5998.188547058789,
        "75": 6583.473771895889
      },
      "variance": 1698565.2275799958,
      "standard_deviation": 1303.2901547928595,
      "lower_outlier_bound": 3737.195305738163,
      "minimum": 2689.03224418564,
      "standard_deviation_ratio": 0.21103888978398766,
      "upper_outlier_bound": 8291.240851590524
    },
    {
      "maximum": 16800.22848310737,
      "total": 3253295.566792142,
      "mode": [
        6503.642039542144,
        6184.865633794106,
        7185.9213429049805,
        5744.221313358761,
        7009.231157434341
      ],
      "n": 800,
      "frequency_distribution": "removed",
      "outliers": "removed",
      "median": 5863.005044749285,
      "average": 6069.581281328623,
      "sample_size": 536,
      "percentiles": {
        "25": 5359.286756526188,
        "50": 5863.005044749285,
        "75": 6473.499148293658
      },
      "variance": 1324273.2845221576,
      "standard_deviation": 1150.7707349955324,
      "lower_outlier_bound": 3687.9681688749815,
      "minimum": 2553.450094094636,
      "standard_deviation_ratio": 0.18959639580666926,
      "upper_outlier_bound": 8144.817735944865
    },
    {
      "maximum": 10623.944245540599,
      "total": 3189913.3761088597,
      "mode": [
        5796.967026851551,
        5561.766194472717,
        5551.5769254256675,
        5931.338821798857,
        5473.03435970971,
        7190.003019801268,
        5597.631082525875,
        5654.093846649666
      ],
      "n": 900,
      "frequency_distribution": "removed",
      "outliers": "removed",
      "median": 5796.967026851551,
      "average": 5951.330925576231,
      "sample_size": 536,
      "percentiles": {
        "25": 5373.7785074487265,
        "50": 5796.967026851551,
        "75": 6401.989756039758
      },
      "variance": 1035945.9596489127,
      "standard_deviation": 1017.8143050915096,
      "lower_outlier_bound": 3831.46163456218,
      "minimum": 2462.011167682657,
      "standard_deviation_ratio": 0.1710229724778682,
      "upper_outlier_bound": 7944.306628926304
    },
    {
      "maximum": 17158.544955387784,
      "total": 3183137.6703817686,
      "mode": [
        6404.344707449533,
        6656.814581086658,
        5208.279080426246,
        5109.20934985311,
        5769.80775000577,
        6633.323162237818,
        6097.226371723503
      ],
      "n": 1000,
      "frequency_distribution": "removed",