{
  "build_type": "sequential",
  "name": "runtime",
  "impl_mod": "xb5_trees",
  "group_id": "delete_x100",
  "impl_description": ":xb5_trees.delete/2",
  "tweaks": "none",
  "measurements": [
    {
      "maximum": 2253.592226008257,
      "total": 827837.9284452514,
      "mode": [
        1828.4310050702393,
        1829.4947484353247,
        1860.5585768959556
      ],
      "n": 100,
      "frequency_distribution": "removed",
      "outliers": "removed",
      "median": 1806.1348986583573,
      "average": 1550.2582929686357,
      "sample_size": 534,
      "percentiles": {
        "25": 956.7901781435673,
        "50": 1806.1348986583573,
        "75": 1843.2202902640631
      },
      "variance": 193806.19699844508,
      "standard_deviation": 440.2342524139223,
      "lower_outlier_bound": -372.8549900371763,
      "minimum": 757.0320709066519,
      "standard_deviation_ratio": 0.28397477659732734,
      "upper_outlier_bound": 3172.865458444807
    },
    {
      "maximum": 1742.4000864230443,
      "total": 674168.3267383084,
      "mode": [
        1496.5176035365705,
        1478.690589908824,
        1467.7584832770938
      ],
      "n": 200,
      "frequency_distribution": "removed",
      "outliers": "removed",
      "median": 1461.3388201734901,
      "average": 1255.4345004437773,
      "sample_size": 537,
      "percentiles": {
        "25": 751.5256917558871,
        "50": 1461.3388201734901,
        "75": 1489.8478234478803
      },
      "variance": 128387.25162826835,
      "standard_deviation": 358.311668283728,
      "lower_outlier_bound": -355.95750578210266,
      "minimum": 526.302216416524,
      "standard_deviation_ratio": 0.2854084925633876,
      "upper_outlier_bound": 2597.33102098587
    },
    {
      "maximum": 1876.1585278909727,
      "total": 602156.27890497,
      "mode": [
        1319.3169104764318,
        674.3574890433767,
        1340.689248342573,
        1342.0963276218188
      ],
      "n": 300,
      "frequency_distribution": "removed",
      "outliers": "removed",
      "median": 1321.5364182398457,
      "average": 1121.3338527094413,
      "sample_size": 537,
      "percentiles": {
        "25": 678.1038128939863,
        "50": 1321.5364182398457,
        "75": 1349.194507545059
      },
      "variance": 117293.21127224881,
      "standard_deviation": 342.48096483198714,
      "lower_outlier_bound": -328.53222908262273,
      "minimum": 56.49296529823569,
      "standard_deviation_ratio": 0.3054228354958355,
      "upper_outlier_bound": 2355.830549521668
    },
    {
      "maximum": 1627.585623210673,
      "total": 551067.5927941361,
      "mode": [
        1209.4135916318255,
        624.3456077598667
      ],
      "n": 400,
      "frequency_distribution": "removed",
      "outliers": "removed",
      "median": 1200.8636611450956,
      "average": 1030.0328837273573,
      "sample_size": 535,
      "percentiles": {
        "25": 644.3249150135437,
        "50": 1200.8636611450956,
        "75": 1226.575474868695
      },
      "variance": 84510.9844649947,
      "standard_deviation": 290.707730315165,
      "lower_outlier_bound": -229.05092476918333,
      "minimum": 532.0238453087468,
      "standard_deviation_ratio": 0.2822315043605087,
      "upper_outlier_bound": 2099.951314651422
    },
    {
      "maximum": 1562.795466017794,
      "total": 513014.6752971021,
      "mode": 590.8318262198167,
      "n": 500,
      "frequency_distribution": "removed",
      "outliers": "removed",
      "median": 1115.077069799428,
      "average": 957.1169315244442,
      "sample_size": 536,
      "percentiles": {
        "25": 602.9995650185521,
        "50": 1115.077069799428,
        "75": 1142.8503411642505
      },
      "variance": 74326.75728306748,
      "standard_deviation": 272.6293404662592,
      "lower_outlier_bound": -206.77659919999553,
      "minimum": 32.37401990082802,
      "standard_deviation_ratio": 0.28484433979454304,
      "upper_outlier_bound": 1952.626505382798
    },
    {
      "maximum": 1565.1926204298331,
      "total": 489595.77988871705,
      "mode": 1090.1701537575984,
      "n": 600,
      "frequency_distribution": "removed",
      "outliers": "removed",
      "median": 1058.1289312570827,
      "average": 913.4249624789497,
      "sample_size": 536,
      "percentiles": {
        "25": 592.5919881631942,
        "50": 1058.1289312570827,
        "75": 1084.716643366448
      },
      "variance": 65495.95411561034,
      "standard_deviation": 255.92177343010567,
      "lower_outlier_bound": -145.5949946416864,
      "minimum": 29.87552779601181,
      "standard_deviation_ratio": 0.28017821270787036,
      "upper_outlier_bound": 1822.9036261713286
    },
    {
      "maximum": 1544.6186259381627,
      "total": 463234.4337817092,
      "mode": 1020.1520842727234,
      "n": 700,
      "frequency_distribution": "removed",
      "outliers": "removed",
      "median": 1002.7364712123747,
      "average": 864.2433466076664,
      "sample_size": 536,
      "percentiles": {
        "25": 571.8416878521236,
        "50": 1002.7364712123747,
        "75": 1024.8209089039487
      },
      "variance": 52794.08625648681,
      "standard_deviation": 229.76963736857576,
      "lower_outlier_bound": -107.62714372561402,
      "minimum": 33.50533857312155,
      "standard_deviation_ratio": 0.26586219988903476,
      "upper_outlier_bound": 1704.2897404816863
    },
    {
      "maximum": 1520.1981122179843,
      "total": 455692.532454544,
      "mode": 975.1797256234324,
      "n": 800,
      "frequency_distribution": "removed",
      "outliers": "removed",
      "median": 966.2405223882761,
      "average": 848.5894459116275,
      "sample_size": 537,
      "percentiles": {
        "25": 549.1370943808834,
        "50": 966.2405223882761,
        "75": 986.2370848491719
      },
      "variance": 51867.41251746498,
      "standard_deviation": 227.74418218137865,
      "lower_outlier_bound": -106.51289132154943,
      "minimum": 24.815536193261014,
      "standard_deviation_ratio": 0.26837970149006074,
      "upper_outlier_bound": 1641.8870705516047
    },
    {
      "maximum": 1391.453414835398,
      "total": 430177.7109647807,
      "mode": [
        954.5783007169838,
        952.6014115647716,
        941.405952133273,
        928.5232116875073
      ],
      "n": 900,
      "frequency_distribution": "removed",
      "outliers": "removed",
      "median": 923.2421220052672,
      "average": 802.5703562775759,
      "sample_size": 536,
      "percentiles": {
        "25": 535.3531974803616,
        "50": 923.2421220052672,
        "75": 942.3178951352709
      },
      "variance": 45306.02350635901,
      "standard_deviation": 212.85211651839174,
      "lower_outlier_bound": -75.09384900200234,
      "minimum": 34.76987747825344,
      "standard_deviation_ratio": 0.26521303067512625,
      "upper_outlier_bound": 1552.7649416176348
    },
    {
      "maximum": 1361.9413657003238,
      "total": 413429.2436989261,
      "mode": [
        910.8314251414977,
        886.6946152809403,
        891.5993509156725,
        907.3784385105928,
        887.3090843591366
      ],
      "n": 1000,
      "frequency_distribution": "removed",
      "outliers": "removed",
      "median": 886.4922079845493,
      "average": 771.3232158562055,
      "sample_size": 536,
      "percentiles": {
        "25": 514.8577123370312,
        "50": 886.4922079845493,
        "75": 906.1693374537467
      },
      "variance": 41206.46000550818,
      "standard_deviation": 202.9937437595262,
      "lower_outlier_bound": -72.10972533804204,
      "minimum": 34.7105676670368,
      "standard_deviation_ratio": 0.26317598068689463,
      "upper_outlier_bound": 1493.1367751288199
    },
    {
      "maximum": 1302.9893180935703,
      "total": 335512.32956275484,
      "mode": [
        695.8477373814972,
        702.606882315455,
        685.4300868165748
      ],
      "n": 2000,