{
  "build_type": "sequential",
  "name": "runtime",
  "timestamp": "2026-03-19T20:33:21.917893Z",
  "impl_mod": "xb5_trees",
  "tweaks": "none",
  "impl_description": ":xb5_trees.from_orddict/1",
  "group_id": "from_ordset / from_orddict",
  "measurements": [
    {
      "maximum": 235693.41001225606,
      "total": 10583576.19411011,
      "mode": 203714.11575850914,
      "n": 100,
      "percentiles": {
        "25": 177395.53334129395,
        "50": 204452.68565856136,
        "75": 208586.533892122
      },
      "frequency_distribution": "removed",
      "average": 195992.15174277982,
      "variance": 387600546.2189772,
      "standard_deviation": 19687.573395900705,
      "standard_deviation_ratio": 0.10045082530518204,
      "median": 204452.68565856136,
      "minimum": 138381.10710420928,
      "lower_outlier_bound": 126664.78436776348,
      "upper_outlier_bound": 256651.14414068632,
      "outliers": "removed",
      "sample_size": 54
    },
    {
      "maximum": 116479.79425009144,
      "total": 6203419.441517664,
      "mode": null,
      "n": 200,
      "percentiles": {
        "25": 95968.92142448589,
        "50": 109560.22525582313,
        "75": 110565.16489688693
      },
      "frequency_distribution": "removed",
      "average": 105142.70239860448,
      "variance": 71818369.60205066,
      "standard_deviation": 8474.571942113103,
      "standard_deviation_ratio": 0.08060066698671407,
      "median": 109560.22525582313,
      "minimum": 77032.81906223328,
      "lower_outlier_bound": 69939.93516324494,
      "upper_outlier_bound": 134987.25787476276,
      "outliers": "removed",
      "sample_size": 59
    },
    {
      "maximum": 85744.32072491679,
      "total": 4472518.703896503,
      "mode": null,
      "n": 300,
      "percentiles": {
        "25": 65416.30929530093,
        "50": 75828.46388214437,
        "75": 76586.04739904826
      },
      "frequency_distribution": "removed",
      "average": 73319.97875240169,
      "variance": 35185560.14353563,
      "standard_deviation": 5931.7417461935775,
      "standard_deviation_ratio": 0.08090212036510275,
      "median": 75828.46388214437,
      "minimum": 62802.235759593044,
      "lower_outlier_bound": 48661.70213967995,
      "upper_outlier_bound": 93340.65455466925,
      "outliers": "removed",
      "sample_size": 61
    },
    {
      "maximum": 60946.92010833925,
      "total": 2464326.596651603,
      "mode": null,
      "n": 400,
      "percentiles": {
        "25": 58425.68515903026,
        "50": 58612.35503404324,
        "75": 59029.1811581532
      },
      "frequency_distribution": "removed",
      "average": 58674.44277741912,
      "variance": 1047756.5460896994,
      "standard_deviation": 1023.5997978163631,
      "standard_deviation_ratio": 0.017445411483486568,
      "median": 58612.35503404324,
      "minimum": 55574.32732834202,
      "lower_outlier_bound": 54791.99909541466,
      "upper_outlier_bound": 61959.293675723704,
      "outliers": "removed",
      "sample_size": 42
    },
    {
      "maximum": 72025.45667740806,
      "total": 3060747.363406364,
      "mode": null,
      "n": 500,
      "percentiles": {
        "25": 47826.752844755625,
        "50": 52368.43860800259,
        "75": 58699.89358099901
      },
      "frequency_distribution": "removed",
      "average": 52771.506265626966,
      "variance": 62336542.38760984,
      "standard_deviation": 7895.349415169024,
      "standard_deviation_ratio": 0.14961387259684317,
      "median": 52368.43860800259,
      "minimum": 34997.291209660376,
      "lower_outlier_bound": 29534.679533380116,
      "upper_outlier_bound": 78356.99553355417,
      "outliers": "removed",
      "sample_size": 58
    },
    {
      "maximum": 56903.148565016396,
      "total": 2574820.9475551685,
      "mode": null,
      "n": 600,
      "percentiles": {
        "25": 42366.56352468801,
        "50": 45162.24748534131,
        "75": 49922.67994952337
      },
      "frequency_distribution": "removed",
      "average": 45978.945492056584,
      "variance": 28475797.89329506,
      "standard_deviation": 5336.2719096102155,
      "standard_deviation_ratio": 0.11605903207441155,
      "median": 45162.24748534131,
      "minimum": 31978.36727410641,
      "lower_outlier_bound": 30117.22412359073,
      "upper_outlier_bound": 61243.36686505233,
      "outliers": "removed",
      "sample_size": 56
    },
    {
      "maximum": 52662.12297869606,
      "total": 2215669.2365980414,
      "mode": null,
      "n": 700,
      "percentiles": {
        "25": 37464.54232067398,
        "50": 41938.67391590625,
        "75": 45348.267415691575
      },
      "frequency_distribution": "removed",
      "average": 41805.0799358121,
      "variance": 26405357.885296576,
      "standard_deviation": 5138.614393520551,
      "standard_deviation_ratio": 0.12291842047450756,
      "median": 41938.67391590625,
      "minimum": 33282.942957695384,
      "lower_outlier_bound": 24717.417985556887,
      "upper_outlier_bound": 58709.749545869134,
      "outliers": "removed",
      "sample_size": 53
    },
    {
      "maximum": 51866.89709400149,
      "total": 2277353.939044596,
      "mode": null,
      "n": 800,
      "percentiles": {
        "25": 33667.33886979516,
        "50": 37408.61902445864,
        "75": 42621.98742356434
      },
      "frequency_distribution": "removed",
      "average": 37955.8989840766,
      "variance": 35501933.5258164,
      "standard_deviation": 5958.349899579279,
      "standard_deviation_ratio": 0.15698086619102206,
      "median": 37408.61902445864,
      "minimum": 24039.74442866903,
      "lower_outlier_bound": 18553.642487951423,
      "upper_outlier_bound": 56848.4272418795,
      "outliers": "removed",
      "sample_size": 60
    },
    {
      "maximum": 43350.73431808862,
      "total": 1996073.0606118387,
      "mode": null,
      "n": 900,
      "percentiles": {
        "25": 30986.549630667145,
        "50": 35224.29067084662,
        "75": 38929.27114022244
      },
      "frequency_distribution": "removed",
      "average": 35018.8256247691,
      "variance": 29115213.25564934,
      "standard_deviation": 5395.851485692442,
      "standard_deviation_ratio": 0.1540843072097744,
      "median": 35224.29067084662,
      "minimum": 20930.739763507758,
      "lower_outlier_bound": 18518.083368557054,
      "upper_outlier_bound": 51454.25369863179,
      "outliers": "removed",
      "sample_size": 57
    },
    {
      "maximum": 42654.83705852243,
      "total": 1862953.225428961,
      "mode": null,
      "n": 1000,
      "percentiles": {
        "25": 26877.29868096969,
        "50": 32489.895642455198,
        "75": 35488.04939936476
      },
      "frequency_distribution": "removed",
      "average": 31575.478397101033,
      "variance": 27735707.284086782,
      "standard_deviation": 5266.470097141612,
      "standard_deviation_ratio": 0.16678987507043222,
      "median": 32489.895642455198,
      "minimum": 19166.517167832757,
      "lower_outlier_bound": 13961.17260337708,
      "upper_outlier_bound": 48404.175476957374,
      "outliers": "removed",
      "sample_size": 59
    },
    {
      "maximum": 12676.607324087354,
      "total": 639203.9861327322,
      "mode": null,
      "n": 2000,
      "percentiles": {
        "25": 8752.734151117049,
        "50": 10673.206748355014,
        "75": 11727.929613399185
      },
      "frequency_distribution": "removed",
      "average": 10309.741711818262,
      "variance": 2562906.1855433905,
      "standard_deviation": 1600.907925379655,
      "standard_deviation_ratio": 0.15528108949077768,
      "median": 10673.206748355014,
      "minimum": 6538.271576525042,
      "lower_outlier_bound": 4289.940957693845,
      "upper_outlier_bound": 16190.722806822389,
      "outliers": "removed",
      "sample_size": 62
    },
    {
      "maximum": 7929.455755460659,
      "total": 422376.2419655429,
      "mode": null,
      "n": 3000,