{
  "build_type": "sequential",
  "name": "runtime",
  "impl_mod": "xb5_trees",
  "group_type": "get_existing",
  "input_amount": 1,
  "measurements": [
    {
      "maximum": 606023.8773407672,
      "total": 3636874757.1421795,
      "mode": 539811.0661268556,
      "n": 100,
      "frequency_distribution": "removed",
      "outliers": "removed",
      "average": 524953.0538600143,
      "variance": 871962264.5960925,
      "standard_deviation": 29529.00717254294,
      "standard_deviation_ratio": 0.05625075795904836,
      "median": 528373.6658564938,
      "percentiles": {
        "25": 509242.75602179556,
        "50": 528373.6658564938,
        "75": 544810.6782892945
      },
      "minimum": 435843.79358437937,
      "lower_outlier_bound": 435754.52524978726,
      "upper_outlier_bound": 607876.2715385276,
      "sample_size": 6928
    },
    {
      "maximum": 473283.1653178096,
      "total": 2877736698.5884976,
      "mode": 418147.6061049551,
      "n": 200,
      "frequency_distribution": "removed",
      "outliers": "removed",
      "average": 417063.2896505069,
      "variance": 414160669.3883508,
      "standard_deviation": 20350.937801200977,
      "standard_deviation_ratio": 0.04879580223484731,
      "median": 419912.2385272904,
      "percentiles": {
        "25": 406938.30821706966,
        "50": 419912.2385272904,
        "75": 430774.5326096321
      },
      "minimum": 355580.84130427055,
      "lower_outlier_bound": 355377.81591080094,
      "upper_outlier_bound": 473645.4663734989,
      "sample_size": 6900
    },
    {
      "maximum": 412796.697626419,
      "total": 2546299558.7772646,
      "mode": 363081.83864643093,
      "n": 300,
      "frequency_distribution": "removed",
      "outliers": "removed",
      "average": 361536.21450763376,
      "variance": 343085796.3587125,
      "standard_deviation": 18522.57531658901,
      "standard_deviation_ratio": 0.05123297355374038,
      "median": 363081.83864643093,
      "percentiles": {
        "25": 350594.257266066,
        "50": 363081.83864643093,
        "75": 373971.5781600598
      },
      "minimum": 306833.17480285966,
      "lower_outlier_bound": 306750.3885028618,
      "upper_outlier_bound": 412942.4164262856,
      "sample_size": 7043
    },
    {
      "maximum": 332590.5477766322,
      "total": 2041047611.4019892,
      "mode": 294950.44832468143,
      "n": 400,
      "frequency_distribution": "removed",
      "outliers": "removed",
      "average": 294226.2665996813,
      "variance": 189870722.15026036,
      "standard_deviation": 13779.358553657727,
      "standard_deviation_ratio": 0.046832523529945956,
      "median": 295910.51665976207,
      "percentiles": {
        "25": 287224.26470588235,
        "50": 295910.51665976207,
        "75": 303563.83947544167
      },
      "minimum": 252882.86465709083,
      "lower_outlier_bound": 252844.69314656442,
      "upper_outlier_bound": 332803.97961822373,
      "sample_size": 6937
    },
    {
      "maximum": 331928.17074385105,
      "total": 2071237314.064918,
      "mode": 299463.9595124727,
      "n": 500,
      "frequency_distribution": "removed",
      "outliers": "removed",
      "average": 295511.10202096135,
      "variance": 193605739.94244957,
      "standard_deviation": 13914.22796789134,
      "standard_deviation_ratio": 0.047085296872888274,
      "median": 297858.39811753493,
      "percentiles": {
        "25": 288388.0550267247,
        "50": 297858.39811753493,
        "75": 304859.45978903724
      },
      "minimum": 254751.10816732052,
      "lower_outlier_bound": 254737.31938362154,
      "upper_outlier_bound": 333746.0154010296,
      "sample_size": 7009
    },
    {
      "maximum": 280292.6255010231,
      "total": 1720453831.8766346,
      "mode": 251287.85023244127,
      "n": 600,
      "frequency_distribution": "removed",
      "outliers": "removed",
      "average": 248440.98655258262,
      "variance": 127866665.54560108,
      "standard_deviation": 11307.814357584806,
      "standard_deviation_ratio": 0.04551509199224462,
      "median": 249906.28514307135,
      "percentiles": {
        "25": 242559.48771436195,
        "50": 249906.28514307135,
        "75": 256121.29904722876
      },
      "minimum": 214096.086323542,
      "lower_outlier_bound": 214087.42897680152,
      "upper_outlier_bound": 280399.18057579367,
      "sample_size": 6925
    },
    {
      "maximum": 265244.9537147556,
      "total": 1651384770.3998656,
      "mode": 238783.16101148547,
      "n": 700,
      "frequency_distribution": "removed",
      "outliers": "removed",
      "average": 236825.58015199564,
      "variance": 106673813.82870163,
      "standard_deviation": 10328.301594584738,
      "standard_deviation_ratio": 0.04361142739714177,
      "median": 238044.22861767717,
      "percentiles": {
        "25": 231422.55444215593,
        "50": 238044.22861767717,
        "75": 243741.92604869965
      },
      "minimum": 206092.08194221178,
      "lower_outlier_bound": 206063.7546479135,
      "upper_outlier_bound": 265485.7318408545,
      "sample_size": 6973
    },
    {
      "maximum": 268744.96103198064,
      "total": 1673105505.1914964,
      "mode": 238669.18064870284,
      "n": 800,
      "frequency_distribution": "removed",
      "outliers": "removed",
      "average": 237893.57389328827,
      "variance": 134267347.01871407,
      "standard_deviation": 11587.37878118749,
      "standard_deviation_ratio": 0.04870824626135228,
      "median": 238954.33582642357,
      "percentiles": {
        "25": 231583.33526319446,
        "50": 238954.33582642357,
        "75": 245422.8635939724
      },
      "minimum": 205246.09006198432,
      "lower_outlier_bound": 205217.508715468,
      "upper_outlier_bound": 268863.02687743946,
      "sample_size": 7033
    },
    {
      "maximum": 238788.86288743492,
      "total": 1482144667.9269927,
      "mode": 213912.89466929066,
      "n": 900,
      "frequency_distribution": "removed",
      "outliers": "removed",
      "average": 213811.98325548077,
      "variance": 86163494.88098264,
      "standard_deviation": 9282.42936310224,
      "standard_deviation_ratio": 0.043413980927396394,
      "median": 214693.63218686933,
      "percentiles": {
        "25": 208855.47201336676,
        "50": 214693.63218686933,
        "75": 219799.54281695094
      },
      "minimum": 186842.5477849816,
      "lower_outlier_bound": 186796.09148344136,
      "upper_outlier_bound": 238830.31949365308,
      "sample_size": 6932
    },
    {
      "maximum": 236686.39053254438,
      "total": 1510036577.7063732,
      "mode": 216558.0267232605,
      "n": 1000,
      "frequency_distribution": "removed",
      "outliers": "removed",
      "average": 212621.31479954565,
      "variance": 80270157.63771254,
      "standard_deviation": 8959.361452565274,
      "standard_deviation_ratio": 0.04213764485941566,
      "median": 213593.06249733007,
      "percentiles": {
        "25": 207464.5754237464,
        "50": 213593.06249733007,
        "75": 218837.5350140056
      },
      "minimum": 186351.60821437888,
      "lower_outlier_bound": 186294.22613240365,
      "upper_outlier_bound": 237743.96588247753,
      "sample_size": 7102
    },
    {
      "maximum": 201150.58132518004,
      "total": 1287225299.0846865,
      "mode": 183106.58634391078,
      "n": 2000,
      "frequency_distribution": "removed",
      "outliers": "removed",
      "average": 181350.42252531508,
      "variance": 52424356.929089755,
      "standard_deviation": 7240.466623712159,
      "standard_deviation_ratio": 0.03992528124769849,
      "median": 182238.98820913746,
      "percentiles": {
        "25": 177348.9873372823,
        "50": 182238.98820913746,
        "75": 186250.954536142
      },
      "minimum": 160235.86719651328,
      "lower_outlier_bound": 160172.88380571018,
      "upper_outlier_bound": 201399.10529047548,