{
  "build_type": "sequential",
  "name": "runtime",
  "impl_mod": "xb5_trees",
  "impl_description": ":xb5_trees.largest/1",
  "group_id": "largest",
  "measurements": [
    {
      "maximum": 522575.2508361204,
      "total": 27531657.205639377,
      "mode": 438154.49327432853,
      "n": 100,
      "frequency_distribution": "removed",
      "outliers": "removed",
      "average": 430182.14383811527,
      "sample_size": 64,
      "percentiles": {
        "25": 399968.05056748434,
        "50": 421505.5097660932,
        "75": 472423.3126783912
      },
      "variance": 2082908602.0244322,
      "standard_deviation": 45638.89352322679,
      "lower_outlier_bound": 287684.28492079896,
      "median": 421505.5097660932,
      "minimum": 312490.23468016624,
      "standard_deviation_ratio": 0.10609202212819291,
      "upper_outlier_bound": 582642.8475852754
    },
    {
      "maximum": 472813.23877068557,
      "total": 26550966.117254734,
      "mode": 457226.46426775184,
      "n": 200,
      "frequency_distribution": "removed",
      "outliers": "removed",
      "average": 402287.3654129505,
      "sample_size": 66,
      "percentiles": {
        "25": 358292.64278623415,
        "50": 415234.3767294249,
        "75": 451380.8264235036
      },
      "variance": 2651815078.3384433,
      "standard_deviation": 51495.77728647703,
      "lower_outlier_bound": 218660.36733033002,
      "median": 415234.3767294249,
      "minimum": 277254.07563491183,
      "standard_deviation_ratio": 0.12800744371779185,
      "upper_outlier_bound": 591013.1018794077
    },
    {
      "maximum": 435104.20745768613,
      "total": 25031815.779822815,
      "mode": [
        371057.51391465677,
        393112.6660901014,
        416753.49031048134,
        429110.8822519739
      ],
      "n": 300,
      "frequency_distribution": "removed",
      "outliers": "removed",
      "average": 379269.93605792144,
      "sample_size": 66,
      "percentiles": {
        "25": 351478.2468448996,
        "50": 371057.51391465677,
        "75": 417014.6685997923
      },
      "variance": 1230267814.7491212,
      "standard_deviation": 35075.17376648505,
      "lower_outlier_bound": 253173.61421256058,
      "median": 371057.51391465677,
      "minimum": 300273.2486562772,
      "standard_deviation_ratio": 0.092480764837444,
      "upper_outlier_bound": 515319.3012321313
    },
    {
      "maximum": 259922.54308216152,
      "total": 13044112.123615159,
      "mode": [
        238214.34526787204,
        235404.89642184557,
        244816.02076039856,
        238555.30904840288
      ],
      "n": 400,
      "frequency_distribution": "removed",
      "outliers": "removed",
      "average": 237165.67497482107,
      "sample_size": 55,
      "percentiles": {
        "25": 231846.4249281276,
        "50": 237591.7698210934,
        "75": 240917.41351064856
      },
      "variance": 81869067.6602919,
      "standard_deviation": 9048.152720875787,
      "lower_outlier_bound": 211682.23675166687,
      "median": 237591.7698210934,
      "minimum": 212910.91807187872,
      "standard_deviation_ratio": 0.0381511899723111,
      "upper_outlier_bound": 260937.78968990152
    },
    {
      "maximum": 156347.7173233271,
      "total": 8913515.783442026,
      "mode": [
        127068.03222445297,
        139987.40113389795
      ],
      "n": 500,
      "frequency_distribution": "removed",
      "outliers": "removed",
      "average": 139273.68411628166,
      "sample_size": 64,
      "percentiles": {
        "25": 135772.2295905845,
        "50": 140204.61415135654,
        "75": 145636.7260726473
      },
      "variance": 74658740.80046028,
      "standard_deviation": 8640.52896531574,
      "lower_outlier_bound": 117572.61698057828,
      "median": 140204.61415135654,
      "minimum": 121307.69697337296,
      "standard_deviation_ratio": 0.06203992534656895,
      "upper_outlier_bound": 162441.26038047974
    },
    {
      "maximum": 460596.0112385427,
      "total": 25224272.85237418,
      "mode": [
        381533.76573826786,
        367633.5428844528,
        372703.21642875776,
        374097.4898058434,
        362161.37911053165
      ],
      "n": 600,
      "frequency_distribution": "removed",
      "outliers": "removed",
      "average": 394129.2633183466,
      "sample_size": 64,
      "percentiles": {
        "25": 372505.41304573696,
        "50": 394197.4753199406,
        "75": 418764.9134227127
      },
      "variance": 948334705.413451,
      "standard_deviation": 30795.0435202396,
      "lower_outlier_bound": 300329.96328728896,
      "median": 394197.4753199406,
      "minimum": 328331.74639655906,
      "standard_deviation_ratio": 0.07813437464897345,
      "upper_outlier_bound": 488568.0164298561
    },
    {
      "maximum": 311817.89834736515,
      "total": 18108283.854284544,
      "mode": [
        298213.69993737515,
        295473.348303983
      ],
      "n": 700,
      "frequency_distribution": "removed",
      "outliers": "removed",
      "average": 274367.93718612945,
      "sample_size": 66,
      "percentiles": {
        "25": 249409.08712188105,
        "50": 281718.1238413111,
        "75": 294646.4499630789
      },
      "variance": 627859744.5947477,
      "standard_deviation": 25057.129616034388,
      "lower_outlier_bound": 181553.04286008427,
      "median": 281718.1238413111,
      "minimum": 223643.60155655947,
      "standard_deviation_ratio": 0.09132674128404367,
      "upper_outlier_bound": 362502.49422487564
    },
    {
      "maximum": 367904.05062359734,
      "total": 21510178.115452778,
      "mode": [
        315357.931251971,
        348626.41193696833,
        321254.17630429193
      ],
      "n": 800,
      "frequency_distribution": "removed",
      "outliers": "removed",
      "average": 330925.817160812,
      "sample_size": 65,
      "percentiles": {
        "25": 315407.67225059116,
        "50": 328331.74639655906,
        "75": 349296.6902783697
      },
      "variance": 431279313.3003925,
      "standard_deviation": 20767.265426637,
      "lower_outlier_bound": 264770.063700525,
      "median": 328331.74639655906,
      "minimum": 276946.93696687714,
      "standard_deviation_ratio": 0.0627550476563309,
      "upper_outlier_bound": 399671.04383771436
    },
    {
      "maximum": 365483.71770037647,
      "total": 21062169.263749808,
      "mode": [
        352063.08970567526,
        356468.1139272092
      ],
      "n": 900,
      "frequency_distribution": "removed",
      "outliers": "removed",
      "average": 319123.77672348195,
      "sample_size": 66,
      "percentiles": {
        "25": 287292.2055586531,
        "50": 341059.9543862191,
        "75": 352218.1016377771
      },
      "variance": 1524416008.9447002,
      "standard_deviation": 39043.77042429048,
      "lower_outlier_bound": 189903.3614399671,
      "median": 341059.9543862191,
      "minimum": 223944.10355175348,
      "standard_deviation_ratio": 0.12234679228593355,
      "upper_outlier_bound": 449606.9457564631
    },
    {
      "maximum": 421318.7276174426,
      "total": 22266934.67584336,
      "mode": [
        398771.7829086414,
        320317.7552131715
      ],
      "n": 1000,
      "frequency_distribution": "removed",
      "outliers": "removed",
      "average": 337377.7981188388,
      "sample_size": 66,
      "percentiles": {
        "25": 310390.9797938032,
        "50": 321404.5795498374,
        "75": 392034.0526241484
      },
      "variance": 2164721251.981238,
      "standard_deviation": 46526.56501377722,
      "lower_outlier_bound": 187926.3705482854,
      "median": 321404.5795498374,
      "minimum": 259389.9149201079,
      "standard_deviation_ratio": 0.13790642203844303,
      "upper_outlier_bound": 514498.6618696662
    },
    {
      "maximum": 309587.93845391786,
      "total": 18693375.513820775,
      "mode": 276411.07855602854,
      "n": 2000,
      "frequency_distribution": "removed",