{
  "build_type": "sequential",
  "name": "runtime",
  "impl_mod": "xb5_trees",
  "group_id": "larger_x100",
  "impl_description": ":xb5_trees.larger/2",
  "tweaks": "none",
  "measurements": [
    {
      "maximum": 4946.063181011074,
      "total": 1887442.8765508253,
      "mode": [
        3794.1160847757296,
        3713.3722247184337,
        3891.292843134203,
        3768.0394890538455,
        3620.5648081100653,
        3508.8088646547158
      ],
      "n": 100,
      "frequency_distribution": "removed",
      "outliers": "removed",
      "median": 3527.7226355545645,
      "average": 3495.2645862052323,
      "sample_size": 540,
      "percentiles": {
        "25": 3183.370083464476,
        "50": 3527.7226355545645,
        "75": 3705.107282051088
      },
      "variance": 156629.83733271764,
      "standard_deviation": 395.7648763252212,
      "lower_outlier_bound": 2400.764285584558,
      "minimum": 1662.3335172982427,
      "standard_deviation_ratio": 0.11322887482887196,
      "upper_outlier_bound": 4487.713079931006
    },
    {
      "maximum": 5088.514713440294,
      "total": 1654247.9849754008,
      "mode": [
        3064.3357286224277,
        2672.117786952049,
        3177.296311476712,
        3327.9420671844946
      ],
      "n": 200,
      "frequency_distribution": "removed",
      "outliers": "removed",
      "median": 3072.8291230452965,
      "average": 3080.5362848703926,
      "sample_size": 537,
      "percentiles": {
        "25": 2805.3326238444524,
        "50": 3072.8291230452965,
        "75": 3219.4714036802425
      },
      "variance": 144760.2287291993,
      "standard_deviation": 380.4736899303279,
      "lower_outlier_bound": 2184.1244540907674,
      "minimum": 1518.5567636518253,
      "standard_deviation_ratio": 0.12350891362616609,
      "upper_outlier_bound": 3840.6795734339275
    },
    {
      "maximum": 4297.2493307034165,
      "total": 1474013.493530373,
      "mode": [
        2902.7660457650095,
        2772.625315732708,
        2550.9683475847432,
        2797.727126482446,
        2841.2238856009617
      ],
      "n": 300,
      "frequency_distribution": "removed",
      "outliers": "removed",
      "median": 2763.9503483959415,
      "average": 2744.904084786542,
      "sample_size": 537,
      "percentiles": {
        "25": 2500.7034344701387,
        "50": 2763.9503483959415,
        "75": 2887.644638969934
      },
      "variance": 88863.95941224208,
      "standard_deviation": 298.1005860649088,
      "lower_outlier_bound": 1920.2916277204458,
      "minimum": 1233.658649119106,
      "standard_deviation_ratio": 0.10860145814096474,
      "upper_outlier_bound": 3468.056445719627
    },
    {
      "maximum": 4067.2065205454937,
      "total": 1259273.5425126425,
      "mode": [
        2445.5976796169216,
        2305.06630523227,
        2485.0400588457487
      ],
      "n": 400,
      "frequency_distribution": "removed",
      "outliers": "removed",
      "median": 2388.031187687311,
      "average": 2353.7823224535373,
      "sample_size": 535,
      "percentiles": {
        "25": 2148.8462844298897,
        "50": 2388.031187687311,
        "75": 2471.576866040534
      },
      "variance": 78428.1069694576,
      "standard_deviation": 280.0501865192337,
      "lower_outlier_bound": 1664.7504120139236,
      "minimum": 1004.6626393090332,
      "standard_deviation_ratio": 0.11897879589278026,
      "upper_outlier_bound": 2955.6727384565
    },
    {
      "maximum": 4747.120871191622,
      "total": 1146035.0232509098,
      "mode": 2129.8619423488967,
      "n": 500,
      "frequency_distribution": "removed",
      "outliers": "removed",
      "median": 2144.2478419353415,
      "average": 2146.1330023425276,
      "sample_size": 534,
      "percentiles": {
        "25": 1985.2634815272427,
        "50": 2144.2478419353415,
        "75": 2220.9120570055356
      },
      "variance": 77533.85855310646,
      "standard_deviation": 278.449023257591,
      "lower_outlier_bound": 1631.7906183098032,
      "minimum": 860.1706578585191,
      "standard_deviation_ratio": 0.1297445325865922,
      "upper_outlier_bound": 2574.384920222975
    },
    {
      "maximum": 3572.8704798722342,
      "total": 1016780.8222399403,
      "mode": 1897.1984071122174,
      "n": 600,
      "frequency_distribution": "removed",
      "outliers": "removed",
      "median": 1893.04128299999,
      "average": 1896.979145970038,
      "sample_size": 536,
      "percentiles": {
        "25": 1778.3848897302892,
        "50": 1893.04128299999,
        "75": 1947.7612013411742
      },
      "variance": 48339.659494291824,
      "standard_deviation": 219.86281971786823,
      "lower_outlier_bound": 1524.3204223139614,
      "minimum": 882.7029069172131,
      "standard_deviation_ratio": 0.11590154809289657,
      "upper_outlier_bound": 2201.8256687575017
    },
    {
      "maximum": 3296.9242993211633,
      "total": 900901.2116222513,
      "mode": null,
      "n": 700,
      "frequency_distribution": "removed",
      "outliers": "removed",
      "median": 1682.6546906523483,
      "average": 1690.2461756515033,
      "sample_size": 533,
      "percentiles": {
        "25": 1573.199148172002,
        "50": 1682.6546906523483,
        "75": 1726.3227024639245
      },
      "variance": 42063.21783195277,
      "standard_deviation": 205.09319304148727,
      "lower_outlier_bound": 1343.513816734118,
      "minimum": 928.8172997794987,
      "standard_deviation_ratio": 0.12133924394914507,
      "upper_outlier_bound": 1956.0080339018084
    },
    {
      "maximum": 3467.129875217996,
      "total": 896610.469805141,
      "mode": null,
      "n": 800,
      "frequency_distribution": "removed",
      "outliers": "removed",
      "median": 1650.2957329953529,
      "average": 1669.6656793391824,
      "sample_size": 537,
      "percentiles": {
        "25": 1553.500661187492,
        "50": 1650.2957329953529,
        "75": 1695.72000552172
      },
      "variance": 66915.9688993245,
      "standard_deviation": 258.6812109514808,
      "lower_outlier_bound": 1340.1716446861499,
      "minimum": 690.0930245397079,
      "standard_deviation_ratio": 0.15492994445083236,
      "upper_outlier_bound": 1909.049022023062
    },
    {
      "maximum": 3217.55497997072,
      "total": 838965.8637596549,
      "mode": [
        1563.0983735961422,
        1454.3021894519463,
        1580.3580459188834,
        1705.192652665898
      ],
      "n": 900,
      "frequency_distribution": "removed",
      "outliers": "removed",
      "median": 1553.369102245861,
      "average": 1562.3200442451675,
      "sample_size": 537,
      "percentiles": {
        "25": 1483.2328561151721,
        "50": 1553.369102245861,
        "75": 1584.473430777981
      },
      "variance": 38181.59397712922,
      "standard_deviation": 195.40111048079848,
      "lower_outlier_bound": 1331.3719941209588,
      "minimum": 686.7881869684688,
      "standard_deviation_ratio": 0.12507111535857315,
      "upper_outlier_bound": 1736.3342927721947
    },
    {
      "maximum": 3176.48889975954,
      "total": 785356.1252148817,
      "mode": [
        1442.959799139996,
        1361.1849932076868,
        1452.4180582042013,
        1536.2729403956826
      ],
      "n": 1000,
      "frequency_distribution": "removed",
      "outliers": "removed",
      "median": 1450.1391408505647,
      "average": 1467.9553742334238,
      "sample_size": 535,
      "percentiles": {
        "25": 1384.0274923221075,
        "50": 1450.1391408505647,
        "75": 1484.0648536341039
      },
      "variance": 39706.37336555028,
      "standard_deviation": 199.26458131226002,
      "lower_outlier_bound": 1233.971450354113,
      "minimum": 769.8484245436916,
      "standard_deviation_ratio": 0.13574294206069945,
      "upper_outlier_bound": 1634.1208956020985
    },
    {
      "maximum": 2707.4957018505734,
      "total": 584573.9730742341,