{
  "build_type": "sequential",
  "name": "runtime",
  "timestamp": "2026-03-19T20:33:21.710558Z",
  "impl_mod": "xb5_trees",
  "tweaks": "none",
  "impl_description": ":xb5_trees.take_any/2",
  "group_id": "take_any_missing_x100",
  "measurements": [
    {
      "maximum": 824212.0532770671,
      "total": 26647778.145932868,
      "mode": null,
      "n": 0,
      "percentiles": {
        "25": 770674.3709742503,
        "50": 780329.4978597657,
        "75": 799132.6987942823
      },
      "frequency_distribution": "removed",
      "average": 783758.1807627315,
      "variance": 351263279.4394544,
      "standard_deviation": 18742.019086519318,
      "standard_deviation_ratio": 0.02391301238894899,
      "median": 780329.4978597657,
      "minimum": 743638.1754093728,
      "lower_outlier_bound": 705366.2934410237,
      "upper_outlier_bound": 863293.1187084778,
      "outliers": "removed",
      "sample_size": 34
    },
    {
      "maximum": 363149.08359328756,
      "total": 15238644.205897769,
      "mode": null,
      "n": 100,
      "percentiles": {
        "25": 324584.4713069395,
        "50": 332400.39631308964,
        "75": 339281.39974126976
      },
      "frequency_distribution": "removed",
      "average": 331274.87404125585,
      "variance": 168989584.66952974,
      "standard_deviation": 12999.599404194336,
      "standard_deviation_ratio": 0.03924112700009784,
      "median": 332400.39631308964,
      "minimum": 304479.81146610074,
      "lower_outlier_bound": 296980.2545924259,
      "upper_outlier_bound": 364385.21655472834,
      "outliers": "removed",
      "sample_size": 46
    },
    {
      "maximum": 309540.9816782693,
      "total": 11351297.942050524,
      "mode": null,
      "n": 200,
      "percentiles": {
        "25": 274814.3466337265,
        "50": 284925.2170543976,
        "75": 289290.33726578375
      },
      "frequency_distribution": "removed",
      "average": 283782.4485512631,
      "variance": 120122254.24629647,
      "standard_deviation": 10960.029846961936,
      "standard_deviation_ratio": 0.038621239272949935,
      "median": 284925.2170543976,
      "minimum": 264002.7033876827,
      "lower_outlier_bound": 247697.56357339848,
      "upper_outlier_bound": 317669.590800346,
      "outliers": "removed",
      "sample_size": 40
    },
    {
      "maximum": 270198.704127015,
      "total": 11435569.95926156,
      "mode": 258927.83163476677,
      "n": 300,
      "percentiles": {
        "25": 255919.40342784146,
        "50": 261044.12646743195,
        "75": 263221.5391962681
      },
      "frequency_distribution": "removed",
      "average": 259899.31725594457,
      "variance": 30009653.1201481,
      "standard_deviation": 5478.106709452463,
      "standard_deviation_ratio": 0.021077803386677287,
      "median": 261044.12646743195,
      "minimum": 243775.7945262583,
      "lower_outlier_bound": 243759.88037932577,
      "upper_outlier_bound": 275646.05866707413,
      "outliers": "removed",
      "sample_size": 44
    },
    {
      "maximum": 261834.9392542941,
      "total": 10852245.760741891,
      "mode": 234233.17912982375,
      "n": 400,
      "percentiles": {
        "25": 228958.43394368087,
        "50": 233795.07965190738,
        "75": 241372.07036454737
      },
      "frequency_distribution": "removed",
      "average": 235918.3861030846,
      "variance": 84862753.5348114,
      "standard_deviation": 9212.0982156516,
      "standard_deviation_ratio": 0.039047818051901946,
      "median": 233795.07965190738,
      "minimum": 221759.4840987362,
      "lower_outlier_bound": 208764.04955513787,
      "upper_outlier_bound": 262917.2065912115,
      "outliers": "removed",
      "sample_size": 46
    },
    {
      "maximum": 218750.88867548524,
      "total": 8697079.659490239,
      "mode": null,
      "n": 500,
      "percentiles": {
        "25": 203708.20227267523,
        "50": 206893.78284140184,
        "75": 210348.8848930461
      },
      "frequency_distribution": "removed",
      "average": 207073.32522595808,
      "variance": 22588530.07889995,
      "standard_deviation": 4752.739218482322,
      "standard_deviation_ratio": 0.022951962611776,
      "median": 206893.78284140184,
      "minimum": 197822.76267400983,
      "lower_outlier_bound": 191678.09076817418,
      "upper_outlier_bound": 223760.87791258693,
      "outliers": "removed",
      "sample_size": 42
    },
    {
      "maximum": 188249.11381729672,
      "total": 7225317.458256976,
      "mode": null,
      "n": 600,
      "percentiles": {
        "25": 177834.85142165638,
        "50": 180468.90507501544,
        "75": 183335.53354459463
      },
      "frequency_distribution": "removed",
      "average": 180632.9364564244,
      "variance": 13507407.867124276,
      "standard_deviation": 3675.242558950943,
      "standard_deviation_ratio": 0.020346469647508348,
      "median": 180468.90507501544,
      "minimum": 171993.89077699961,
      "lower_outlier_bound": 170565.7541771453,
      "upper_outlier_bound": 191990.75644186884,
      "outliers": "removed",
      "sample_size": 40
    },
    {
      "maximum": 175650.30132809194,
      "total": 6849491.5882069515,
      "mode": null,
      "n": 700,
      "percentiles": {
        "25": 169550.66146333975,
        "50": 171501.9172034021,
        "75": 172922.28536812906
      },
      "frequency_distribution": "removed",
      "average": 171237.28970517378,
      "variance": 5807605.463230189,
      "standard_deviation": 2409.8973968263026,
      "standard_deviation_ratio": 0.014073438098532867,
      "median": 171501.9172034021,
      "minimum": 163912.92945187516,
      "lower_outlier_bound": 163886.05671202153,
      "upper_outlier_bound": 178932.05066852487,
      "outliers": "removed",
      "sample_size": 40
    },
    {
      "maximum": 171079.95935140166,
      "total": 7074314.037801776,
      "mode": null,
      "n": 800,
      "percentiles": {
        "25": 158381.4369758622,
        "50": 160415.79775808225,
        "75": 162885.7710708675
      },
      "frequency_distribution": "removed",
      "average": 160779.8644954949,
      "variance": 12471479.74625625,
      "standard_deviation": 3531.4982296832954,
      "standard_deviation_ratio": 0.021964804117509684,
      "median": 160415.79775808225,
      "minimum": 154828.24129052437,
      "lower_outlier_bound": 150202.36647478724,
      "upper_outlier_bound": 172013.22114432044,
      "outliers": "removed",
      "sample_size": 44
    },
    {
      "maximum": 156442.1304915099,
      "total": 6797140.1218356555,
      "mode": null,
      "n": 900,
      "percentiles": {
        "25": 145311.45367161397,
        "50": 147979.58051382424,
        "75": 149698.22437733755
      },
      "frequency_distribution": "removed",
      "average": 147763.91569207946,
      "variance": 10294391.026151486,
      "standard_deviation": 3208.4873423704644,
      "standard_deviation_ratio": 0.02171360529627903,
      "median": 147979.58051382424,
      "minimum": 139288.56970139316,
      "lower_outlier_bound": 138094.24783159897,
      "upper_outlier_bound": 157465.8374591081,
      "outliers": "removed",
      "sample_size": 46
    },
    {
      "maximum": 146117.6539349484,
      "total": 5465986.294421385,
      "mode": null,
      "n": 1000,
      "percentiles": {
        "25": 138600.1386001386,
        "50": 139692.31370982275,
        "75": 141482.33875965263
      },
      "frequency_distribution": "removed",
      "average": 140153.49472875346,
      "variance": 5257335.042673193,
      "standard_deviation": 2292.8879263219983,
      "standard_deviation_ratio": 0.016359834128713998,
      "median": 139692.31370982275,
      "minimum": 135720.5676377021,
      "lower_outlier_bound": 133816.67554817186,
      "upper_outlier_bound": 146367.78390768508,
      "outliers": "removed",
      "sample_size": 39
    },
    {
      "maximum": 111792.42382743722,
      "total": 4498638.00487515,