{
  "build_type": "sequential",
  "name": "runtime",
  "timestamp": "2026-03-19T20:33:21.817648Z",
  "impl_mod": "xb5_trees",
  "tweaks": "none",
  "impl_description": ":xb5_trees.take_largest/1",
  "group_id": "take_largest_x300",
  "measurements": [
    {
      "maximum": 97850.61342549557,
      "total": 3249059.490971348,
      "mode": null,
      "n": 300,
      "percentiles": {
        "25": 28649.617470307538,
        "50": 93659.96935445802,
        "75": 96177.9831284582
      },
      "frequency_distribution": "removed",
      "average": 69128.9253398159,
      "variance": 1086286131.8599784,
      "standard_deviation": 32958.85513575947,
      "standard_deviation_ratio": 0.4767737234991601,
      "median": 93659.96935445802,
      "minimum": 24667.85351932566,
      "lower_outlier_bound": -72642.93101691846,
      "upper_outlier_bound": 197470.53161568422,
      "outliers": "removed",
      "sample_size": 47
    },
    {
      "maximum": 90718.82878363287,
      "total": 3314648.529643537,
      "mode": null,
      "n": 400,
      "percentiles": {
        "25": 58701.04434973085,
        "50": 87437.03418332546,
        "75": 88401.87072091259
      },
      "frequency_distribution": "removed",
      "average": 72057.57673138124,
      "variance": 734611039.07814,
      "standard_deviation": 27103.70895427672,
      "standard_deviation_ratio": 0.37613961201213963,
      "median": 87437.03418332546,
      "minimum": 20716.818493323797,
      "lower_outlier_bound": 14149.804792958246,
      "upper_outlier_bound": 132953.1102776852,
      "outliers": "removed",
      "sample_size": 46
    },
    {
      "maximum": 88209.32425482968,
      "total": 3168667.847017147,
      "mode": null,
      "n": 500,
      "percentiles": {
        "25": 24408.804744964196,
        "50": 82634.02539527335,
        "75": 84203.43141155837
      },
      "frequency_distribution": "removed",
      "average": 66013.9134795239,
      "variance": 765597668.6986501,
      "standard_deviation": 27669.435641130272,
      "standard_deviation_ratio": 0.41914551316083903,
      "median": 82634.02539527335,
      "minimum": 22272.70206407812,
      "lower_outlier_bound": -65283.13525492706,
      "upper_outlier_bound": 173895.37141144963,
      "outliers": "removed",
      "sample_size": 48
    },
    {
      "maximum": 85915.5244197695,
      "total": 3095656.33697566,
      "mode": null,
      "n": 600,
      "percentiles": {
        "25": 80317.66195512086,
        "50": 81437.28329406446,
        "75": 82517.7644483228
      },
      "frequency_distribution": "removed",
      "average": 81464.6404467279,
      "variance": 3248729.4018733515,
      "standard_deviation": 1802.4232027671392,
      "standard_deviation_ratio": 0.022125221358410045,
      "median": 81437.28329406446,
      "minimum": 77480.2193000127,
      "lower_outlier_bound": 73337.88978015326,
      "upper_outlier_bound": 87736.66255139592,
      "outliers": "removed",
      "sample_size": 38
    },
    {
      "maximum": 84321.65337897945,
      "total": 2897747.5065410547,
      "mode": null,
      "n": 700,
      "percentiles": {
        "25": 79620.8720810017,
        "50": 80434.15189584524,
        "75": 81070.54319206228
      },
      "frequency_distribution": "removed",
      "average": 80492.98629280708,
      "variance": 2102886.5335408924,
      "standard_deviation": 1450.1332813024092,
      "standard_deviation_ratio": 0.0180156476742868,
      "median": 80434.15189584524,
      "minimum": 78137.69737582357,
      "lower_outlier_bound": 74029.18824120882,
      "upper_outlier_bound": 84985.21260018149,
      "outliers": "removed",
      "sample_size": 36
    },
    {
      "maximum": 84318.80941841101,
      "total": 2945374.1608067336,
      "mode": null,
      "n": 800,
      "percentiles": {
        "25": 81083.3384618222,
        "50": 81749.64058119818,
        "75": 82884.04628541024
      },
      "frequency_distribution": "removed",
      "average": 81815.94891129815,
      "variance": 1950481.4837320037,
      "standard_deviation": 1396.5963925673027,
      "standard_deviation_ratio": 0.017069977322898756,
      "median": 81749.64058119818,
      "minimum": 78615.91956648037,
      "lower_outlier_bound": 74228.52595489506,
      "upper_outlier_bound": 87388.1483716365,
      "outliers": "removed",
      "sample_size": 36
    },
    {
      "maximum": 85208.5607336798,
      "total": 2934207.7122054384,
      "mode": null,
      "n": 900,
      "percentiles": {
        "25": 23032.942490849928,
        "50": 81048.99790680988,
        "75": 82614.46876601051
      },
      "frequency_distribution": "removed",
      "average": 61129.3273376133,
      "variance": 825822611.1336844,
      "standard_deviation": 28737.1294866708,
      "standard_deviation_ratio": 0.47010380676949876,
      "median": 81048.99790680988,
      "minimum": 13530.558360139625,
      "lower_outlier_bound": -66339.34692189094,
      "upper_outlier_bound": 171986.7581787514,
      "outliers": "removed",
      "sample_size": 48
    },
    {
      "maximum": 82750.15163965288,
      "total": 2817964.514890197,
      "mode": null,
      "n": 1000,
      "percentiles": {
        "25": 22887.901284414787,
        "50": 78360.38725703383,
        "75": 79877.08480537651
      },
      "frequency_distribution": "removed",
      "average": 62621.433664226606,
      "variance": 659797806.3072095,
      "standard_deviation": 25686.529666484912,
      "standard_deviation_ratio": 0.4101875055147246,
      "median": 78360.38725703383,
      "minimum": 20516.755521315372,
      "lower_outlier_bound": -62595.87399702779,
      "upper_outlier_bound": 165360.8600868191,
      "outliers": "removed",
      "sample_size": 45
    },
    {
      "maximum": 70032.42501278092,
      "total": 2434046.9544488164,
      "mode": null,
      "n": 2000,
      "percentiles": {
        "25": 66773.64088412424,
        "50": 67524.30113371409,
        "75": 68399.43519606115
      },
      "frequency_distribution": "removed",
      "average": 67612.415401356,
      "variance": 1368158.323359007,
      "standard_deviation": 1169.683001226831,
      "standard_deviation_ratio": 0.017299825694488832,
      "median": 67524.30113371409,
      "minimum": 64901.602680176584,
      "lower_outlier_bound": 60162.42238198105,
      "upper_outlier_bound": 72800.23651050247,
      "outliers": "removed",
      "sample_size": 36
    },
    {
      "maximum": 73850.7712236039,
      "total": 2554750.7217214312,
      "mode": 70337.88208416772,
      "n": 3000,
      "percentiles": {
        "25": 20220.400108584854,
        "50": 69552.66011518726,
        "75": 71051.7691100204
      },
      "frequency_distribution": "removed",
      "average": 55538.0591678572,
      "variance": 527312634.1559505,
      "standard_deviation": 22963.288835790714,
      "standard_deviation_ratio": 0.4134694150255934,
      "median": 69552.66011518726,
      "minimum": 16974.726838452036,
      "lower_outlier_bound": -56026.65339356846,
      "upper_outlier_bound": 147298.8226121737,
      "outliers": "removed",
      "sample_size": 46
    },
    {
      "maximum": 70238.87539131833,
      "total": 2351557.2524393755,
      "mode": null,
      "n": 4000,
      "percentiles": {
        "25": 66627.62287965919,
        "50": 67173.37784689172,
        "75": 68033.22742827598
      },
      "frequency_distribution": "removed",
      "average": 67187.35006969645,
      "variance": 2437197.7433822635,
      "standard_deviation": 1561.1526970102134,
      "standard_deviation_ratio": 0.023235812922979694,
      "median": 67173.37784689172,
      "minimum": 63514.364091011004,
      "lower_outlier_bound": 57920.45148832108,
      "upper_outlier_bound": 73869.57597891662,
      "outliers": "removed",
      "sample_size": 35
    },
    {
      "maximum": 70622.56616981338,
      "total": 2494593.921775585,
      "mode": null,
      "n": 5000,