{
  "build_type": "sequential",
  "name": "runtime",
  "impl_mod": "xb5_trees",
  "tweaks": "none",
  "impl_description": ":xb5_trees.take_smallest/1",
  "group_id": "take_smallest_x100",
  "measurements": [
    {
      "maximum": 34976.28607803909,
      "total": 565651.9261774183,
      "mode": null,
      "n": 100,
      "frequency_distribution": "removed",
      "outliers": "removed",
      "average": 33273.642716318725,
      "sample_size": 17,
      "percentiles": {
        "25": 32987.01955234356,
        "50": 33185.436902869544,
        "75": 33565.49475656442
      },
      "variance": 357648.2726647066,
      "standard_deviation": 598.0370161325355,
      "lower_outlier_bound": 22482.544057413757,
      "median": 33185.436902869544,
      "minimum": 32184.86989266346,
      "standard_deviation_ratio": 0.017973295597095363,
      "upper_outlier_bound": 39919.335757601744
    },
    {
      "maximum": 29860.551225775627,
      "total": 531422.1399925335,
      "mode": null,
      "n": 200,
      "frequency_distribution": "removed",
      "outliers": "removed",
      "average": 24155.55181784243,
      "sample_size": 22,
      "percentiles": {
        "25": 19286.262110981454,
        "50": 28858.57962655688,
        "75": 29313.125489001075
      },
      "variance": 69009304.96650231,
      "standard_deviation": 8307.183937201722,
      "lower_outlier_bound": 4245.967043952021,
      "median": 28858.57962655688,
      "minimum": 7735.136548365488,
      "standard_deviation_ratio": 0.3439037120677841,
      "upper_outlier_bound": 44353.420556030505
    },
    {
      "maximum": 27278.505356134527,
      "total": 451505.3767987982,
      "mode": null,
      "n": 300,
      "frequency_distribution": "removed",
      "outliers": "removed",
      "average": 26559.13981169401,
      "sample_size": 17,
      "percentiles": {
        "25": 26212.52226204676,
        "50": 26549.917828004323,
        "75": 26886.402884472544
      },
      "variance": 151121.09442879225,
      "standard_deviation": 388.7429670473696,
      "lower_outlier_bound": 22750.664256584787,
      "median": 26549.917828004323,
      "minimum": 26003.54168237714,
      "standard_deviation_ratio": 0.014636880930767409,
      "upper_outlier_bound": 29108.2146505072
    },
    {
      "maximum": 26304.298648485135,
      "total": 430933.6890423429,
      "mode": null,
      "n": 400,
      "frequency_distribution": "removed",
      "outliers": "removed",
      "average": 25349.040531902523,
      "sample_size": 17,
      "percentiles": {
        "25": 24939.595860985122,
        "50": 25433.643623785545,
        "75": 25711.5014536538
      },
      "variance": 420711.6469054855,
      "standard_deviation": 648.6228849689821,
      "lower_outlier_bound": 11296.990916609446,
      "median": 25433.643623785545,
      "minimum": 24049.329985666598,
      "standard_deviation_ratio": 0.025587670040318523,
      "upper_outlier_bound": 34305.62273181438
    },
    {
      "maximum": 25026.77865315888,
      "total": 450444.06881682813,
      "mode": null,
      "n": 500,
      "frequency_distribution": "removed",
      "outliers": "removed",
      "average": 20474.730400764915,
      "sample_size": 22,
      "percentiles": {
        "25": 16264.713560871132,
        "50": 24530.128550444468,
        "75": 24717.42848148683
      },
      "variance": 50929871.14368798,
      "standard_deviation": 7136.516737434866,
      "lower_outlier_bound": 3585.6411799475864,
      "median": 24530.128550444468,
      "minimum": 7239.0328652092085,
      "standard_deviation_ratio": 0.34855241547738536,
      "upper_outlier_bound": 37396.50086241038
    },
    {
      "maximum": 23923.044350931923,
      "total": 418346.9383978204,
      "mode": null,
      "n": 600,
      "frequency_distribution": "removed",
      "outliers": "removed",
      "average": 19015.769927173653,
      "sample_size": 22,
      "percentiles": {
        "25": 6993.965789282944,
        "50": 23503.954765665676,
        "75": 23740.551161055228
      },
      "variance": 59353134.01660889,
      "standard_deviation": 7704.098520697206,
      "lower_outlier_bound": -18125.912268375483,
      "median": 23503.954765665676,
      "minimum": 6457.387057071678,
      "standard_deviation_ratio": 0.4051426027030334,
      "upper_outlier_bound": 48860.42921871366
    },
    {
      "maximum": 25130.742688838684,
      "total": 492834.1705066755,
      "mode": null,
      "n": 700,
      "frequency_distribution": "removed",
      "outliers": "removed",
      "average": 24641.708525333775,
      "sample_size": 20,
      "percentiles": {
        "25": 24457.264482503808,
        "50": 24642.198918919792,
        "75": 24888.258405558096
      },
      "variance": 88105.90038531777,
      "standard_deviation": 296.8263808783137,
      "lower_outlier_bound": 23690.994933652648,
      "median": 24642.198918919792,
      "minimum": 24040.599764882933,
      "standard_deviation_ratio": 0.01204568995583853,
      "upper_outlier_bound": 25582.84475873754
    },
    {
      "maximum": 24105.679298042618,
      "total": 452288.07057082775,
      "mode": 23810.09071644563,
      "n": 800,
      "frequency_distribution": "removed",
      "outliers": "removed",
      "average": 23804.63529320146,
      "sample_size": 19,
      "percentiles": {
        "25": 23671.160241919257,
        "50": 23787.378892507215,
        "75": 23935.126233855757
      },
      "variance": 29396.84304028534,
      "standard_deviation": 171.45507586620275,
      "lower_outlier_bound": 23189.864977623783,
      "median": 23787.378892507215,
      "minimum": 23549.41491478644,
      "standard_deviation_ratio": 0.007202592005901047,
      "upper_outlier_bound": 24318.353550872427
    },
    {
      "maximum": 23465.25499692605,
      "total": 412793.8187907705,
      "mode": null,
      "n": 900,
      "frequency_distribution": "removed",
      "outliers": "removed",
      "average": 22932.989932820583,
      "sample_size": 18,
      "percentiles": {
        "25": 22684.661759841023,
        "50": 23139.9287818374,
        "75": 23368.81581723391
      },
      "variance": 586615.3487217933,
      "standard_deviation": 765.9081855691277,
      "lower_outlier_bound": 19798.06063688208,
      "median": 23139.9287818374,
      "minimum": 20115.665074176515,
      "standard_deviation_ratio": 0.03339765934632872,
      "upper_outlier_bound": 25483.590359833957
    },
    {
      "maximum": 23921.32753799305,
      "total": 394154.5744730556,
      "mode": null,
      "n": 1000,
      "frequency_distribution": "removed",
      "outliers": "removed",
      "average": 23185.56320429739,
      "sample_size": 17,
      "percentiles": {
        "25": 22765.41554639664,
        "50": 23512.26164444758,
        "75": 23635.309861643276
      },
      "variance": 773423.7631749243,
      "standard_deviation": 879.4451450630246,
      "lower_outlier_bound": 6946.5890249112235,
      "median": 23512.26164444758,
      "minimum": 20314.63303646883,
      "standard_deviation_ratio": 0.0379307216871929,
      "upper_outlier_bound": 33597.56093243786
    },
    {
      "maximum": 21237.915626008802,
      "total": 335563.9178960202,
      "mode": null,
      "n": 2000,
      "frequency_distribution": "removed",
      "outliers": "removed",
      "average": 15252.90535891001,
      "sample_size": 22,
      "percentiles": {
        "25": 6169.757213380285,
        "50": 20411.882408614365,
        "75": 20715.735466380283
      },
      "variance": 51357784.52767415,
      "standard_deviation": 7166.434575692027,
      "lower_outlier_bound": -15649.210166119712,
      "median": 20411.882408614365,
      "minimum": 5711.234283397156,
      "standard_deviation_ratio": 0.46984062426544476,
      "upper_outlier_bound": 42534.70284588028
    },
    {
      "maximum": 20051.371614075262,
      "total": 354770.1208838918,
      "mode": null,
      "n": 3000,
      "frequency_distribution": "removed",