{
  "build_type": "from_ordset_or_orddict",
  "name": "runtime",
  "timestamp": "2026-03-19T22:37:05.368270Z",
  "impl_mod": "gb_sets",
  "tweaks": "none",
  "impl_description": ":gb_sets.add/2",
  "group_id": "add_existing_x300",
  "measurements": [
    {
      "maximum": 83520.83761377627,
      "total": 3685888.1372558028,
      "mode": null,
      "n": 300,
      "percentiles": {
        "25": 79331.22687793482,
        "50": 80301.48556882635,
        "75": 81084.62642978308
      },
      "frequency_distribution": "removed",
      "average": 80128.0029838218,
      "variance": 2477812.800402474,
      "standard_deviation": 1574.1069850561219,
      "standard_deviation_ratio": 0.019644904732917665,
      "median": 80301.48556882635,
      "minimum": 76557.83714923113,
      "lower_outlier_bound": 76484.92271947187,
      "upper_outlier_bound": 84157.78213204433,
      "outliers": "removed",
      "sample_size": 46
    },
    {
      "maximum": 73401.66049236366,
      "total": 3333768.3800997157,
      "mode": null,
      "n": 400,
      "percentiles": {
        "25": 67976.71450004254,
        "50": 68930.38849535045,
        "75": 71054.20117169444
      },
      "frequency_distribution": "removed",
      "average": 69453.50791874407,
      "variance": 3382456.810769405,
      "standard_deviation": 1839.1456741567279,
      "standard_deviation_ratio": 0.026480241664804095,
      "median": 68930.38849535045,
      "minimum": 66884.35294070434,
      "lower_outlier_bound": 62645.27916774446,
      "upper_outlier_bound": 76892.01660620818,
      "outliers": "removed",
      "sample_size": 48
    },
    {
      "maximum": 68384.67198608235,
      "total": 2914140.167249049,
      "mode": null,
      "n": 500,
      "percentiles": {
        "25": 63897.56988567725,
        "50": 64634.723324603336,
        "75": 65666.46642634357
      },
      "frequency_distribution": "removed",
      "average": 64758.6703833122,
      "variance": 1536847.3187907964,
      "standard_deviation": 1239.6964623611686,
      "standard_deviation_ratio": 0.019143327913054693,
      "median": 64634.723324603336,
      "minimum": 61363.584762440085,
      "lower_outlier_bound": 60527.23179485426,
      "upper_outlier_bound": 69003.81561068002,
      "outliers": "removed",
      "sample_size": 45
    },
    {
      "maximum": 61499.32904232015,
      "total": 2610294.994360095,
      "mode": null,
      "n": 600,
      "percentiles": {
        "25": 58914.370918002685,
        "50": 59433.56439141698,
        "75": 59957.15552553558
      },
      "frequency_distribution": "removed",
      "average": 59324.8862354567,
      "variance": 822872.5788890825,
      "standard_deviation": 907.1232434951066,
      "standard_deviation_ratio": 0.015290770889889145,
      "median": 59433.56439141698,
      "minimum": 57247.800539503274,
      "lower_outlier_bound": 57045.50368812254,
      "upper_outlier_bound": 61769.62455195449,
      "outliers": "removed",
      "sample_size": 44
    },
    {
      "maximum": 56819.5700235858,
      "total": 2161740.354117586,
      "mode": null,
      "n": 700,
      "percentiles": {
        "25": 55059.318156415815,
        "50": 55513.76602613033,
        "75": 55863.64354973233
      },
      "frequency_distribution": "removed",
      "average": 55429.239849168865,
      "variance": 505333.49396928976,
      "standard_deviation": 710.86812698931,
      "standard_deviation_ratio": 0.01282478577955763,
      "median": 55513.76602613033,
      "minimum": 53798.35194128663,
      "lower_outlier_bound": 53154.83053246588,
      "upper_outlier_bound": 57680.051621926825,
      "outliers": "removed",
      "sample_size": 39
    },
    {
      "maximum": 53282.83541411686,
      "total": 2331989.060474661,
      "mode": null,
      "n": 800,
      "percentiles": {
        "25": 51428.646652645344,
        "50": 51751.77159252104,
        "75": 52193.02618214011
      },
      "frequency_distribution": "removed",
      "average": 51821.97912165914,
      "variance": 462540.0907309076,
      "standard_deviation": 680.1030000896244,
      "standard_deviation_ratio": 0.013123833007091261,
      "median": 51751.77159252104,
      "minimum": 50172.190959372565,
      "lower_outlier_bound": 49997.433054454435,
      "upper_outlier_bound": 53987.31117168437,
      "outliers": "removed",
      "sample_size": 45
    },
    {
      "maximum": 51138.208679688156,
      "total": 2150784.3036372773,
      "mode": null,
      "n": 900,
      "percentiles": {
        "25": 48108.75798925203,
        "50": 49047.5006621343,
        "75": 49617.87700093237
      },
      "frequency_distribution": "removed",
      "average": 48881.46144630176,
      "variance": 1069675.421146604,
      "standard_deviation": 1034.2511402684572,
      "standard_deviation_ratio": 0.0211583514417756,
      "median": 49047.5006621343,
      "minimum": 46815.471202399196,
      "lower_outlier_bound": 45803.02017793135,
      "upper_outlier_bound": 52105.05125173094,
      "outliers": "removed",
      "sample_size": 44
    },
    {
      "maximum": 48266.158906674966,
      "total": 2019451.007316322,
      "mode": null,
      "n": 1000,
      "percentiles": {
        "25": 46452.08281848941,
        "50": 47036.99836217172,
        "75": 47471.43406455166
      },
      "frequency_distribution": "removed",
      "average": 46963.97691433307,
      "variance": 375299.1522467501,
      "standard_deviation": 612.6166437885524,
      "standard_deviation_ratio": 0.013044394534688272,
      "median": 47036.99836217172,
      "minimum": 45481.13124308118,
      "lower_outlier_bound": 44843.6994435175,
      "upper_outlier_bound": 49132.72177677594,
      "outliers": "removed",
      "sample_size": 43
    },
    {
      "maximum": 35185.052263876634,
      "total": 1622264.508437946,
      "mode": null,
      "n": 2000,
      "percentiles": {
        "25": 33265.818770593985,
        "50": 33926.787890832755,
        "75": 34248.83403445744
      },
      "frequency_distribution": "removed",
      "average": 33797.17725912388,
      "variance": 371670.730147072,
      "standard_deviation": 609.6480379260414,
      "standard_deviation_ratio": 0.018038430643241395,
      "median": 33926.787890832755,
      "minimum": 32801.99567341677,
      "lower_outlier_bound": 31688.98845827665,
      "upper_outlier_bound": 35789.723304246916,
      "outliers": "removed",
      "sample_size": 48
    },
    {
      "maximum": 29319.69224878228,
      "total": 1217666.143356646,
      "mode": null,
      "n": 3000,
      "percentiles": {
        "25": 27346.386262819044,
        "50": 27606.771732591595,
        "75": 28023.27953058336
      },
      "frequency_distribution": "removed",
      "average": 27674.23053083286,
      "variance": 253247.12615331393,
      "standard_deviation": 503.23665024848293,
      "standard_deviation_ratio": 0.018184305059098526,
      "median": 27606.771732591595,
      "minimum": 26747.87320973141,
      "lower_outlier_bound": 26030.019692310554,
      "upper_outlier_bound": 29602.70005207925,
      "outliers": "removed",
      "sample_size": 44
    },
    {
      "maximum": 26061.477461643368,
      "total": 1157919.9100690524,
      "mode": null,
      "n": 4000,
      "percentiles": {
        "25": 24945.024505708825,
        "50": 25196.25455800924,
        "75": 25385.082186086947
      },
      "frequency_distribution": "removed",
      "average": 25172.17195802288,
      "variance": 94147.46360872847,
      "standard_deviation": 306.8345867217848,
      "standard_deviation_ratio": 0.01218943630424352,
      "median": 25196.25455800924,
      "minimum": 24493.510934148217,
      "lower_outlier_bound": 24274.559291645557,
      "upper_outlier_bound": 26088.087789003308,
      "outliers": "removed",
      "sample_size": 46
    },
    {
      "maximum": 23087.42607983355,
      "total": 1044489.9526815343,
      "mode": null,
      "n": 5000,