{"build_type":"from_ordset_or_orddict","name":"runtime","timestamp":"2026-04-02T22:07:59.647302Z","impl_mod":"gb_sets","impl_description":":gb_sets.difference/2","tweaks":"none","group_id":"difference_050_0100","measurements":[{"maximum":6850722.751250257,"total":345110964.6896012,"mode":[6568144.499178982,6567713.122290818,6508298.080052067,6171696.599395174],"n":0,"percentiles":{"25":6198475.175106924,"50":6493328.258582584,"75":6567713.122290818},"frequency_distribution":"removed","outliers":"removed","median":6493328.258582584,"average":6390943.79054817,"sample_size":54,"variance":73103990444.84138,"standard_deviation":270377.4961879065,"lower_outlier_bound":5577671.8150517065,"minimum":5773672.055427251,"standard_deviation_ratio":0.042306348647249706,"upper_outlier_bound":7161737.906634284},{"maximum":425629.7191695113,"total":20631018.62543205,"mode":[392493.94578088634,409559.1096184957,408740.5070017249,401519.3492174388,389186.8330310649,390672.30797479383,394439.9741247377,399279.6994222423],"n":100,"percentiles":{"25":389186.8330310649,"50":397616.80791923485,"75":406275.3348877558},"frequency_distribution":"removed","outliers":"removed","median":397616.80791923485,"average":396750.3581813856,"sample_size":52,"variance":133116954.74783951,"standard_deviation":11537.632111826044,"lower_outlier_bound":354903.6433439432,"minimum":369120.8280118414,"standard_deviation_ratio":0.02908033193646492,"upper_outlier_bound":437098.3498140434},{"maximum":271589.3135036923,"total":11987298.58348989,"mode":null,"n":200,"percentiles":{"25":257428.5844841981,"50":260852.17699918064,"75":264270.54672660737},"frequency_distribution":"removed","outliers":"removed","median":260852.17699918064,"average":260593.4474671715,"sample_size":46,"variance":26365349.914659183,"standard_deviation":5134.720042481302,"lower_outlier_bound":237354.18297828574,"minimum":248795.8281915529,"standard_deviation_ratio":0.019703949168285027,"upper_outlier_bound":280732.9153672308},{"maximum":210716.626173955,"total":9401233.88653268,"mode":199723.58256173457,"n":300,"percentiles":{"25":201487.33898667904,"50":204692.2369514297,"75":207359.51269988692},"frequency_distribution":"removed","outliers":"removed","median":204692.2369514297,"average":204374.64970723217,"sample_size":46,"variance":13859793.188754013,"standard_deviation":3722.8743181517707,"lower_outlier_bound":186963.4885269181,"minimum":195710.80206200902,"standard_deviation_ratio":0.018215930025983207,"upper_outlier_bound":219141.3139139678},{"maximum":160140.6675623868,"total":7089620.225146837,"mode":null,"n":400,"percentiles":{"25":152232.02726106488,"50":154108.15382064955,"75":155674.67975103908},"frequency_distribution":"removed","outliers":"removed","median":154108.15382064955,"average":154122.17880753992,"sample_size":46,"variance":5544248.125180021,"standard_deviation":2354.622713977766,"lower_outlier_bound":142720.64448618074,"minimum":150117.24156566279,"standard_deviation_ratio":0.015277637081150411,"upper_outlier_bound":162549.8770913846},{"maximum":138313.35166446288,"total":6166137.4321959345,"mode":136104.41931049502,"n":500,"percentiles":{"25":132300.1581558256,"50":134096.8073081319,"75":135531.08264041384},"frequency_distribution":"removed","outliers":"removed","median":134096.8073081319,"average":134046.46591730294,"sample_size":46,"variance":3360157.2233863208,"standard_deviation":1833.0731636752312,"lower_outlier_bound":125945.57168989876,"minimum":130354.81276486469,"standard_deviation_ratio":0.013674908556008525,"upper_outlier_bound":141179.72016427564},{"maximum":123146.03642167173,"total":5691239.8381993165,"mode":117227.65963183482,"n":600,"percentiles":{"25":117410.27229766469,"50":118385.86125730154,"75":119559.80612401101},"frequency_distribution":"removed","outliers":"removed","median":118385.86125730154,"average":118567.49662915243,"sample_size":48,"variance":2665953.957455251,"standard_deviation":1632.7749255348242,"lower_outlier_bound":112198.58440773233,"minimum":115070.16403251883,"standard_deviation_ratio":0.01377084759275731,"upper_outlier_bound":123701.52150017631},{"maximum":105288.53797389055,"total":5788656.443401964,"mode":[100839.38705786971,100846.40386766128],"n":700,"percentiles":{"25":90995.81841835543,"50":100200.7964959568,"75":100873.10727348871},"frequency_distribution":"removed","outliers":"removed","median":100200.7964959568,"average":96477.60739003275,"sample_size":60,"variance":59345968.05692698,"standard_deviation":7703.633432149208,"lower_outlier_bound":75549.26247979516,"minimum":77795.03963268294,"standard_deviation_ratio":0.07984892702620112,"upper_outlier_bound":116064.56514283748},{"maximum":90644.32707011249,"total":4074689.1872033854,"mode":88291.17723924083,"n":800,"percentiles":{"25":87838.90790452721,"50":88567.02354034763,"75":89550.25356185033},"frequency_distribution":"removed","outliers":"removed","median":88567.02354034763,"average":88580.19972181272,"sample_size":46,"variance":1163001.4483760411,"standard_deviation":1078.4254486871316,"lower_outlier_bound":82972.87336713454,"minimum":86415.48565502938,"standard_deviation_ratio":0.01217456555837468,"upper_outlier_bound":93264.28866367112},{"maximum":89371.25534440107,"total":4624229.446242727,"mode":69583.41799315855,"n":900,"percentiles":{"25":79759.11090138549,"50":82165.59590929482,"75":82847.846842988},"frequency_distribution":"removed","outliers":"removed","median":82165.59590929482,"average":79728.09390073668,"sample_size":58,"variance":31690685.25269161,"standard_deviation":5629.44804156603,"lower_outlier_bound":66985.95484589419,"minimum":67070.38567483875,"standard_deviation_ratio":0.07060808513213451,"upper_outlier_bound":92315.14518778212},{"maximum":80236.408554164,"total":4367855.183501529,"mode":null,"n":1000,"percentiles":{"25":65569.24551199355,"50":77224.44459838879,"75":78049.46649404807},"frequency_distribution":"removed","outliers":"removed","median":77224.44459838879,"average":72797.58639169214,"sample_size":60,"variance":49026667.101220526,"standard_deviation":7001.904533855094,"lower_outlier_bound":46848.91403891176,"minimum":50987.032468032405,"standard_deviation_ratio":0.09618319618703967,"upper_outlier_bound":96769.79796712985},{"maximum":42997.529791913454,"total":1986298.2697225574,"mode":42017.14215365585,"n":2000,"percentiles":{"25":42017.14215365585,"50":42235.2588387838,"75":42497.257864436295},"frequency_distribution":"removed","outliers":"removed","median":42235.2588387838,"average":42261.6653132459,"sample_size":47,"variance":117247.90469840207,"standard_deviation":342.4148137835191,"lower_outlier_bound":40625.22235519801,"minimum":41542.903433520965,"standard_deviation_ratio":0.008102255584239777,"upper_outlier_bound":43376.18450427415},{"maximum":27076.738455223334,"total":1507921.5901341534,"mode":null,"n":3000,"percentiles":{"25":22035.82427028884,"50":26711.287212617317,"75":26898.071283536498},"frequency_distribution":"removed","outliers":"removed","median":26711.287212617317,"average":25132.02650223589,"sample_size":60,"variance":5923699.584950638,"standard_deviation":2433.8651534032524,"lower_outlier_bound":14742.45375041735,"minimum":21209.290093246644,"standard_deviation_ratio":0.09684317152803901,"upper_outlier_bound":34191.441803407986},{"maximum":22336.211354166317,"total":1239027.7084013603,"mode":null,"n":4000,"percentiles":{"25":17863.231731924207,"50":22081.98276418269,"75":22185.05784915119},"frequency_distribution":"removed","outliers":"removed","median":22081.98276418269,"average":20650.461806689338,"sample_size":60,"variance":5062073.200030104,"standard_deviation":2249.9051535631684,"lower_outlier_bound":11380.49255608373,"minimum":13295.245115127516,"standard_deviation_ratio":0.10895180817866033,"upper_outlier_bound":28667.79702499167},{"maximum":16949.20425180958,"total":943636.6877621326,"mode":null,"n":5000,"percentiles":{"25":13574.41834922647,"50":16734.959726183617,"75":16835.015592753614},"frequency_distribution":"removed",