{
  "build_type": "from_ordset_or_orddict",
  "name": "runtime",
  "timestamp": "2026-03-19T22:37:05.427757Z",
  "impl_mod": "gb_sets",
  "tweaks": "none",
  "impl_description": ":gb_sets.difference/2",
  "group_id": "difference_100_0100",
  "measurements": [
    {
      "maximum": 4451963.315822277,
      "total": 181324527.08884084,
      "mode": null,
      "n": 0,
      "percentiles": {
        "25": 3815834.4968599593,
        "50": 3946651.2438343815,
        "75": 4081304.0801871917
      },
      "frequency_distribution": "removed",
      "average": 3941837.5454095835,
      "variance": 50297868007.107506,
      "standard_deviation": 224271.86182646165,
      "standard_deviation_ratio": 0.056895257413039406,
      "median": 3946651.2438343815,
      "minimum": 3450060.376056581,
      "lower_outlier_bound": 3392277.7984002926,
      "upper_outlier_bound": 4521762.32762607,
      "outliers": "removed",
      "sample_size": 46
    },
    {
      "maximum": 575914.1196864723,
      "total": 22808643.40546558,
      "mode": null,
      "n": 100,
      "percentiles": {
        "25": 396730.9384834552,
        "50": 482693.04101442767,
        "75": 511960.2162895442
      },
      "frequency_distribution": "removed",
      "average": 465482.5184788894,
      "variance": 3840534785.996143,
      "standard_deviation": 61972.04842504516,
      "standard_deviation_ratio": 0.13313507159744328,
      "median": 482693.04101442767,
      "minimum": 372500.5215007301,
      "lower_outlier_bound": 223428.57016514643,
      "upper_outlier_bound": 684552.9014810214,
      "outliers": "removed",
      "sample_size": 49
    },
    {
      "maximum": 362634.1746446185,
      "total": 12598949.987252906,
      "mode": null,
      "n": 200,
      "percentiles": {
        "25": 178030.42838897754,
        "50": 288447.948125521,
        "75": 301796.1403859728
      },
      "frequency_distribution": "removed",
      "average": 257121.4283112838,
      "variance": 3782197812.481092,
      "standard_deviation": 61499.575709764795,
      "standard_deviation_ratio": 0.2391849489701434,
      "median": 288447.948125521,
      "minimum": 143273.45458088216,
      "lower_outlier_bound": -7618.139606515353,
      "upper_outlier_bound": 487444.7083814657,
      "outliers": "removed",
      "sample_size": 49
    },
    {
      "maximum": 255109.85030153985,
      "total": 10046510.897062456,
      "mode": 225782.56236114373,
      "n": 300,
      "percentiles": {
        "25": 120616.78599687362,
        "50": 224512.7512017045,
        "75": 229051.52055851923
      },
      "frequency_distribution": "removed",
      "average": 196990.40974632266,
      "variance": 2621580778.06789,
      "standard_deviation": 51201.37476736235,
      "standard_deviation_ratio": 0.2599181088729024,
      "median": 224512.7512017045,
      "minimum": 104370.40639748843,
      "lower_outlier_bound": -42035.315845594814,
      "upper_outlier_bound": 391703.62240098766,
      "outliers": "removed",
      "sample_size": 51
    },
    {
      "maximum": 203087.74609157632,
      "total": 7405991.569603911,
      "mode": null,
      "n": 400,
      "percentiles": {
        "25": 93223.64757144917,
        "50": 180240.33134219158,
        "75": 188224.66469377806
      },
      "frequency_distribution": "removed",
      "average": 154291.49103341482,
      "variance": 2008312681.2879145,
      "standard_deviation": 44814.201781220145,
      "standard_deviation_ratio": 0.290451543899558,
      "median": 180240.33134219158,
      "minimum": 83631.33967370396,
      "lower_outlier_bound": -49277.878112044185,
      "upper_outlier_bound": 330726.1903772714,
      "outliers": "removed",
      "sample_size": 48
    },
    {
      "maximum": 167379.14388915483,
      "total": 6466540.812275447,
      "mode": null,
      "n": 500,
      "percentiles": {
        "25": 73682.33870220356,
        "50": 154893.23209511684,
        "75": 158628.1052274987
      },
      "frequency_distribution": "removed",
      "average": 131970.22065868258,
      "variance": 1620969484.5379047,
      "standard_deviation": 40261.26531218194,
      "standard_deviation_ratio": 0.30507841171464367,
      "median": 154893.23209511684,
      "minimum": 59485.63957175098,
      "lower_outlier_bound": -53736.31108573913,
      "upper_outlier_bound": 286046.7550154414,
      "outliers": "removed",
      "sample_size": 49
    },
    {
      "maximum": 160375.92115919717,
      "total": 5374286.784018277,
      "mode": null,
      "n": 600,
      "percentiles": {
        "25": 63787.12451603855,
        "50": 138773.62967979372,
        "75": 142390.0457267014
      },
      "frequency_distribution": "removed",
      "average": 109679.32212282198,
      "variance": 1590998846.6285589,
      "standard_deviation": 39887.32689249254,
      "standard_deviation_ratio": 0.36367225946040765,
      "median": 138773.62967979372,
      "minimum": 55917.153145899036,
      "lower_outlier_bound": -54117.25729995575,
      "upper_outlier_bound": 260294.42754269572,
      "outliers": "removed",
      "sample_size": 49
    },
    {
      "maximum": 135257.04925926478,
      "total": 4659268.431557299,
      "mode": null,
      "n": 700,
      "percentiles": {
        "25": 53034.382450696976,
        "50": 118268.59507553224,
        "75": 122067.70279159222
      },
      "frequency_distribution": "removed",
      "average": 95087.11084810813,
      "variance": 1208169897.9925916,
      "standard_deviation": 34758.738440751724,
      "standard_deviation_ratio": 0.36554626731981826,
      "median": 118268.59507553224,
      "minimum": 47566.67897058096,
      "lower_outlier_bound": -50515.59806064588,
      "upper_outlier_bound": 225617.6833029351,
      "outliers": "removed",
      "sample_size": 49
    },
    {
      "maximum": 116464.73622484216,
      "total": 4165768.6568145417,
      "mode": null,
      "n": 800,
      "percentiles": {
        "25": 45717.54772957021,
        "50": 104347.605767044,
        "75": 106385.94924589853
      },
      "frequency_distribution": "removed",
      "average": 83315.37313629083,
      "variance": 888326863.664742,
      "standard_deviation": 29804.81276010205,
      "standard_deviation_ratio": 0.35773485298260704,
      "median": 104347.605767044,
      "minimum": 43502.433091082785,
      "lower_outlier_bound": -45285.05454492228,
      "upper_outlier_bound": 197388.55152039102,
      "outliers": "removed",
      "sample_size": 50
    },
    {
      "maximum": 102785.06409676597,
      "total": 3794183.804088413,
      "mode": null,
      "n": 900,
      "percentiles": {
        "25": 40731.60479264355,
        "50": 95431.22986997495,
        "75": 96359.07244756861
      },
      "frequency_distribution": "removed",
      "average": 74395.76086447868,
      "variance": 848720872.845829,
      "standard_deviation": 29132.814365348037,
      "standard_deviation_ratio": 0.39159239756169917,
      "median": 95431.22986997495,
      "minimum": 18416.776062316476,
      "lower_outlier_bound": -42709.596689744045,
      "upper_outlier_bound": 179800.2739299562,
      "outliers": "removed",
      "sample_size": 51
    },
    {
      "maximum": 98853.69258083266,
      "total": 3461110.0565415695,
      "mode": null,
      "n": 1000,
      "percentiles": {
        "25": 38072.23152285071,
        "50": 89728.43257020175,
        "75": 90736.17629270072
      },
      "frequency_distribution": "removed",
      "average": 69222.2011308314,
      "variance": 686131041.5703263,
      "standard_deviation": 26194.103183165604,
      "standard_deviation_ratio": 0.3784061002864992,
      "median": 89728.43257020175,
      "minimum": 34942.26140725066,
      "lower_outlier_bound": -40923.68563192432,
      "upper_outlier_bound": 169732.09344747575,
      "outliers": "removed",
      "sample_size": 50
    },
    {
      "maximum": 52370.88220845915,
      "total": 2005598.2975228494,
      "mode": null,