{
  "build_type": "from_ordset_or_orddict",
  "name": "runtime",
  "timestamp": "2026-03-19T22:37:05.198915Z",
  "impl_mod": "gb_sets",
  "tweaks": "none",
  "impl_description": ":gb_sets.insert/2",
  "group_id": "insert_x300",
  "measurements": [
    {
      "maximum": 57809.48306760241,
      "total": 2780658.994788261,
      "mode": null,
      "n": 0,
      "percentiles": {
        "25": 28684.441315934935,
        "50": 55675.58356169557,
        "75": 56006.09347482652
      },
      "frequency_distribution": "removed",
      "average": 46344.316579804356,
      "variance": 174373985.36660165,
      "standard_deviation": 13205.074227985304,
      "standard_deviation_ratio": 0.2849340588558756,
      "median": 55675.58356169557,
      "minimum": 26811.59944864627,
      "lower_outlier_bound": -12298.036922402447,
      "upper_outlier_bound": 96988.5717131639,
      "outliers": "removed",
      "sample_size": 60
    },
    {
      "maximum": 60700.82747368012,
      "total": 2715157.2735797493,
      "mode": null,
      "n": 100,
      "percentiles": {
        "25": 28104.96863191742,
        "50": 55607.486853843744,
        "75": 57069.89786136348
      },
      "frequency_distribution": "removed",
      "average": 45252.62122632915,
      "variance": 218950209.47849143,
      "standard_deviation": 14796.966225496746,
      "standard_deviation_ratio": 0.3269858369416949,
      "median": 55607.486853843744,
      "minimum": 16520.9354946682,
      "lower_outlier_bound": -15342.42521225167,
      "upper_outlier_bound": 100517.29170553258,
      "outliers": "removed",
      "sample_size": 60
    },
    {
      "maximum": 60793.969238251564,
      "total": 2589827.549440112,
      "mode": null,
      "n": 200,
      "percentiles": {
        "25": 27162.625814068706,
        "50": 51510.74447163682,
        "75": 53444.83871306899
      },
      "frequency_distribution": "removed",
      "average": 44652.19912827779,
      "variance": 151528138.97380444,
      "standard_deviation": 12309.676639693036,
      "standard_deviation_ratio": 0.27567906799684233,
      "median": 51510.74447163682,
      "minimum": 25667.53559830512,
      "lower_outlier_bound": -12260.693534431717,
      "upper_outlier_bound": 92868.15806156941,
      "outliers": "removed",
      "sample_size": 58
    },
    {
      "maximum": 56458.324158855656,
      "total": 2597892.8350243145,
      "mode": null,
      "n": 300,
      "percentiles": {
        "25": 30493.082907355492,
        "50": 48012.33961689556,
        "75": 49815.55684458684
      },
      "frequency_distribution": "removed",
      "average": 43298.21391707191,
      "variance": 116059087.01683554,
      "standard_deviation": 10773.072310944337,
      "standard_deviation_ratio": 0.2488110094235702,
      "median": 48012.33961689556,
      "minimum": 24109.770822162474,
      "lower_outlier_bound": 1509.372001508469,
      "upper_outlier_bound": 78799.26775043386,
      "outliers": "removed",
      "sample_size": 60
    },
    {
      "maximum": 56421.30920005868,
      "total": 2415896.8198692757,
      "mode": null,
      "n": 400,
      "percentiles": {
        "25": 24241.53207030966,
        "50": 44216.2101861542,
        "75": 45941.715406793766
      },
      "frequency_distribution": "removed",
      "average": 38966.07773982703,
      "variance": 108628783.59337002,
      "standard_deviation": 10422.51330502245,
      "standard_deviation_ratio": 0.2674765824421084,
      "median": 44216.2101861542,
      "minimum": 22697.956253320994,
      "lower_outlier_bound": -8308.742934416503,
      "upper_outlier_bound": 78491.99041151993,
      "outliers": "removed",
      "sample_size": 62
    },
    {
      "maximum": 56136.03332684027,
      "total": 2285613.3146444573,
      "mode": null,
      "n": 500,
      "percentiles": {
        "25": 23564.811588578275,
        "50": 42695.19388741448,
        "75": 44680.368448355846
      },
      "frequency_distribution": "removed",
      "average": 37469.07073187635,
      "variance": 115546144.17492929,
      "standard_deviation": 10749.239237031115,
      "standard_deviation_ratio": 0.2868829951495523,
      "median": 42695.19388741448,
      "minimum": 14066.879854919827,
      "lower_outlier_bound": -8108.523701088081,
      "upper_outlier_bound": 76353.7037380222,
      "outliers": "removed",
      "sample_size": 61
    },
    {
      "maximum": 54770.211577327325,
      "total": 2008810.038311458,
      "mode": null,
      "n": 600,
      "percentiles": {
        "25": 22041.14199564908,
        "50": 39599.75733268706,
        "75": 40671.353904633
      },
      "frequency_distribution": "removed",
      "average": 34047.627767990816,
      "variance": 97570661.67069755,
      "standard_deviation": 9877.786273791186,
      "standard_deviation_ratio": 0.29011672534430094,
      "median": 39599.75733268706,
      "minimum": 14406.209883207415,
      "lower_outlier_bound": -5904.175867826798,
      "upper_outlier_bound": 68616.67176810888,
      "outliers": "removed",
      "sample_size": 59
    },
    {
      "maximum": 50071.75282179363,
      "total": 1950084.552609989,
      "mode": null,
      "n": 700,
      "percentiles": {
        "25": 21200.593871035515,
        "50": 37363.98575087039,
        "75": 38208.013595939556
      },
      "frequency_distribution": "removed",
      "average": 33052.28055271168,
      "variance": 71429984.39295557,
      "standard_deviation": 8451.626138972048,
      "standard_deviation_ratio": 0.2557047803552744,
      "median": 37363.98575087039,
      "minimum": 15946.70737967372,
      "lower_outlier_bound": -4310.535716320544,
      "upper_outlier_bound": 63719.143183295615,
      "outliers": "removed",
      "sample_size": 59
    },
    {
      "maximum": 53286.55484305511,
      "total": 1891328.1456544672,
      "mode": null,
      "n": 800,
      "percentiles": {
        "25": 20312.293385890716,
        "50": 35307.15637221793,
        "75": 36190.094988142315
      },
      "frequency_distribution": "removed",
      "average": 32056.409248380798,
      "variance": 72873708.09389596,
      "standard_deviation": 8536.60987124842,
      "standard_deviation_ratio": 0.2662996284176654,
      "median": 35307.15637221793,
      "minimum": 18048.059093677006,
      "lower_outlier_bound": -3504.4090174866833,
      "upper_outlier_bound": 60006.797391519714,
      "outliers": "removed",
      "sample_size": 59
    },
    {
      "maximum": 38385.65297834281,
      "total": 1701545.5395448892,
      "mode": null,
      "n": 900,
      "percentiles": {
        "25": 19778.666845819702,
        "50": 33963.627394429015,
        "75": 34863.88221192149
      },
      "frequency_distribution": "removed",
      "average": 29336.99206111878,
      "variance": 53083965.09664764,
      "standard_deviation": 7285.874353613823,
      "standard_deviation_ratio": 0.2483511035635455,
      "median": 33963.627394429015,
      "minimum": 18616.870757215154,
      "lower_outlier_bound": -2849.156203332979,
      "upper_outlier_bound": 57491.70526107417,
      "outliers": "removed",
      "sample_size": 58
    },
    {
      "maximum": 49476.31791304933,
      "total": 1709716.4594526982,
      "mode": null,
      "n": 1000,
      "percentiles": {
        "25": 19465.878598589185,
        "50": 32962.05467546277,
        "75": 33883.0062747919
      },
      "frequency_distribution": "removed",
      "average": 28495.274324211638,
      "variance": 64997629.06043482,
      "standard_deviation": 8062.110707527826,
      "standard_deviation_ratio": 0.28292799064852925,
      "median": 32962.05467546277,
      "minimum": 15337.006955486024,
      "lower_outlier_bound": -2159.8129157148906,
      "upper_outlier_bound": 55508.697789095975,
      "outliers": "removed",
      "sample_size": 60
    },
    {
      "maximum": 32816.452331477674,
      "total": 1197916.2073730447,
      "mode": null,
      "n": 2000,