{
  "build_type": "from_ordset_or_orddict",
  "name": "runtime",
  "timestamp": "2026-03-19T22:37:05.441729Z",
  "impl_mod": "gb_sets",
  "tweaks": "none",
  "impl_description": ":gb_sets.intersection/2",
  "group_id": "intersection_100_0100",
  "measurements": [
    {
      "maximum": 4473872.584108804,
      "total": 169255600.0765677,
      "mode": 4021393.815096312,
      "n": 0,
      "percentiles": {
        "25": 3779289.493575208,
        "50": 3928192.6385669955,
        "75": 4042690.8150064684
      },
      "frequency_distribution": "removed",
      "average": 3936176.745966691,
      "variance": 49144286313.75004,
      "standard_deviation": 221685.1062064162,
      "standard_deviation_ratio": 0.056319906476143836,
      "median": 3928192.6385669955,
      "minimum": 3499807.510586918,
      "lower_outlier_bound": 3364798.611132115,
      "upper_outlier_bound": 4496840.005824396,
      "outliers": "removed",
      "sample_size": 43
    },
    {
      "maximum": 484193.5030915755,
      "total": 17782123.242255315,
      "mode": null,
      "n": 100,
      "percentiles": {
        "25": 226870.0329642158,
        "50": 386835.22366812633,
        "75": 411612.4092909153
      },
      "frequency_distribution": "removed",
      "average": 348669.08318147674,
      "variance": 7733888840.134555,
      "standard_deviation": 87942.53146307851,
      "standard_deviation_ratio": 0.25222348554863355,
      "median": 386835.22366812633,
      "minimum": 202174.5898888444,
      "lower_outlier_bound": -50243.531525833474,
      "upper_outlier_bound": 688725.9737809645,
      "outliers": "removed",
      "sample_size": 51
    },
    {
      "maximum": 333261.12675586954,
      "total": 12780192.428751051,
      "mode": null,
      "n": 200,
      "percentiles": {
        "25": 180245.56416365417,
        "50": 293917.95574183424,
        "75": 305350.08674547006
      },
      "frequency_distribution": "removed",
      "average": 260820.25364798063,
      "variance": 3764998903.412893,
      "standard_deviation": 61359.58689082655,
      "standard_deviation_ratio": 0.23525621968622612,
      "median": 293917.95574183424,
      "minimum": 128139.25148737636,
      "lower_outlier_bound": -7411.219709069672,
      "upper_outlier_bound": 493006.8706181939,
      "outliers": "removed",
      "sample_size": 49
    },
    {
      "maximum": 269294.98572736577,
      "total": 11176703.035189316,
      "mode": null,
      "n": 300,
      "percentiles": {
        "25": 154198.02314739162,
        "50": 252976.04854353517,
        "75": 257822.84517208283
      },
      "frequency_distribution": "removed",
      "average": 223534.06070378632,
      "variance": 2571935896.5284514,
      "standard_deviation": 50714.25732995063,
      "standard_deviation_ratio": 0.22687485374836933,
      "median": 252976.04854353517,
      "minimum": 114125.02624875604,
      "lower_outlier_bound": -1239.2098896451935,
      "upper_outlier_bound": 413260.0782091196,
      "outliers": "removed",
      "sample_size": 50
    },
    {
      "maximum": 282952.66767775087,
      "total": 8993948.944439838,
      "mode": null,
      "n": 400,
      "percentiles": {
        "25": 223496.64978521972,
        "50": 228841.3305750325,
        "75": 235265.33224170218
      },
      "frequency_distribution": "removed",
      "average": 230614.0754984574,
      "variance": 404689818.4090365,
      "standard_deviation": 20116.903797777544,
      "standard_deviation_ratio": 0.08723189924247321,
      "median": 228841.3305750325,
      "minimum": 146663.0489781252,
      "lower_outlier_bound": 140730.1690977831,
      "upper_outlier_bound": 287639.07453855727,
      "outliers": "removed",
      "sample_size": 39
    },
    {
      "maximum": 216224.6314451157,
      "total": 7643957.189887152,
      "mode": null,
      "n": 500,
      "percentiles": {
        "25": 203786.3539658761,
        "50": 205441.31876891345,
        "75": 209482.03287713003
      },
      "frequency_distribution": "removed",
      "average": 206593.43756451763,
      "variance": 15291237.885618024,
      "standard_deviation": 3910.4012435577533,
      "standard_deviation_ratio": 0.01892800318178821,
      "median": 205441.31876891345,
      "minimum": 199594.82251030407,
      "lower_outlier_bound": 187432.943506736,
      "upper_outlier_bound": 222099.58786184588,
      "outliers": "removed",
      "sample_size": 37
    },
    {
      "maximum": 198903.24749332183,
      "total": 7931801.326993675,
      "mode": null,
      "n": 600,
      "percentiles": {
        "25": 112181.82430082677,
        "50": 180409.34881245546,
        "75": 184576.4247915671
      },
      "frequency_distribution": "removed",
      "average": 155525.51621556227,
      "variance": 1456643696.7767498,
      "standard_deviation": 38166.00184426907,
      "standard_deviation_ratio": 0.24540025825325046,
      "median": 180409.34881245546,
      "minimum": 63937.5151451989,
      "lower_outlier_bound": 3589.923564716315,
      "upper_outlier_bound": 293168.32552767755,
      "outliers": "removed",
      "sample_size": 51
    },
    {
      "maximum": 197968.4477887914,
      "total": 7329683.045295285,
      "mode": null,
      "n": 700,
      "percentiles": {
        "25": 102667.71798409882,
        "50": 165160.67656419548,
        "75": 170423.0752843935
      },
      "frequency_distribution": "removed",
      "average": 143719.27539794677,
      "variance": 1381937097.810986,
      "standard_deviation": 37174.4145590887,
      "standard_deviation_ratio": 0.2586599080475171,
      "median": 165160.67656419548,
      "minimum": 50221.174050518486,
      "lower_outlier_bound": 1034.6820336568053,
      "upper_outlier_bound": 272056.1112348355,
      "outliers": "removed",
      "sample_size": 51
    },
    {
      "maximum": 183645.95997252656,
      "total": 6479540.94653245,
      "mode": null,
      "n": 800,
      "percentiles": {
        "25": 94243.2080004584,
        "50": 154065.87548704076,
        "75": 157448.47329024837
      },
      "frequency_distribution": "removed",
      "average": 132235.5295210704,
      "variance": 1050678896.5399884,
      "standard_deviation": 32414.177400328834,
      "standard_deviation_ratio": 0.24512457066362003,
      "median": 154065.87548704076,
      "minimum": 78697.7722234639,
      "lower_outlier_bound": -564.6899342265533,
      "upper_outlier_bound": 252256.3712249333,
      "outliers": "removed",
      "sample_size": 49
    },
    {
      "maximum": 171185.683398926,
      "total": 6367641.127646113,
      "mode": 144300.97720621765,
      "n": 900,
      "percentiles": {
        "25": 88389.50781647282,
        "50": 142911.45242579468,
        "75": 145962.8665207971
      },
      "frequency_distribution": "removed",
      "average": 127352.82255292225,
      "variance": 797893415.9252065,
      "standard_deviation": 28247.007202980047,
      "standard_deviation_ratio": 0.2218011869445754,
      "median": 142911.45242579468,
      "minimum": 80660.3826851196,
      "lower_outlier_bound": 2029.4697599863866,
      "upper_outlier_bound": 232322.90457728354,
      "outliers": "removed",
      "sample_size": 50
    },
    {
      "maximum": 184716.55245026507,
      "total": 8081066.756940702,
      "mode": null,
      "n": 1000,
      "percentiles": {
        "25": 141328.98398869124,
        "50": 173757.71918667486,
        "75": 176591.93294891724
      },
      "frequency_distribution": "removed",
      "average": 164919.72973348372,
      "variance": 342603940.9258329,
      "standard_deviation": 18509.563499062664,
      "standard_deviation_ratio": 0.11223377293289767,
      "median": 173757.71918667486,
      "minimum": 126029.34467261357,
      "lower_outlier_bound": 88434.56054835224,
      "upper_outlier_bound": 229486.35638925625,
      "outliers": "removed",
      "sample_size": 49
    },
    {
      "maximum": 132767.03766202557,
      "total": 5674296.456799648,