{
  "build_type": "from_ordset_or_orddict",
  "name": "runtime",
  "timestamp": "2026-03-19T22:37:05.388856Z",
  "impl_mod": "gb_sets",
  "tweaks": "none",
  "impl_description": ":gb_sets.intersection/2",
  "group_id": "intersection_050_1000",
  "measurements": [
    {
      "maximum": 4459905.45000446,
      "total": 187219721.3899172,
      "mode": 4023011.6265036007,
      "n": 0,
      "percentiles": {
        "25": 3672974.660005359,
        "50": 3895901.5116097867,
        "75": 3992494.747475217
      },
      "frequency_distribution": "removed",
      "average": 3820810.640610555,
      "variance": 62504458790.15334,
      "standard_deviation": 250008.91742126588,
      "standard_deviation_ratio": 0.0654334749709855,
      "median": 3895901.5116097867,
      "minimum": 3200102.403276905,
      "lower_outlier_bound": 3199993.200665883,
      "upper_outlier_bound": 4524600.688131505,
      "outliers": "removed",
      "sample_size": 49
    },
    {
      "maximum": 198851.43411654283,
      "total": 10412715.097220775,
      "mode": null,
      "n": 100,
      "percentiles": {
        "25": 159044.46087903873,
        "50": 182511.06017024632,
        "75": 187605.29347096058
      },
      "frequency_distribution": "removed",
      "average": 176486.69656306398,
      "variance": 220982324.05977288,
      "standard_deviation": 14865.474229225681,
      "standard_deviation_ratio": 0.08422999874052152,
      "median": 182511.06017024632,
      "minimum": 149806.45006651405,
      "lower_outlier_bound": 116203.21199115596,
      "upper_outlier_bound": 230446.54235884335,
      "outliers": "removed",
      "sample_size": 59
    },
    {
      "maximum": 125232.4627589964,
      "total": 6198537.367236367,
      "mode": 118724.37779521706,
      "n": 200,
      "percentiles": {
        "25": 74758.93908902447,
        "50": 117913.71883715388,
        "75": 119671.95863933899
      },
      "frequency_distribution": "removed",
      "average": 103308.95612060612,
      "variance": 495749461.93123156,
      "standard_deviation": 22265.431995163075,
      "standard_deviation_ratio": 0.21552276618853558,
      "median": 117913.71883715388,
      "minimum": 64784.92377081945,
      "lower_outlier_bound": 7389.409763552685,
      "upper_outlier_bound": 187041.48796481077,
      "outliers": "removed",
      "sample_size": 60
    },
    {
      "maximum": 115451.84388139863,
      "total": 5168745.6055549,
      "mode": null,
      "n": 300,
      "percentiles": {
        "25": 64543.61211870861,
        "50": 104053.83329119153,
        "75": 106347.68034439633
      },
      "frequency_distribution": "removed",
      "average": 87605.8577212695,
      "variance": 491503009.0266035,
      "standard_deviation": 22169.86714048155,
      "standard_deviation_ratio": 0.25306375300859607,
      "median": 104053.83329119153,
      "minimum": 39403.400986345936,
      "lower_outlier_bound": 1837.5097801770316,
      "upper_outlier_bound": 169053.7826829279,
      "outliers": "removed",
      "sample_size": 59
    },
    {
      "maximum": 101934.82491164799,
      "total": 4668171.0263543,
      "mode": null,
      "n": 400,
      "percentiles": {
        "25": 56984.37545409424,
        "50": 93223.40429498868,
        "75": 95010.70295568796
      },
      "frequency_distribution": "removed",
      "average": 79121.5428195644,
      "variance": 400624048.0030958,
      "standard_deviation": 20015.59511988329,
      "standard_deviation_ratio": 0.25297276072495933,
      "median": 93223.40429498868,
      "minimum": 39336.61164654796,
      "lower_outlier_bound": -55.11579829634138,
      "upper_outlier_bound": 152050.19420807855,
      "outliers": "removed",
      "sample_size": 59
    },
    {
      "maximum": 90156.69233127176,
      "total": 4771619.798581703,
      "mode": null,
      "n": 500,
      "percentiles": {
        "25": 53330.6808183604,
        "50": 87278.38925987053,
        "75": 88113.58783800184
      },
      "frequency_distribution": "removed",
      "average": 78223.27538658529,
      "variance": 266771011.64347592,
      "standard_deviation": 16333.126205459746,
      "standard_deviation_ratio": 0.20880135899117255,
      "median": 87278.38925987053,
      "minimum": 47189.332568236954,
      "lower_outlier_bound": 1156.3202888982414,
      "upper_outlier_bound": 140287.948367464,
      "outliers": "removed",
      "sample_size": 61
    },
    {
      "maximum": 85983.63559447366,
      "total": 4156600.018096703,
      "mode": null,
      "n": 600,
      "percentiles": {
        "25": 46436.067439924474,
        "50": 79275.92540769627,
        "75": 80408.8662358287
      },
      "frequency_distribution": "removed",
      "average": 68140.98390322464,
      "variance": 276529758.64373255,
      "standard_deviation": 16629.18394401038,
      "standard_deviation_ratio": 0.2440408545850691,
      "median": 79275.92540769627,
      "minimum": 41904.176044472064,
      "lower_outlier_bound": -4523.130753931859,
      "upper_outlier_bound": 131368.06442968504,
      "outliers": "removed",
      "sample_size": 61
    },
    {
      "maximum": 76725.00836302592,
      "total": 3708236.1929717115,
      "mode": null,
      "n": 700,
      "percentiles": {
        "25": 42566.61144498292,
        "50": 73399.49009184305,
        "75": 74401.98143898172
      },
      "frequency_distribution": "removed",
      "average": 63935.106775374334,
      "variance": 252070236.88942906,
      "standard_deviation": 15876.719966335271,
      "standard_deviation_ratio": 0.24832554080367084,
      "median": 73399.49009184305,
      "minimum": 17082.185125789794,
      "lower_outlier_bound": -5186.443546015282,
      "upper_outlier_bound": 122155.03642997993,
      "outliers": "removed",
      "sample_size": 58
    },
    {
      "maximum": 73020.8963899199,
      "total": 3253815.915157982,
      "mode": null,
      "n": 800,
      "percentiles": {
        "25": 38838.397086028155,
        "50": 68303.14035636513,
        "75": 69722.01312672296
      },
      "frequency_distribution": "removed",
      "average": 56100.27439927556,
      "variance": 249211150.31577703,
      "standard_deviation": 15786.422974055175,
      "standard_deviation_ratio": 0.2813965375944584,
      "median": 68303.14035636513,
      "minimum": 35644.68945811874,
      "lower_outlier_bound": -7487.026975014051,
      "upper_outlier_bound": 116047.43718776517,
      "outliers": "removed",
      "sample_size": 58
    },
    {
      "maximum": 70181.10233457437,
      "total": 3374060.7568509444,
      "mode": null,
      "n": 900,
      "percentiles": {
        "25": 37475.09562919015,
        "50": 65431.32328308208,
        "75": 66665.49299873131
      },
      "frequency_distribution": "removed",
      "average": 55312.47142378597,
      "variance": 221645786.9074721,
      "standard_deviation": 14887.77306743598,
      "standard_deviation_ratio": 0.2691576182407536,
      "median": 65431.32328308208,
      "minimum": 22199.68214495105,
      "lower_outlier_bound": -6310.50042512158,
      "upper_outlier_bound": 110451.08905304305,
      "outliers": "removed",
      "sample_size": 61
    },
    {
      "maximum": 68000.33456164604,
      "total": 3146619.9859393677,
      "mode": null,
      "n": 1000,
      "percentiles": {
        "25": 35264.26987351866,
        "50": 63079.4661559158,
        "75": 63741.71518578737
      },
      "frequency_distribution": "removed",
      "average": 50751.935257086574,
      "variance": 214073098.82875174,
      "standard_deviation": 14631.23709153644,
      "standard_deviation_ratio": 0.28828924488142466,
      "median": 63079.4661559158,
      "minimum": 32281.51547511289,
      "lower_outlier_bound": -7451.898094884411,
      "upper_outlier_bound": 106457.88315419044,
      "outliers": "removed",
      "sample_size": 62
    },
    {
      "maximum": 48561.60525242322,
      "total": 2392853.5534185055,
      "mode": null,