{
  "build_type": "from_ordset_or_orddict",
  "name": "runtime",
  "timestamp": "2026-03-19T22:37:05.335658Z",
  "impl_mod": "gb_sets",
  "tweaks": "none",
  "impl_description": ":gb_sets.intersection/2",
  "group_id": "intersection_050_0050",
  "measurements": [
    {
      "maximum": 4514265.07764536,
      "total": 230159534.1707688,
      "mode": [
        4131207.138725936,
        4010105.4657737496,
        3994088.748651995
      ],
      "n": 0,
      "percentiles": {
        "25": 3732596.767571199,
        "50": 3917267.314321529,
        "75": 4042527.3881230545
      },
      "frequency_distribution": "removed",
      "average": 3901009.053741844,
      "variance": 49226341809.54837,
      "standard_deviation": 221870.1012068737,
      "standard_deviation_ratio": 0.05687505415914278,
      "median": 3917267.314321529,
      "minimum": 3422899.195618689,
      "lower_outlier_bound": 3183291.2964455285,
      "upper_outlier_bound": 4648477.427412236,
      "outliers": "removed",
      "sample_size": 59
    },
    {
      "maximum": 653048.430071574,
      "total": 27024970.740562644,
      "mode": null,
      "n": 100,
      "percentiles": {
        "25": 346158.5059798882,
        "50": 464002.6726553945,
        "75": 488362.32577674027
      },
      "frequency_distribution": "removed",
      "average": 428967.78953274037,
      "variance": 9395730915.990547,
      "standard_deviation": 96931.5785283132,
      "standard_deviation_ratio": 0.225964701531314,
      "median": 464002.6726553945,
      "minimum": 179146.6171744279,
      "lower_outlier_bound": 132852.7762846101,
      "upper_outlier_bound": 701668.0554720184,
      "outliers": "removed",
      "sample_size": 63
    },
    {
      "maximum": 427093.07639413857,
      "total": 21765856.3542197,
      "mode": null,
      "n": 200,
      "percentiles": {
        "25": 265055.1314673452,
        "50": 381193.4404232772,
        "75": 397623.800170183
      },
      "frequency_distribution": "removed",
      "average": 345489.7834003127,
      "variance": 4495515138.782254,
      "standard_deviation": 67048.60281006797,
      "standard_deviation_ratio": 0.19406826491416093,
      "median": 381193.4404232772,
      "minimum": 174620.94159104125,
      "lower_outlier_bound": 66202.12841308856,
      "upper_outlier_bound": 596476.8032244397,
      "outliers": "removed",
      "sample_size": 63
    },
    {
      "maximum": 359888.2906745746,
      "total": 15679169.950543268,
      "mode": null,
      "n": 300,
      "percentiles": {
        "25": 312702.76948625484,
        "50": 319458.19889467466,
        "75": 327386.75848070113
      },
      "frequency_distribution": "removed",
      "average": 319983.06021516875,
      "variance": 311987415.0421946,
      "standard_deviation": 17663.16548759578,
      "standard_deviation_ratio": 0.0552003142782571,
      "median": 319458.19889467466,
      "minimum": 227589.2832758291,
      "lower_outlier_bound": 226176.00543495308,
      "upper_outlier_bound": 386261.6837716046,
      "outliers": "removed",
      "sample_size": 49
    },
    {
      "maximum": 338802.7388813411,
      "total": 15152647.91281684,
      "mode": null,
      "n": 400,
      "percentiles": {
        "25": 186951.53094608692,
        "50": 268852.6176835121,
        "75": 277138.8188343541
      },
      "frequency_distribution": "removed",
      "average": 240518.22083836253,
      "variance": 2565188035.942332,
      "standard_deviation": 50647.68539570522,
      "standard_deviation_ratio": 0.21057733264101605,
      "median": 268852.6176835121,
      "minimum": 128388.16363841784,
      "lower_outlier_bound": 51670.59911368613,
      "upper_outlier_bound": 412419.7506667549,
      "outliers": "removed",
      "sample_size": 63
    },
    {
      "maximum": 371502.76583809167,
      "total": 20702986.76942749,
      "mode": null,
      "n": 500,
      "percentiles": {
        "25": 290766.9912991935,
        "50": 320802.7768688366,
        "75": 344285.47416053945
      },
      "frequency_distribution": "removed",
      "average": 318507.4887604229,
      "variance": 863840502.8137589,
      "standard_deviation": 29391.163685940694,
      "standard_deviation_ratio": 0.09227777908873074,
      "median": 320802.7768688366,
      "minimum": 245237.4879833631,
      "lower_outlier_bound": 210489.26700717464,
      "upper_outlier_bound": 424563.19845255837,
      "outliers": "removed",
      "sample_size": 65
    },
    {
      "maximum": 348638.56639821496,
      "total": 19046990.938664805,
      "mode": null,
      "n": 600,
      "percentiles": {
        "25": 266447.53775397915,
        "50": 303129.50905144715,
        "75": 310788.7286933707
      },
      "frequency_distribution": "removed",
      "average": 293030.6298256124,
      "variance": 727486688.468268,
      "standard_deviation": 26971.961153543656,
      "standard_deviation_ratio": 0.0920448526817662,
      "median": 303129.50905144715,
      "minimum": 203717.8507766743,
      "lower_outlier_bound": 195838.86427795436,
      "upper_outlier_bound": 379716.1479049538,
      "outliers": "removed",
      "sample_size": 65
    },
    {
      "maximum": 307405.71098329866,
      "total": 15762178.177951941,
      "mode": null,
      "n": 700,
      "percentiles": {
        "25": 245502.9988191306,
        "50": 278896.46247726993,
        "75": 283322.2365457353
      },
      "frequency_distribution": "removed",
      "average": 267155.5623381685,
      "variance": 602113258.5900265,
      "standard_deviation": 24537.99622198248,
      "standard_deviation_ratio": 0.09184909349153664,
      "median": 278896.46247726993,
      "minimum": 187658.10195089362,
      "lower_outlier_bound": 183305.0929568796,
      "upper_outlier_bound": 346379.4466560648,
      "outliers": "removed",
      "sample_size": 59
    },
    {
      "maximum": 283829.656793179,
      "total": 15419617.286174696,
      "mode": null,
      "n": 800,
      "percentiles": {
        "25": 230070.83936088881,
        "50": 253110.41123919733,
        "75": 258732.3512835438
      },
      "frequency_distribution": "removed",
      "average": 248703.5046157209,
      "variance": 269254823.73102945,
      "standard_deviation": 16408.986066513356,
      "standard_deviation_ratio": 0.06597810550304614,
      "median": 253110.41123919733,
      "minimum": 221616.47053609023,
      "lower_outlier_bound": 184463.65724087905,
      "upper_outlier_bound": 304299.6031222688,
      "outliers": "removed",
      "sample_size": 62
    },
    {
      "maximum": 252604.35085733916,
      "total": 14634682.489159202,
      "mode": null,
      "n": 900,
      "percentiles": {
        "25": 216624.40109776077,
        "50": 233661.20335266943,
        "75": 240368.29109151624
      },
      "frequency_distribution": "removed",
      "average": 228666.91389311253,
      "variance": 205448337.28369978,
      "standard_deviation": 14333.469129408268,
      "standard_deviation_ratio": 0.06268274183342618,
      "median": 233661.20335266943,
      "minimum": 199858.89961687048,
      "lower_outlier_bound": 179448.65197432437,
      "upper_outlier_bound": 277119.1692055523,
      "outliers": "removed",
      "sample_size": 64
    },
    {
      "maximum": 241592.57827599536,
      "total": 13466172.469434062,
      "mode": null,
      "n": 1000,
      "percentiles": {
        "25": 203633.76764867833,
        "50": 221712.6452220493,
        "75": 225297.4441740381
      },
      "frequency_distribution": "removed",
      "average": 217196.3301521623,
      "variance": 171112294.86550382,
      "standard_deviation": 13080.989827436753,
      "standard_deviation_ratio": 0.06022656928997162,
      "median": 221712.6452220493,
      "minimum": 179827.65317719497,
      "lower_outlier_bound": 170715.22184919496,
      "upper_outlier_bound": 261075.53553737164,
      "outliers": "removed",
      "sample_size": 62
    },
    {
      "maximum": 168384.46889012746,