{
  "build_type": "from_ordset_or_orddict",
  "name": "runtime",
  "timestamp": "2026-03-19T22:37:05.400547Z",
  "impl_mod": "gb_sets",
  "tweaks": "none",
  "impl_description": ":gb_sets.is_disjoint/2",
  "group_id": "is_disjoint_000_0100",
  "measurements": [
    {
      "maximum": 4859322.610428106,
      "total": 200565884.24840546,
      "mode": [
        4551247.041689423,
        4610206.998294223
      ],
      "n": 0,
      "percentiles": {
        "25": 4452459.035949195,
        "50": 4560606.611969837,
        "75": 4659158.109267097
      },
      "frequency_distribution": "removed",
      "average": 4558315.551100124,
      "variance": 17420486327.30203,
      "standard_deviation": 131986.6899626702,
      "standard_deviation_ratio": 0.02895514548807749,
      "median": 4560606.611969837,
      "minimum": 4307745.326096321,
      "lower_outlier_bound": 4031142.6902754,
      "upper_outlier_bound": 5187787.134992248,
      "outliers": "removed",
      "sample_size": 44
    },
    {
      "maximum": 423701.88335487153,
      "total": 20550306.09485455,
      "mode": 373461.80419397604,
      "n": 100,
      "percentiles": {
        "25": 347484.04179538053,
        "50": 373461.80419397604,
        "75": 399868.8430194896
      },
      "frequency_distribution": "removed",
      "average": 373641.92899735546,
      "variance": 741174205.3896148,
      "standard_deviation": 27224.51478703734,
      "standard_deviation_ratio": 0.07286257958279095,
      "median": 373461.80419397604,
      "minimum": 333561.2668656916,
      "lower_outlier_bound": 268906.8399592169,
      "upper_outlier_bound": 478446.0448556532,
      "outliers": "removed",
      "sample_size": 55
    },
    {
      "maximum": 346290.3644706086,
      "total": 15571443.662694432,
      "mode": null,
      "n": 200,
      "percentiles": {
        "25": 270893.78126793285,
        "50": 285644.9945733693,
        "75": 303090.8279805681
      },
      "frequency_distribution": "removed",
      "average": 288360.0678276747,
      "variance": 456699638.22457135,
      "standard_deviation": 21370.532006119345,
      "standard_deviation_ratio": 0.07411058045280554,
      "median": 285644.9945733693,
      "minimum": 249740.89382265898,
      "lower_outlier_bound": 222100.61906200394,
      "upper_outlier_bound": 351497.0377768241,
      "outliers": "removed",
      "sample_size": 54
    },
    {
      "maximum": 283402.5307845999,
      "total": 13642790.426218698,
      "mode": null,
      "n": 300,
      "percentiles": {
        "25": 250577.5755287736,
        "50": 256955.13306421565,
        "75": 264708.02121647506
      },
      "frequency_distribution": "removed",
      "average": 257411.1401173339,
      "variance": 127172343.04241303,
      "standard_deviation": 11277.07156323897,
      "standard_deviation_ratio": 0.043809570782750974,
      "median": 256955.13306421565,
      "minimum": 230075.9941008515,
      "lower_outlier_bound": 226884.60571388344,
      "upper_outlier_bound": 289009.3375033892,
      "outliers": "removed",
      "sample_size": 53
    },
    {
      "maximum": 267691.747598805,
      "total": 11399020.343916818,
      "mode": null,
      "n": 400,
      "percentiles": {
        "25": 213163.25747563544,
        "50": 220850.98300772536,
        "75": 232022.32982902275
      },
      "frequency_distribution": "removed",
      "average": 223510.2028218984,
      "variance": 190281674.03009552,
      "standard_deviation": 13794.262359042456,
      "standard_deviation_ratio": 0.061716477301191744,
      "median": 220850.98300772536,
      "minimum": 184983.7584260102,
      "lower_outlier_bound": 179015.44413332298,
      "upper_outlier_bound": 270158.08484069345,
      "outliers": "removed",
      "sample_size": 51
    },
    {
      "maximum": 207396.1619266274,
      "total": 10034489.680063158,
      "mode": null,
      "n": 500,
      "percentiles": {
        "25": 192081.99596243646,
        "50": 196894.19103068204,
        "75": 200573.64061215075
      },
      "frequency_distribution": "removed",
      "average": 196754.69960908152,
      "variance": 26397509.81093585,
      "standard_deviation": 5137.850699556757,
      "standard_deviation_ratio": 0.026112975749828602,
      "median": 196894.19103068204,
      "minimum": 186083.90150951262,
      "lower_outlier_bound": 180105.28124824594,
      "upper_outlier_bound": 213714.33015499785,
      "outliers": "removed",
      "sample_size": 51
    },
    {
      "maximum": 192307.6923076923,
      "total": 9805552.636356035,
      "mode": null,
      "n": 600,
      "percentiles": {
        "25": 178941.88678719907,
        "50": 180896.60305055542,
        "75": 184167.49748521223
      },
      "frequency_distribution": "removed",
      "average": 181584.3080806673,
      "variance": 21748919.698555164,
      "standard_deviation": 4663.573704634158,
      "standard_deviation_ratio": 0.025682691163833413,
      "median": 180896.60305055542,
      "minimum": 170661.86082866573,
      "lower_outlier_bound": 169289.14711191633,
      "upper_outlier_bound": 195168.71027395688,
      "outliers": "removed",
      "sample_size": 54
    },
    {
      "maximum": 176986.45168712336,
      "total": 8329080.954891335,
      "mode": null,
      "n": 700,
      "percentiles": {
        "25": 159619.4671902185,
        "50": 162851.0661859303,
        "75": 166349.77035414203
      },
      "frequency_distribution": "removed",
      "average": 163315.31284100658,
      "variance": 32828596.68698095,
      "standard_deviation": 5729.624480450787,
      "standard_deviation_ratio": 0.03508320426773934,
      "median": 162851.0661859303,
      "minimum": 148666.16714834506,
      "lower_outlier_bound": 148179.97651552374,
      "upper_outlier_bound": 179786.52395503607,
      "outliers": "removed",
      "sample_size": 51
    },
    {
      "maximum": 155634.51413239207,
      "total": 7669462.41751453,
      "mode": null,
      "n": 800,
      "percentiles": {
        "25": 145143.47788088658,
        "50": 147769.5682920522,
        "75": 150579.48180126247
      },
      "frequency_distribution": "removed",
      "average": 147489.66187527942,
      "variance": 16811753.384589966,
      "standard_deviation": 4100.213821813439,
      "standard_deviation_ratio": 0.027800008283161377,
      "median": 147769.5682920522,
      "minimum": 137162.1695763335,
      "lower_outlier_bound": 136778.2418733882,
      "upper_outlier_bound": 159297.12391212492,
      "outliers": "removed",
      "sample_size": 52
    },
    {
      "maximum": 143283.92426011764,
      "total": 6452904.279046451,
      "mode": null,
      "n": 900,
      "percentiles": {
        "25": 129585.79843976072,
        "50": 131849.75983566247,
        "75": 134280.11506281325
      },
      "frequency_distribution": "removed",
      "average": 131691.92406217247,
      "variance": 22316486.62181185,
      "standard_deviation": 4724.032876876689,
      "standard_deviation_ratio": 0.03587184947382535,
      "median": 131849.75983566247,
      "minimum": 121234.89867793342,
      "lower_outlier_bound": 119777.93853129655,
      "upper_outlier_bound": 145934.6945174773,
      "outliers": "removed",
      "sample_size": 49
    },
    {
      "maximum": 127137.01428892903,
      "total": 6216506.120918614,
      "mode": null,
      "n": 1000,
      "percentiles": {
        "25": 120526.36273132022,
        "50": 121293.86592661236,
        "75": 123791.1791357395
      },
      "frequency_distribution": "removed",
      "average": 121892.27688075714,
      "variance": 7068248.819409697,
      "standard_deviation": 2658.6178400457816,
      "standard_deviation_ratio": 0.021811208290469564,
      "median": 121293.86592661236,
      "minimum": 114546.88117479281,
      "lower_outlier_bound": 114494.4124771516,
      "upper_outlier_bound": 130358.06550752808,
      "outliers": "removed",