{"build_type":"from_ordset_or_orddict","name":"runtime","timestamp":"2026-04-02T22:07:59.698080Z","impl_mod":"gb_sets","impl_description":":gb_sets.smallest/1","tweaks":["duplicate_variants",10],"group_id":"smallest","measurements":[{"maximum":8007943.880329287,"total":397301184.5871736,"mode":[7527966.395158012,7144796.444749289,7180606.617647059,6837700.344620097,7074237.043534854,7290330.106147206],"n":100,"percentiles":{"25":7025530.778850342,"50":7187935.768605972,"75":7441915.846815604},"frequency_distribution":"removed","outliers":"removed","median":7187935.768605972,"average":7223657.9015849745,"sample_size":55,"variance":84728349891.15479,"standard_deviation":291081.3458316331,"lower_outlier_bound":6271648.215004217,"minimum":6604321.86823057,"standard_deviation_ratio":0.04029556075292071,"upper_outlier_bound":8064035.545815151},{"maximum":7488617.3017014135,"total":384489914.80228835,"mode":[7231390.0177892195,7095217.8231871715,7074237.043534854,7335142.668524903,7327617.791455998],"n":200,"percentiles":{"25":6972612.253089454,"50":7098745.2752299495,"75":7305238.365019618},"frequency_distribution":"removed","outliers":"removed","median":7098745.2752299495,"average":7120183.607449784,"sample_size":54,"variance":47663855381.14991,"standard_deviation":218320.53357655095,"lower_outlier_bound":6387640.640852034,"minimum":6508298.080052067,"standard_deviation_ratio":0.030662205585277904,"upper_outlier_bound":7879668.387718972},{"maximum":6991344.715242529,"total":345752893.5278238,"mode":[6236124.62271446,6514148.731043827],"n":300,"percentiles":{"25":6244305.650293672,"50":6432238.348848495,"75":6520116.188678367},"frequency_distribution":"removed","outliers":"removed","median":6432238.348848495,"average":6402831.361626367,"sample_size":54,"variance":50343044715.26461,"standard_deviation":224372.5578480234,"lower_outlier_bound":5800807.943914242,"minimum":5868062.483129321,"standard_deviation_ratio":0.035042709260271865,"upper_outlier_bound":7008979.87759969},{"maximum":6824634.199606901,"total":368566574.2580489,"mode":[6610433.908881779,6324310.650139134],"n":400,"percentiles":{"25":6338301.660436334,"50":6467134.0248855315,"75":6592175.088456817},"frequency_distribution":"removed","outliers":"removed","median":6467134.0248855315,"average":6466080.250141209,"sample_size":57,"variance":22963509825.746265,"standard_deviation":151537.15658460226,"lower_outlier_bound":5922513.9926626105,"minimum":6187659.332227805,"standard_deviation_ratio":0.02343570613453072,"upper_outlier_bound":6993971.745933341},{"maximum":6837700.344620097,"total":339566156.07556283,"mode":6580072.907207812,"n":500,"percentiles":{"25":6420710.644254106,"50":6546989.106002154,"75":6631919.713637378},"frequency_distribution":"removed","outliers":"removed","median":6546989.106002154,"average":6530118.386068516,"sample_size":52,"variance":23866288768.977425,"standard_deviation":154487.17995023867,"lower_outlier_bound":5971325.460651413,"minimum":6171620.420657648,"standard_deviation_ratio":0.023657638470969328,"upper_outlier_bound":7112391.889384553},{"maximum":6346707.96257981,"total":305051784.4920919,"mode":[5668291.576918717,5829883.985308693,5606198.21274401,5778075.66967897,5759572.40934433,5921434.408271059],"n":600,"percentiles":{"25":5632632.244293095,"50":5778075.66967897,"75":5921434.408271059},"frequency_distribution":"removed","outliers":"removed","median":5778075.66967897,"average":5755694.047020602,"sample_size":53,"variance":67570615376.04469,"standard_deviation":259943.4849655684,"lower_outlier_bound":5091468.15032587,"minimum":5091805.24863285,"standard_deviation_ratio":0.045162839240929856,"upper_outlier_bound":6534572.400905134},{"maximum":6176957.477824722,"total":271910122.4949112,"mode":[5727311.256457543,5906814.100746621,5663861.167435064,5695409.499943046,5916599.611871066],"n":700,"percentiles":{"25":5686341.407938133,"50":5778075.66967897,"75":5906814.100746621},"frequency_distribution":"removed","outliers":"removed","median":5778075.66967897,"average":5785321.755210876,"sample_size":47,"variance":25198489143.672363,"standard_deviation":158740.31984241548,"lower_outlier_bound":5279235.461279478,"minimum":5299080.079698164,"standard_deviation_ratio":0.027438460047522345,"upper_outlier_bound":6304904.011027709},{"maximum":6672093.302552743,"total":319323789.324055,"mode":5951034.884966495,"n":800,"percentiles":{"25":5894663.358370166,"50":6000888.131443454,"75":6198359.914204903},"frequency_distribution":"removed","outliers":"removed","median":6000888.131443454,"average":6024977.157057642,"sample_size":53,"variance":70929351461.9962,"standard_deviation":266325.6492754616,"lower_outlier_bound":5336652.388561578,"minimum":5419466.724474312,"standard_deviation_ratio":0.044203594857366135,"upper_outlier_bound":6741084.457389788},{"maximum":6103217.616327328,"total":315593532.14885426,"mode":[5668291.576918717,5704441.478134876,5632660.41816871],"n":900,"percentiles":{"25":5641494.319015221,"50":5727245.65302055,"75":5820450.735704973},"frequency_distribution":"removed","outliers":"removed","median":5727245.65302055,"average":5738064.220888259,"sample_size":55,"variance":20238306773.258865,"standard_deviation":142261.4029639061,"lower_outlier_bound":5345947.43245073,"minimum":5378773.209406398,"standard_deviation_ratio":0.024792577686048253,"upper_outlier_bound":6116442.416083559},{"maximum":6203704.852537936,"total":293842095.25718135,"mode":[5672793.283412753,5806256.822351766,5610538.836149824,5853704.224032968,5829883.985308693,5806189.397898159,5736444.780982538,5951034.884966495,5764153.879851976],"n":1000,"percentiles":{"25":5650419.826193086,"50":5764220.331557954,"75":5848910.932784315},"frequency_distribution":"removed","outliers":"removed","median":5764220.331557954,"average":5761609.710925125,"sample_size":51,"variance":29666995505.08365,"standard_deviation":172241.0970270558,"lower_outlier_bound":5262948.887922421,"minimum":5322772.9517969685,"standard_deviation_ratio":0.029894613774420268,"upper_outlier_bound":6231242.495241702},{"maximum":5892265.811895306,"total":300387479.3880156,"mode":[5699889.42214521,5549697.541483989],"n":2000,"percentiles":{"25":5579983.483248889,"50":5672793.283412753,"75":5773475.822585969},"frequency_distribution":"removed","outliers":"removed","median":5672793.283412753,"average":5667688.290339918,"sample_size":53,"variance":18524509857.54925,"standard_deviation":136104.77529296777,"lower_outlier_bound":5210530.154694872,"minimum":5214199.307554332,"standard_deviation_ratio":0.024014160327932382,"upper_outlier_bound":6114976.519465851},{"maximum":5515476.426853752,"total":287678537.6475073,"mode":5165289.256198348,"n":3000,"percentiles":{"25":5143027.597486088,"50":5240925.337777638,"75":5322772.9517969685},"frequency_distribution":"removed","outliers":"removed","median":5240925.337777638,"average":5230518.866318314,"sample_size":55,"variance":16480746343.868212,"standard_deviation":128377.35915599842,"lower_outlier_bound":4855256.610226847,"minimum":4920291.28124385,"standard_deviation_ratio":0.024543905191257126,"upper_outlier_bound":5612778.0743907355},{"maximum":5473333.917155618,"total":240614497.83744636,"mode":[5214199.307554332,5202805.352646147,5378773.209406398,5378715.347626373],"n":4000,"percentiles":{"25":5185893.038198581,"50":5244748.863044009,"75":5338623.899289586},"frequency_distribution":"removed","outliers":"removed","median":5244748.863044009,"average":5230749.952987964,"sample_size":46,"variance":21357885100.509827,"standard_deviation":146143.37172964713,"lower_outlier_bound":4805619.264546131,"minimum":4820949.919972232,"standard_deviation_ratio":0.02793927697617539,"upper_outlier_bound":5722572.997474519},{"maximum":5386770.092652446,"total":257078282.49564525,"mode":5187744.472458265,"n":5000,"percentiles":{"25":4968154.132013791,"50":5041643.97926876,"75":5117288.246612355},"frequency_distribution":"removed","outliers":"removed","median":5041643.97926876,"average":5040750.637169515,