{
  "build_type": "from_ordset_or_orddict",
  "name": "runtime",
  "timestamp": "2026-03-19T22:37:05.297821Z",
  "impl_mod": "gb_sets",
  "tweaks": "none",
  "impl_description": ":gb_sets.union/2",
  "group_id": "union_000_0500",
  "measurements": [
    {
      "maximum": 4516303.856923494,
      "total": 185372757.02645057,
      "mode": null,
      "n": 0,
      "percentiles": {
        "25": 3928045.5991713325,
        "50": 4020621.9562372663,
        "75": 4136506.7786780074
      },
      "frequency_distribution": "removed",
      "average": 4029842.5440532733,
      "variance": 38360328063.19803,
      "standard_deviation": 195857.92826229433,
      "standard_deviation_ratio": 0.04860188112096748,
      "median": 4020621.9562372663,
      "minimum": 3571045.959361497,
      "lower_outlier_bound": 3500798.08477034,
      "upper_outlier_bound": 4526151.921554446,
      "outliers": "removed",
      "sample_size": 46
    },
    {
      "maximum": 135598.73621977842,
      "total": 5248968.455655719,
      "mode": null,
      "n": 100,
      "percentiles": {
        "25": 58032.580655093836,
        "50": 128172.92507786464,
        "75": 130221.93566323702
      },
      "frequency_distribution": "removed",
      "average": 104979.36911311439,
      "variance": 1240529319.093484,
      "standard_deviation": 35221.14874749948,
      "standard_deviation_ratio": 0.33550543354427087,
      "median": 128172.92507786464,
      "minimum": 53846.84557101618,
      "lower_outlier_bound": -50251.45185712093,
      "upper_outlier_bound": 238505.9681754518,
      "outliers": "removed",
      "sample_size": 50
    },
    {
      "maximum": 110067.54845448652,
      "total": 4067500.812177906,
      "mode": null,
      "n": 200,
      "percentiles": {
        "25": 105618.46305251471,
        "50": 107097.3518285344,
        "75": 108074.24558543315
      },
      "frequency_distribution": "removed",
      "average": 107039.49505731331,
      "variance": 2462618.4610868706,
      "standard_deviation": 1569.2732270343718,
      "standard_deviation_ratio": 0.014660693477618881,
      "median": 107097.3518285344,
      "minimum": 103537.88969073232,
      "lower_outlier_bound": 62499.32993657571,
      "upper_outlier_bound": 135009.2897550834,
      "outliers": "removed",
      "sample_size": 38
    },
    {
      "maximum": 100722.07656690816,
      "total": 4070419.214497707,
      "mode": 95139.24103621856,
      "n": 300,
      "percentiles": {
        "25": 42585.71973060274,
        "50": 93912.85075275846,
        "75": 95119.3319579078
      },
      "frequency_distribution": "removed",
      "average": 79812.14146073935,
      "variance": 591780817.5449841,
      "standard_deviation": 24326.54553250387,
      "standard_deviation_ratio": 0.304797554448159,
      "median": 93912.85075275846,
      "minimum": 37665.30833009726,
      "lower_outlier_bound": -36214.69861035484,
      "upper_outlier_bound": 173919.75029886537,
      "outliers": "removed",
      "sample_size": 51
    },
    {
      "maximum": 89663.50184392992,
      "total": 3460590.6788924336,
      "mode": null,
      "n": 400,
      "percentiles": {
        "25": 38672.862894479724,
        "50": 85299.55925717732,
        "75": 87376.30022440305
      },
      "frequency_distribution": "removed",
      "average": 70624.29956923334,
      "variance": 542419539.7626653,
      "standard_deviation": 23289.902098606282,
      "standard_deviation_ratio": 0.32977179583600796,
      "median": 85299.55925717732,
      "minimum": 35090.92057521037,
      "lower_outlier_bound": -34382.293100405266,
      "upper_outlier_bound": 160431.45621928805,
      "outliers": "removed",
      "sample_size": 49
    },
    {
      "maximum": 84373.73175734452,
      "total": 3174551.479502931,
      "mode": null,
      "n": 500,
      "percentiles": {
        "25": 80819.05260673772,
        "50": 81456.83927913956,
        "75": 82139.97637654279
      },
      "frequency_distribution": "removed",
      "average": 81398.75588469053,
      "variance": 1597225.1281699063,
      "standard_deviation": 1263.8137236831647,
      "standard_deviation_ratio": 0.015526204423486312,
      "median": 81456.83927913956,
      "minimum": 77557.25664471796,
      "lower_outlier_bound": 73808.43142983313,
      "upper_outlier_bound": 86839.43403942448,
      "outliers": "removed",
      "sample_size": 39
    },
    {
      "maximum": 75513.58678210177,
      "total": 3062834.8269404443,
      "mode": null,
      "n": 600,
      "percentiles": {
        "25": 32378.91096770851,
        "50": 72771.78259575494,
        "75": 73422.19376704312
      },
      "frequency_distribution": "removed",
      "average": 60055.584841969496,
      "variance": 387922812.8509575,
      "standard_deviation": 19695.75621424467,
      "standard_deviation_ratio": 0.32795877795665734,
      "median": 72771.78259575494,
      "minimum": 29452.929506180404,
      "lower_outlier_bound": -29186.01323129341,
      "upper_outlier_bound": 134987.11796604504,
      "outliers": "removed",
      "sample_size": 51
    },
    {
      "maximum": 68857.43481266647,
      "total": 2796771.679940077,
      "mode": null,
      "n": 700,
      "percentiles": {
        "25": 28917.745678361633,
        "50": 65670.05612249165,
        "75": 66301.88531026662
      },
      "frequency_distribution": "removed",
      "average": 55935.43359880154,
      "variance": 281098049.28583163,
      "standard_deviation": 16765.97892417355,
      "standard_deviation_ratio": 0.2997380702262541,
      "median": 65670.05612249165,
      "minimum": 26633.747354935967,
      "lower_outlier_bound": -27158.46376949584,
      "upper_outlier_bound": 122378.09475812409,
      "outliers": "removed",
      "sample_size": 50
    },
    {
      "maximum": 64478.606643101884,
      "total": 2339807.277562865,
      "mode": null,
      "n": 800,
      "percentiles": {
        "25": 26211.33477979721,
        "50": 59745.579424578376,
        "75": 60688.61766863701
      },
      "frequency_distribution": "removed",
      "average": 47751.168929854386,
      "variance": 290468656.12073296,
      "standard_deviation": 17043.14102859954,
      "standard_deviation_ratio": 0.3569156820775552,
      "median": 59745.579424578376,
      "minimum": 24424.81991580276,
      "lower_outlier_bound": -25504.589553462487,
      "upper_outlier_bound": 112404.54200189671,
      "outliers": "removed",
      "sample_size": 49
    },
    {
      "maximum": 58980.173814572234,
      "total": 2141928.163501771,
      "mode": null,
      "n": 900,
      "percentiles": {
        "25": 23978.590436440114,
        "50": 55963.56100615767,
        "75": 56662.989168786735
      },
      "frequency_distribution": "removed",
      "average": 43712.81966330145,
      "variance": 269475699.4424673,
      "standard_deviation": 16415.715014657973,
      "standard_deviation_ratio": 0.37553548686861715,
      "median": 55963.56100615767,
      "minimum": 15793.441994320046,
      "lower_outlier_bound": -25048.007662079814,
      "upper_outlier_bound": 105689.58726730666,
      "outliers": "removed",
      "sample_size": 49
    },
    {
      "maximum": 55881.12519998458,
      "total": 2224713.613315495,
      "mode": null,
      "n": 1000,
      "percentiles": {
        "25": 22587.21658407651,
        "50": 52790.50615537302,
        "75": 53173.811897640415
      },
      "frequency_distribution": "removed",
      "average": 43621.83555520579,
      "variance": 205598537.85467246,
      "standard_deviation": 14338.707677286418,
      "standard_deviation_ratio": 0.32870482167445725,
      "median": 52790.50615537302,
      "minimum": 21342.439440828086,
      "lower_outlier_bound": -23292.676386269348,
      "upper_outlier_bound": 99053.70486798626,
      "outliers": "removed",
      "sample_size": 51
    },
    {
      "maximum": 36081.50523380274,
      "total": 1383967.066672361,
      "mode": null,
      "n": 2000,