{
  "build_type": "from_ordset_or_orddict",
  "name": "runtime",
  "timestamp": "2026-03-19T22:37:05.220366Z",
  "impl_mod": "gb_sets",
  "tweaks": "none",
  "impl_description": ":gb_sets.union/2",
  "group_id": "union_050_0050",
  "measurements": [
    {
      "maximum": 4254413.95447777,
      "total": 210723294.39497122,
      "mode": 4195510.803440318,
      "n": 0,
      "percentiles": {
        "25": 3868623.9260694217,
        "50": 3987717.829086414,
        "75": 4143274.431560018
      },
      "frequency_distribution": "removed",
      "average": 3975911.214999457,
      "variance": 35844424400.33499,
      "standard_deviation": 189326.23801347503,
      "standard_deviation_ratio": 0.04761832641011348,
      "median": 3987717.829086414,
      "minimum": 3469331.1129614213,
      "lower_outlier_bound": 3432534.598718702,
      "upper_outlier_bound": 4569649.664372777,
      "outliers": "removed",
      "sample_size": 53
    },
    {
      "maximum": 505374.65950382315,
      "total": 18135064.287733614,
      "mode": null,
      "n": 100,
      "percentiles": {
        "25": 221058.8586271079,
        "50": 383354.8862636948,
        "75": 400625.1313238676
      },
      "frequency_distribution": "removed",
      "average": 335834.5238469188,
      "variance": 8948875815.411203,
      "standard_deviation": 94598.49795536503,
      "standard_deviation_ratio": 0.2816818737744939,
      "median": 383354.8862636948,
      "minimum": 129761.93874717443,
      "lower_outlier_bound": -48290.550418031664,
      "upper_outlier_bound": 669974.5403690072,
      "outliers": "removed",
      "sample_size": 54
    },
    {
      "maximum": 303710.4303273087,
      "total": 11742773.998375015,
      "mode": 275463.8811759002,
      "n": 200,
      "percentiles": {
        "25": 274395.8545169086,
        "50": 278913.53308971983,
        "75": 283910.4963992891
      },
      "frequency_distribution": "removed",
      "average": 279589.85710416705,
      "variance": 73857997.23219568,
      "standard_deviation": 8594.067560369518,
      "standard_deviation_ratio": 0.030738123511997142,
      "median": 278913.53308971983,
      "minimum": 260149.74219160547,
      "lower_outlier_bound": 234008.79681382785,
      "upper_outlier_bound": 313541.68515738717,
      "outliers": "removed",
      "sample_size": 42
    },
    {
      "maximum": 249522.78766858383,
      "total": 9726255.938542522,
      "mode": null,
      "n": 300,
      "percentiles": {
        "25": 99079.35463671564,
        "50": 208788.7538025652,
        "75": 214768.32940307292
      },
      "frequency_distribution": "removed",
      "average": 176841.0170644095,
      "variance": 2944165925.3857307,
      "standard_deviation": 54260.168866174114,
      "standard_deviation_ratio": 0.30683022393165343,
      "median": 208788.7538025652,
      "minimum": 89052.27012046991,
      "lower_outlier_bound": -74454.10751282028,
      "upper_outlier_bound": 388301.79155260883,
      "outliers": "removed",
      "sample_size": 55
    },
    {
      "maximum": 203133.125325013,
      "total": 7819530.680145574,
      "mode": null,
      "n": 400,
      "percentiles": {
        "25": 78637.64242248383,
        "50": 173983.2515323374,
        "75": 177792.3678716114
      },
      "frequency_distribution": "removed",
      "average": 144806.12370639952,
      "variance": 2256186974.4671736,
      "standard_deviation": 47499.33656870561,
      "standard_deviation_ratio": 0.3280202200910543,
      "median": 173983.2515323374,
      "minimum": 66364.97150619948,
      "lower_outlier_bound": -70094.44575120753,
      "upper_outlier_bound": 326524.4560453028,
      "outliers": "removed",
      "sample_size": 54
    },
    {
      "maximum": 341984.3986717326,
      "total": 12526630.930822853,
      "mode": null,
      "n": 500,
      "percentiles": {
        "25": 173163.7713684094,
        "50": 250549.95715595732,
        "75": 255547.2928597531
      },
      "frequency_distribution": "removed",
      "average": 227756.92601496098,
      "variance": 2361185185.9552197,
      "standard_deviation": 48592.028008256864,
      "standard_deviation_ratio": 0.21335038568734868,
      "median": 250549.95715595732,
      "minimum": 142457.65090182816,
      "lower_outlier_bound": 49588.48913139383,
      "upper_outlier_bound": 379122.5750967687,
      "outliers": "removed",
      "sample_size": 55
    },
    {
      "maximum": 324991.87520311994,
      "total": 11828360.370047444,
      "mode": null,
      "n": 600,
      "percentiles": {
        "25": 161207.5517524463,
        "50": 232384.40699300723,
        "75": 240354.7406611203
      },
      "frequency_distribution": "removed",
      "average": 211220.72089370436,
      "variance": 1780284169.1688104,
      "standard_deviation": 42193.413812688945,
      "standard_deviation_ratio": 0.1997598229670021,
      "median": 232384.40699300723,
      "minimum": 154763.30500133097,
      "lower_outlier_bound": 42486.76838943531,
      "upper_outlier_bound": 359075.5240241313,
      "outliers": "removed",
      "sample_size": 56
    },
    {
      "maximum": 310600.48391555395,
      "total": 10674621.636536987,
      "mode": null,
      "n": 700,
      "percentiles": {
        "25": 152686.90786108546,
        "50": 215612.96610132948,
        "75": 226042.84868239623
      },
      "frequency_distribution": "removed",
      "average": 194084.02975521795,
      "variance": 1597600525.1272933,
      "standard_deviation": 39969.995310573824,
      "standard_deviation_ratio": 0.20594170144233226,
      "median": 215612.96610132948,
      "minimum": 131334.42340904762,
      "lower_outlier_bound": 42652.99662911931,
      "upper_outlier_bound": 336076.7599143624,
      "outliers": "removed",
      "sample_size": 55
    },
    {
      "maximum": 213104.20369352205,
      "total": 9072445.211277677,
      "mode": 205242.72004072016,
      "n": 800,
      "percentiles": {
        "25": 178974.19141649822,
        "50": 201358.92775060463,
        "75": 204762.67749740818
      },
      "frequency_distribution": "removed",
      "average": 189009.2752349516,
      "variance": 614089465.7976307,
      "standard_deviation": 24780.828593847113,
      "standard_deviation_ratio": 0.131109060986784,
      "median": 201358.92775060463,
      "minimum": 138922.46181716138,
      "lower_outlier_bound": 129962.00640614425,
      "upper_outlier_bound": 251463.5166199637,
      "outliers": "removed",
      "sample_size": 48
    },
    {
      "maximum": 229541.5366887715,
      "total": 9323042.643109685,
      "mode": null,
      "n": 900,
      "percentiles": {
        "25": 136845.67629877466,
        "50": 185291.60750317492,
        "75": 194922.56006476327
      },
      "frequency_distribution": "removed",
      "average": 172648.93783536454,
      "variance": 921259112.7914003,
      "standard_deviation": 30352.250539151133,
      "standard_deviation_ratio": 0.17580328567149708,
      "median": 185291.60750317492,
      "minimum": 126909.1901290032,
      "lower_outlier_bound": 50189.17241478327,
      "upper_outlier_bound": 281785.8466308593,
      "outliers": "removed",
      "sample_size": 54
    },
    {
      "maximum": 186163.5782129041,
      "total": 8574084.954478221,
      "mode": null,
      "n": 1000,
      "percentiles": {
        "25": 128802.40808982165,
        "50": 173730.55086483067,
        "75": 179941.23119389208
      },
      "frequency_distribution": "removed",
      "average": 155892.45371778583,
      "variance": 787929971.2715564,
      "standard_deviation": 28070.090332443826,
      "standard_deviation_ratio": 0.18006061013870164,
      "median": 173730.55086483067,
      "minimum": 70639.52790190713,
      "lower_outlier_bound": 52094.173433716016,
      "upper_outlier_bound": 256649.4658499977,
      "outliers": "removed",
      "sample_size": 55
    },
    {
      "maximum": 130903.75955597445,
      "total": 6197720.046092151,