{
  "build_type": "from_ordset_or_orddict",
  "name": "runtime",
  "timestamp": "2026-03-19T22:37:05.330277Z",
  "impl_mod": "gb_sets",
  "tweaks": "none",
  "impl_description": ":gb_sets.union/2",
  "group_id": "union_000_1000",
  "measurements": [
    {
      "maximum": 4362240.446693421,
      "total": 174672255.7918632,
      "mode": null,
      "n": 0,
      "percentiles": {
        "25": 3848633.640115288,
        "50": 4019783.1502069253,
        "75": 4122266.5533955563
      },
      "frequency_distribution": "removed",
      "average": 3969823.9952696185,
      "variance": 41392987902.95681,
      "standard_deviation": 203452.66747564852,
      "standard_deviation_ratio": 0.051249795385911213,
      "median": 4019783.1502069253,
      "minimum": 3421727.972626176,
      "lower_outlier_bound": 3363885.1578400023,
      "upper_outlier_bound": 4602815.191246754,
      "outliers": "removed",
      "sample_size": 44
    },
    {
      "maximum": 114588.88373238912,
      "total": 4534367.252305885,
      "mode": null,
      "n": 100,
      "percentiles": {
        "25": 70982.61018183228,
        "50": 104084.15828702456,
        "75": 107078.39573295553
      },
      "frequency_distribution": "removed",
      "average": 92538.10718991602,
      "variance": 538858415.703888,
      "standard_deviation": 23213.32409854065,
      "standard_deviation_ratio": 0.2508515119171384,
      "median": 104084.15828702456,
      "minimum": 30742.74471224791,
      "lower_outlier_bound": 16838.931855147406,
      "upper_outlier_bound": 161222.0740596404,
      "outliers": "removed",
      "sample_size": 49
    },
    {
      "maximum": 74284.98841525606,
      "total": 2677891.233080959,
      "mode": null,
      "n": 200,
      "percentiles": {
        "25": 29291.546280954804,
        "50": 70098.51022000614,
        "75": 71319.6133743896
      },
      "frequency_distribution": "removed",
      "average": 53557.824661619175,
      "variance": 442647304.27761734,
      "standard_deviation": 21039.184971800056,
      "standard_deviation_ratio": 0.39283120822637224,
      "median": 70098.51022000614,
      "minimum": 27369.328561947055,
      "lower_outlier_bound": -33750.5543591974,
      "upper_outlier_bound": 134361.71401454182,
      "outliers": "removed",
      "sample_size": 50
    },
    {
      "maximum": 64644.79302353394,
      "total": 2561114.383539212,
      "mode": null,
      "n": 300,
      "percentiles": {
        "25": 26375.098746729724,
        "50": 62677.37742558984,
        "75": 63333.127710737754
      },
      "frequency_distribution": "removed",
      "average": 51222.28767078424,
      "variance": 302257830.3331177,
      "standard_deviation": 17385.563848581896,
      "standard_deviation_ratio": 0.3394140449236151,
      "median": 62677.37742558984,
      "minimum": 24899.10261144278,
      "lower_outlier_bound": -29061.94469928232,
      "upper_outlier_bound": 118770.1711567498,
      "outliers": "removed",
      "sample_size": 50
    },
    {
      "maximum": 60083.263386400875,
      "total": 2211587.5489646145,
      "mode": null,
      "n": 400,
      "percentiles": {
        "25": 23872.048766712767,
        "50": 57353.06431687339,
        "75": 57644.72862062548
      },
      "frequency_distribution": "removed",
      "average": 45134.43977478805,
      "variance": 278075696.3794487,
      "standard_deviation": 16675.601829602692,
      "standard_deviation_ratio": 0.3694651337827755,
      "median": 57353.06431687339,
      "minimum": 22785.894619794562,
      "lower_outlier_bound": -26786.971014156305,
      "upper_outlier_bound": 108303.74840149455,
      "outliers": "removed",
      "sample_size": 49
    },
    {
      "maximum": 56133.51243666035,
      "total": 2097899.0980917993,
      "mode": null,
      "n": 500,
      "percentiles": {
        "25": 22235.866338410782,
        "50": 52813.13151432785,
        "75": 53217.299533876336
      },
      "frequency_distribution": "removed",
      "average": 41957.98196183598,
      "variance": 227477886.87244007,
      "standard_deviation": 15082.370068143802,
      "standard_deviation_ratio": 0.3594636672913006,
      "median": 52813.13151432785,
      "minimum": 21384.92174829434,
      "lower_outlier_bound": -24236.28345478755,
      "upper_outlier_bound": 99689.44932707466,
      "outliers": "removed",
      "sample_size": 50
    },
    {
      "maximum": 51811.6728590251,
      "total": 2173651.0080092396,
      "mode": null,
      "n": 600,
      "percentiles": {
        "25": 21408.979691865556,
        "50": 50009.42678476438,
        "75": 50595.765251992634
      },
      "frequency_distribution": "removed",
      "average": 41800.98092325461,
      "variance": 183256094.00360382,
      "standard_deviation": 13537.211455968463,
      "standard_deviation_ratio": 0.3238491336081895,
      "median": 50009.42678476438,
      "minimum": 19930.343449643497,
      "lower_outlier_bound": -22371.19864832506,
      "upper_outlier_bound": 94375.94359218325,
      "outliers": "removed",
      "sample_size": 52
    },
    {
      "maximum": 50620.01930647536,
      "total": 1721980.761888066,
      "mode": null,
      "n": 700,
      "percentiles": {
        "25": 20202.556947949415,
        "50": 47152.52947386736,
        "75": 48179.515496375105
      },
      "frequency_distribution": "removed",
      "average": 35142.46452832788,
      "variance": 214350031.84346226,
      "standard_deviation": 14640.69779223184,
      "standard_deviation_ratio": 0.41660987607827465,
      "median": 47152.52947386736,
      "minimum": 10945.676933748116,
      "lower_outlier_bound": -21762.880874689115,
      "upper_outlier_bound": 90144.95331901364,
      "outliers": "removed",
      "sample_size": 49
    },
    {
      "maximum": 48070.66002458333,
      "total": 1838861.7980801484,
      "mode": null,
      "n": 800,
      "percentiles": {
        "25": 19537.529408276223,
        "50": 45899.7939837842,
        "75": 46501.51768388257
      },
      "frequency_distribution": "removed",
      "average": 36777.23596160297,
      "variance": 167276525.39393178,
      "standard_deviation": 12933.542646697068,
      "standard_deviation_ratio": 0.35167250361610225,
      "median": 45899.7939837842,
      "minimum": 18597.789875846735,
      "lower_outlier_bound": -20908.453005133302,
      "upper_outlier_bound": 86947.5000972921,
      "outliers": "removed",
      "sample_size": 50
    },
    {
      "maximum": 45987.625649690184,
      "total": 1924707.9421929386,
      "mode": null,
      "n": 900,
      "percentiles": {
        "25": 18821.816530068456,
        "50": 44511.25956459367,
        "75": 44873.79805040007
      },
      "frequency_distribution": "removed",
      "average": 37013.61427294113,
      "variance": 142473023.0915489,
      "standard_deviation": 11936.206394476802,
      "standard_deviation_ratio": 0.3224815146788512,
      "median": 44511.25956459367,
      "minimum": 17798.54116037233,
      "lower_outlier_bound": -20256.155750428974,
      "upper_outlier_bound": 83951.7703308975,
      "outliers": "removed",
      "sample_size": 52
    },
    {
      "maximum": 44398.96017635267,
      "total": 1745564.3915328933,
      "mode": null,
      "n": 1000,
      "percentiles": {
        "25": 18521.37312799872,
        "50": 42988.9532337815,
        "75": 43339.231794665815
      },
      "frequency_distribution": "removed",
      "average": 36365.92482360194,
      "variance": 130112002.21096836,
      "standard_deviation": 11406.664815403685,
      "standard_deviation_ratio": 0.3136635427459449,
      "median": 42988.9532337815,
      "minimum": 17267.745371208177,
      "lower_outlier_bound": -18705.414872001922,
      "upper_outlier_bound": 80566.01979466646,
      "outliers": "removed",
      "sample_size": 48
    },
    {
      "maximum": 28136.304639648497,
      "total": 1196760.441207497,
      "mode": null,
      "n": 2000,