{
  "build_type": "from_ordset_or_orddict",
  "name": "runtime",
  "timestamp": "2026-03-19T22:37:05.342174Z",
  "impl_mod": "gb_sets",
  "tweaks": "none",
  "impl_description": ":gb_sets.union/2",
  "group_id": "union_050_1000",
  "measurements": [
    {
      "maximum": 4391164.976068151,
      "total": 284683209.2237935,
      "mode": 4083966.3481172915,
      "n": 0,
      "percentiles": {
        "25": 3908081.9133969047,
        "50": 4026251.157547208,
        "75": 4099032.628299721
      },
      "frequency_distribution": "removed",
      "average": 4009622.6651238524,
      "variance": 22811352844.756397,
      "standard_deviation": 151034.27705245058,
      "standard_deviation_ratio": 0.037667952739334716,
      "median": 4026251.157547208,
      "minimum": 3609847.664428561,
      "lower_outlier_bound": 3566437.8866919186,
      "upper_outlier_bound": 4438949.717678349,
      "outliers": "removed",
      "sample_size": 71
    },
    {
      "maximum": 144269.74980739987,
      "total": 9193987.523576299,
      "mode": null,
      "n": 100,
      "percentiles": {
        "25": 85344.62723090855,
        "50": 129273.73529305647,
        "75": 132046.42508797348
      },
      "frequency_distribution": "removed",
      "average": 114924.84404470373,
      "variance": 602925522.4260992,
      "standard_deviation": 24554.541788151924,
      "standard_deviation_ratio": 0.2136573862010258,
      "median": 129273.73529305647,
      "minimum": 42908.84188177584,
      "lower_outlier_bound": 15291.930445311154,
      "upper_outlier_bound": 202099.12187357087,
      "outliers": "removed",
      "sample_size": 80
    },
    {
      "maximum": 81910.07747874229,
      "total": 5158557.573680043,
      "mode": null,
      "n": 200,
      "percentiles": {
        "25": 32763.574975422525,
        "50": 76236.82893083728,
        "75": 77129.94834415395
      },
      "frequency_distribution": "removed",
      "average": 64481.96967100054,
      "variance": 413752732.7405623,
      "standard_deviation": 20340.912780417755,
      "standard_deviation_ratio": 0.315451170058871,
      "median": 76236.82893083728,
      "minimum": 29975.5070132195,
      "lower_outlier_bound": -33785.98507767462,
      "upper_outlier_bound": 143679.50839725108,
      "outliers": "removed",
      "sample_size": 80
    },
    {
      "maximum": 71228.31809997036,
      "total": 4422381.514577026,
      "mode": null,
      "n": 300,
      "percentiles": {
        "25": 29412.443550165903,
        "50": 69144.55954796306,
        "75": 69890.05475046074
      },
      "frequency_distribution": "removed",
      "average": 55279.76893221282,
      "variance": 379557501.12263525,
      "standard_deviation": 19482.235526823795,
      "standard_deviation_ratio": 0.35242975691005535,
      "median": 69144.55954796306,
      "minimum": 27731.12785824735,
      "lower_outlier_bound": -31303.97325027635,
      "upper_outlier_bound": 130606.47155090299,
      "outliers": "removed",
      "sample_size": 80
    },
    {
      "maximum": 66851.66751456865,
      "total": 4188984.561647687,
      "mode": null,
      "n": 400,
      "percentiles": {
        "25": 27806.459418535596,
        "50": 63353.52183628927,
        "75": 64221.66784657368
      },
      "frequency_distribution": "removed",
      "average": 52362.30702059609,
      "variance": 291134028.40630525,
      "standard_deviation": 17062.650099158258,
      "standard_deviation_ratio": 0.32585749310943973,
      "median": 63353.52183628927,
      "minimum": 25823.731854632017,
      "lower_outlier_bound": -26816.353223521524,
      "upper_outlier_bound": 118844.4804886308,
      "outliers": "removed",
      "sample_size": 80
    },
    {
      "maximum": 61941.67324280764,
      "total": 3535794.7640316216,
      "mode": null,
      "n": 500,
      "percentiles": {
        "25": 25820.963126709634,
        "50": 58530.22412978726,
        "75": 59228.32922423327
      },
      "frequency_distribution": "removed",
      "average": 45919.41251989119,
      "variance": 271784451.0535938,
      "standard_deviation": 16485.88642001375,
      "standard_deviation_ratio": 0.35901779912520565,
      "median": 58530.22412978726,
      "minimum": 19162.579927120874,
      "lower_outlier_bound": -24290.08601957582,
      "upper_outlier_bound": 109339.37837051872,
      "outliers": "removed",
      "sample_size": 77
    },
    {
      "maximum": 57915.14735930094,
      "total": 3670517.1522971094,
      "mode": null,
      "n": 600,
      "percentiles": {
        "25": 24623.498209834586,
        "50": 54958.97587246,
        "75": 55440.54060022795
      },
      "frequency_distribution": "removed",
      "average": 45315.02657156925,
      "variance": 215424428.5518654,
      "standard_deviation": 14677.344056465578,
      "standard_deviation_ratio": 0.3238957398222994,
      "median": 54958.97587246,
      "minimum": 23023.093313748355,
      "lower_outlier_bound": -21602.06537575546,
      "upper_outlier_bound": 101666.104185818,
      "outliers": "removed",
      "sample_size": 81
    },
    {
      "maximum": 53128.27236952626,
      "total": 3210561.2159711844,
      "mode": null,
      "n": 700,
      "percentiles": {
        "25": 23242.803388893706,
        "50": 51807.61965746874,
        "75": 52317.07074628209
      },
      "frequency_distribution": "removed",
      "average": 40640.01539204031,
      "variance": 203653312.55222186,
      "standard_deviation": 14270.715208153439,
      "standard_deviation_ratio": 0.3511493553948919,
      "median": 51807.61965746874,
      "minimum": 18391.39312228106,
      "lower_outlier_bound": -20368.597647188864,
      "upper_outlier_bound": 95928.47178236465,
      "outliers": "removed",
      "sample_size": 79
    },
    {
      "maximum": 52386.54776317299,
      "total": 3208559.681765354,
      "mode": null,
      "n": 800,
      "percentiles": {
        "25": 22256.427703294416,
        "50": 49470.7232870101,
        "75": 49818.9146974724
      },
      "frequency_distribution": "removed",
      "average": 40106.99602206692,
      "variance": 178757610.48391652,
      "standard_deviation": 13370.02657005275,
      "standard_deviation_ratio": 0.3333589621794797,
      "median": 49470.7232870101,
      "minimum": 16478.110395759722,
      "lower_outlier_bound": -19087.302787972563,
      "upper_outlier_bound": 91162.64518873938,
      "outliers": "removed",
      "sample_size": 80
    },
    {
      "maximum": 50128.8310959165,
      "total": 3062411.4201853033,
      "mode": null,
      "n": 900,
      "percentiles": {
        "25": 21126.486318499745,
        "50": 46961.73980096675,
        "75": 47494.03147214686
      },
      "frequency_distribution": "removed",
      "average": 37807.54839734943,
      "variance": 169398217.64058965,
      "standard_deviation": 13015.30705133727,
      "standard_deviation_ratio": 0.3442515477213469,
      "median": 46961.73980096675,
      "minimum": 13424.770339097617,
      "lower_outlier_bound": -18424.831411970932,
      "upper_outlier_bound": 87045.34920261754,
      "outliers": "removed",
      "sample_size": 81
    },
    {
      "maximum": 46279.96975141177,
      "total": 2697953.1559597976,
      "mode": null,
      "n": 1000,
      "percentiles": {
        "25": 20116.158747069076,
        "50": 44641.64145529966,
        "75": 45333.03232199872
      },
      "frequency_distribution": "removed",
      "average": 34151.305771643005,
      "variance": 156839336.65946332,
      "standard_deviation": 12523.551279867197,
      "standard_deviation_ratio": 0.3667078314254657,
      "median": 44641.64145529966,
      "minimum": 19163.24091796523,
      "lower_outlier_bound": -17709.151615325387,
      "upper_outlier_bound": 83158.34268439318,
      "outliers": "removed",
      "sample_size": 79
    },
    {
      "maximum": 32223.574896288424,
      "total": 1890469.246671788,
      "mode": null,
      "n": 2000,