{
  "build_type": "random",
  "name": "memory",
  "timestamp": "2026-03-19T21:33:01.967071Z",
  "impl_mod": "gb_sets",
  "tweaks": "none",
  "impl_description": ":gb_sets.insert/2",
  "group_id": "insert_x300",
  "measurements": [
    {
      "maximum": 104336,
      "total": 4584640,
      "mode": [
        97440,
        98112,
        93888,
        96480
      ],
      "n": 0,
      "percentiles": {
        "25": 93228.0,
        "50": 95916.0,
        "75": 98104.0
      },
      "frequency_distribution": "removed",
      "average": 95513.33333333333,
      "variance": 12630975.546099296,
      "standard_deviation": 3554.008377325424,
      "standard_deviation_ratio": 0.03720955235560924,
      "median": 95916.0,
      "minimum": 87616,
      "lower_outlier_bound": 86144.0,
      "upper_outlier_bound": 105440.0,
      "outliers": "removed",
      "sample_size": 48
    },
    {
      "maximum": 116984,
      "total": 5459448,
      "mode": 103072,
      "n": 100,
      "percentiles": {
        "25": 105704.0,
        "50": 109272.0,
        "75": 112614.0
      },
      "frequency_distribution": "removed",
      "average": 109188.96,
      "variance": 18341451.467755105,
      "standard_deviation": 4282.692081828333,
      "standard_deviation_ratio": 0.039222757335799635,
      "median": 109272.0,
      "minimum": 98688,
      "lower_outlier_bound": 95339.0,
      "upper_outlier_bound": 122979.0,
      "outliers": "removed",
      "sample_size": 50
    },
    {
      "maximum": 125800,
      "total": 5562792,
      "mode": [
        114304,
        112352,
        111904
      ],
      "n": 200,
      "percentiles": {
        "25": 112816.0,
        "50": 116236.0,
        "75": 118406.0
      },
      "frequency_distribution": "removed",
      "average": 115891.5,
      "variance": 17851781.19148936,
      "standard_deviation": 4225.136825179672,
      "standard_deviation_ratio": 0.03645769383586952,
      "median": 116236.0,
      "minimum": 107840,
      "lower_outlier_bound": 103721.0,
      "upper_outlier_bound": 127633.0,
      "outliers": "removed",
      "sample_size": 48
    },
    {
      "maximum": 133296,
      "total": 6068888,
      "mode": null,
      "n": 300,
      "percentiles": {
        "25": 116628.0,
        "50": 122064.0,
        "75": 125778.0
      },
      "frequency_distribution": "removed",
      "average": 121377.76,
      "variance": 31607808.757551014,
      "standard_deviation": 5622.082243933382,
      "standard_deviation_ratio": 0.04631888283268189,
      "median": 122064.0,
      "minimum": 108800,
      "lower_outlier_bound": 102903.0,
      "upper_outlier_bound": 139503.0,
      "outliers": "removed",
      "sample_size": 50
    },
    {
      "maximum": 139352,
      "total": 6081752,
      "mode": null,
      "n": 400,
      "percentiles": {
        "25": 119856.0,
        "50": 124096.0,
        "75": 127640.0
      },
      "frequency_distribution": "removed",
      "average": 124117.38775510204,
      "variance": 30796729.0340136,
      "standard_deviation": 5549.480068800463,
      "standard_deviation_ratio": 0.0447115442016088,
      "median": 124096.0,
      "minimum": 113056,
      "lower_outlier_bound": 107081.0,
      "upper_outlier_bound": 139905.0,
      "outliers": "removed",
      "sample_size": 49
    },
    {
      "maximum": 138648,
      "total": 6292016,
      "mode": [
        126016,
        120832
      ],
      "n": 500,
      "percentiles": {
        "25": 121216.0,
        "50": 127152.0,
        "75": 1.296e5
      },
      "frequency_distribution": "removed",
      "average": 125840.32,
      "variance": 30516474.67102041,
      "standard_deviation": 5524.171853863745,
      "standard_deviation_ratio": 0.043898266103135665,
      "median": 127152.0,
      "minimum": 113536,
      "lower_outlier_bound": 108640.0,
      "upper_outlier_bound": 142176.0,
      "outliers": "removed",
      "sample_size": 50
    },
    {
      "maximum": 139328,
      "total": 6450984,
      "mode": [
        128352,
        130432,
        126304,
        126784
      ],
      "n": 600,
      "percentiles": {
        "25": 126304.0,
        "50": 129740.0,
        "75": 132772.0
      },
      "frequency_distribution": "removed",
      "average": 129019.68,
      "variance": 22995336.38530612,
      "standard_deviation": 4795.345283220607,
      "standard_deviation_ratio": 0.03716754903763989,
      "median": 129740.0,
      "minimum": 117504,
      "lower_outlier_bound": 116602.0,
      "upper_outlier_bound": 142474.0,
      "outliers": "removed",
      "sample_size": 50
    },
    {
      "maximum": 141528,
      "total": 6181872,
      "mode": 140224,
      "n": 700,
      "percentiles": {
        "25": 128120.0,
        "50": 132064.0,
        "75": 135232.0
      },
      "frequency_distribution": "removed",
      "average": 131529.1914893617,
      "variance": 28957175.59296947,
      "standard_deviation": 5381.187191779289,
      "standard_deviation_ratio": 0.04091249349931972,
      "median": 132064.0,
      "minimum": 117536,
      "lower_outlier_bound": 116285.0,
      "upper_outlier_bound": 147381.0,
      "outliers": "removed",
      "sample_size": 47
    },
    {
      "maximum": 141992,
      "total": 6350632,
      "mode": null,
      "n": 800,
      "percentiles": {
        "25": 129496.0,
        "50": 133568.0,
        "75": 135380.0
      },
      "frequency_distribution": "removed",
      "average": 132304.83333333334,
      "variance": 22360881.67375886,
      "standard_deviation": 4728.729393162487,
      "standard_deviation_ratio": 0.035741168890245784,
      "median": 133568.0,
      "minimum": 122592,
      "lower_outlier_bound": 120296.0,
      "upper_outlier_bound": 145128.0,
      "outliers": "removed",
      "sample_size": 48
    },
    {
      "maximum": 146016,
      "total": 6481904,
      "mode": [
        132288,
        134048,
        134240
      ],
      "n": 900,
      "percentiles": {
        "25": 132288.0,
        "50": 134944.0,
        "75": 138150.0
      },
      "frequency_distribution": "removed",
      "average": 135039.66666666666,
      "variance": 25440865.929078016,
      "standard_deviation": 5043.8939252405,
      "standard_deviation_ratio": 0.03735120242625377,
      "median": 134944.0,
      "minimum": 125568,
      "lower_outlier_bound": 123217.0,
      "upper_outlier_bound": 147321.0,
      "outliers": "removed",
      "sample_size": 48
    },
    {
      "maximum": 145760,
      "total": 6373312,
      "mode": 136768,
      "n": 1000,
      "percentiles": {
        "25": 132672.0,
        "50": 135840.0,
        "75": 137760.0
      },
      "frequency_distribution": "removed",
      "average": 135602.3829787234,
      "variance": 20537218.545790933,
      "standard_deviation": 4531.800806058331,
      "standard_deviation_ratio": 0.03341977262132177,
      "median": 135840.0,
      "minimum": 125952,
      "lower_outlier_bound": 124280.0,
      "upper_outlier_bound": 146360.0,
      "outliers": "removed",
      "sample_size": 47
    },
    {
      "maximum": 159336,
      "total": 7024568,
      "mode": [
        149856,
        152832,
        146272
      ],
      "n": 2000,
      "percentiles": {
        "25": 146592.0,
        "50": 149376.0,
        "75": 152192.0
      },
      "frequency_distribution": "removed",
      "average": 149458.89361702127,
      "variance": 13889698.575393151,
      "standard_deviation": 3726.8885917603106,
      "standard_deviation_ratio": 0.02493587702656371,
      "median": 149376.0,
      "minimum": 142112,
      "lower_outlier_bound": 137777.0,
      "upper_outlier_bound": 160409.0,
      "outliers": "removed",
      "sample_size": 47
    },
    {
      "maximum": 161856,
      "total": 7173624,
      "mode": [
        159360,
        156480,
        156768,
        153792,
        155584
      ],
      "n": 3000,
      "percentiles": {
        "25": 153710.0,
        "50": 156464.0,