{
  "build_type": "sequential",
  "name": "runtime",
  "impl_mod": "xb5_bag",
  "impl_description": ":xb5_bag.add/2",
  "group_id": "add_existing",
  "measurements": [
    {
      "maximum": 153015.16380273286,
      "total": 8460033.64070501,
      "mode": null,
      "n": 100,
      "frequency_distribution": "removed",
      "outliers": "removed",
      "average": 132188.02563601578,
      "sample_size": 64,
      "percentiles": {
        "25": 114475.48847791093,
        "50": 141900.51207382794,
        "75": 147084.86550589552
      },
      "variance": 307692600.1508516,
      "standard_deviation": 17541.168722489718,
      "lower_outlier_bound": 65380.38289696264,
      "median": 141900.51207382794,
      "minimum": 85579.80316645272,
      "standard_deviation_ratio": 0.13269862105959523,
      "upper_outlier_bound": 196003.8036965744
    },
    {
      "maximum": 93588.26777475176,
      "total": 5273492.570287038,
      "mode": null,
      "n": 200,
      "frequency_distribution": "removed",
      "outliers": "removed",
      "average": 81130.65492749288,
      "sample_size": 65,
      "percentiles": {
        "25": 74442.02098656536,
        "50": 75931.29736214672,
        "75": 89497.24454407624
      },
      "variance": 63852446.380697705,
      "standard_deviation": 7990.772577210398,
      "lower_outlier_bound": 51859.18565029904,
      "median": 75931.29736214672,
      "minimum": 68631.82457705638,
      "standard_deviation_ratio": 0.09849264232307522,
      "upper_outlier_bound": 112080.07988034256
    },
    {
      "maximum": 124920.36326841639,
      "total": 6955801.520284784,
      "mode": [
        123224.03361551637,
        121781.91295028862,
        122258.35635865711
      ],
      "n": 300,
      "frequency_distribution": "removed",
      "outliers": "removed",
      "average": 105390.93212552703,
      "sample_size": 66,
      "percentiles": {
        "25": 89573.04684185218,
        "50": 114912.80664309108,
        "75": 120822.87815968101
      },
      "variance": 248930784.0491851,
      "standard_deviation": 15777.54049429711,
      "lower_outlier_bound": 42698.29986510892,
      "median": 114912.80664309108,
      "minimum": 82055.32169788872,
      "standard_deviation_ratio": 0.149704914607882,
      "upper_outlier_bound": 167697.62513642426
    },
    {
      "maximum": 132728.09322821267,
      "total": 7487363.585128945,
      "mode": [
        92581.44852934369,
        92813.45423832639,
        130934.61125513919
      ],
      "n": 400,
      "frequency_distribution": "removed",
      "outliers": "removed",
      "average": 115190.20900198378,
      "sample_size": 65,
      "percentiles": {
        "25": 93857.10820553676,
        "50": 125944.58438287153,
        "75": 129440.62430781947
      },
      "variance": 342569709.41916776,
      "standard_deviation": 18508.638778126493,
      "lower_outlier_bound": 40481.834052112696,
      "median": 125944.58438287153,
      "minimum": 46577.70325345257,
      "standard_deviation_ratio": 0.16067892348218366,
      "upper_outlier_bound": 182815.89846124355
    },
    {
      "maximum": 118133.49084465446,
      "total": 6806419.413822526,
      "mode": null,
      "n": 500,
      "frequency_distribution": "removed",
      "outliers": "removed",
      "average": 103127.56687609888,
      "sample_size": 66,
      "percentiles": {
        "25": 85904.37599726731,
        "50": 110490.5805460077,
        "75": 113726.79218658472
      },
      "variance": 178389392.07151464,
      "standard_deviation": 13356.24917675298,
      "lower_outlier_bound": 44170.75171329121,
      "median": 110490.5805460077,
      "minimum": 81651.98291840518,
      "standard_deviation_ratio": 0.12951191986134658,
      "upper_outlier_bound": 155460.41647056083
    },
    {
      "maximum": 113615.70623522995,
      "total": 5467575.738356209,
      "mode": [
        109107.17597896414,
        110191.62323280184
      ],
      "n": 600,
      "frequency_distribution": "removed",
      "outliers": "removed",
      "average": 107207.3674187492,
      "sample_size": 51,
      "percentiles": {
        "25": 106227.0284051074,
        "50": 107810.89968195785,
        "75": 109887.69477593899
      },
      "variance": 16713998.25127185,
      "standard_deviation": 4088.275706367154,
      "lower_outlier_bound": 85183.04304581179,
      "median": 107810.89968195785,
      "minimum": 87823.29952136302,
      "standard_deviation_ratio": 0.038134279432480184,
      "upper_outlier_bound": 123385.5341766843
    },
    {
      "maximum": 113383.82693092657,
      "total": 6375403.635590884,
      "mode": [
        109478.66260865757,
        110509.44855785169
      ],
      "n": 700,
      "frequency_distribution": "removed",
      "outliers": "removed",
      "average": 104514.8136982112,
      "sample_size": 61,
      "percentiles": {
        "25": 105876.97774503424,
        "50": 109454.69670103544,
        "75": 111055.58366187302
      },
      "variance": 127033180.36819823,
      "standard_deviation": 11270.899714228595,
      "lower_outlier_bound": 80039.13876401521,
      "median": 109454.69670103544,
      "minimum": 80111.51522919904,
      "standard_deviation_ratio": 0.10784021245804985,
      "upper_outlier_bound": 129509.24097494704
    },
    {
      "maximum": 124158.82396761938,
      "total": 6467512.996785531,
      "mode": 80943.47716989227,
      "n": 800,
      "frequency_distribution": "removed",
      "outliers": "removed",
      "average": 97992.62116341713,
      "sample_size": 66,
      "percentiles": {
        "25": 83252.88325189825,
        "50": 86204.7031548913,
        "75": 115413.0132018107
      },
      "variance": 292698933.9025145,
      "standard_deviation": 17108.446273771166,
      "lower_outlier_bound": 35012.68832702959,
      "median": 86204.7031548913,
      "minimum": 65838.41935122822,
      "standard_deviation_ratio": 0.17458912794301432,
      "upper_outlier_bound": 163653.20812667935
    },
    {
      "maximum": 101014.18239120772,
      "total": 5693994.612778646,
      "mode": 73629.02750780468,
      "n": 900,
      "frequency_distribution": "removed",
      "outliers": "removed",
      "average": 86272.6456481613,
      "sample_size": 66,
      "percentiles": {
        "25": 74668.93668039514,
        "50": 87719.80872828985,
        "75": 98254.76744295793
      },
      "variance": 138316121.99806765,
      "standard_deviation": 11760.787473552426,
      "lower_outlier_bound": 39290.19053655095,
      "median": 87719.80872828985,
      "minimum": 70424.02304274034,
      "standard_deviation_ratio": 0.13632116397027497,
      "upper_outlier_bound": 133633.51358680212
    },
    {
      "maximum": 90663.47531233568,
      "total": 4868421.404858081,
      "mode": [
        62211.10717107433,
        80214.9761360446
      ],
      "n": 1000,
      "frequency_distribution": "removed",
      "outliers": "removed",
      "average": 79810.18696488657,
      "sample_size": 61,
      "percentiles": {
        "25": 77844.03594348853,
        "50": 80214.9761360446,
        "75": 86800.60450308898
      },
      "variance": 69828465.11372454,
      "standard_deviation": 8356.342807336505,
      "lower_outlier_bound": 61184.01917677347,
      "median": 80214.9761360446,
      "minimum": 61505.532422641416,
      "standard_deviation_ratio": 0.10470270932973727,
      "upper_outlier_bound": 101031.87015787573
    },
    {
      "maximum": 89037.68074649191,
      "total": 4627232.633877264,
      "mode": null,
      "n": 2000,
      "frequency_distribution": "removed",
      "outliers": "removed",
      "average": 85689.49321994933,
      "sample_size": 54,
      "percentiles": {
        "25": 84393.08173284121,
        "50": 86428.19041039859,
        "75": 87471.07999970793
      },
      "variance": 5736952.979796189,
      "standard_deviation": 2395.193724899134,
      "lower_outlier_bound": 74896.8268620127,
      "median": 86428.19041039859,