{
  "build_type": "sequential",
  "name": "runtime",
  "timestamp": "2026-03-19T20:33:21.673760Z",
  "impl_mod": "xb5_bag",
  "tweaks": "none",
  "impl_description": ":xb5_bag.add/2",
  "group_id": "add_existing_x300",
  "measurements": [
    {
      "maximum": 53982.213940151,
      "total": 1927283.7232013617,
      "mode": null,
      "n": 300,
      "percentiles": {
        "25": 50162.77095474881,
        "50": 50677.875945259686,
        "75": 51461.00431050765
      },
      "frequency_distribution": "removed",
      "average": 50717.992715825305,
      "variance": 1095568.1595221602,
      "standard_deviation": 1046.6939187375458,
      "standard_deviation_ratio": 0.020637526500747152,
      "median": 50677.875945259686,
      "minimum": 47472.335496489424,
      "lower_outlier_bound": 46359.48823109086,
      "upper_outlier_bound": 54059.56233277655,
      "outliers": "removed",
      "sample_size": 38
    },
    {
      "maximum": 50224.427855873975,
      "total": 1736037.6112892213,
      "mode": null,
      "n": 400,
      "percentiles": {
        "25": 47595.71751621137,
        "50": 48317.12936245799,
        "75": 48933.224759154895
      },
      "frequency_distribution": "removed",
      "average": 48223.26698025615,
      "variance": 744426.1026595769,
      "standard_deviation": 862.8013112296346,
      "standard_deviation_ratio": 0.01789180545529791,
      "median": 48317.12936245799,
      "minimum": 46152.43317935343,
      "lower_outlier_bound": 42338.26524864799,
      "upper_outlier_bound": 52509.37973052917,
      "outliers": "removed",
      "sample_size": 36
    },
    {
      "maximum": 50437.64746707178,
      "total": 1843460.2222620572,
      "mode": null,
      "n": 500,
      "percentiles": {
        "25": 22019.33887563929,
        "50": 46967.71877318228,
        "75": 47575.195460562405
      },
      "frequency_distribution": "removed",
      "average": 40075.2222230882,
      "variance": 144904873.07470164,
      "standard_deviation": 12037.644000164719,
      "standard_deviation_ratio": 0.30037622581739726,
      "median": 46967.71877318228,
      "minimum": 16987.63962353352,
      "lower_outlier_bound": -16314.44600174539,
      "upper_outlier_bound": 85908.98033794708,
      "outliers": "removed",
      "sample_size": 46
    },
    {
      "maximum": 48624.037000947195,
      "total": 1966332.8176313983,
      "mode": null,
      "n": 600,
      "percentiles": {
        "25": 21672.698164032663,
        "50": 45494.45396757906,
        "75": 46093.76710623772
      },
      "frequency_distribution": "removed",
      "average": 39326.656352627964,
      "variance": 124586861.56252366,
      "standard_deviation": 11161.848483227304,
      "standard_deviation_ratio": 0.28382398908117257,
      "median": 45494.45396757906,
      "minimum": 19673.425078383843,
      "lower_outlier_bound": -14958.905249274925,
      "upper_outlier_bound": 82725.37051954531,
      "outliers": "removed",
      "sample_size": 50
    },
    {
      "maximum": 48216.75165672759,
      "total": 1668527.8043372293,
      "mode": null,
      "n": 700,
      "percentiles": {
        "25": 20817.203902703717,
        "50": 44641.64145529966,
        "75": 45627.66683088708
      },
      "frequency_distribution": "removed",
      "average": 37078.39565193843,
      "variance": 134196197.6707208,
      "standard_deviation": 11584.308251713643,
      "standard_deviation_ratio": 0.31242744050895915,
      "median": 44641.64145529966,
      "minimum": 19339.311114398795,
      "lower_outlier_bound": -16398.490489571326,
      "upper_outlier_bound": 82843.36122316212,
      "outliers": "removed",
      "sample_size": 45
    },
    {
      "maximum": 46101.04981310634,
      "total": 1751701.2128729883,
      "mode": null,
      "n": 800,
      "percentiles": {
        "25": 40538.44601765077,
        "50": 43872.44525267238,
        "75": 44863.47933576072
      },
      "frequency_distribution": "removed",
      "average": 38926.69361939974,
      "variance": 102157740.27731349,
      "standard_deviation": 10107.311228873557,
      "standard_deviation_ratio": 0.2596498774773005,
      "median": 43872.44525267238,
      "minimum": 18908.320549732947,
      "lower_outlier_bound": 17709.048952588983,
      "upper_outlier_bound": 61139.11790957532,
      "outliers": "removed",
      "sample_size": 45
    },
    {
      "maximum": 45037.2345336507,
      "total": 1714854.6287356263,
      "mode": null,
      "n": 900,
      "percentiles": {
        "25": 25370.37105620232,
        "50": 43510.222887320626,
        "75": 44226.01472267079
      },
      "frequency_distribution": "removed",
      "average": 37279.448450774486,
      "variance": 122032213.95857702,
      "standard_deviation": 11046.81917832355,
      "standard_deviation_ratio": 0.29632464098577754,
      "median": 43510.222887320626,
      "minimum": 7633.484646810497,
      "lower_outlier_bound": -2913.094443500391,
      "upper_outlier_bound": 72509.4802223735,
      "outliers": "removed",
      "sample_size": 46
    },
    {
      "maximum": 49412.1437260907,
      "total": 1724466.708827265,
      "mode": null,
      "n": 1000,
      "percentiles": {
        "25": 20248.76681330495,
        "50": 42424.53773629677,
        "75": 43296.17064339307
      },
      "frequency_distribution": "removed",
      "average": 35926.38976723469,
      "variance": 124464280.57943884,
      "standard_deviation": 11156.356061879651,
      "standard_deviation_ratio": 0.31053373673673124,
      "median": 42424.53773629677,
      "minimum": 18728.233111066664,
      "lower_outlier_bound": -14322.338931827227,
      "upper_outlier_bound": 77867.27638852524,
      "outliers": "removed",
      "sample_size": 48
    },
    {
      "maximum": 37764.906658368454,
      "total": 1249626.6597692275,
      "mode": null,
      "n": 2000,
      "percentiles": {
        "25": 35205.03234814397,
        "50": 35438.53593485263,
        "75": 36265.42958033282
      },
      "frequency_distribution": "removed",
      "average": 35703.618850549356,
      "variance": 552991.9520226482,
      "standard_deviation": 743.6342864759856,
      "standard_deviation_ratio": 0.02082798075984232,
      "median": 35438.53593485263,
      "minimum": 34221.99879059456,
      "lower_outlier_bound": 31651.92403131674,
      "upper_outlier_bound": 38914.262081538065,
      "outliers": "removed",
      "sample_size": 35
    },
    {
      "maximum": 32483.542213337612,
      "total": 1254018.0804924178,
      "mode": null,
      "n": 3000,
      "percentiles": {
        "25": 16866.270545436637,
        "50": 31182.24682432203,
        "75": 31677.056213153643
      },
      "frequency_distribution": "removed",
      "average": 26681.235755157824,
      "variance": 57916119.00109604,
      "standard_deviation": 7610.264055937615,
      "standard_deviation_ratio": 0.2852290698142215,
      "median": 31182.24682432203,
      "minimum": 4075.6260120798293,
      "lower_outlier_bound": -5349.907956138872,
      "upper_outlier_bound": 53893.23471472915,
      "outliers": "removed",
      "sample_size": 47
    },
    {
      "maximum": 34387.65895695353,
      "total": 1142448.9330334077,
      "mode": null,
      "n": 4000,
      "percentiles": {
        "25": 15432.189708827977,
        "50": 28195.00666687194,
        "75": 28855.66228438239
      },
      "frequency_distribution": "removed",
      "average": 24835.84637029147,
      "variance": 39705286.63296207,
      "standard_deviation": 6301.213108042139,
      "standard_deviation_ratio": 0.2537144502383306,
      "median": 28195.00666687194,
      "minimum": 13416.702936486938,
      "lower_outlier_bound": -4703.019154503643,
      "upper_outlier_bound": 48990.87114771401,
      "outliers": "removed",
      "sample_size": 46
    },
    {
      "maximum": 27153.252959704572,
      "total": 973854.7169696281,
      "mode": null,
      "n": 5000,