{
  "build_type": "sequential",
  "name": "runtime",
  "timestamp": "2026-03-19T20:33:21.724620Z",
  "impl_mod": "xb5_bag",
  "tweaks": "none",
  "impl_description": ":xb5_bag.delete/2",
  "group_id": "delete_x300",
  "measurements": [
    {
      "maximum": 55104.646478895746,
      "total": 2606968.351739615,
      "mode": null,
      "n": 300,
      "percentiles": {
        "25": 27387.241880834208,
        "50": 53539.19560780242,
        "75": 54018.47782670494
      },
      "frequency_distribution": "removed",
      "average": 44947.73020240716,
      "variance": 164620414.62844712,
      "standard_deviation": 12830.44873059579,
      "standard_deviation_ratio": 0.2854526507304847,
      "median": 53539.19560780242,
      "minimum": 24858.67841322084,
      "lower_outlier_bound": -12559.612037971889,
      "upper_outlier_bound": 93965.33174551104,
      "outliers": "removed",
      "sample_size": 58
    },
    {
      "maximum": 48471.73467735759,
      "total": 1932478.0165530154,
      "mode": null,
      "n": 400,
      "percentiles": {
        "25": 46860.435836696175,
        "50": 47114.252061248524,
        "75": 47438.667544851036
      },
      "frequency_distribution": "removed",
      "average": 47133.610159829645,
      "variance": 313120.1724232364,
      "standard_deviation": 559.5714185188843,
      "standard_deviation_ratio": 0.011872025431987551,
      "median": 47114.252061248524,
      "minimum": 45280.40114812985,
      "lower_outlier_bound": 43397.346480230284,
      "upper_outlier_bound": 49600.597694276374,
      "outliers": "removed",
      "sample_size": 41
    },
    {
      "maximum": 48403.57741159933,
      "total": 1941283.5291303021,
      "mode": null,
      "n": 500,
      "percentiles": {
        "25": 21927.39619844732,
        "50": 43940.997785813124,
        "75": 44651.80743818739
      },
      "frequency_distribution": "removed",
      "average": 35296.06416600549,
      "variance": 129234711.16022539,
      "standard_deviation": 11368.144578611998,
      "standard_deviation_ratio": 0.32207966659242815,
      "median": 43940.997785813124,
      "minimum": 20730.071663857743,
      "lower_outlier_bound": -12159.220661162784,
      "upper_outlier_bound": 78738.4242977975,
      "outliers": "removed",
      "sample_size": 55
    },
    {
      "maximum": 47478.44359964467,
      "total": 2118177.1713031004,
      "mode": null,
      "n": 600,
      "percentiles": {
        "25": 21807.694417405073,
        "50": 42880.01240759433,
        "75": 43301.96138749399
      },
      "frequency_distribution": "removed",
      "average": 36520.29605695001,
      "variance": 102399597.28998172,
      "standard_deviation": 10119.268614380277,
      "standard_deviation_ratio": 0.27708616049005236,
      "median": 42880.01240759433,
      "minimum": 20204.808057354177,
      "lower_outlier_bound": -10433.706037728301,
      "upper_outlier_bound": 75543.36184262736,
      "outliers": "removed",
      "sample_size": 58
    },
    {
      "maximum": 44531.48866094704,
      "total": 2033778.28694508,
      "mode": null,
      "n": 700,
      "percentiles": {
        "25": 21589.8057062473,
        "50": 41904.000449210886,
        "75": 42364.12108928317
      },
      "frequency_distribution": "removed",
      "average": 35680.3208235979,
      "variance": 101698073.79929468,
      "standard_deviation": 10084.546286238894,
      "standard_deviation_ratio": 0.2826360877217583,
      "median": 41904.000449210886,
      "minimum": 12268.493527142815,
      "lower_outlier_bound": -9571.667368306506,
      "upper_outlier_bound": 73525.59416383698,
      "outliers": "removed",
      "sample_size": 57
    },
    {
      "maximum": 47289.4849465747,
      "total": 1879502.758675134,
      "mode": null,
      "n": 800,
      "percentiles": {
        "25": 21497.541954302396,
        "50": 40984.81594538855,
        "75": 41499.95920523531
      },
      "frequency_distribution": "removed",
      "average": 35462.31620141763,
      "variance": 91121211.3624509,
      "standard_deviation": 9545.743101637028,
      "standard_deviation_ratio": 0.2691799105117514,
      "median": 40984.81594538855,
      "minimum": 14603.518133553554,
      "lower_outlier_bound": -8506.083922096976,
      "upper_outlier_bound": 71503.58508163468,
      "outliers": "removed",
      "sample_size": 53
    },
    {
      "maximum": 44578.83477166944,
      "total": 2006292.7369326653,
      "mode": null,
      "n": 900,
      "percentiles": {
        "25": 38768.79716285033,
        "50": 40269.81596787178,
        "75": 40545.73270772209
      },
      "frequency_distribution": "removed",
      "average": 35826.656016654735,
      "variance": 77802361.28540422,
      "standard_deviation": 8820.564680642856,
      "standard_deviation_ratio": 0.24620117145575743,
      "median": 40269.81596787178,
      "minimum": 16105.598612083933,
      "lower_outlier_bound": 14530.650861216069,
      "upper_outlier_bound": 56143.92218935111,
      "outliers": "removed",
      "sample_size": 56
    },
    {
      "maximum": 47116.471918582734,
      "total": 1748452.475501894,
      "mode": null,
      "n": 1000,
      "percentiles": {
        "25": 19609.594497849084,
        "50": 39133.020699263114,
        "75": 39778.09084895179
      },
      "frequency_distribution": "removed",
      "average": 31222.365633962392,
      "variance": 109288087.96560416,
      "standard_deviation": 10454.094315893852,
      "standard_deviation_ratio": 0.3348271056220776,
      "median": 39133.020699263114,
      "minimum": 15703.414016427656,
      "lower_outlier_bound": -10643.150028804976,
      "upper_outlier_bound": 70030.83537560585,
      "outliers": "removed",
      "sample_size": 56
    },
    {
      "maximum": 38530.730762280415,
      "total": 1540701.5778198158,
      "mode": null,
      "n": 2000,
      "percentiles": {
        "25": 16932.081110873252,
        "50": 31177.031362926038,
        "75": 31490.17181334078
      },
      "frequency_distribution": "removed",
      "average": 26563.820307238206,
      "variance": 50682394.58243911,
      "standard_deviation": 7119.156873003931,
      "standard_deviation_ratio": 0.2680019963493006,
      "median": 31177.031362926038,
      "minimum": 15897.786137893581,
      "lower_outlier_bound": -4905.054942828043,
      "upper_outlier_bound": 53327.30786704208,
      "outliers": "removed",
      "sample_size": 58
    },
    {
      "maximum": 40284.44037661118,
      "total": 1297765.5940736164,
      "mode": null,
      "n": 3000,
      "percentiles": {
        "25": 15529.3368584928,
        "50": 27237.12834597908,
        "75": 27763.29459243206
      },
      "frequency_distribution": "removed",
      "average": 23595.738074065754,
      "variance": 47213904.02471358,
      "standard_deviation": 6871.237444937672,
      "standard_deviation_ratio": 0.2912067180678658,
      "median": 27237.12834597908,
      "minimum": 1685.936726760926,
      "lower_outlier_bound": -2821.5997424160923,
      "upper_outlier_bound": 46114.23119334095,
      "outliers": "removed",
      "sample_size": 55
    },
    {
      "maximum": 26081.01912103836,
      "total": 1242666.1507567363,
      "mode": null,
      "n": 4000,
      "percentiles": {
        "25": 14901.411931777533,
        "50": 25149.622784606618,
        "75": 25435.822879247113
      },
      "frequency_distribution": "removed",
      "average": 22190.466977798864,
      "variance": 24624747.360032763,
      "standard_deviation": 4962.332854619162,
      "standard_deviation_ratio": 0.2236245347871174,
      "median": 25149.622784606618,
      "minimum": 12702.663049795074,
      "lower_outlier_bound": -900.2044894268365,
      "upper_outlier_bound": 41237.439300451486,
      "outliers": "removed",
      "sample_size": 56
    },
    {
      "maximum": 27986.949125883617,
      "total": 1169096.12761447,
      "mode": null,
      "n": 5000,