{
  "build_type": "sequential",
  "name": "runtime",
  "impl_mod": "xb5_bag",
  "impl_description": ":xb5_bag.delete_any/2",
  "group_id": "delete_any_missing",
  "measurements": [
    {
      "maximum": 6123698.71402327,
      "total": 267854743.01707578,
      "mode": [
        5197505.1975051975,
        3293807.6416337285
      ],
      "n": 0,
      "frequency_distribution": "removed",
      "outliers": "removed",
      "average": 4058405.197228421,
      "sample_size": 66,
      "percentiles": {
        "25": 3054882.163389794,
        "50": 3802954.881483008,
        "75": 5078818.914050518
      },
      "variance": 1164475687131.6772,
      "standard_deviation": 1079108.7466662836,
      "lower_outlier_bound": 18977.03739870852,
      "median": 3802954.881483008,
      "minimum": 2585983.9668994052,
      "standard_deviation_ratio": 0.2658947774370169,
      "upper_outlier_bound": 8114724.040041603
    },
    {
      "maximum": 1442377.0373575652,
      "total": 77044866.41493613,
      "mode": [
        1253918.4952978056,
        1276324.1863433311
      ],
      "n": 100,
      "frequency_distribution": "removed",
      "outliers": "removed",
      "average": 1222934.3875386687,
      "sample_size": 63,
      "percentiles": {
        "25": 1147315.2822395593,
        "50": 1253918.4952978056,
        "75": 1301236.1743656474
      },
      "variance": 14895716809.677998,
      "standard_deviation": 122048.01026513295,
      "lower_outlier_bound": 844420.2779747308,
      "median": 1253918.4952978056,
      "minimum": 931098.6964618249,
      "standard_deviation_ratio": 0.0997993118099918,
      "upper_outlier_bound": 1573499.1784488135
    },
    {
      "maximum": 287562.9043853343,
      "total": 17164397.822204348,
      "mode": [
        276717.0291659749,
        271968.2341102559,
        270936.6279227289,
        264683.30642386386,
        272933.21324271953,
        284365.58039014955
      ],
      "n": 200,
      "frequency_distribution": "removed",
      "outliers": "removed",
      "average": 272450.7590826087,
      "sample_size": 63,
      "percentiles": {
        "25": 267308.2063619353,
        "50": 272412.75981366966,
        "75": 276717.0291659749
      },
      "variance": 36567292.272700295,
      "standard_deviation": 6047.0895704214845,
      "lower_outlier_bound": 251942.56862155575,
      "median": 272412.75981366966,
      "minimum": 262047.64026099944,
      "standard_deviation_ratio": 0.022195165066829458,
      "upper_outlier_bound": 291581.70549262635
    },
    {
      "maximum": 367904.05062359734,
      "total": 21236203.81232908,
      "mode": [
        342289.9195618689,
        337883.49776996893,
        331928.17074385105,
        351951.57146376657
      ],
      "n": 300,
      "frequency_distribution": "removed",
      "outliers": "removed",
      "average": 348134.48872670624,
      "sample_size": 61,
      "percentiles": {
        "25": 340008.85005661275,
        "50": 347765.6059815684,
        "75": 354132.8288733467
      },
      "variance": 93266940.08721739,
      "standard_deviation": 9657.481042550246,
      "lower_outlier_bound": 314019.89902996796,
      "median": 347765.6059815684,
      "minimum": 329630.48422718135,
      "standard_deviation_ratio": 0.0277406615985456,
      "upper_outlier_bound": 377884.5700279573
    },
    {
      "maximum": 292184.07596785977,
      "total": 17443041.362555623,
      "mode": null,
      "n": 400,
      "frequency_distribution": "removed",
      "outliers": "removed",
      "average": 276873.67242151784,
      "sample_size": 63,
      "percentiles": {
        "25": 271525.15680577804,
        "50": 276870.2585968215,
        "75": 282111.32112731686
      },
      "variance": 55675327.13281018,
      "standard_deviation": 7461.5901209333515,
      "lower_outlier_bound": 252474.80080744112,
      "median": 276870.2585968215,
      "minimum": 261219.37202862964,
      "standard_deviation_ratio": 0.02694943891080291,
      "upper_outlier_bound": 299258.33007311216
    },
    {
      "maximum": 302553.5519787002,
      "total": 17844966.65130323,
      "mode": [
        296524.7301624956,
        289561.3146083683,
        280678.1183338947
      ],
      "n": 500,
      "frequency_distribution": "removed",
      "outliers": "removed",
      "average": 287822.04276295536,
      "sample_size": 62,
      "percentiles": {
        "25": 280743.1320766651,
        "50": 289351.8579083113,
        "75": 293666.35672205046
      },
      "variance": 67792133.4554088,
      "standard_deviation": 8233.597843920286,
      "lower_outlier_bound": 260198.42978740647,
      "median": 289351.8579083113,
      "minimum": 265174.61748561426,
      "standard_deviation_ratio": 0.028606557596776275,
      "upper_outlier_bound": 312893.63057093765
    },
    {
      "maximum": 327675.47021429974,
      "total": 19947931.49480192,
      "mode": [
        318380.0821420612,
        312012.48049921996,
        311129.0874583865
      ],
      "n": 600,
      "frequency_distribution": "removed",
      "outliers": "removed",
      "average": 311686.42960628,
      "sample_size": 64,
      "percentiles": {
        "25": 302760.53537596104,
        "50": 312207.4273786321,
        "75": 319626.9757109857
      },
      "variance": 99344689.39169556,
      "standard_deviation": 9967.180613979841,
      "lower_outlier_bound": 276110.42812951177,
      "median": 312207.4273786321,
      "minimum": 282677.52148349164,
      "standard_deviation_ratio": 0.03197823089882453,
      "upper_outlier_bound": 345165.4402290984
    },
    {
      "maximum": 279978.7216171571,
      "total": 15386089.059631985,
      "mode": [
        259383.1867818328,
        265526.6721542179,
        263144.0450502605,
        264753.3822244579,
        267015.56700755656
      ],
      "n": 700,
      "frequency_distribution": "removed",
      "outliers": "removed",
      "average": 265277.3975798618,
      "sample_size": 58,
      "percentiles": {
        "25": 260650.92811409672,
        "50": 265139.57985166425,
        "75": 268240.4012807291
      },
      "variance": 36275099.37324012,
      "standard_deviation": 6022.881318209758,
      "lower_outlier_bound": 246646.26468199585,
      "median": 265139.57985166425,
      "minimum": 254751.10816732052,
      "standard_deviation_ratio": 0.022704087770600845,
      "upper_outlier_bound": 280163.4403177727
    },
    {
      "maximum": 275565.5983906969,
      "total": 16843067.108174175,
      "mode": [
        265456.18645642535,
        263289.5395065954,
        262384.550797649
      ],
      "n": 800,
      "frequency_distribution": "removed",
      "outliers": "removed",
      "average": 263172.9235652215,
      "sample_size": 64,
      "percentiles": {
        "25": 259693.1611339121,
        "50": 262732.70262703404,
        "75": 267735.8250973964
      },
      "variance": 38701647.98889611,
      "standard_deviation": 6221.064859724266,
      "lower_outlier_bound": 243762.81480970606,
      "median": 262732.70262703404,
      "minimum": 246931.8714966541,
      "standard_deviation_ratio": 0.023638696471685147,
      "upper_outlier_bound": 282113.89674901485
    },
    {
      "maximum": 267737.6171352075,
      "total": 15883360.268804114,
      "mode": 252429.6352391771,
      "n": 900,
      "frequency_distribution": "removed",
      "outliers": "removed",
      "average": 256183.23014200185,
      "sample_size": 62,
      "percentiles": {
        "25": 252365.97879352354,
        "50": 256851.5819204456,
        "75": 260367.5206888153
      },
      "variance": 30690343.82786326,
      "standard_deviation": 5539.886625903391,
      "lower_outlier_bound": 238271.62525344908,
      "median": 256851.5819204456,
      "minimum": 241908.1716580386,
      "standard_deviation_ratio": 0.02162470440720356,
      "upper_outlier_bound": 273402.82550413243
    },
    {
      "maximum": 263984.5833003353,
      "total": 15861916.265818883,