{
  "build_type": "sequential",
  "name": "runtime",
  "impl_mod": "xb5_bag",
  "impl_description": ":xb5_bag.is_member/2",
  "group_id": "is_member_existing",
  "measurements": [
    {
      "maximum": 234571.086767845,
      "total": 13499993.892353594,
      "mode": [
        223094.77065857576,
        219461.8794715358,
        216183.49655187322,
        219896.20898935702,
        209731.54362416107
      ],
      "n": 100,
      "frequency_distribution": "removed",
      "outliers": "removed",
      "average": 217741.83697344508,
      "sample_size": 62,
      "percentiles": {
        "25": 212500.3593863114,
        "50": 219029.93480238365,
        "75": 223094.77065857576
      },
      "variance": 53375405.205679685,
      "standard_deviation": 7305.847329754413,
      "lower_outlier_bound": 194716.43357056222,
      "median": 219029.93480238365,
      "minimum": 200344.59269944305,
      "standard_deviation_ratio": 0.033552795509139595,
      "upper_outlier_bound": 240038.19632208598
    },
    {
      "maximum": 250720.82236429735,
      "total": 15428756.579113578,
      "mode": [
        230616.66897283334,
        237247.9240806643
      ],
      "n": 200,
      "frequency_distribution": "removed",
      "outliers": "removed",
      "average": 233769.03907747846,
      "sample_size": 66,
      "percentiles": {
        "25": 227451.0717947072,
        "50": 231369.05997698382,
        "75": 242143.94249322044
      },
      "variance": 77972403.227213,
      "standard_deviation": 8830.19836850866,
      "lower_outlier_bound": 205411.76574693737,
      "median": 231369.05997698382,
      "minimum": 208333.33333333334,
      "standard_deviation_ratio": 0.037773173057284344,
      "upper_outlier_bound": 264183.2485409903
    },
    {
      "maximum": 184801.89237137788,
      "total": 11411792.309134817,
      "mode": 183375.20400491444,
      "n": 300,
      "frequency_distribution": "removed",
      "outliers": "removed",
      "average": 175566.03552515103,
      "sample_size": 65,
      "percentiles": {
        "25": 170331.17189433222,
        "50": 176625.39519932176,
        "75": 180215.91181585327
      },
      "variance": 36116713.22408062,
      "standard_deviation": 6009.7182316711505,
      "lower_outlier_bound": 153470.22178431688,
      "median": 176625.39519932176,
      "minimum": 159877.21429941806,
      "standard_deviation_ratio": 0.03423052877907138,
      "upper_outlier_bound": 196224.3525077771
    },
    {
      "maximum": 231203.18135577545,
      "total": 13956715.83394835,
      "mode": [
        224749.4044140783,
        214970.54903478225
      ],
      "n": 400,
      "frequency_distribution": "removed",
      "outliers": "removed",
      "average": 218073.68490544296,
      "sample_size": 64,
      "percentiles": {
        "25": 214394.45028860206,
        "50": 216698.90190598482,
        "75": 222679.95530733347
      },
      "variance": 39167964.21790293,
      "standard_deviation": 6258.431450283923,
      "lower_outlier_bound": 201627.51791306096,
      "median": 216698.90190598482,
      "minimum": 202253.0995287503,
      "standard_deviation_ratio": 0.028698700868000592,
      "upper_outlier_bound": 235271.75307053304
    },
    {
      "maximum": 170354.84915078108,
      "total": 9516413.40535045,
      "mode": [
        170325.83331913952,
        164706.65744309386,
        163331.9722335647
      ],
      "n": 500,
      "frequency_distribution": "removed",
      "outliers": "removed",
      "average": 164076.0931956974,
      "sample_size": 58,
      "percentiles": {
        "25": 162738.03889660485,
        "50": 163974.75229773202,
        "75": 165829.35230785137
      },
      "variance": 10665620.77177771,
      "standard_deviation": 3265.8262004855233,
      "lower_outlier_bound": 154725.70625171767,
      "median": 163974.75229773202,
      "minimum": 155809.35167728766,
      "standard_deviation_ratio": 0.019904339120205013,
      "upper_outlier_bound": 171994.156632141
    },
    {
      "maximum": 217931.39519679206,
      "total": 12965236.286895875,
      "mode": [
        209995.80008399833,
        193434.82213668103
      ],
      "n": 600,
      "frequency_distribution": "removed",
      "outliers": "removed",
      "average": 202581.81698274805,
      "sample_size": 64,
      "percentiles": {
        "25": 196286.3547095104,
        "50": 204199.34765922325,
        "75": 208340.943352118
      },
      "variance": 54992995.75927284,
      "standard_deviation": 7415.726246246745,
      "lower_outlier_bound": 177962.6611006253,
      "median": 204199.34765922325,
      "minimum": 183509.80859926963,
      "standard_deviation_ratio": 0.03660608023314487,
      "upper_outlier_bound": 226517.57701212144
    },
    {
      "maximum": 151162.43915711824,
      "total": 8723661.991215786,
      "mode": [
        144152.4556370818,
        143036.96075065798,
        145966.22341590156
      ],
      "n": 700,
      "frequency_distribution": "removed",
      "outliers": "removed",
      "average": 143010.8523150129,
      "sample_size": 61,
      "percentiles": {
        "25": 140107.05836410783,
        "50": 143612.13235294117,
        "75": 145966.22341590156
      },
      "variance": 14668388.203414565,
      "standard_deviation": 3829.9331852415603,
      "lower_outlier_bound": 129977.82162134057,
      "median": 143612.13235294117,
      "minimum": 132236.6507101108,
      "standard_deviation_ratio": 0.026780717150089346,
      "upper_outlier_bound": 155576.31189168524
    },
    {
      "maximum": 143967.75122372588,
      "total": 8585958.600696629,
      "mode": 131573.75366761838,
      "n": 800,
      "frequency_distribution": "removed",
      "outliers": "removed",
      "average": 136285.05715391473,
      "sample_size": 63,
      "percentiles": {
        "25": 133402.70273875748,
        "50": 136150.74610608866,
        "75": 139089.7963725381
      },
      "variance": 13529530.40198446,
      "standard_deviation": 3678.250997686871,
      "lower_outlier_bound": 123193.86491371327,
      "median": 136150.74610608866,
      "minimum": 128160.76486344471,
      "standard_deviation_ratio": 0.026989393221098376,
      "upper_outlier_bound": 148395.52604114506
    },
    {
      "maximum": 125992.18848431397,
      "total": 7234492.973196488,
      "mode": 125675.50584391103,
      "n": 900,
      "frequency_distribution": "removed",
      "outliers": "removed",
      "average": 122618.524969432,
      "sample_size": 59,
      "percentiles": {
        "25": 121351.85971725016,
        "50": 122574.55597367098,
        "75": 123866.62042312838
      },
      "variance": 3035969.452834264,
      "standard_deviation": 1742.4033553785025,
      "lower_outlier_bound": 117365.88747846695,
      "median": 122574.55597367098,
      "minimum": 118428.68816542119,
      "standard_deviation_ratio": 0.01420995201021112,
      "upper_outlier_bound": 127779.3375831677
    },
    {
      "maximum": 129055.57132901427,
      "total": 7899155.874530403,
      "mode": [
        123989.48569161336,
        122408.01038019928,
        123820.60870211238
      ],
      "n": 1000,
      "frequency_distribution": "removed",
      "outliers": "removed",
      "average": 121525.47499277543,
      "sample_size": 65,
      "percentiles": {
        "25": 119178.18981335475,
        "50": 121884.33176915107,
        "75": 123812.94387960568
      },
      "variance": 11807067.94051338,
      "standard_deviation": 3436.141431971824,
      "lower_outlier_bound": 111982.5143541747,
      "median": 121884.33176915107,
      "minimum": 112896.1242760536,
      "standard_deviation_ratio": 0.028275070985536978,
      "upper_outlier_bound": 130905.06973685892
    },
    {
      "maximum": 114318.37667905116,
      "total": 6683824.202440933,
      "mode": 109442.71768156547,
      "n": 2000,
      "frequency_distribution": "removed",
      "outliers": "removed",
      "average": 109570.88856460547,