{
  "build_type": "sequential",
  "name": "runtime",
  "impl_mod": "xb5_bag",
  "impl_description": ":xb5_bag.is_member/2",
  "group_id": "is_member_missing",
  "measurements": [
    {
      "maximum": 1417635.384179189,
      "total": 73556243.25697714,
      "mode": [
        1253918.4952978056,
        1113957.8923916677,
        1273074.4748567792,
        1201201.2012012012,
        1094451.1327569224,
        1092060.7185759528
      ],
      "n": 0,
      "frequency_distribution": "removed",
      "outliers": "removed",
      "average": 1167559.416777415,
      "sample_size": 63,
      "percentiles": {
        "25": 1092060.7185759528,
        "50": 1174260.2160638797,
        "75": 1241310.8242303873
      },
      "variance": 8385353942.857107,
      "standard_deviation": 91571.57824815027,
      "lower_outlier_bound": 862962.858372937,
      "median": 1174260.2160638797,
      "minimum": 1004217.714400482,
      "standard_deviation_ratio": 0.07842990851882924,
      "upper_outlier_bound": 1465983.018663953
    },
    {
      "maximum": 207339.82998133943,
      "total": 12453392.961136242,
      "mode": [
        184019.72691472527,
        203363.63451487606,
        198353.66458395318,
        203446.38170610135
      ],
      "n": 100,
      "frequency_distribution": "removed",
      "outliers": "removed",
      "average": 194584.2650177538,
      "sample_size": 64,
      "percentiles": {
        "25": 188719.17974756495,
        "50": 195802.2320916953,
        "75": 201160.88169741907
      },
      "variance": 60324451.22927424,
      "standard_deviation": 7766.881692756382,
      "lower_outlier_bound": 166820.7693691106,
      "median": 195802.2320916953,
      "minimum": 174831.287807266,
      "standard_deviation_ratio": 0.03991526083595575,
      "upper_outlier_bound": 221409.2448035785
    },
    {
      "maximum": 232931.91400153734,
      "total": 13537892.683284136,
      "mode": 221165.54240849277,
      "n": 200,
      "frequency_distribution": "removed",
      "outliers": "removed",
      "average": 218353.1077949054,
      "sample_size": 62,
      "percentiles": {
        "25": 212861.09450428374,
        "50": 219559.77290803398,
        "75": 224145.42876733467
      },
      "variance": 60403749.44843133,
      "standard_deviation": 7771.984910460862,
      "lower_outlier_bound": 194918.53613616072,
      "median": 219559.77290803398,
      "minimum": 198157.13861091845,
      "standard_deviation_ratio": 0.03559365373338733,
      "upper_outlier_bound": 241199.10455255548
    },
    {
      "maximum": 191868.60837698344,
      "total": 11266387.207343662,
      "mode": 186459.32389849154,
      "n": 300,
      "frequency_distribution": "removed",
      "outliers": "removed",
      "average": 178831.5429737089,
      "sample_size": 63,
      "percentiles": {
        "25": 175229.55071143198,
        "50": 179131.21361397224,
        "75": 182671.75711963174
      },
      "variance": 31031990.663097236,
      "standard_deviation": 5570.636468402622,
      "lower_outlier_bound": 162249.12202365254,
      "median": 179131.21361397224,
      "minimum": 166630.56337793477,
      "standard_deviation_ratio": 0.03115018959055559,
      "upper_outlier_bound": 194805.27567824523
    },
    {
      "maximum": 171232.87671232875,
      "total": 10446486.692997098,
      "mode": null,
      "n": 400,
      "frequency_distribution": "removed",
      "outliers": "removed",
      "average": 160715.17989226306,
      "sample_size": 65,
      "percentiles": {
        "25": 157320.56602486598,
        "50": 161454.3810646302,
        "75": 163733.13258029363
      },
      "variance": 24166677.66763655,
      "standard_deviation": 4915.961520154176,
      "lower_outlier_bound": 147091.53412446455,
      "median": 161454.3810646302,
      "minimum": 149508.1182908232,
      "standard_deviation_ratio": 0.03058803482937727,
      "upper_outlier_bound": 173675.19799646345
    },
    {
      "maximum": 127051.88799105554,
      "total": 7469976.254818918,
      "mode": [
        121337.13523023721,
        120647.63651280072
      ],
      "n": 500,
      "frequency_distribution": "removed",
      "outliers": "removed",
      "average": 120483.48798095029,
      "sample_size": 62,
      "percentiles": {
        "25": 118678.16293807827,
        "50": 120633.08417201563,
        "75": 122438.07334977134
      },
      "variance": 9178160.705940593,
      "standard_deviation": 3029.5479375544783,
      "lower_outlier_bound": 111686.51570208799,
      "median": 120633.08417201563,
      "minimum": 112972.64932159924,
      "standard_deviation_ratio": 0.025144922248876808,
      "upper_outlier_bound": 128611.68128009813
    },
    {
      "maximum": 135521.55470327556,
      "total": 8285627.896134446,
      "mode": 127408.01141575782,
      "n": 600,
      "frequency_distribution": "removed",
      "outliers": "removed",
      "average": 129462.93587710072,
      "sample_size": 64,
      "percentiles": {
        "25": 127408.01141575782,
        "50": 129172.31801397896,
        "75": 132253.16472711088
      },
      "variance": 9337743.353175087,
      "standard_deviation": 3055.7721369851984,
      "lower_outlier_bound": 119944.47629124901,
      "median": 129172.31801397896,
      "minimum": 121928.91544229715,
      "standard_deviation_ratio": 0.023603451569227857,
      "upper_outlier_bound": 139847.2366232725
    },
    {
      "maximum": 139538.1287936929,
      "total": 8386529.441381269,
      "mode": [
        135576.6753887661,
        132236.6507101108
      ],
      "n": 700,
      "frequency_distribution": "removed",
      "outliers": "removed",
      "average": 133119.51494255982,
      "sample_size": 63,
      "percentiles": {
        "25": 130866.07166226085,
        "50": 133545.2250904769,
        "75": 136278.77185570804
      },
      "variance": 15530912.375996783,
      "standard_deviation": 3940.9278572433655,
      "lower_outlier_bound": 120799.68712027711,
      "median": 133545.2250904769,
      "minimum": 124640.101706323,
      "standard_deviation_ratio": 0.029604433722161993,
      "upper_outlier_bound": 145551.36719852887
    },
    {
      "maximum": 129609.2281770462,
      "total": 7962940.921055517,
      "mode": [
        122363.07571827126,
        125250.501002004
      ],
      "n": 800,
      "frequency_distribution": "removed",
      "outliers": "removed",
      "average": 122506.78340085411,
      "sample_size": 65,
      "percentiles": {
        "25": 119792.8415628268,
        "50": 121514.06525305304,
        "75": 125818.8505118454
      },
      "variance": 16798610.043461833,
      "standard_deviation": 4098.610745540717,
      "lower_outlier_bound": 110118.16632512034,
      "median": 121514.06525305304,
      "minimum": 111160.51578479324,
      "standard_deviation_ratio": 0.033456194275623616,
      "upper_outlier_bound": 135099.32070738063
    },
    {
      "maximum": 124453.9582581424,
      "total": 7507698.02314798,
      "mode": [
        119965.92967597203,
        114594.7928126146,
        118808.5874847034,
        119163.94575657189
      ],
      "n": 900,
      "frequency_distribution": "removed",
      "outliers": "removed",
      "average": 119169.80989123778,
      "sample_size": 63,
      "percentiles": {
        "25": 117314.43788787087,
        "50": 119050.45358222815,
        "75": 121203.30642619931
      },
      "variance": 6165061.11920905,
      "standard_deviation": 2482.9541113780274,
      "lower_outlier_bound": 111252.03200305806,
      "median": 119050.45358222815,
      "minimum": 113628.61623071154,
      "standard_deviation_ratio": 0.020835428986956804,
      "upper_outlier_bound": 126859.20780112961
    },
    {
      "maximum": 117370.89201877934,
      "total": 7157041.304643632,
      "mode": 112998.18072929025,
      "n": 1000,
      "frequency_distribution": "removed",
      "outliers": "removed",
      "average": 113603.8302324386,