{
  "build_type": "sequential",
  "name": "runtime",
  "impl_mod": "xb5_bag",
  "group_id": "largest",
  "impl_description": ":xb5_bag.largest/1",
  "tweaks": [
    "duplicate_variants",
    10
  ],
  "measurements": [
    {
      "maximum": 183150.18315018315,
      "total": 1498659092.3135219,
      "mode": 154990.7005579665,
      "n": 100,
      "frequency_distribution": "removed",
      "outliers": "removed",
      "median": 153562.65356265358,
      "average": 153237.1260034276,
      "sample_size": 9780,
      "percentiles": {
        "25": 146156.09470914936,
        "50": 153562.65356265358,
        "75": 160205.06247997435
      },
      "variance": 119201858.33033046,
      "standard_deviation": 10917.960355777559,
      "lower_outlier_bound": 121853.7853905701,
      "minimum": 121876.9043266301,
      "standard_deviation_ratio": 0.07124879355629096,
      "upper_outlier_bound": 183215.82873361692
    },
    {
      "maximum": 158957.2405023049,
      "total": 1327729655.8054047,
      "mode": 134517.08366962604,
      "n": 200,
      "frequency_distribution": "removed",
      "outliers": "removed",
      "median": 136742.78681799534,
      "average": 136079.70234758683,
      "sample_size": 9757,
      "percentiles": {
        "25": 131319.76362442548,
        "50": 136742.78681799534,
        "75": 141582.89678606825
      },
      "variance": 64997713.55734483,
      "standard_deviation": 8062.115947897601,
      "lower_outlier_bound": 112011.99271525245,
      "minimum": 112019.71546992271,
      "standard_deviation_ratio": 0.05924554366899355,
      "upper_outlier_bound": 159005.16122084146
    },
    {
      "maximum": 154511.74289245982,
      "total": 1302510513.8254588,
      "mode": 134156.15776764153,
      "n": 300,
      "frequency_distribution": "removed",
      "outliers": "removed",
      "median": 133976.4201500536,
      "average": 133618.23079867242,
      "sample_size": 9748,
      "percentiles": {
        "25": 128949.06511927789,
        "50": 133976.4201500536,
        "75": 138619.3512614361
      },
      "variance": 60885690.53336397,
      "standard_deviation": 7802.928330656637,
      "lower_outlier_bound": 111439.85057254377,
      "minimum": 111520.01784320285,
      "standard_deviation_ratio": 0.0583971834084048,
      "upper_outlier_bound": 154620.0320706487
    },
    {
      "maximum": 135611.60835367508,
      "total": 1158710910.1911361,
      "mode": 118539.59222380276,
      "n": 400,
      "frequency_distribution": "removed",
      "outliers": "removed",
      "median": 119817.87682722262,
      "average": 119282.57259534035,
      "sample_size": 9714,
      "percentiles": {
        "25": 115780.9424568716,
        "50": 119817.87682722262,
        "75": 123076.92307692308
      },
      "variance": 36234888.05819058,
      "standard_deviation": 6019.542180115575,
      "lower_outlier_bound": 101479.17598403183,
      "minimum": 101533.15057366231,
      "standard_deviation_ratio": 0.050464556968741324,
      "upper_outlier_bound": 135769.3282345563
    },
    {
      "maximum": 140785.58355624383,
      "total": 1185484367.628179,
      "mode": 125234.81527864747,
      "n": 500,
      "frequency_distribution": "removed",
      "outliers": "removed",
      "median": 123228.58903265558,
      "average": 122328.38382294697,
      "sample_size": 9691,
      "percentiles": {
        "25": 118539.59222380276,
        "50": 123228.58903265558,
        "75": 126662.44458518049
      },
      "variance": 46445664.925187305,
      "standard_deviation": 6815.105642995368,
      "lower_outlier_bound": 102439.29268762204,
      "minimum": 102480.01639680262,
      "standard_deviation_ratio": 0.05571156447925666,
      "upper_outlier_bound": 140939.96644941284
    },
    {
      "maximum": 117841.15012962527,
      "total": 1013124119.2703019,
      "mode": 104624.39840970915,
      "n": 600,
      "frequency_distribution": "removed",
      "outliers": "removed",
      "median": 105285.32322594231,
      "average": 104943.4554868761,
      "sample_size": 9654,
      "percentiles": {
        "25": 102364.62278636503,
        "50": 105285.32322594231,
        "75": 108131.48788927335
      },
      "variance": 20363348.11136089,
      "standard_deviation": 4512.576659887441,
      "lower_outlier_bound": 91222.98844216042,
      "minimum": 91232.55177447313,
      "standard_deviation_ratio": 0.04300007693621037,
      "upper_outlier_bound": 117921.86680305382
    },
    {
      "maximum": 130992.92638197537,
      "total": 1099925618.1846316,
      "mode": 110778.77478675086,
      "n": 700,
      "frequency_distribution": "removed",
      "outliers": "removed",
      "median": 112397.43733842869,
      "average": 112202.96013308493,
      "sample_size": 9803,
      "percentiles": {
        "25": 108026.35843145728,
        "50": 112397.43733842869,
        "75": 116877.0453482936
      },
      "variance": 47965920.994784765,
      "standard_deviation": 6925.743353228212,
      "lower_outlier_bound": 92162.92166681288,
      "minimum": 92336.10341643583,
      "standard_deviation_ratio": 0.06172513938147021,
      "upper_outlier_bound": 131052.11888437535
    },
    {
      "maximum": 117426.02160638798,
      "total": 1009279057.9035543,
      "mode": 104733.97570171763,
      "n": 800,
      "frequency_distribution": "removed",
      "outliers": "removed",
      "median": 104904.29822705628,
      "average": 104436.98860756977,
      "sample_size": 9664,
      "percentiles": {
        "25": 101646.67615368977,
        "50": 104904.29822705628,
        "75": 107443.12252968259
      },
      "variance": 23237595.721726857,
      "standard_deviation": 4820.538945151969,
      "lower_outlier_bound": 90302.78502785324,
      "minimum": 90326.07713846987,
      "standard_deviation_ratio": 0.04615739125977219,
      "upper_outlier_bound": 117528.99650850808
    },
    {
      "maximum": 120120.12012012012,
      "total": 1026367558.1596487,
      "mode": 105842.50635055038,
      "n": 900,
      "frequency_distribution": "removed",
      "outliers": "removed",
      "median": 105965.8789869662,
      "average": 105745.67877185748,
      "sample_size": 9706,
      "percentiles": {
        "25": 102574.62303826034,
        "50": 105965.8789869662,
        "75": 109206.07185759528
      },
      "variance": 27501515.472599678,
      "standard_deviation": 5244.188733502989,
      "lower_outlier_bound": 90380.76790195571,
      "minimum": 90407.73890245004,
      "standard_deviation_ratio": 0.04959246367709397,
      "upper_outlier_bound": 120120.45502650664
    },
    {
      "maximum": 128122.99807815503,
      "total": 1083659548.9494238,
      "mode": 110656.19121389842,
      "n": 1000,
      "frequency_distribution": "removed",
      "outliers": "removed",
      "median": 111024.75852115022,
      "average": 110656.54538439945,
      "sample_size": 9793,
      "percentiles": {
        "25": 106871.86063909372,
        "50": 111024.75852115022,
        "75": 115121.1654076119
      },
      "variance": 38345109.29707038,
      "standard_deviation": 6192.342795507237,
      "lower_outlier_bound": 92229.20375203394,
      "minimum": 92242.41306152569,
      "standard_deviation_ratio": 0.05596002273517789,
      "upper_outlier_bound": 128232.92290710914
    },
    {
      "maximum": 107793.46771585642,
      "total": 923591271.8016121,
      "mode": 93984.96240601504,
      "n": 2000,
      "frequency_distribution": "removed",
      "outliers": "removed",
      "median": 95785.44061302682,
      "average": 95550.5143597778,
      "sample_size": 9666,
      "percentiles": {
        "25": 92936.8029739777,
        "50": 95785.44061302682,
        "75": 98531.87506158242
      },
      "variance": 20815394.539421454,
      "standard_deviation": 4562.389126260654,
      "lower_outlier_bound": 82330.87342619075,
      "minimum": 82351.9723297373,
      "standard_deviation_ratio": 0.04774845176742661,