{
  "build_type": "sequential",
  "name": "runtime",
  "impl_mod": "xb5_bag",
  "group_id": "largest",
  "impl_description": ":xb5_bag.largest/1",
  "tweaks": [
    "duplicate_variants",
    10
  ],
  "measurements": [
    {
      "maximum": 78653.45288658173,
      "total": 6416288.229155572,
      "mode": [
        10384.108160870604,
        12021.10906752257,
        10612.669404735374,
        15259.487586406849,
        13968.041121913064,
        9259.859435333772,
        8786.960151135714,
        10657.912967482707,
        9091.98359806159,
        9334.279206959638
      ],
      "n": 100,
      "frequency_distribution": "removed",
      "outliers": "removed",
      "median": 9824.96855229618,
      "average": 12015.521028381221,
      "sample_size": 534,
      "percentiles": {
        "25": 9074.492529181138,
        "50": 9824.96855229618,
        "75": 11694.47027093248
      },
      "variance": 74686967.00003272,
      "standard_deviation": 8642.162171588354,
      "lower_outlier_bound": 5144.525916554126,
      "minimum": 4346.427671097125,
      "standard_deviation_ratio": 0.7192498894700582,
      "upper_outlier_bound": 15624.43688355949
    },
    {
      "maximum": 112397.43733842869,
      "total": 6673100.799635594,
      "mode": [
        11417.480162128219,
        8971.10407377836,
        14758.622725327272,
        10294.10250867278,
        10472.300764477955,
        8009.868157570127,
        9094.464199641678,
        10562.115803037665,
        8869.80894431534
      ],
      "n": 200,
      "frequency_distribution": "removed",
      "outliers": "removed",
      "median": 10248.631807653679,
      "average": 12426.630911798125,
      "sample_size": 537,
      "percentiles": {
        "25": 9165.02124378099,
        "50": 10248.631807653679,
        "75": 12376.628697473152
      },
      "variance": 85465747.2772363,
      "standard_deviation": 9244.768643791813,
      "lower_outlier_bound": 4347.610063242746,
      "minimum": 4373.668764569784,
      "standard_deviation_ratio": 0.7439481150932566,
      "upper_outlier_bound": 17194.039878011397
    },
    {
      "maximum": 60642.81382656155,
      "total": 6660378.23611606,
      "mode": [
        9566.174008705219,
        9938.480803824328,
        9035.954061209553,
        9626.028781826059,
        9097.856544997998,
        10466.820180029306,
        9087.769679565241,
        9361.455144587675,
        9237.533947937258,
        9700.826510418688,
        9077.95237706183
      ],
      "n": 300,
      "frequency_distribution": "removed",
      "outliers": "removed",
      "median": 10078.917927371318,
      "average": 12402.938987180745,
      "sample_size": 537,
      "percentiles": {
        "25": 9113.946767602905,
        "50": 10078.917927371318,
        "75": 12282.372838170117
      },
      "variance": 56217765.07520829,
      "standard_deviation": 7497.850697047007,
      "lower_outlier_bound": 4361.307661752088,
      "minimum": 4921.211405399553,
      "standard_deviation_ratio": 0.6045220979315088,
      "upper_outlier_bound": 17035.011944020935
    },
    {
      "maximum": 58851.22410546139,
      "total": 6247729.292231542,
      "mode": 8938.867087985269,
      "n": 400,
      "frequency_distribution": "removed",
      "outliers": "removed",
      "median": 9839.036294619877,
      "average": 11612.87972533744,
      "sample_size": 538,
      "percentiles": {
        "25": 9005.439340097597,
        "50": 9839.036294619877,
        "75": 11379.83369314277
      },
      "variance": 41502451.125640474,
      "standard_deviation": 6442.239604798977,
      "lower_outlier_bound": 5443.847810529838,
      "minimum": 4174.8249704631135,
      "standard_deviation_ratio": 0.5547495330329689,
      "upper_outlier_bound": 14941.425222710528
    },
    {
      "maximum": 69314.47979482914,
      "total": 6395791.6594469445,
      "mode": [
        8789.354334030622,
        9808.537350910232,
        11554.949562645159,
        8787.809550591419,
        8938.068125955257,
        8851.672523523319,
        12386.662042312837
      ],
      "n": 500,
      "frequency_distribution": "removed",
      "outliers": "removed",
      "median": 10046.465843440881,
      "average": 11844.058628605453,
      "sample_size": 540,
      "percentiles": {
        "25": 9041.897911140113,
        "50": 10046.465843440881,
        "75": 12005.350366781035
      },
      "variance": 40616531.78288423,
      "standard_deviation": 6373.110055764315,
      "lower_outlier_bound": 4596.719227678731,
      "minimum": 4330.429058911157,
      "standard_deviation_ratio": 0.538084980462031,
      "upper_outlier_bound": 16450.529050242418
    },
    {
      "maximum": 51848.39529216571,
      "total": 6006146.167451868,
      "mode": [
        8846.973892580043,
        10317.468505927385,
        9863.781181878261,
        9095.374092736434,
        9464.40908961849,
        12474.894275271017,
        9018.92169772182,
        9106.970475201719,
        8658.983262185355,
        11212.270709064
      ],
      "n": 600,
      "frequency_distribution": "removed",
      "outliers": "removed",
      "median": 9933.498837014577,
      "average": 11205.496581066918,
      "sample_size": 536,
      "percentiles": {
        "25": 9020.732987721498,
        "50": 9933.498837014577,
        "75": 11929.192918240653
      },
      "variance": 21202411.6517241,
      "standard_deviation": 4604.607654483072,
      "lower_outlier_bound": 4658.043091942765,
      "minimum": 3990.7096279860484,
      "standard_deviation_ratio": 0.4109240158319382,
      "upper_outlier_bound": 16291.882814019385
    },
    {
      "maximum": 74878.32272557095,
      "total": 5886481.548675636,
      "mode": [
        9266.724120356213,
        8391.796180054378,
        9064.786025725864,
        9644.596614746588,
        8543.357539513028,
        8821.998535548242,
        8438.960995122281,
        10264.411233371653,
        8111.484239386123
      ],
      "n": 700,
      "frequency_distribution": "removed",
      "outliers": "removed",
      "median": 9204.759622128848,
      "average": 10982.241695290366,
      "sample_size": 536,
      "percentiles": {
        "25": 8590.401276037952,
        "50": 9204.759622128848,
        "75": 10540.90694041966
      },
      "variance": 42515192.3306257,
      "standard_deviation": 6520.367499660253,
      "lower_outlier_bound": 5664.64277946539,
      "minimum": 5112.056273515459,
      "standard_deviation_ratio": 0.593719176883209,
      "upper_outlier_bound": 13466.665436992222
    },
    {
      "maximum": 85601.78051703476,
      "total": 5924464.349735724,
      "mode": [
        8365.890590882853,
        34801.97675227953,
        8832.907881603704,
        8923.71119301095,
        10691.070817653097
      ],
      "n": 800,
      "frequency_distribution": "removed",
      "outliers": "removed",
      "median": 9357.075352527814,
      "average": 11032.522066546971,
      "sample_size": 537,
      "percentiles": {
        "25": 8669.117544307834,
        "50": 9357.075352527814,
        "75": 11438.419001285765
      },
      "variance": 39720201.93170083,
      "standard_deviation": 6302.396522887213,
      "lower_outlier_bound": 4515.165358840936,
      "minimum": 4298.135898460838,
      "standard_deviation_ratio": 0.5712561900961397,
      "upper_outlier_bound": 15592.371186752662
    },
    {
      "maximum": 48782.86745694912,
      "total": 5553180.572956845,
      "mode": [
        8439.31709046104,
        12216.724696108973,
        9208.52709609098,
        9494.15160261279,
        11361.570623522995,
        8492.496879007396,
        8779.322938614974,
        8293.455634159085
      ],
      "n": 900,
      "frequency_distribution": "removed",
      "outliers": "removed",
      "median": 9051.73974437887,
      "average": 10418.72527759258,
      "sample_size": 533,
      "percentiles": {
        "25": 8514.878632538675,