{
  "build_type": "sequential",
  "name": "runtime",
  "impl_mod": "xb5_bag",
  "impl_description": "xb5_bag.nth/2",
  "tweaks": "none",
  "group_id": "nth_x100",
  "measurements": [
    {
      "maximum": 4947.286660630977,
      "total": 1222862.8349987324,
      "mode": [
        4446.736984400846,
        4325.708551060664,
        4386.157287600334,
        4328.535872741046,
        4475.654676387789,
        4275.130284595423,
        4256.170383012773,
        4467.2372817754585
      ],
      "n": 100,
      "percentiles": {
        "25": 4286.528852191601,
        "50": 4417.429409478036,
        "75": 4556.244676849366
      },
      "frequency_distribution": "removed",
      "outliers": "removed",
      "median": 4417.429409478036,
      "average": 4414.6672743636545,
      "sample_size": 277,
      "variance": 43398.038679481404,
      "standard_deviation": 208.32195918693114,
      "lower_outlier_bound": 3860.599695922886,
      "minimum": 3863.718906722098,
      "standard_deviation_ratio": 0.04718859797128412,
      "upper_outlier_bound": 4974.79418984679
    },
    {
      "maximum": 4655.818609306982,
      "total": 1153769.418077069,
      "mode": null,
      "n": 200,
      "percentiles": {
        "25": 3869.5326846195917,
        "50": 4086.7035168444017,
        "75": 4253.319704573573
      },
      "frequency_distribution": "removed",
      "outliers": "removed",
      "median": 4086.7035168444017,
      "average": 4062.568373510807,
      "sample_size": 284,
      "variance": 68863.57499718372,
      "standard_deviation": 262.418701690988,
      "lower_outlier_bound": 3272.1271344819243,
      "minimum": 3383.900080198432,
      "standard_deviation_ratio": 0.06459428557609971,
      "upper_outlier_bound": 4845.147589474457
    },
    {
      "maximum": 4607.042324897839,
      "total": 1060284.8186631384,
      "mode": null,
      "n": 300,
      "percentiles": {
        "25": 3628.5216556927835,
        "50": 3835.8119071273222,
        "75": 4018.01844791372
      },
      "frequency_distribution": "removed",
      "outliers": "removed",
      "median": 3835.8119071273222,
      "average": 3827.7430276647597,
      "sample_size": 277,
      "variance": 93340.9899457163,
      "standard_deviation": 305.51757714690706,
      "lower_outlier_bound": 3013.9325041575567,
      "minimum": 3031.2032058005107,
      "standard_deviation_ratio": 0.07981663736013597,
      "upper_outlier_bound": 4634.748269812154
    },
    {
      "maximum": 4001.264399550258,
      "total": 919014.314445045,
      "mode": [
        3382.526544377057,
        3390.796023274424,
        3227.3264182485946,
        3233.702945580013
      ],
      "n": 400,
      "percentiles": {
        "25": 3139.8659506110116,
        "50": 3322.2922487599544,
        "75": 3476.122914669215
      },
      "frequency_distribution": "removed",
      "outliers": "removed",
      "median": 3322.2922487599544,
      "average": 3317.7412073828336,
      "sample_size": 277,
      "variance": 64357.92888131218,
      "standard_deviation": 253.68864555062802,
      "lower_outlier_bound": 2629.3656151716705,
      "minimum": 2693.755067626721,
      "standard_deviation_ratio": 0.07646426580412755,
      "upper_outlier_bound": 4017.785320168344
    },
    {
      "maximum": 3847.4856681158863,
      "total": 873349.7158336972,
      "mode": null,
      "n": 500,
      "percentiles": {
        "25": 2871.8632074117045,
        "50": 3042.297055969139,
        "75": 3256.3849568040537
      },
      "frequency_distribution": "removed",
      "outliers": "removed",
      "median": 3042.297055969139,
      "average": 3086.041398705644,
      "sample_size": 283,
      "variance": 73149.86566746303,
      "standard_deviation": 270.4623183873551,
      "lower_outlier_bound": 2262.1895313064833,
      "minimum": 2513.257432958858,
      "standard_deviation_ratio": 0.08764053473190384,
      "upper_outlier_bound": 3887.986000920406
    },
    {
      "maximum": 3362.8026942775186,
      "total": 724909.2836650899,
      "mode": null,
      "n": 600,
      "percentiles": {
        "25": 2555.7702443454214,
        "50": 2718.9207293995473,
        "75": 2856.388007493824
      },
      "frequency_distribution": "removed",
      "outliers": "removed",
      "median": 2718.9207293995473,
      "average": 2725.2228709213905,
      "sample_size": 266,
      "variance": 49082.38422415681,
      "standard_deviation": 221.5454450539591,
      "lower_outlier_bound": 2084.557571294373,
      "minimum": 2166.0493426040243,
      "standard_deviation_ratio": 0.08129443188587919,
      "upper_outlier_bound": 3390.592412599918
    },
    {
      "maximum": 3172.8505523932813,
      "total": 682958.591491603,
      "mode": null,
      "n": 700,
      "percentiles": {
        "25": 2318.5596682935893,
        "50": 2462.3243490458835,
        "75": 2638.9015226701326
      },
      "frequency_distribution": "removed",
      "outliers": "removed",
      "median": 2462.3243490458835,
      "average": 2492.5496039839522,
      "sample_size": 274,
      "variance": 49564.08579313909,
      "standard_deviation": 222.6299301377492,
      "lower_outlier_bound": 1809.8687243238073,
      "minimum": 1888.9058890418903,
      "standard_deviation_ratio": 0.08931815430349307,
      "upper_outlier_bound": 3184.093123328994
    },
    {
      "maximum": 2773.240448266586,
      "total": 621661.5147135735,
      "mode": [
        2246.2874484196245,
        2134.3669360949198,
        2205.533684013189
      ],
      "n": 800,
      "percentiles": {
        "25": 2161.7473405286537,
        "50": 2280.285938768367,
        "75": 2392.8611821593017
      },
      "frequency_distribution": "removed",
      "outliers": "removed",
      "median": 2280.285938768367,
      "average": 2285.5202746822556,
      "sample_size": 272,
      "variance": 25979.621389584245,
      "standard_deviation": 161.18195119052334,
      "lower_outlier_bound": 1793.8867274285296,
      "minimum": 1849.936824657438,
      "standard_deviation_ratio": 0.07052308963346722,
      "upper_outlier_bound": 2784.5695078825975
    },
    {
      "maximum": 2646.608900016409,
      "total": 576709.744427677,
      "mode": null,
      "n": 900,
      "percentiles": {
        "25": 2007.6551988683173,
        "50": 2133.0011539536245,
        "75": 2251.6589507987414
      },
      "frequency_distribution": "removed",
      "outliers": "removed",
      "median": 2133.0011539536245,
      "average": 2143.902395641922,
      "sample_size": 269,
      "variance": 28194.503470397838,
      "standard_deviation": 167.91218976118986,
      "lower_outlier_bound": 1641.3751150008252,
      "minimum": 1795.6899848982473,
      "standard_deviation_ratio": 0.07832081819700286,
      "upper_outlier_bound": 2649.143451747194
    },
    {
      "maximum": 2467.953622215531,
      "total": 549758.377635112,
      "mode": [
        1801.8147878543268,
        1811.1971832261406,
        1904.2541036675934,
        1931.1879123086194
      ],
      "n": 1000,
      "percentiles": {
        "25": 1895.1813290134835,
        "50": 2010.9112041939563,
        "75": 2124.9175511070903
      },
      "frequency_distribution": "removed",
      "outliers": "removed",
      "median": 2010.9112041939563,
      "average": 2013.7669510443664,
      "sample_size": 273,
      "variance": 22390.703321802866,
      "standard_deviation": 149.63523422577606,
      "lower_outlier_bound": 1531.1560636468994,
      "minimum": 1728.339584161496,
      "standard_deviation_ratio": 0.07430613266752303,
      "upper_outlier_bound": 2501.8901046244573
    },
    {
      "maximum": 1730.5559064738366,
      "total": 389060.3470484734,
      "mode": 1453.982895345219,
      "n": 2000,
      "percentiles": {
        "25": 1360.7247326148997,
        "50": 1435.7347199181568,
        "75": 1495.3090685767052
      },
      "frequency_distribution": "removed",
      "outliers": "removed",