{
  "build_type": "sequential",
  "name": "runtime",
  "impl_mod": "xb5_bag",
  "group_id": "smallest",
  "impl_description": ":xb5_bag.smallest/1",
  "tweaks": [
    "duplicate_variants",
    10
  ],
  "measurements": [
    {
      "maximum": 73827.980804725,
      "total": 6809740.781913949,
      "mode": [
        9370.227040601194,
        9876.543209876543,
        9084.467377677647,
        8728.669314363025,
        11544.278078570356,
        10471.204188481675,
        11861.129891233439,
        9953.318934198609,
        9640.877319836105,
        9284.792438465038,
        8499.64301499337,
        9108.54654922714
      ],
      "n": 100,
      "frequency_distribution": "removed",
      "outliers": "removed",
      "median": 10029.285513700004,
      "average": 12681.081530566013,
      "sample_size": 537,
      "percentiles": {
        "25": 9168.381941430467,
        "50": 10029.285513700004,
        "75": 12282.901414777336
      },
      "variance": 78091263.92379604,
      "standard_deviation": 8836.926158104754,
      "lower_outlier_bound": 4496.602731410164,
      "minimum": 4692.3683321446,
      "standard_deviation_ratio": 0.6968590286880936,
      "upper_outlier_bound": 16954.68062479764
    },
    {
      "maximum": 71042.90991759022,
      "total": 6572180.899372425,
      "mode": 8996.932046172255,
      "n": 200,
      "frequency_distribution": "removed",
      "outliers": "removed",
      "median": 10135.203616240651,
      "average": 12284.450279200793,
      "sample_size": 535,
      "percentiles": {
        "25": 9144.445663703866,
        "50": 10135.203616240651,
        "75": 12252.799764746245
      },
      "variance": 58763926.614505984,
      "standard_deviation": 7665.763276706762,
      "lower_outlier_bound": 4481.914512140296,
      "minimum": 4322.810172436898,
      "standard_deviation_ratio": 0.624021678014027,
      "upper_outlier_bound": 16915.330916309817
    },
    {
      "maximum": 52812.25244256668,
      "total": 6245188.225403559,
      "mode": 8863.519526333517,
      "n": 300,
      "frequency_distribution": "removed",
      "outliers": "removed",
      "median": 9896.58470158705,
      "average": 11608.15655279472,
      "sample_size": 538,
      "percentiles": {
        "25": 8968.871419950676,
        "50": 9896.58470158705,
        "75": 12072.957023940688
      },
      "variance": 33189564.937961984,
      "standard_deviation": 5761.038529463414,
      "lower_outlier_bound": 4312.743013965658,
      "minimum": 4427.207848554074,
      "standard_deviation_ratio": 0.4962922840729966,
      "upper_outlier_bound": 16729.085429925704
    },
    {
      "maximum": 55574.08024897188,
      "total": 6192475.702799926,
      "mode": [
        8511.290226485433,
        8967.00143472023,
        10095.299628492974,
        8917.34512800849,
        8804.832091852008,
        8962.982880702697,
        8654.412019247413,
        8578.757281220242,
        12333.193557139686,
        8728.593125360054,
        8884.150675195451
      ],
      "n": 400,
      "frequency_distribution": "removed",
      "outliers": "removed",
      "median": 9765.338906086736,
      "average": 11531.612109497068,
      "sample_size": 537,
      "percentiles": {
        "25": 8898.45974709028,
        "50": 9765.338906086736,
        "75": 11690.30071739064
      },
      "variance": 36843561.26145122,
      "standard_deviation": 6069.889723994269,
      "lower_outlier_bound": 4710.698291639741,
      "minimum": 4742.033383915023,
      "standard_deviation_ratio": 0.526369571431847,
      "upper_outlier_bound": 15878.06217284118
    },
    {
      "maximum": 51342.60923140114,
      "total": 6034586.168278276,
      "mode": [
        8719.460091031164,
        9100.257537288306,
        8952.551477170993,
        8862.73397617697,
        9338.72489050345,
        8888.730867006809,
        9739.658917144721,
        9911.785112498761,
        8965.393580778196
      ],
      "n": 500,
      "frequency_distribution": "removed",
      "outliers": "removed",
      "median": 9666.038374172345,
      "average": 11279.600314538833,
      "sample_size": 535,
      "percentiles": {
        "25": 8899.013989249992,
        "50": 9666.038374172345,
        "75": 11381.225530365109
      },
      "variance": 33295959.103334684,
      "standard_deviation": 5770.265080855011,
      "lower_outlier_bound": 5175.696677577316,
      "minimum": 4398.794730243913,
      "standard_deviation_ratio": 0.5115664491602093,
      "upper_outlier_bound": 15104.542842037785
    },
    {
      "maximum": 51028.218604888505,
      "total": 6324621.275655182,
      "mode": [
        8608.222574202879,
        8841.49845715852,
        11069.293779056896,
        8390.387971539803,
        11557.620517087942,
        9216.250092162501,
        9388.701636450694,
        8800.183043807312,
        9511.308946337194
      ],
      "n": 600,
      "frequency_distribution": "removed",
      "outliers": "removed",
      "median": 9842.810319202339,
      "average": 11821.722010570435,
      "sample_size": 535,
      "percentiles": {
        "25": 8934.075457201312,
        "50": 9842.810319202339,
        "75": 11568.316694237821
      },
      "variance": 43641634.5129738,
      "standard_deviation": 6606.181537997106,
      "lower_outlier_bound": 4982.713601646548,
      "minimum": 4842.872985970197,
      "standard_deviation_ratio": 0.5588171953367002,
      "upper_outlier_bound": 15519.678549792585
    },
    {
      "maximum": 39050.296782255544,
      "total": 5553814.20341143,
      "mode": [
        8998.551233251446,
        8418.64224137931,
        8875.319511502414,
        9048.299824462983,
        8255.729476256522,
        8606.666724044444,
        8555.783709787816,
        8876.895217128857,
        9835.646349499857,
        8727.83130847647,
        11147.153574334794,
        8911.782267335644,
        19399.771082701223,
        10115.723881200938,
        8724.861492823802
      ],
      "n": 700,
      "frequency_distribution": "removed",
      "outliers": "removed",
      "median": 9186.785727409693,
      "average": 10342.298330375103,
      "sample_size": 537,
      "percentiles": {
        "25": 8680.819354762822,
        "50": 9186.785727409693,
        "75": 10595.858579014879
      },
      "variance": 15615040.630694795,
      "standard_deviation": 3951.587102759446,
      "lower_outlier_bound": 5808.260518384735,
      "minimum": 3876.3295810462987,
      "standard_deviation_ratio": 0.3820801698548689,
      "upper_outlier_bound": 13468.417415392965
    },
    {
      "maximum": 43359.4935611152,
      "total": 5677510.645740771,
      "mode": [
        10345.327015786968,
        9320.359393058196,
        8918.14038936601,
        8726.30807358023,
        8470.84335716464,
        8854.023711075499,
        8659.658116697552,
        8693.611065228164,
        8929.288960720058
      ],
      "n": 800,
      "frequency_distribution": "removed",
      "outliers": "removed",
      "median": 9269.344049987361,
      "average": 10592.37060772532,
      "sample_size": 536,
      "percentiles": {
        "25": 8683.231684683435,
        "50": 9269.344049987361,
        "75": 10828.55751442402
      },
      "variance": 21604670.51822824,
      "standard_deviation": 4648.082456048756,
      "lower_outlier_bound": 5465.242940072558,
      "minimum": 4292.453437611335,
      "standard_deviation_ratio": 0.4388141831686645,
      "upper_outlier_bound": 14046.546259034896
    },
    {
      "maximum": 44980.20870816841,
      "total": 5831387.746967691,
      "mode": 8322.51406504877,
      "n": 900,
      "frequency_distribution": "removed",
      "outliers": "removed",
      "median": 9430.00703959636,
      "average": 10798.866198088317,
      "sample_size": 540,
      "percentiles": {
        "25": 8516.310174167858,
        "50": 9430.00703959636,
        "75": 11026.726029470883
      },
      "variance": 23930504.139385868,