{
  "build_type": "sequential",
  "name": "runtime",
  "impl_mod": "xb5_bag",
  "group_id": "smaller",
  "impl_description": ":xb5_bag.smaller/2",
  "tweaks": [
    "duplicate_variants",
    4
  ],
  "measurements": [
    {
      "maximum": 34620.045006058506,
      "total": 6848380.116879273,
      "mode": [
        15004.87658489009,
        10943.074128384145,
        10313.318619665435,
        11962.151751857124,
        10768.319603725839,
        10454.127289453876,
        10449.32079414838,
        10184.855120435912,
        12058.944118852953,
        10719.83705847671,
        13601.926032726235,
        10223.485390639376,
        12462.45684874316,
        10470.107842110774,
        10820.8712965568,
        10708.243205619687,
        12635.994895058062,
        10339.978492844735
      ],
      "n": 100,
      "frequency_distribution": "removed",
      "outliers": "removed",
      "median": 11697.137710402265,
      "average": 12800.710498839762,
      "sample_size": 535,
      "percentiles": {
        "25": 10665.984043687871,
        "50": 11697.137710402265,
        "75": 13950.114390938006
      },
      "variance": 12485482.300463857,
      "standard_deviation": 3533.4801966989794,
      "lower_outlier_bound": 5739.788522812669,
      "minimum": 4657.770325345257,
      "standard_deviation_ratio": 0.27603781813667677,
      "upper_outlier_bound": 18876.30991181321
    },
    {
      "maximum": 49932.5910021471,
      "total": 6450304.235237977,
      "mode": [
        9951.33795738837,
        10729.038141730594,
        10538.629345867277,
        10515.578830036698,
        15985.165766168995,
        10478.994854813527,
        9543.988241806486,
        10545.29732465807,
        10237.091028213423,
        10296.222316032248
      ],
      "n": 200,
      "frequency_distribution": "removed",
      "outliers": "removed",
      "median": 11068.068622025457,
      "average": 12011.739730424537,
      "sample_size": 537,
      "percentiles": {
        "25": 10253.465698346516,
        "50": 11068.068622025457,
        "75": 12611.295929111671
      },
      "variance": 11404745.015656495,
      "standard_deviation": 3377.0912062981797,
      "lower_outlier_bound": 6716.720352198782,
      "minimum": 3914.6604032100217,
      "standard_deviation_ratio": 0.28114921585791147,
      "upper_outlier_bound": 16148.041275259406
    },
    {
      "maximum": 21874.65820846549,
      "total": 6211557.31857461,
      "mode": 11442.433118978419,
      "n": 300,
      "frequency_distribution": "removed",
      "outliers": "removed",
      "median": 10836.349450597083,
      "average": 11524.225080843433,
      "sample_size": 539,
      "percentiles": {
        "25": 10028.279748891875,
        "50": 10836.349450597083,
        "75": 12391.266635275459
      },
      "variance": 5511269.278806603,
      "standard_deviation": 2347.6092687682512,
      "lower_outlier_bound": 6483.7994193165,
      "minimum": 3868.2175640286714,
      "standard_deviation_ratio": 0.2037108137249637,
      "upper_outlier_bound": 15935.746964850834
    },
    {
      "maximum": 21707.984196587506,
      "total": 6071146.207877328,
      "mode": [
        9894.230674093937,
        9858.918870956611,
        9539.527030249841,
        9932.459276916965,
        9573.317250160353,
        11283.243255441344,
        17650.069717775386,
        9678.293523285975,
        9943.323058566173,
        9502.271042779224,
        10623.944245540599,
        10736.064588164563,
        9929.599142082634,
        10922.754281719679,
        9503.174060136085,
        10158.988164778788
      ],
      "n": 400,
      "frequency_distribution": "removed",
      "outliers": "removed",
      "median": 10699.077739498854,
      "average": 11347.936837153884,
      "sample_size": 535,
      "percentiles": {
        "25": 9960.258568312433,
        "50": 10699.077739498854,
        "75": 12161.751292186074
      },
      "variance": 4616903.48611424,
      "standard_deviation": 2148.6980909644426,
      "lower_outlier_bound": 6658.01948250197,
      "minimum": 4681.801369895081,
      "standard_deviation_ratio": 0.1893470259659417,
      "upper_outlier_bound": 15463.990377996537
    },
    {
      "maximum": 53033.51718285957,
      "total": 6035327.281821384,
      "mode": [
        10280.345008378481,
        9602.827072290082,
        11321.56645193429,
        10946.667834311236,
        9400.263207369806,
        10379.796763579368,
        10092.243101951839,
        11608.739058763436,
        12388.196526349693,
        9934.531437824735,
        11316.569721386053,
        10172.422562433243,
        11727.453969743168,
        11132.386338335486,
        11630.341234211812
      ],
      "n": 500,
      "frequency_distribution": "removed",
      "outliers": "removed",
      "median": 10535.298517683499,
      "average": 11238.97072964876,
      "sample_size": 537,
      "percentiles": {
        "25": 9820.674697034854,
        "50": 10535.298517683499,
        "75": 11762.777885803791
      },
      "variance": 9978817.084263857,
      "standard_deviation": 3158.926571521386,
      "lower_outlier_bound": 6907.519913881449,
      "minimum": 4568.671704388666,
      "standard_deviation_ratio": 0.2810690273610232,
      "upper_outlier_bound": 14675.932668957197
    },
    {
      "maximum": 17440.440894345807,
      "total": 5647393.5318221385,
      "mode": [
        8797.08640498267,
        10031.29764866383,
        9223.050247177747,
        12429.926290537098,
        9900.990099009901,
        9972.277069746106,
        9366.716310263111,
        9692.364355360847,
        10387.3440599973,
        9106.224104175204,
        8988.844843549155,
        10328.231187126892,
        11036.187659334959,
        9397.6130062964,
        9393.993480568524
      ],
      "n": 600,
      "frequency_distribution": "removed",
      "outliers": "removed",
      "median": 10015.223139171541,
      "average": 10438.805049578814,
      "sample_size": 541,
      "percentiles": {
        "25": 9287.036707023495,
        "50": 10015.223139171541,
        "75": 11201.724682941665
      },
      "variance": 3142952.1328957127,
      "standard_deviation": 1772.8373114574595,
      "lower_outlier_bound": 6415.00474314624,
      "minimum": 3543.1843306216165,
      "standard_deviation_ratio": 0.16983144172512257,
      "upper_outlier_bound": 14073.756646818922
    },
    {
      "maximum": 25837.790352169082,
      "total": 5412834.959487418,
      "mode": [
        8868.235753179262,
        11328.107299832343,
        11170.812900054738,
        8528.711908640438,
        8868.15710827133,
        8964.589870013448,
        10590.07921379252,
        8009.93231607193,
        9040.93736438594,
        9562.33206154317,
        10285.632000658281,
        8927.694601423074
      ],
      "n": 700,
      "frequency_distribution": "removed",
      "outliers": "removed",
      "median": 9792.209318266387,
      "average": 10155.412681965136,
      "sample_size": 533,
      "percentiles": {
        "25": 9008.685852237082,
        "50": 9792.209318266387,
        "75": 10956.328972662905
      },
      "variance": 3032926.256591712,
      "standard_deviation": 1741.5298609532115,
      "lower_outlier_bound": 6087.2211715983485,
      "minimum": 3529.528031511626,
      "standard_deviation_ratio": 0.17148784746541829,
      "upper_outlier_bound": 13877.793653301638
    },
    {
      "maximum": 18775.81674802854,
      "total": 5178442.567042279,
      "mode": [
        8935.672096576744,
        8999.361045365778,
        8353.172117111473,
        8166.531918890005,
        8812.591430636094,
        9561.417767026494,
        8781.635843124857,
        8464.318664669088,
        12727.828123409021,
        9012.337890572193,
        9812.387157547688
      ],
      "n": 800,
      "frequency_distribution": "removed",
      "outliers": "removed",
      "median": 9182.399177257033,