{
  "build_type": "random",
  "name": "runtime",
  "timestamp": "2026-03-19T21:33:01.721998Z",
  "impl_mod": "gb_trees",
  "tweaks": "none",
  "impl_description": ":gb_trees.update/3",
  "group_id": "update_x300",
  "measurements": [
    {
      "maximum": 84342.98919988023,
      "total": 4350708.587993174,
      "mode": null,
      "n": 100,
      "percentiles": {
        "25": 35806.8335909635,
        "50": 79798.14261843241,
        "75": 81692.27174770812
      },
      "frequency_distribution": "removed",
      "average": 64935.949074524986,
      "variance": 486671739.5417425,
      "standard_deviation": 22060.637786377403,
      "standard_deviation_ratio": 0.3397291962431948,
      "median": 79798.14261843241,
      "minimum": 32384.793525891157,
      "lower_outlier_bound": -33021.32364415343,
      "upper_outlier_bound": 150520.42898282505,
      "outliers": "removed",
      "sample_size": 67
    },
    {
      "maximum": 70115.01667335097,
      "total": 3345570.1801877157,
      "mode": 66213.06304278158,
      "n": 200,
      "percentiles": {
        "25": 66189.25840181833,
        "50": 66943.16571224076,
        "75": 67494.668599653
      },
      "frequency_distribution": "removed",
      "average": 66911.40360375431,
      "variance": 1292225.0229721966,
      "standard_deviation": 1136.7607588988092,
      "standard_deviation_ratio": 0.01698904368574667,
      "median": 66943.16571224076,
      "minimum": 64510.26067951238,
      "lower_outlier_bound": 62378.4469475817,
      "upper_outlier_bound": 70328.78438655798,
      "outliers": "removed",
      "sample_size": 50
    },
    {
      "maximum": 60231.60255815662,
      "total": 2869395.832905564,
      "mode": null,
      "n": 300,
      "percentiles": {
        "25": 26396.78357815398,
        "50": 57172.06390007238,
        "75": 58105.30896539762
      },
      "frequency_distribution": "removed",
      "average": 44144.551275470214,
      "variance": 262750062.67432463,
      "standard_deviation": 16209.567010698485,
      "standard_deviation_ratio": 0.3671929273795937,
      "median": 57172.06390007238,
      "minimum": 16232.39596657425,
      "lower_outlier_bound": -21166.00450271148,
      "upper_outlier_bound": 105668.09704626308,
      "outliers": "removed",
      "sample_size": 65
    },
    {
      "maximum": 67993.8152825619,
      "total": 2716892.035854424,
      "mode": null,
      "n": 400,
      "percentiles": {
        "25": 24395.89004406718,
        "50": 51783.17968400868,
        "75": 52512.23202509911
      },
      "frequency_distribution": "removed",
      "average": 41798.339013144985,
      "variance": 202182751.2361289,
      "standard_deviation": 14219.0981161299,
      "standard_deviation_ratio": 0.340183329094924,
      "median": 51783.17968400868,
      "minimum": 22653.094140822508,
      "lower_outlier_bound": -17778.62292748072,
      "upper_outlier_bound": 94686.744996647,
      "outliers": "removed",
      "sample_size": 65
    },
    {
      "maximum": 49293.30651120215,
      "total": 2437939.812463177,
      "mode": null,
      "n": 500,
      "percentiles": {
        "25": 22766.55124991573,
        "50": 46614.33120321378,
        "75": 47695.223104790544
      },
      "frequency_distribution": "removed",
      "average": 37506.76634558733,
      "variance": 153829734.05379644,
      "standard_deviation": 12402.811538268104,
      "standard_deviation_ratio": 0.33068197412671096,
      "median": 46614.33120321378,
      "minimum": 20867.93933272677,
      "lower_outlier_bound": -14626.456532396489,
      "upper_outlier_bound": 85088.23088710276,
      "outliers": "removed",
      "sample_size": 65
    },
    {
      "maximum": 60018.24554664618,
      "total": 2368937.196972822,
      "mode": null,
      "n": 600,
      "percentiles": {
        "25": 21244.16693669441,
        "50": 43015.45966695961,
        "75": 43936.751063065014
      },
      "frequency_distribution": "removed",
      "average": 35892.98783292154,
      "variance": 126128441.47033139,
      "standard_deviation": 11230.691940852594,
      "standard_deviation_ratio": 0.312893760562102,
      "median": 43015.45966695961,
      "minimum": 20079.293128564703,
      "lower_outlier_bound": -12794.709252861488,
      "upper_outlier_bound": 77975.6272526209,
      "outliers": "removed",
      "sample_size": 66
    },
    {
      "maximum": 42036.712342357074,
      "total": 2101896.8266487652,
      "mode": null,
      "n": 700,
      "percentiles": {
        "25": 20394.59481290443,
        "50": 39840.79617847083,
        "75": 40454.00067517845
      },
      "frequency_distribution": "removed",
      "average": 32336.874256134848,
      "variance": 105708105.51964848,
      "standard_deviation": 10281.444719476367,
      "standard_deviation_ratio": 0.31794800691120617,
      "median": 39840.79617847083,
      "minimum": 11054.025666121113,
      "lower_outlier_bound": -9694.513980506603,
      "upper_outlier_bound": 70543.10946858948,
      "outliers": "removed",
      "sample_size": 65
    },
    {
      "maximum": 57194.004924403824,
      "total": 2144345.037654093,
      "mode": null,
      "n": 800,
      "percentiles": {
        "25": 19729.978331244492,
        "50": 37786.93985112701,
        "75": 38210.8608549248
      },
      "frequency_distribution": "removed",
      "average": 32989.923656216815,
      "variance": 83970775.6779849,
      "standard_deviation": 9163.556933744936,
      "standard_deviation_ratio": 0.2777683582792439,
      "median": 37786.93985112701,
      "minimum": 9975.967893344932,
      "lower_outlier_bound": -7991.345454275972,
      "upper_outlier_bound": 65932.18464044527,
      "outliers": "removed",
      "sample_size": 65
    },
    {
      "maximum": 37070.35917100297,
      "total": 1892186.3513626829,
      "mode": null,
      "n": 900,
      "percentiles": {
        "25": 18629.899162827132,
        "50": 35263.08623522183,
        "75": 36047.98045843477
      },
      "frequency_distribution": "removed",
      "average": 28669.490172161863,
      "variance": 73006508.44814496,
      "standard_deviation": 8544.384614947116,
      "standard_deviation_ratio": 0.2980305740924452,
      "median": 35263.08623522183,
      "minimum": 17756.463707918956,
      "lower_outlier_bound": -7497.222780584329,
      "upper_outlier_bound": 62175.102401846234,
      "outliers": "removed",
      "sample_size": 66
    },
    {
      "maximum": 34958.05557701592,
      "total": 1711604.9095288846,
      "mode": null,
      "n": 1000,
      "percentiles": {
        "25": 17975.664987026612,
        "50": 33061.567250533946,
        "75": 34017.85607609479
      },
      "frequency_distribution": "removed",
      "average": 26332.3832235213,
      "variance": 65354756.445102155,
      "standard_deviation": 8084.228871395351,
      "standard_deviation_ratio": 0.30700710994415975,
      "median": 33061.567250533946,
      "minimum": 15731.78192792673,
      "lower_outlier_bound": -6087.6216465756515,
      "upper_outlier_bound": 58081.14270969705,
      "outliers": "removed",
      "sample_size": 65
    },
    {
      "maximum": 25510.418837709603,
      "total": 1327906.1348371617,
      "mode": null,
      "n": 2000,
      "percentiles": {
        "25": 14395.697413956917,
        "50": 24377.341748391704,
        "75": 24769.286481072053
      },
      "frequency_distribution": "removed",
      "average": 21077.875156145423,
      "variance": 24848446.478370573,
      "standard_deviation": 4984.82160948319,
      "standard_deviation_ratio": 0.23649545186863036,
      "median": 24377.341748391704,
      "minimum": 13689.617492921783,
      "lower_outlier_bound": -1084.674595489436,
      "upper_outlier_bound": 40310.8239756356,
      "outliers": "removed",
      "sample_size": 63
    },
    {
      "maximum": 20647.987533571046,
      "total": 1120046.038176541,
      "mode": null,
      "n": 3000,