{
  "build_type": "random",
  "name": "memory",
  "timestamp": "2026-04-02T21:43:42.660561Z",
  "impl_mod": "xb5_trees",
  "impl_description": ":xb5_trees.insert/3",
  "tweaks": "none",
  "group_id": "insert_x300",
  "measurements": [
    {
      "maximum": 112360,
      "total": 5311704,
      "mode": null,
      "n": 0,
      "percentiles": {
        "25": 110242.0,
        "50": 110656.0,
        "75": 111338.0
      },
      "frequency_distribution": "removed",
      "outliers": "removed",
      "median": 110656.0,
      "average": 110660.5,
      "sample_size": 48,
      "variance": 719011.1489361703,
      "standard_deviation": 847.9452511431208,
      "lower_outlier_bound": 108539.0,
      "minimum": 108832,
      "standard_deviation_ratio": 0.00766258286509749,
      "upper_outlier_bound": 113091.0
    },
    {
      "maximum": 128240,
      "total": 6066800,
      "mode": [
        127080,
        126800,
        126144
      ],
      "n": 100,
      "percentiles": {
        "25": 125810.0,
        "50": 126224.0,
        "75": 127070.0
      },
      "frequency_distribution": "removed",
      "outliers": "removed",
      "median": 126224.0,
      "average": 126391.66666666667,
      "sample_size": 48,
      "variance": 985422.865248227,
      "standard_deviation": 992.6846756388592,
      "lower_outlier_bound": 123885.0,
      "minimum": 123928,
      "standard_deviation_ratio": 0.007854035806465556,
      "upper_outlier_bound": 128997.0
    },
    {
      "maximum": 136568,
      "total": 6690984,
      "mode": 134520,
      "n": 200,
      "percentiles": {
        "25": 132908.0,
        "50": 133644.0,
        "75": 134536.0
      },
      "frequency_distribution": "removed",
      "outliers": "removed",
      "median": 133644.0,
      "average": 133819.68,
      "sample_size": 50,
      "variance": 1637865.0383673469,
      "standard_deviation": 1279.791013551567,
      "lower_outlier_bound": 130466.0,
      "minimum": 131352,
      "standard_deviation_ratio": 0.009563548601756984,
      "upper_outlier_bound": 136978.0
    },
    {
      "maximum": 141760,
      "total": 6941552,
      "mode": [
        138424,
        136912,
        137864,
        138336,
        139808
      ],
      "n": 300,
      "percentiles": {
        "25": 137966.0,
        "50": 138840.0,
        "75": 139544.0
      },
      "frequency_distribution": "removed",
      "outliers": "removed",
      "median": 138840.0,
      "average": 138831.04,
      "sample_size": 50,
      "variance": 1637683.3044897963,
      "standard_deviation": 1279.7200101935564,
      "lower_outlier_bound": 135599.0,
      "minimum": 135720,
      "standard_deviation_ratio": 0.009217823407456692,
      "upper_outlier_bound": 141911.0
    },
    {
      "maximum": 147176,
      "total": 7032136,
      "mode": 143904,
      "n": 400,
      "percentiles": {
        "25": 142608.0,
        "50": 143472.0,
        "75": 144624.0
      },
      "frequency_distribution": "removed",
      "outliers": "removed",
      "median": 143472.0,
      "average": 143512.97959183675,
      "sample_size": 49,
      "variance": 1775212.3537414968,
      "standard_deviation": 1332.3709520030436,
      "lower_outlier_bound": 139424.0,
      "minimum": 140808,
      "standard_deviation_ratio": 0.009283975259885351,
      "upper_outlier_bound": 147712.0
    },
    {
      "maximum": 150440,
      "total": 7284808,
      "mode": 144208,
      "n": 500,
      "percentiles": {
        "25": 144388.0,
        "50": 145520.0,
        "75": 146852.0
      },
      "frequency_distribution": "removed",
      "outliers": "removed",
      "median": 145520.0,
      "average": 145696.16,
      "sample_size": 50,
      "variance": 3732658.9126530606,
      "standard_deviation": 1932.0090353445712,
      "lower_outlier_bound": 140692.0,
      "minimum": 141808,
      "standard_deviation_ratio": 0.013260535043233612,
      "upper_outlier_bound": 150548.0
    },
    {
      "maximum": 151632,
      "total": 7382672,
      "mode": 149448,
      "n": 600,
      "percentiles": {
        "25": 146318.0,
        "50": 147688.0,
        "75": 148756.0
      },
      "frequency_distribution": "removed",
      "outliers": "removed",
      "median": 147688.0,
      "average": 147653.44,
      "sample_size": 50,
      "variance": 2485959.6799999997,
      "standard_deviation": 1576.6926396733131,
      "lower_outlier_bound": 142661.0,
      "minimum": 144528,
      "standard_deviation_ratio": 0.010678333262491636,
      "upper_outlier_bound": 152413.0
    },
    {
      "maximum": 154024,
      "total": 6932296,
      "mode": [
        151112,
        150080
      ],
      "n": 700,
      "percentiles": {
        "25": 150078.0,
        "50": 150960.0,
        "75": 151582.0
      },
      "frequency_distribution": "removed",
      "outliers": "removed",
      "median": 150960.0,
      "average": 150702.08695652173,
      "sample_size": 46,
      "variance": 1795874.6589371979,
      "standard_deviation": 1340.102480759288,
      "lower_outlier_bound": 147609.0,
      "minimum": 147912,
      "standard_deviation_ratio": 0.008892394974901137,
      "upper_outlier_bound": 154129.0
    },
    {
      "maximum": 156584,
      "total": 7549640,
      "mode": [
        152608,
        153544
      ],
      "n": 800,
      "percentiles": {
        "25": 153276.0,
        "50": 154128.0,
        "75": 154992.0
      },
      "frequency_distribution": "removed",
      "outliers": "removed",
      "median": 154128.0,
      "average": 154074.2857142857,
      "sample_size": 49,
      "variance": 1636866.6666666663,
      "standard_deviation": 1279.4009014639103,
      "lower_outlier_bound": 150588.0,
      "minimum": 151184,
      "standard_deviation_ratio": 0.008303792521462162,
      "upper_outlier_bound": 157596.0
    },
    {
      "maximum": 159224,
      "total": 7811424,
      "mode": [
        156880,
        158000
      ],
      "n": 900,
      "percentiles": {
        "25": 155122.0,
        "50": 156404.0,
        "75": 157176.0
      },
      "frequency_distribution": "removed",
      "outliers": "removed",
      "median": 156404.0,
      "average": 156228.48,
      "sample_size": 50,
      "variance": 1688440.58122449,
      "standard_deviation": 1299.4000851256283,
      "lower_outlier_bound": 152041.0,
      "minimum": 153840,
      "standard_deviation_ratio": 0.008317306070734531,
      "upper_outlier_bound": 160257.0
    },
    {
      "maximum": 161584,
      "total": 7636200,
      "mode": 159144,
      "n": 1000,
      "percentiles": {
        "25": 158498.0,
        "50": 159128.0,
        "75": 160114.0
      },
      "frequency_distribution": "removed",
      "outliers": "removed",
      "median": 159128.0,
      "average": 159087.5,
      "sample_size": 48,
      "variance": 1419273.2765957448,
      "standard_deviation": 1191.332563390989,
      "lower_outlier_bound": 155816.0,
      "minimum": 156104,
      "standard_deviation_ratio": 0.007488536581384389,
      "upper_outlier_bound": 162648.0
    },
    {
      "maximum": 176664,
      "total": 8550640,
      "mode": null,
      "n": 2000,
      "percentiles": {
        "25": 169420.0,
        "50": 171248.0,
        "75": 173162.0
      },
      "frequency_distribution": "removed",
      "outliers": "removed",
      "median": 171248.0,
      "average": 171012.8,
      "sample_size": 50,
      "variance": 7017255.183673469,
      "standard_deviation": 2649.010227174193,
      "lower_outlier_bound": 163807.0,
      "minimum": 164672,
      "standard_deviation_ratio": 0.015490128383221566,
      "upper_outlier_bound": 178775.0
    },
    {
      "maximum": 179880,
      "total": 8831520,
      "mode": 177480,
      "n": 3000,
      "percentiles": {
        "25": 175408.0,
        "50": 176584.0,
        "75": 177936.0
      },
      "frequency_distribution": "removed",
      "outliers": "removed",
      "median": 176584.0,
      "average": 176630.4,