{
  "build_type": "random",
  "name": "memory",
  "timestamp": "2026-04-02T21:43:42.630013Z",
  "impl_mod": "xb5_trees",
  "impl_description": ":xb5_trees.take_largest/1",
  "tweaks": "none",
  "group_id": "take_largest_x300",
  "measurements": [
    {
      "maximum": 137360,
      "total": 6672616,
      "mode": null,
      "n": 300,
      "percentiles": {
        "25": 132290.0,
        "50": 133496.0,
        "75": 134492.0
      },
      "frequency_distribution": "removed",
      "outliers": "removed",
      "median": 133496.0,
      "average": 133452.32,
      "sample_size": 50,
      "variance": 2669464.0587755106,
      "standard_deviation": 1633.8494602549865,
      "lower_outlier_bound": 128987.0,
      "minimum": 129280,
      "standard_deviation_ratio": 0.012242945347484303,
      "upper_outlier_bound": 137795.0
    },
    {
      "maximum": 153528,
      "total": 7361600,
      "mode": 149904,
      "n": 400,
      "percentiles": {
        "25": 1.493e5,
        "50": 150144.0,
        "75": 151432.0
      },
      "frequency_distribution": "removed",
      "outliers": "removed",
      "median": 150144.0,
      "average": 150236.73469387754,
      "sample_size": 49,
      "variance": 3529087.7823129245,
      "standard_deviation": 1878.5866448777188,
      "lower_outlier_bound": 146097.0,
      "minimum": 146168,
      "standard_deviation_ratio": 0.012504176483238457,
      "upper_outlier_bound": 154729.0
    },
    {
      "maximum": 162856,
      "total": 7943304,
      "mode": null,
      "n": 500,
      "percentiles": {
        "25": 157550.0,
        "50": 158872.0,
        "75": 160142.0
      },
      "frequency_distribution": "removed",
      "outliers": "removed",
      "median": 158872.0,
      "average": 158866.08,
      "sample_size": 50,
      "variance": 3503874.1159183667,
      "standard_deviation": 1871.863808058259,
      "lower_outlier_bound": 153662.0,
      "minimum": 155032,
      "standard_deviation_ratio": 0.011782652458336351,
      "upper_outlier_bound": 164030.0
    },
    {
      "maximum": 171616,
      "total": 8101336,
      "mode": [
        164064,
        165184
      ],
      "n": 600,
      "percentiles": {
        "25": 163580.0,
        "50": 164816.0,
        "75": 166708.0
      },
      "frequency_distribution": "removed",
      "outliers": "removed",
      "median": 164816.0,
      "average": 165333.38775510204,
      "sample_size": 49,
      "variance": 7153558.367346938,
      "standard_deviation": 2674.6136856276903,
      "lower_outlier_bound": 158485.0,
      "minimum": 160904,
      "standard_deviation_ratio": 0.016177093580090597,
      "upper_outlier_bound": 172205.0
    },
    {
      "maximum": 174048,
      "total": 8434640,
      "mode": null,
      "n": 700,
      "percentiles": {
        "25": 166444.0,
        "50": 167604.0,
        "75": 171356.0
      },
      "frequency_distribution": "removed",
      "outliers": "removed",
      "median": 167604.0,
      "average": 168692.8,
      "sample_size": 50,
      "variance": 7624267.755102039,
      "standard_deviation": 2761.207662437224,
      "lower_outlier_bound": 159076.0,
      "minimum": 164584,
      "standard_deviation_ratio": 0.01636826030771452,
      "upper_outlier_bound": 178724.0
    },
    {
      "maximum": 174360,
      "total": 8537960,
      "mode": 172528,
      "n": 800,
      "percentiles": {
        "25": 169636.0,
        "50": 171188.0,
        "75": 172268.0
      },
      "frequency_distribution": "removed",
      "outliers": "removed",
      "median": 171188.0,
      "average": 170759.2,
      "sample_size": 50,
      "variance": 3971971.265306123,
      "standard_deviation": 1992.9804979743587,
      "lower_outlier_bound": 165688.0,
      "minimum": 165848,
      "standard_deviation_ratio": 0.011671292076645702,
      "upper_outlier_bound": 176216.0
    },
    {
      "maximum": 181168,
      "total": 8662592,
      "mode": 172088,
      "n": 900,
      "percentiles": {
        "25": 171390.0,
        "50": 172360.0,
        "75": 175728.0
      },
      "frequency_distribution": "removed",
      "outliers": "removed",
      "median": 172360.0,
      "average": 173251.84,
      "sample_size": 50,
      "variance": 8380286.014693879,
      "standard_deviation": 2894.872365872782,
      "lower_outlier_bound": 164883.0,
      "minimum": 168272,
      "standard_deviation_ratio": 0.016709042546808058,
      "upper_outlier_bound": 182235.0
    },
    {
      "maximum": 183120,
      "total": 8821224,
      "mode": null,
      "n": 1000,
      "percentiles": {
        "25": 174802.0,
        "50": 176072.0,
        "75": 178164.0
      },
      "frequency_distribution": "removed",
      "outliers": "removed",
      "median": 176072.0,
      "average": 176424.48,
      "sample_size": 50,
      "variance": 7691795.356734694,
      "standard_deviation": 2773.4086169792386,
      "lower_outlier_bound": 169759.0,
      "minimum": 171072,
      "standard_deviation_ratio": 0.015720089507868965,
      "upper_outlier_bound": 183207.0
    },
    {
      "maximum": 204248,
      "total": 9790592,
      "mode": 192200,
      "n": 2000,
      "percentiles": {
        "25": 1.922e5,
        "50": 195640.0,
        "75": 199026.0
      },
      "frequency_distribution": "removed",
      "outliers": "removed",
      "median": 195640.0,
      "average": 195811.84,
      "sample_size": 50,
      "variance": 18993421.688163266,
      "standard_deviation": 4358.1442940962,
      "lower_outlier_bound": 181961.0,
      "minimum": 188016,
      "standard_deviation_ratio": 0.022256796596652174,
      "upper_outlier_bound": 209265.0
    },
    {
      "maximum": 211208,
      "total": 10114616,
      "mode": 206872,
      "n": 3000,
      "percentiles": {
        "25": 198752.0,
        "50": 202616.0,
        "75": 206880.0
      },
      "frequency_distribution": "removed",
      "outliers": "removed",
      "median": 202616.0,
      "average": 202292.32,
      "sample_size": 50,
      "variance": 28928154.67102041,
      "standard_deviation": 5378.489999155935,
      "lower_outlier_bound": 186560.0,
      "minimum": 191184,
      "standard_deviation_ratio": 0.02658771227279382,
      "upper_outlier_bound": 219072.0
    },
    {
      "maximum": 216648,
      "total": 10086552,
      "mode": 213440,
      "n": 4000,
      "percentiles": {
        "25": 208172.0,
        "50": 210524.0,
        "75": 212980.0
      },
      "frequency_distribution": "removed",
      "outliers": "removed",
      "median": 210524.0,
      "average": 210136.5,
      "sample_size": 48,
      "variance": 15471203.148936171,
      "standard_deviation": 3933.3450330394576,
      "lower_outlier_bound": 200545.0,
      "minimum": 200864,
      "standard_deviation_ratio": 0.018718047712032216,
      "upper_outlier_bound": 220249.0
    },
    {
      "maximum": 228200,
      "total": 10880032,
      "mode": null,
      "n": 5000,
      "percentiles": {
        "25": 214324.0,
        "50": 217444.0,
        "75": 220944.0
      },
      "frequency_distribution": "removed",
      "outliers": "removed",
      "median": 217444.0,
      "average": 217600.64,
      "sample_size": 50,
      "variance": 18631742.27591837,
      "standard_deviation": 4316.450193841969,
      "lower_outlier_bound": 204394.0,
      "minimum": 207904,
      "standard_deviation_ratio": 0.01983656938620203,
      "upper_outlier_bound": 230874.0
    },
    {
      "maximum": 234960,
      "total": 11091104,
      "mode": null,
      "n": 6000,
      "percentiles": {
        "25": 218214.0,
        "50": 222028.0,
        "75": 226022.0
      },
      "frequency_distribution": "removed",
      "outliers": "removed",
      "median": 222028.0,
      "average": 221822.08,
      "sample_size": 50,
      "variance": 24693528.973061215,
      "standard_deviation": 4969.258392663961,
      "lower_outlier_bound": 206502.0,
      "minimum": 210624,