{
  "build_type": "sequential",
  "name": "runtime",
  "timestamp": "2026-03-05T18:45:17.018825Z",
  "impl_mod": "xb5_sets",
  "group_id": "delete_x100",
  "impl_description": ":xb5_sets.delete/2",
  "tweaks": "none",
  "measurements": [
    {
      "maximum": 161443.95473111508,
      "total": 7058366.988364111,
      "mode": null,
      "n": 100,
      "percentiles": {
        "25": 151299.39958143217,
        "50": 153260.9752215073,
        "75": 155319.91233493257
      },
      "average": 153442.7606166111,
      "sample_size": 46,
      "variance": 9400836.615956126,
      "standard_deviation": 3066.078377334168,
      "frequency_distribution": "removed",
      "lower_outlier_bound": 143867.89213870905,
      "median": 153260.9752215073,
      "minimum": 146915.5808380946,
      "outliers": "removed",
      "standard_deviation_ratio": 0.019981903121483898,
      "upper_outlier_bound": 162386.836544723
    },
    {
      "maximum": 137164.6153698438,
      "total": 6476774.877611573,
      "mode": null,
      "n": 200,
      "percentiles": {
        "25": 119411.94884178121,
        "50": 126398.66397134634,
        "75": 128576.69796057756
      },
      "average": 124553.36303099178,
      "sample_size": 52,
      "variance": 50199909.45106007,
      "standard_deviation": 7085.189443554778,
      "frequency_distribution": "removed",
      "lower_outlier_bound": 105664.82516358669,
      "median": 126398.66397134634,
      "minimum": 106785.81115570012,
      "outliers": "removed",
      "standard_deviation_ratio": 0.05688477027948108,
      "upper_outlier_bound": 142323.8216387721
    },
    {
      "maximum": 126766.81244850098,
      "total": 5273098.820551719,
      "mode": null,
      "n": 300,
      "percentiles": {
        "25": 121448.68853633683,
        "50": 123563.26810016533,
        "75": 124639.16960399643
      },
      "average": 122630.20512910973,
      "sample_size": 43,
      "variance": 9456100.242683778,
      "standard_deviation": 3075.07727426219,
      "frequency_distribution": "removed",
      "lower_outlier_bound": 113846.56351086903,
      "median": 123563.26810016533,
      "minimum": 114293.5515578211,
      "outliers": "removed",
      "standard_deviation_ratio": 0.025076018351470844,
      "upper_outlier_bound": 130996.26464127329
    },
    {
      "maximum": 131536.19810403723,
      "total": 5706895.396351812,
      "mode": null,
      "n": 400,
      "percentiles": {
        "25": 108232.3486578437,
        "50": 114422.22785955245,
        "75": 118614.8513504169
      },
      "average": 114137.90792703624,
      "sample_size": 50,
      "variance": 49256039.40769346,
      "standard_deviation": 7018.264700600388,
      "frequency_distribution": "removed",
      "lower_outlier_bound": 92658.59461898392,
      "median": 114422.22785955245,
      "minimum": 99478.63248713492,
      "outliers": "removed",
      "standard_deviation_ratio": 0.061489340641208194,
      "upper_outlier_bound": 134188.6053892767
    },
    {
      "maximum": 117405.0662634194,
      "total": 5079296.162858493,
      "mode": null,
      "n": 500,
      "percentiles": {
        "25": 111501.41496835678,
        "50": 113156.98948092626,
        "75": 114148.27978012656
      },
      "average": 112873.24806352206,
      "sample_size": 45,
      "variance": 3663490.519300598,
      "standard_deviation": 1914.024691403065,
      "frequency_distribution": "removed",
      "lower_outlier_bound": 106297.95267906328,
      "median": 113156.98948092626,
      "minimum": 107390.50732349565,
      "outliers": "removed",
      "standard_deviation_ratio": 0.016957292575880363,
      "upper_outlier_bound": 118845.65726466567
    },
    {
      "maximum": 116716.34892585943,
      "total": 5744260.694285189,
      "mode": null,
      "n": 600,
      "percentiles": {
        "25": 106400.49634089756,
        "50": 112478.10153015319,
        "75": 113913.45158423504
      },
      "average": 110466.5518131767,
      "sample_size": 52,
      "variance": 24945373.495505888,
      "standard_deviation": 4994.5343622309665,
      "frequency_distribution": "removed",
      "lower_outlier_bound": 95131.06347589134,
      "median": 112478.10153015319,
      "minimum": 96385.07766227632,
      "outliers": "removed",
      "standard_deviation_ratio": 0.045213091929200665,
      "upper_outlier_bound": 125182.88444924125
    },
    {
      "maximum": 116188.28078524688,
      "total": 5538031.3358713975,
      "mode": null,
      "n": 700,
      "percentiles": {
        "25": 102798.35676033807,
        "50": 107554.62352841216,
        "75": 109611.77487076697
      },
      "average": 106500.60261291149,
      "sample_size": 52,
      "variance": 21488555.706964187,
      "standard_deviation": 4635.575013627133,
      "frequency_distribution": "removed",
      "lower_outlier_bound": 91278.95610316785,
      "median": 107554.62352841216,
      "minimum": 95152.8201868611,
      "outliers": "removed",
      "standard_deviation_ratio": 0.04352627966318327,
      "upper_outlier_bound": 120604.01762457291
    },
    {
      "maximum": 110547.93081910489,
      "total": 4779926.231826754,
      "mode": null,
      "n": 800,
      "percentiles": {
        "25": 104867.8633413092,
        "50": 106406.63722040327,
        "75": 107389.73904837875
      },
      "average": 106220.58292948343,
      "sample_size": 45,
      "variance": 3321025.288338695,
      "standard_deviation": 1822.36804414989,
      "frequency_distribution": "removed",
      "lower_outlier_bound": 99403.75433780716,
      "median": 106406.63722040327,
      "minimum": 102005.21858698291,
      "outliers": "removed",
      "standard_deviation_ratio": 0.017156449285913863,
      "upper_outlier_bound": 111324.88448456218
    },
    {
      "maximum": 109738.88729157842,
      "total": 4695340.452410388,
      "mode": null,
      "n": 900,
      "percentiles": {
        "25": 103199.04369415426,
        "50": 104770.07682789734,
        "75": 105575.384317708
      },
      "average": 104340.89894245306,
      "sample_size": 45,
      "variance": 5391372.851809031,
      "standard_deviation": 2321.9329989922257,
      "frequency_distribution": "removed",
      "lower_outlier_bound": 98402.3180661726,
      "median": 104770.07682789734,
      "minimum": 98455.72200042335,
      "outliers": "removed",
      "standard_deviation_ratio": 0.02225333519766623,
      "upper_outlier_bound": 109925.34027218074
    },
    {
      "maximum": 106395.20285309375,
      "total": 5186699.483049642,
      "mode": null,
      "n": 1000,
      "percentiles": {
        "25": 95922.809107399,
        "50": 101267.31400635149,
        "75": 102645.78061235789
      },
      "average": 99744.22082787774,
      "sample_size": 52,
      "variance": 16484482.424634164,
      "standard_deviation": 4060.108671530131,
      "frequency_distribution": "removed",
      "lower_outlier_bound": 85838.35184996069,
      "median": 101267.31400635149,
      "minimum": 86452.8399757932,
      "outliers": "removed",
      "standard_deviation_ratio": 0.040705202144356835,
      "upper_outlier_bound": 112730.23786979623
    },
    {
      "maximum": 85700.96533567354,
      "total": 3775143.009082601,
      "mode": null,
      "n": 2000,
      "percentiles": {
        "25": 78631.49741892109,
        "50": 80738.20556108613,
        "75": 82246.17596404855
      },
      "average": 80322.19168260854,
      "sample_size": 47,
      "variance": 6059919.60951832,
      "standard_deviation": 2461.6903967636385,
      "frequency_distribution": "removed",
      "lower_outlier_bound": 72627.65040329588,
      "median": 80738.20556108613,
      "minimum": 75241.77061944292,
      "outliers": "removed",
      "standard_deviation_ratio": 0.03064769953602557,
      "upper_outlier_bound": 88015.47853222518
    },
    {
      "maximum": 76066.10448744376,
      "total": 3570622.001704494,
      "mode": null,
      "n": 3000,