{
  "build_type": "sequential",
  "name": "runtime",
  "timestamp": "2026-03-05T18:45:17.243781Z",
  "impl_mod": "xb5_sets",
  "group_id": "difference_050_0050",
  "impl_description": ":xb5_sets.difference/2",
  "tweaks": "none",
  "measurements": [
    {
      "maximum": 12313754.463735994,
      "total": 562375082.1695647,
      "mode": 11548677.676406052,
      "n": 0,
      "percentiles": {
        "25": 10636034.886194427,
        "50": 11057054.40070765,
        "75": 11422044.54597373
      },
      "average": 11026962.395481661,
      "sample_size": 51,
      "variance": 335648408634.22736,
      "standard_deviation": 579351.7141031235,
      "frequency_distribution": "removed",
      "lower_outlier_bound": 9279192.778850812,
      "median": 11057054.40070765,
      "minimum": 10001000.10001,
      "outliers": "removed",
      "standard_deviation_ratio": 0.0525395565274182,
      "upper_outlier_bound": 12704626.636162978
    },
    {
      "maximum": 737958.3643890811,
      "total": 33078838.527665354,
      "mode": null,
      "n": 100,
      "percentiles": {
        "25": 653718.8530558257,
        "50": 674586.309945426,
        "75": 692456.4213990639
      },
      "average": 675078.3372992929,
      "sample_size": 49,
      "variance": 835538700.1969215,
      "standard_deviation": 28905.686295207062,
      "frequency_distribution": "removed",
      "lower_outlier_bound": 593402.8575925995,
      "median": 674586.309945426,
      "minimum": 620536.0190132236,
      "outliers": "removed",
      "standard_deviation_ratio": 0.04281826967051952,
      "upper_outlier_bound": 750947.0536073879
    },
    {
      "maximum": 464511.3340765515,
      "total": 21544034.800013956,
      "mode": null,
      "n": 200,
      "percentiles": {
        "25": 422063.0312846118,
        "50": 430662.2980525104,
        "75": 442279.353260351
      },
      "average": 430880.6960002791,
      "sample_size": 50,
      "variance": 235869507.27493215,
      "standard_deviation": 15358.04373202955,
      "frequency_distribution": "removed",
      "lower_outlier_bound": 382061.81573462096,
      "median": 430662.2980525104,
      "minimum": 387634.46070355654,
      "outliers": "removed",
      "standard_deviation_ratio": 0.03564337849106056,
      "upper_outlier_bound": 477745.34430704574
    },
    {
      "maximum": 332027.3590543861,
      "total": 13841122.262641167,
      "mode": null,
      "n": 300,
      "percentiles": {
        "25": 301756.3534540321,
        "50": 307737.75819197914,
        "75": 314356.75060311786
      },
      "average": 307580.49472535925,
      "sample_size": 45,
      "variance": 109622114.09112841,
      "standard_deviation": 10470.057979358491,
      "frequency_distribution": "removed",
      "lower_outlier_bound": 272062.59634706756,
      "median": 307737.75819197914,
      "minimum": 284174.0622966379,
      "outliers": "removed",
      "standard_deviation_ratio": 0.03404005832264259,
      "upper_outlier_bound": 338476.10793130106
    },
    {
      "maximum": 253608.8539923106,
      "total": 10123476.146030696,
      "mode": null,
      "n": 400,
      "percentiles": {
        "25": 235989.31983005843,
        "50": 240846.93609316327,
        "75": 246258.36641070023
      },
      "average": 241035.1463340642,
      "sample_size": 42,
      "variance": 47164505.487093635,
      "standard_deviation": 6867.641916050489,
      "frequency_distribution": "removed",
      "lower_outlier_bound": 208303.79169195407,
      "median": 240846.93609316327,
      "minimum": 224681.23349997192,
      "outliers": "removed",
      "standard_deviation_ratio": 0.028492284301693652,
      "upper_outlier_bound": 264841.32679377176
    },
    {
      "maximum": 205517.31791679427,
      "total": 8018776.49905805,
      "mode": null,
      "n": 500,
      "percentiles": {
        "25": 193428.0112164216,
        "50": 195514.88845875615,
        "75": 197495.04730335585
      },
      "average": 195579.91461117196,
      "sample_size": 41,
      "variance": 12207006.632229961,
      "standard_deviation": 3493.8526918331804,
      "frequency_distribution": "removed",
      "lower_outlier_bound": 182650.23270470527,
      "median": 195514.88845875615,
      "minimum": 185971.4310687592,
      "outliers": "removed",
      "standard_deviation_ratio": 0.017864066966074867,
      "upper_outlier_bound": 205601.2997776827
    },
    {
      "maximum": 174544.13435709287,
      "total": 7587806.209175737,
      "mode": null,
      "n": 600,
      "percentiles": {
        "25": 158895.10698407554,
        "50": 164936.75500129475,
        "75": 168567.5467016388
      },
      "average": 161442.6853016114,
      "sample_size": 47,
      "variance": 106855078.19876269,
      "standard_deviation": 10337.07299958565,
      "frequency_distribution": "removed",
      "lower_outlier_bound": 129127.1185920892,
      "median": 164936.75500129475,
      "minimum": 130773.31492045059,
      "outliers": "removed",
      "standard_deviation_ratio": 0.06402936732793849,
      "upper_outlier_bound": 191548.74767324055
    },
    {
      "maximum": 151819.4805648292,
      "total": 7318391.942843011,
      "mode": null,
      "n": 700,
      "percentiles": {
        "25": 137783.02575456415,
        "50": 142233.450306475,
        "75": 145024.74492967105
      },
      "average": 140738.30659313482,
      "sample_size": 52,
      "variance": 46276890.3145833,
      "standard_deviation": 6802.711982333465,
      "frequency_distribution": "removed",
      "lower_outlier_bound": 124293.3141375183,
      "median": 142233.450306475,
      "minimum": 125748.83430830596,
      "outliers": "removed",
      "standard_deviation_ratio": 0.04833589480367742,
      "upper_outlier_bound": 157457.20979944104
    },
    {
      "maximum": 130310.13812874642,
      "total": 5972885.336930022,
      "mode": null,
      "n": 800,
      "percentiles": {
        "25": 122537.14510131243,
        "50": 126635.58088209532,
        "75": 127514.83171828091
      },
      "average": 124435.11118604212,
      "sample_size": 48,
      "variance": 25340653.38900084,
      "standard_deviation": 5033.950078119651,
      "frequency_distribution": "removed",
      "lower_outlier_bound": 112677.39304595883,
      "median": 126635.58088209532,
      "minimum": 112874.84324506145,
      "outliers": "removed",
      "standard_deviation_ratio": 0.040454418613356045,
      "upper_outlier_bound": 136409.2302644514
    },
    {
      "maximum": 116405.76255086932,
      "total": 5961979.692009035,
      "mode": null,
      "n": 900,
      "percentiles": {
        "25": 105165.49876605347,
        "50": 113110.04222832502,
        "75": 114868.95320087379
      },
      "average": 110407.03133350064,
      "sample_size": 54,
      "variance": 33366436.39244215,
      "standard_deviation": 5776.368789511465,
      "frequency_distribution": "removed",
      "lower_outlier_bound": 90610.317113823,
      "median": 113110.04222832502,
      "minimum": 94755.83316908989,
      "outliers": "removed",
      "standard_deviation_ratio": 0.05231884889706975,
      "upper_outlier_bound": 129424.13485310427
    },
    {
      "maximum": 104212.80254279239,
      "total": 4971107.6454443075,
      "mode": null,
      "n": 1000,
      "percentiles": {
        "25": 96687.21821532003,
        "50": 100875.87972519954,
        "75": 103116.54470757913
      },
      "average": 99422.15290888614,
      "sample_size": 50,
      "variance": 16819071.694394138,
      "standard_deviation": 4101.106154977476,
      "frequency_distribution": "removed",
      "lower_outlier_bound": 85912.07137511093,
      "median": 100875.87972519954,
      "minimum": 88098.81868294028,
      "outliers": "removed",
      "standard_deviation_ratio": 0.04124942012406299,
      "upper_outlier_bound": 113414.09581868157
    },
    {
      "maximum": 53245.130998995795,
      "total": 2777380.7393445666,
      "mode": null,
      "n": 2000,