{
  "build_type": "sequential",
  "name": "runtime",
  "timestamp": "2026-03-19T19:51:18.319527Z",
  "impl_mod": "xb5_sets",
  "tweaks": "none",
  "impl_description": ":xb5_sets.filtermap/2",
  "group_id": "filtermap_all_mapped",
  "measurements": [
    {
      "maximum": 5996641.880546894,
      "total": 220331333.1198566,
      "mode": null,
      "n": 0,
      "percentiles": {
        "25": 4809079.542175627,
        "50": 5181884.133070785,
        "75": 5436555.39849951
      },
      "average": 5123984.491159456,
      "variance": 173765033265.99887,
      "standard_deviation": 416851.33233084297,
      "standard_deviation_ratio": 0.08135296526561457,
      "median": 5181884.133070785,
      "frequency_distribution": "removed",
      "minimum": 4232625.074070939,
      "lower_outlier_bound": 3828312.087063103,
      "upper_outlier_bound": 6454805.872901178,
      "outliers": "removed",
      "sample_size": 43
    },
    {
      "maximum": 409681.59546400537,
      "total": 14189984.710972166,
      "mode": null,
      "n": 100,
      "percentiles": {
        "25": 328564.8861130718,
        "50": 337143.04979602847,
        "75": 363453.8757984915
      },
      "average": 346097.18807249184,
      "variance": 645098153.7860684,
      "standard_deviation": 25398.78252566584,
      "standard_deviation_ratio": 0.0733862724141692,
      "median": 337143.04979602847,
      "frequency_distribution": "removed",
      "minimum": 305853.42280565464,
      "lower_outlier_bound": 262842.7882799201,
      "upper_outlier_bound": 420414.6869332937,
      "outliers": "removed",
      "sample_size": 41
    },
    {
      "maximum": 227042.58864877874,
      "total": 8384367.842078032,
      "mode": null,
      "n": 200,
      "percentiles": {
        "25": 184285.5984490524,
        "50": 194630.53285947285,
        "75": 210007.2662514123
      },
      "average": 194985.29865297748,
      "variance": 326597891.9741527,
      "standard_deviation": 18072.019587587678,
      "standard_deviation_ratio": 0.09268401111486418,
      "median": 194630.53285947285,
      "frequency_distribution": "removed",
      "minimum": 146442.04409662832,
      "lower_outlier_bound": 142821.98539010188,
      "upper_outlier_bound": 250207.7209091248,
      "outliers": "removed",
      "sample_size": 43
    },
    {
      "maximum": 154927.7881579396,
      "total": 5389514.723205971,
      "mode": null,
      "n": 300,
      "percentiles": {
        "25": 116829.37231681599,
        "50": 130931.53021535059,
        "75": 139530.17783012733
      },
      "average": 128321.77912395168,
      "variance": 226315882.90620455,
      "standard_deviation": 15043.798818988658,
      "standard_deviation_ratio": 0.1172349613736043,
      "median": 130931.53021535059,
      "frequency_distribution": "removed",
      "minimum": 85915.67204956991,
      "lower_outlier_bound": 82504.81452935145,
      "upper_outlier_bound": 173683.99682099486,
      "outliers": "removed",
      "sample_size": 42
    },
    {
      "maximum": 121919.69880957606,
      "total": 4418397.920860156,
      "mode": null,
      "n": 400,
      "percentiles": {
        "25": 90043.64863959621,
        "50": 100078.66182819696,
        "75": 103857.58327267166
      },
      "average": 98186.62046355903,
      "variance": 76163748.04624547,
      "standard_deviation": 8727.184428339158,
      "standard_deviation_ratio": 0.08888364205974647,
      "median": 100078.66182819696,
      "frequency_distribution": "removed",
      "minimum": 77212.3261757507,
      "lower_outlier_bound": 69322.74668998303,
      "upper_outlier_bound": 124578.48522228483,
      "outliers": "removed",
      "sample_size": 45
    },
    {
      "maximum": 89527.91928162798,
      "total": 3694886.6050774734,
      "mode": null,
      "n": 500,
      "percentiles": {
        "25": 77290.52750398454,
        "50": 83471.33928094449,
        "75": 85981.91767219832
      },
      "average": 82108.59122394385,
      "variance": 21433799.376982104,
      "standard_deviation": 4629.665147392639,
      "standard_deviation_ratio": 0.05638466180433714,
      "median": 83471.33928094449,
      "frequency_distribution": "removed",
      "minimum": 73047.29958742885,
      "lower_outlier_bound": 64253.44225166387,
      "upper_outlier_bound": 99019.002924519,
      "outliers": "removed",
      "sample_size": 45
    },
    {
      "maximum": 74868.79244124671,
      "total": 2992827.535182905,
      "mode": null,
      "n": 600,
      "percentiles": {
        "25": 65366.710739879156,
        "50": 69501.22329797517,
        "75": 71890.21703797352
      },
      "average": 68018.8076177933,
      "variance": 23483614.40180809,
      "standard_deviation": 4845.989517302745,
      "standard_deviation_ratio": 0.07124484663907964,
      "median": 69501.22329797517,
      "frequency_distribution": "removed",
      "minimum": 57429.347545182536,
      "lower_outlier_bound": 52439.943291416996,
      "upper_outlier_bound": 83516.7368756551,
      "outliers": "removed",
      "sample_size": 44
    },
    {
      "maximum": 64217.57943393488,
      "total": 2417233.689619947,
      "mode": null,
      "n": 700,
      "percentiles": {
        "25": 53589.108552877835,
        "50": 59122.50799484312,
        "75": 61837.89943792307
      },
      "average": 57553.18308618922,
      "variance": 31925863.10091675,
      "standard_deviation": 5650.297611711861,
      "standard_deviation_ratio": 0.09817524085940152,
      "median": 59122.50799484312,
      "frequency_distribution": "removed",
      "minimum": 45628.0148710826,
      "lower_outlier_bound": 40513.937703191215,
      "upper_outlier_bound": 74519.90473325553,
      "outliers": "removed",
      "sample_size": 42
    },
    {
      "maximum": 56809.14399981821,
      "total": 2236410.279295082,
      "mode": null,
      "n": 800,
      "percentiles": {
        "25": 48179.53622378431,
        "50": 53372.95741691966,
        "75": 54975.68425485408
      },
      "average": 52009.5413789554,
      "variance": 13940565.687988877,
      "standard_deviation": 3733.706695495627,
      "standard_deviation_ratio": 0.0717888794344646,
      "median": 53372.95741691966,
      "frequency_distribution": "removed",
      "minimum": 42426.165743756144,
      "lower_outlier_bound": 37985.31417717965,
      "upper_outlier_bound": 65169.906301458745,
      "outliers": "removed",
      "sample_size": 43
    },
    {
      "maximum": 50923.18644709947,
      "total": 2025250.4557140938,
      "mode": null,
      "n": 900,
      "percentiles": {
        "25": 42609.52763232058,
        "50": 46430.35029705618,
        "75": 49519.32827156442
      },
      "average": 46028.419448047585,
      "variance": 12625602.533891506,
      "standard_deviation": 3553.2523881496945,
      "standard_deviation_ratio": 0.07719692378662407,
      "median": 46430.35029705618,
      "frequency_distribution": "removed",
      "minimum": 38127.27953472518,
      "lower_outlier_bound": 32244.826673454823,
      "upper_outlier_bound": 59884.029230430184,
      "outliers": "removed",
      "sample_size": 44
    },
    {
      "maximum": 47433.96480589547,
      "total": 1891774.4304516565,
      "mode": null,
      "n": 1000,
      "percentiles": {
        "25": 39340.83561793057,
        "50": 43595.39981341169,
        "75": 44746.89589265842
      },
      "average": 42039.43178781459,
      "variance": 11362609.285389561,
      "standard_deviation": 3370.846968551014,
      "standard_deviation_ratio": 0.08018298119643179,
      "median": 43595.39981341169,
      "frequency_distribution": "removed",
      "minimum": 33956.91817876823,
      "lower_outlier_bound": 31231.7452058388,
      "upper_outlier_bound": 52855.986304750186,
      "outliers": "removed",
      "sample_size": 45
    },
    {
      "maximum": 22870.148784039928,
      "total": 889332.203378924,
      "mode": null,
      "n": 2000,