{
  "build_type": "sequential",
  "name": "runtime",
  "timestamp": "2026-03-19T19:51:18.338010Z",
  "impl_mod": "xb5_sets",
  "tweaks": "none",
  "impl_description": ":xb5_sets.from_ordset/1",
  "group_id": "from_ordset / from_orddict",
  "measurements": [
    {
      "maximum": 333843.0003138124,
      "total": 12951693.777127797,
      "mode": null,
      "n": 100,
      "percentiles": {
        "25": 275720.9763411703,
        "50": 295725.7368842519,
        "75": 307419.64946127863
      },
      "average": 294356.6767529045,
      "variance": 382428856.74592626,
      "standard_deviation": 19555.788318191786,
      "standard_deviation_ratio": 0.06643568793449774,
      "median": 295725.7368842519,
      "frequency_distribution": "removed",
      "minimum": 259068.699837823,
      "lower_outlier_bound": 228172.96666100784,
      "upper_outlier_bound": 354967.6591414411,
      "outliers": "removed",
      "sample_size": 44
    },
    {
      "maximum": 153146.39263672143,
      "total": 6385883.131829887,
      "mode": null,
      "n": 200,
      "percentiles": {
        "25": 138484.60689175333,
        "50": 141132.50366238848,
        "75": 145200.18312104122
      },
      "average": 141908.51404066416,
      "variance": 21057884.842620976,
      "standard_deviation": 4588.887102841056,
      "standard_deviation_ratio": 0.032336939991677326,
      "median": 141132.50366238848,
      "frequency_distribution": "removed",
      "minimum": 134441.4897192593,
      "lower_outlier_bound": 126626.40870418824,
      "upper_outlier_bound": 156344.447771153,
      "outliers": "removed",
      "sample_size": 45
    },
    {
      "maximum": 102302.83685766606,
      "total": 4066054.786009165,
      "mode": null,
      "n": 300,
      "percentiles": {
        "25": 91743.45593928784,
        "50": 94674.19768351172,
        "75": 97184.94099902232
      },
      "average": 94559.41362812012,
      "variance": 12528260.326778011,
      "standard_deviation": 3539.5282633110887,
      "standard_deviation_ratio": 0.037431791584825375,
      "median": 94674.19768351172,
      "frequency_distribution": "removed",
      "minimum": 88318.00132830274,
      "lower_outlier_bound": 83581.22834968613,
      "upper_outlier_bound": 105347.16858862404,
      "outliers": "removed",
      "sample_size": 43
    },
    {
      "maximum": 74811.77357767856,
      "total": 2892968.9615843636,
      "mode": null,
      "n": 400,
      "percentiles": {
        "25": 65513.22401175195,
        "50": 70020.81980206846,
        "75": 72599.99702937473
      },
      "average": 68880.21337105628,
      "variance": 18702640.740380958,
      "standard_deviation": 4324.65498512667,
      "standard_deviation_ratio": 0.06278515662879619,
      "median": 70020.81980206846,
      "frequency_distribution": "removed",
      "minimum": 57279.80497372003,
      "lower_outlier_bound": 54842.2972596856,
      "upper_outlier_bound": 83215.20706612004,
      "outliers": "removed",
      "sample_size": 42
    },
    {
      "maximum": 58365.122870256666,
      "total": 2331555.4693443547,
      "mode": null,
      "n": 500,
      "percentiles": {
        "25": 53375.97718070223,
        "50": 54037.22948962917,
        "75": 55578.52801380126
      },
      "average": 54222.220217310576,
      "variance": 2846037.0486245863,
      "standard_deviation": 1687.0201684107356,
      "standard_deviation_ratio": 0.031113078026859368,
      "median": 54037.22948962917,
      "frequency_distribution": "removed",
      "minimum": 50707.67633087367,
      "lower_outlier_bound": 49885.77027143967,
      "upper_outlier_bound": 59015.91139261528,
      "outliers": "removed",
      "sample_size": 43
    },
    {
      "maximum": 47934.45634177651,
      "total": 1723399.2883842506,
      "mode": null,
      "n": 600,
      "percentiles": {
        "25": 44536.704719060304,
        "50": 45431.830417834244,
        "75": 46031.287405762356
      },
      "average": 45352.61285221712,
      "variance": 969246.0462077751,
      "standard_deviation": 984.5029437273284,
      "standard_deviation_ratio": 0.021707744754097442,
      "median": 45431.830417834244,
      "frequency_distribution": "removed",
      "minimum": 43525.8365012888,
      "lower_outlier_bound": 42075.6427038074,
      "upper_outlier_bound": 48419.08542588483,
      "outliers": "removed",
      "sample_size": 38
    },
    {
      "maximum": 40668.95551548308,
      "total": 1578658.5847342312,
      "mode": null,
      "n": 700,
      "percentiles": {
        "25": 37996.782236820145,
        "50": 38462.840280747965,
        "75": 39115.55703617177
      },
      "average": 38503.867920347104,
      "variance": 913587.8921152077,
      "standard_deviation": 955.817917866791,
      "standard_deviation_ratio": 0.024823945475921802,
      "median": 38462.840280747965,
      "frequency_distribution": "removed",
      "minimum": 36344.73710034419,
      "lower_outlier_bound": 36190.0816917693,
      "upper_outlier_bound": 40968.57323028517,
      "outliers": "removed",
      "sample_size": 41
    },
    {
      "maximum": 35960.1245371033,
      "total": 1493749.232142107,
      "mode": null,
      "n": 800,
      "percentiles": {
        "25": 33318.86190014396,
        "50": 34061.931561444726,
        "75": 34574.11931057549
      },
      "average": 33948.846185047885,
      "variance": 960493.6903445568,
      "standard_deviation": 980.0478000304663,
      "standard_deviation_ratio": 0.028868368447293784,
      "median": 34061.931561444726,
      "frequency_distribution": "removed",
      "minimum": 31886.392609499468,
      "lower_outlier_bound": 31399.394236560052,
      "upper_outlier_bound": 36448.51078121872,
      "outliers": "removed",
      "sample_size": 44
    },
    {
      "maximum": 31369.04552777792,
      "total": 1432256.0237972466,
      "mode": null,
      "n": 900,
      "percentiles": {
        "25": 29068.03352342362,
        "50": 29891.79872286936,
        "75": 30605.67213610022
      },
      "average": 29838.667162442638,
      "variance": 772744.5531173975,
      "standard_deviation": 879.0589019612949,
      "standard_deviation_ratio": 0.029460394365997337,
      "median": 29891.79872286936,
      "frequency_distribution": "removed",
      "minimum": 27648.82672203805,
      "lower_outlier_bound": 26606.39551542372,
      "upper_outlier_bound": 32972.84103201801,
      "outliers": "removed",
      "sample_size": 48
    },
    {
      "maximum": 27946.918740421195,
      "total": 1026797.751497677,
      "mode": null,
      "n": 1000,
      "percentiles": {
        "25": 26626.01393232391,
        "50": 27095.175074492985,
        "75": 27313.97134212944
      },
      "average": 27020.993460465183,
      "variance": 310939.39266014507,
      "standard_deviation": 557.6193976720547,
      "standard_deviation_ratio": 0.020636524652134492,
      "median": 27095.175074492985,
      "frequency_distribution": "removed",
      "minimum": 25482.082783132697,
      "lower_outlier_bound": 25481.686796187387,
      "upper_outlier_bound": 28361.966704298444,
      "outliers": "removed",
      "sample_size": 38
    },
    {
      "maximum": 13191.275606904208,
      "total": 551984.5396263099,
      "mode": null,
      "n": 2000,
      "percentiles": {
        "25": 12696.374829487686,
        "50": 12798.627168055446,
        "75": 13049.034880331215
      },
      "average": 12836.849758751392,
      "variance": 44789.05464615465,
      "standard_deviation": 211.6342473376052,
      "standard_deviation_ratio": 0.01648646290288828,
      "median": 12798.627168055446,
      "frequency_distribution": "removed",
      "minimum": 12285.428842550435,
      "lower_outlier_bound": 12161.497258618023,
      "upper_outlier_bound": 13575.592312449546,
      "outliers": "removed",
      "sample_size": 43
    },
    {
      "maximum": 8244.910787591805,
      "total": 345295.40048101835,
      "mode": null,
      "n": 3000,