{
  "build_type": "sequential",
  "name": "runtime",
  "timestamp": "2026-03-05T18:45:16.888062Z",
  "impl_mod": "xb5_sets",
  "group_id": "intersection_100_0050",
  "impl_description": ":xb5_sets.intersection/2",
  "tweaks": "none",
  "measurements": [
    {
      "maximum": 8361903.169161301,
      "total": 342360369.9035872,
      "mode": 6555657.532450505,
      "n": 0,
      "percentiles": {
        "25": 6564275.460059878,
        "50": 6973987.028384128,
        "75": 7304082.433113576
      },
      "average": 6986946.324563004,
      "sample_size": 49,
      "variance": 274252243817.33737,
      "standard_deviation": 523690.9812258918,
      "frequency_distribution": "removed",
      "lower_outlier_bound": 5417815.568984659,
      "median": 6973987.028384128,
      "minimum": 6016485.1693640575,
      "outliers": "removed",
      "standard_deviation_ratio": 0.07495277005132078,
      "upper_outlier_bound": 8452060.804893581
    },
    {
      "maximum": 824157.7108195424,
      "total": 41507916.721015185,
      "mode": null,
      "n": 100,
      "percentiles": {
        "25": 737822.243865008,
        "50": 757449.5159897592,
        "75": 770386.3487539
      },
      "average": 754689.3949275488,
      "sample_size": 55,
      "variance": 757079300.8683842,
      "standard_deviation": 27515.07406619841,
      "frequency_distribution": "removed",
      "lower_outlier_bound": 678219.9196611884,
      "median": 757449.5159897592,
      "minimum": 680540.6214696955,
      "outliers": "removed",
      "standard_deviation_ratio": 0.036458805769809303,
      "upper_outlier_bound": 825558.0645702638
    },
    {
      "maximum": 591950.6549933997,
      "total": 27847065.09373458,
      "mode": null,
      "n": 200,
      "percentiles": {
        "25": 529865.8909430023,
        "50": 544324.3302089117,
        "75": 557404.2797500599
      },
      "average": 546020.8841908742,
      "sample_size": 51,
      "variance": 366242376.65705675,
      "standard_deviation": 19137.460036720044,
      "frequency_distribution": "removed",
      "lower_outlier_bound": 489688.49079286493,
      "median": 544324.3302089117,
      "minimum": 511182.1086261981,
      "outliers": "removed",
      "standard_deviation_ratio": 0.03504895250495603,
      "upper_outlier_bound": 595866.9510051683
    },
    {
      "maximum": 471104.7878379588,
      "total": 22048728.56205592,
      "mode": null,
      "n": 300,
      "percentiles": {
        "25": 422616.7584449394,
        "50": 431490.15123729804,
        "75": 445561.3181486036
      },
      "average": 432328.0110207043,
      "sample_size": 51,
      "variance": 340652518.8194754,
      "standard_deviation": 18456.774334088703,
      "frequency_distribution": "removed",
      "lower_outlier_bound": 385833.43396414915,
      "median": 431490.15123729804,
      "minimum": 394810.60935069446,
      "outliers": "removed",
      "standard_deviation_ratio": 0.04269159958086732,
      "upper_outlier_bound": 480506.12994988594
    },
    {
      "maximum": 385141.25055364054,
      "total": 17424001.03300321,
      "mode": null,
      "n": 400,
      "percentiles": {
        "25": 346995.1316746236,
        "50": 354524.4409149567,
        "75": 363500.65144118964
      },
      "average": 355591.8578163921,
      "sample_size": 49,
      "variance": 179500907.66246304,
      "standard_deviation": 13397.79488059371,
      "frequency_distribution": "removed",
      "lower_outlier_bound": 317642.7557820055,
      "median": 354524.4409149567,
      "minimum": 320263.3846075012,
      "outliers": "removed",
      "standard_deviation_ratio": 0.037677451229807375,
      "upper_outlier_bound": 390071.37762668903
    },
    {
      "maximum": 370304.5384524233,
      "total": 17900705.37726509,
      "mode": null,
      "n": 500,
      "percentiles": {
        "25": 345503.10434539255,
        "50": 351992.45328180166,
        "75": 356021.38976509706
      },
      "average": 350994.22308362916,
      "sample_size": 51,
      "variance": 61519333.83027069,
      "standard_deviation": 7843.426153809997,
      "frequency_distribution": "removed",
      "lower_outlier_bound": 328348.5928857057,
      "median": 351992.45328180166,
      "minimum": 334470.53314602986,
      "outliers": "removed",
      "standard_deviation_ratio": 0.022346311243821224,
      "upper_outlier_bound": 372852.5689555342
    },
    {
      "maximum": 353396.8505272681,
      "total": 16614281.924021747,
      "mode": null,
      "n": 600,
      "percentiles": {
        "25": 324990.2981452433,
        "50": 330760.06576638,
        "75": 339927.092782534
      },
      "average": 332285.63848043495,
      "sample_size": 50,
      "variance": 80707685.47326007,
      "standard_deviation": 8983.74562603261,
      "frequency_distribution": "removed",
      "lower_outlier_bound": 302453.67917362135,
      "median": 330760.06576638,
      "minimum": 315340.0311555951,
      "outliers": "removed",
      "standard_deviation_ratio": 0.02703621398479903,
      "upper_outlier_bound": 362327.45669953455
    },
    {
      "maximum": 333668.113674053,
      "total": 15060972.61432847,
      "mode": null,
      "n": 700,
      "percentiles": {
        "25": 307947.9051238029,
        "50": 312522.97758931766,
        "75": 321622.7070951314
      },
      "average": 313770.2627985098,
      "sample_size": 48,
      "variance": 105754801.24847963,
      "standard_deviation": 10283.715342641473,
      "frequency_distribution": "removed",
      "lower_outlier_bound": 282722.07047889486,
      "median": 312522.97758931766,
      "minimum": 289226.3195950831,
      "outliers": "removed",
      "standard_deviation_ratio": 0.03277466529466894,
      "upper_outlier_bound": 350477.4313558772
    },
    {
      "maximum": 318506.8399343876,
      "total": 14434457.41011833,
      "mode": 297624.36233980366,
      "n": 800,
      "percentiles": {
        "25": 294497.03293914034,
        "50": 300492.7214659093,
        "75": 306069.1734105133
      },
      "average": 300717.86271079857,
      "sample_size": 48,
      "variance": 79509825.17665426,
      "standard_deviation": 8916.828201589075,
      "frequency_distribution": "removed",
      "lower_outlier_bound": 274890.6781758788,
      "median": 300492.7214659093,
      "minimum": 281587.8173846687,
      "outliers": "removed",
      "standard_deviation_ratio": 0.029651807582060465,
      "upper_outlier_bound": 325762.19805089093
    },
    {
      "maximum": 305790.75961482595,
      "total": 16050975.200772703,
      "mode": null,
      "n": 900,
      "percentiles": {
        "25": 287305.9607367674,
        "50": 292091.0506223,
        "75": 296109.4183522695
      },
      "average": 291835.9127413219,
      "sample_size": 55,
      "variance": 39713378.340113625,
      "standard_deviation": 6301.855150676952,
      "frequency_distribution": "removed",
      "lower_outlier_bound": 274100.77431351424,
      "median": 292091.0506223,
      "minimum": 277841.06379786506,
      "outliers": "removed",
      "standard_deviation_ratio": 0.0215938302160324,
      "upper_outlier_bound": 309314.6047755227
    },
    {
      "maximum": 300614.45594795764,
      "total": 13697135.647595696,
      "mode": null,
      "n": 1000,
      "percentiles": {
        "25": 281013.179021735,
        "50": 285849.31630910607,
        "75": 290893.7227595333
      },
      "average": 285356.9926582437,
      "sample_size": 48,
      "variance": 52485554.06036105,
      "standard_deviation": 7244.691439969065,
      "frequency_distribution": "removed",
      "lower_outlier_bound": 265461.2425004706,
      "median": 285849.31630910607,
      "minimum": 270659.4346465729,
      "outliers": "removed",
      "standard_deviation_ratio": 0.025388168597100517,
      "upper_outlier_bound": 306933.0732238422
    },
    {
      "maximum": 236772.13286705007,
      "total": 11138287.471690346,
      "mode": null,
      "n": 2000,