{
  "build_type": "sequential",
  "name": "runtime",
  "timestamp": "2026-03-05T18:45:17.029439Z",
  "impl_mod": "xb5_sets",
  "group_id": "intersection_100_1000",
  "impl_description": ":xb5_sets.intersection/2",
  "tweaks": "none",
  "measurements": [
    {
      "maximum": 8386447.500838645,
      "total": 371372731.39807653,
      "mode": 6867660.188173889,
      "n": 0,
      "percentiles": {
        "25": 6911805.3635609625,
        "50": 7237984.944991315,
        "75": 7586677.793794097
      },
      "average": 7281818.262707383,
      "sample_size": 51,
      "variance": 233744004756.80258,
      "standard_deviation": 483470.78997267515,
      "frequency_distribution": "removed",
      "lower_outlier_bound": 5817803.311635135,
      "median": 7237984.944991315,
      "minimum": 6242197.253433209,
      "outliers": "removed",
      "standard_deviation_ratio": 0.06639424008268513,
      "upper_outlier_bound": 8646851.765996529
    },
    {
      "maximum": 200931.92225542065,
      "total": 8769670.760545906,
      "mode": null,
      "n": 100,
      "percentiles": {
        "25": 187361.3546193456,
        "50": 191138.12085741616,
        "75": 193745.80865094927
      },
      "average": 190645.01653360666,
      "sample_size": 46,
      "variance": 21448312.068994094,
      "standard_deviation": 4631.232240882991,
      "frequency_distribution": "removed",
      "lower_outlier_bound": 176111.60952333463,
      "median": 191138.12085741616,
      "minimum": 180506.39263389513,
      "outliers": "removed",
      "standard_deviation_ratio": 0.024292437982854926,
      "upper_outlier_bound": 204153.73511297753
    },
    {
      "maximum": 137121.92058446846,
      "total": 6559360.603042046,
      "mode": null,
      "n": 200,
      "percentiles": {
        "25": 132905.70490315324,
        "50": 133980.72821205397,
        "75": 135185.7416560563
      },
      "average": 133864.5021028989,
      "sample_size": 49,
      "variance": 2928083.965940429,
      "standard_deviation": 1711.1645058089618,
      "frequency_distribution": "removed",
      "lower_outlier_bound": 128885.14355209863,
      "median": 133980.72821205397,
      "minimum": 129481.68481568282,
      "outliers": "removed",
      "standard_deviation_ratio": 0.012782810072334373,
      "upper_outlier_bound": 138766.25890189034
    },
    {
      "maximum": 123549.22324603345,
      "total": 5983439.005513992,
      "mode": null,
      "n": 300,
      "percentiles": {
        "25": 107709.0703432991,
        "50": 114030.41647329008,
        "75": 118531.3077346335
      },
      "average": 112895.0755757357,
      "sample_size": 53,
      "variance": 34410397.169716254,
      "standard_deviation": 5866.037603844375,
      "frequency_distribution": "removed",
      "lower_outlier_bound": 91475.71425629749,
      "median": 114030.41647329008,
      "minimum": 98954.83899058148,
      "outliers": "removed",
      "standard_deviation_ratio": 0.05196008394457508,
      "upper_outlier_bound": 134764.66382163513
    },
    {
      "maximum": 106127.59508501881,
      "total": 5359933.412286036,
      "mode": null,
      "n": 400,
      "percentiles": {
        "25": 98233.03430498333,
        "50": 103183.20177475107,
        "75": 103842.11063811378
      },
      "average": 101130.81909973652,
      "sample_size": 53,
      "variance": 16207230.316025417,
      "standard_deviation": 4025.820452532057,
      "frequency_distribution": "removed",
      "lower_outlier_bound": 88569.34462449845,
      "median": 103183.20177475107,
      "minimum": 90937.36416231228,
      "outliers": "removed",
      "standard_deviation_ratio": 0.03980804752072403,
      "upper_outlier_bound": 112988.2152236097
    },
    {
      "maximum": 95681.69379561624,
      "total": 4879123.35468551,
      "mode": null,
      "n": 500,
      "percentiles": {
        "25": 88619.06226671116,
        "50": 94096.30380309031,
        "75": 94824.28324857863
      },
      "average": 92058.93122048132,
      "sample_size": 53,
      "variance": 12409357.78496167,
      "standard_deviation": 3522.6918379219137,
      "frequency_distribution": "removed",
      "lower_outlier_bound": 79311.23079390996,
      "median": 94096.30380309031,
      "minimum": 83060.34167702153,
      "outliers": "removed",
      "standard_deviation_ratio": 0.03826561737377832,
      "upper_outlier_bound": 104132.11472137985
    },
    {
      "maximum": 93696.56367852709,
      "total": 4418288.608215376,
      "mode": null,
      "n": 600,
      "percentiles": {
        "25": 88937.77051412014,
        "50": 91328.03752486406,
        "75": 92169.3794614122
      },
      "average": 90169.15526970154,
      "sample_size": 49,
      "variance": 8459841.310281185,
      "standard_deviation": 2908.580634997281,
      "frequency_distribution": "removed",
      "lower_outlier_bound": 80803.05933180884,
      "median": 91328.03752486406,
      "minimum": 81507.29816347756,
      "outliers": "removed",
      "standard_deviation_ratio": 0.03225693560394944,
      "upper_outlier_bound": 98891.51082591365
    },
    {
      "maximum": 90537.80360720717,
      "total": 3957570.117858202,
      "mode": null,
      "n": 700,
      "percentiles": {
        "25": 87042.57160212856,
        "50": 88884.70143184366,
        "75": 89542.62994177899
      },
      "average": 87946.00261907117,
      "sample_size": 45,
      "variance": 4825302.541905685,
      "standard_deviation": 2196.6571288905525,
      "frequency_distribution": "removed",
      "lower_outlier_bound": 79014.96422643069,
      "median": 88884.70143184366,
      "minimum": 81347.24045756196,
      "outliers": "removed",
      "standard_deviation_ratio": 0.024977339088453412,
      "upper_outlier_bound": 95702.6986614425
    },
    {
      "maximum": 89205.90685832853,
      "total": 4495442.581139387,
      "mode": null,
      "n": 800,
      "percentiles": {
        "25": 82722.97615558945,
        "50": 86393.7602970563,
        "75": 87432.10587133912
      },
      "average": 84819.67134225258,
      "sample_size": 53,
      "variance": 13694577.101052681,
      "standard_deviation": 3700.6184754784817,
      "frequency_distribution": "removed",
      "lower_outlier_bound": 75335.04532197097,
      "median": 86393.7602970563,
      "minimum": 75638.0447262886,
      "outliers": "removed",
      "standard_deviation_ratio": 0.043629247990672575,
      "upper_outlier_bound": 94536.23182554744
    },
    {
      "maximum": 86585.10926607864,
      "total": 4040227.744417439,
      "mode": 85871.99576822805,
      "n": 900,
      "percentiles": {
        "25": 82481.66437651424,
        "50": 85412.89176110314,
        "75": 86126.6388266633
      },
      "average": 84171.41134202998,
      "sample_size": 48,
      "variance": 7171332.312070162,
      "standard_deviation": 2677.9343367734323,
      "frequency_distribution": "removed",
      "lower_outlier_bound": 75082.06973510727,
      "median": 85412.89176110314,
      "minimum": 75329.33987392881,
      "outliers": "removed",
      "standard_deviation_ratio": 0.03181524812375622,
      "upper_outlier_bound": 92564.12363024891
    },
    {
      "maximum": 82725.23392628024,
      "total": 3819484.1528897565,
      "mode": null,
      "n": 1000,
      "percentiles": {
        "25": 78077.85082580305,
        "50": 80311.41915518724,
        "75": 81365.8251611572
      },
      "average": 79572.5865185366,
      "sample_size": 48,
      "variance": 6644704.379290717,
      "standard_deviation": 2577.73241033485,
      "frequency_distribution": "removed",
      "lower_outlier_bound": 71601.1878230744,
      "median": 80311.41915518724,
      "minimum": 71603.38598091627,
      "outliers": "removed",
      "standard_deviation_ratio": 0.03239472943027134,
      "upper_outlier_bound": 87156.40428495541
    },
    {
      "maximum": 49181.20668057839,
      "total": 2384797.620068098,
      "mode": null,
      "n": 2000,