{
  "build_type": "sequential",
  "name": "runtime",
  "timestamp": "2026-04-02T21:16:52.767271Z",
  "impl_mod": "xb5_sets",
  "impl_description": ":xb5_sets.intersection/2",
  "tweaks": "none",
  "group_id": "intersection_000_0050",
  "measurements": [
    {
      "maximum": 8124796.880077998,
      "total": 305557517.103104,
      "mode": null,
      "n": 0,
      "percentiles": {
        "25": 6802258.349772125,
        "50": 7059155.724975293,
        "75": 7410701.052319549
      },
      "frequency_distribution": "removed",
      "outliers": "removed",
      "median": 7059155.724975293,
      "average": 7105988.769839628,
      "sample_size": 43,
      "variance": 211912891496.8909,
      "standard_deviation": 460339.9738203178,
      "lower_outlier_bound": 5847356.045911215,
      "minimum": 5929439.667951379,
      "standard_deviation_ratio": 0.06478197316806442,
      "upper_outlier_bound": 8357508.057414148
    },
    {
      "maximum": 862128.4226498379,
      "total": 30694359.282766905,
      "mode": null,
      "n": 100,
      "percentiles": {
        "25": 766154.3647814161,
        "50": 781396.5118459711,
        "75": 812631.5447313034
      },
      "frequency_distribution": "removed",
      "outliers": "removed",
      "median": 781396.5118459711,
      "average": 787034.8534042796,
      "sample_size": 39,
      "variance": 1071160407.6865704,
      "standard_deviation": 32728.587010235722,
      "lower_outlier_bound": 689158.0618043015,
      "minimum": 713903.2661074424,
      "standard_deviation_ratio": 0.04158467298960125,
      "upper_outlier_bound": 890210.5098144807
    },
    {
      "maximum": 628413.0684781721,
      "total": 23849568.56080172,
      "mode": null,
      "n": 200,
      "percentiles": {
        "25": 569299.7507667597,
        "50": 581206.1189380202,
        "75": 597047.0821282708
      },
      "frequency_distribution": "removed",
      "outliers": "removed",
      "median": 581206.1189380202,
      "average": 581696.7941658956,
      "sample_size": 41,
      "variance": 461640260.39746076,
      "standard_deviation": 21485.815330060454,
      "lower_outlier_bound": 523496.5940804289,
      "minimum": 534376.4361366722,
      "standard_deviation_ratio": 0.036936451336076745,
      "upper_outlier_bound": 642483.2400330759
    },
    {
      "maximum": 478370.4788010122,
      "total": 16614799.174603926,
      "mode": null,
      "n": 300,
      "percentiles": {
        "25": 438453.44455808704,
        "50": 452232.8999434709,
        "75": 460034.62039078795
      },
      "frequency_distribution": "removed",
      "outliers": "removed",
      "median": 452232.8999434709,
      "average": 449048.62634064665,
      "sample_size": 37,
      "variance": 276076625.51294583,
      "standard_deviation": 16615.553722730572,
      "lower_outlier_bound": 389251.83744535805,
      "minimum": 403947.37373614963,
      "standard_deviation_ratio": 0.03700168032609919,
      "upper_outlier_bound": 501896.8718508105
    },
    {
      "maximum": 384957.4044631962,
      "total": 15120505.718062278,
      "mode": null,
      "n": 400,
      "percentiles": {
        "25": 349486.5282580219,
        "50": 358450.69864835305,
        "75": 368873.93710470275
      },
      "frequency_distribution": "removed",
      "outliers": "removed",
      "median": 358450.69864835305,
      "average": 360012.0409062447,
      "sample_size": 42,
      "variance": 137714674.34119007,
      "standard_deviation": 11735.189574147922,
      "lower_outlier_bound": 320405.41498800064,
      "minimum": 342726.3193249662,
      "standard_deviation_ratio": 0.03259665855788427,
      "upper_outlier_bound": 397955.05037472397
    },
    {
      "maximum": 406061.68889177643,
      "total": 16668266.489318792,
      "mode": null,
      "n": 500,
      "percentiles": {
        "25": 377986.0901118839,
        "50": 389971.49308385554,
        "75": 396454.11440079927
      },
      "frequency_distribution": "removed",
      "outliers": "removed",
      "median": 389971.49308385554,
      "average": 387634.1044027626,
      "sample_size": 43,
      "variance": 155459465.0808441,
      "standard_deviation": 12468.338505223706,
      "lower_outlier_bound": 348496.6526976425,
      "minimum": 355847.82523601607,
      "standard_deviation_ratio": 0.03216522582406412,
      "upper_outlier_bound": 429218.250050252
    },
    {
      "maximum": 385009.27872361726,
      "total": 15003192.672135632,
      "mode": null,
      "n": 600,
      "percentiles": {
        "25": 348411.73138435767,
        "50": 357314.09941097995,
        "75": 366929.57751124486
      },
      "frequency_distribution": "removed",
      "outliers": "removed",
      "median": 357314.09941097995,
      "average": 357218.87314608647,
      "sample_size": 42,
      "variance": 165787261.98982623,
      "standard_deviation": 12875.840244031697,
      "lower_outlier_bound": 320707.76894383854,
      "minimum": 326333.4801833994,
      "standard_deviation_ratio": 0.036044680760095385,
      "upper_outlier_bound": 395422.6972011209
    },
    {
      "maximum": 356256.03408657736,
      "total": 12865010.084562698,
      "mode": null,
      "n": 700,
      "percentiles": {
        "25": 331748.7012185546,
        "50": 339771.4789598551,
        "75": 345747.40156091965
      },
      "frequency_distribution": "removed",
      "outliers": "removed",
      "median": 339771.4789598551,
      "average": 338552.89696217625,
      "sample_size": 38,
      "variance": 96288847.07043624,
      "standard_deviation": 9812.688065481152,
      "lower_outlier_bound": 310322.4548400503,
      "minimum": 314767.30826736335,
      "standard_deviation_ratio": 0.028984209420536856,
      "upper_outlier_bound": 368726.19463089877
    },
    {
      "maximum": 349319.3512441009,
      "total": 13627970.349753076,
      "mode": null,
      "n": 800,
      "percentiles": {
        "25": 326234.1352649275,
        "50": 332692.3460798861,
        "75": 337655.2504914453
      },
      "frequency_distribution": "removed",
      "outliers": "removed",
      "median": 332692.3460798861,
      "average": 332389.52072568476,
      "sample_size": 41,
      "variance": 70345740.05135268,
      "standard_deviation": 8387.23673514422,
      "lower_outlier_bound": 308505.11869203835,
      "minimum": 314257.8800163414,
      "standard_deviation_ratio": 0.02523315631862552,
      "upper_outlier_bound": 357082.34264168073
    },
    {
      "maximum": 343203.8768309927,
      "total": 14691535.627531119,
      "mode": null,
      "n": 900,
      "percentiles": {
        "25": 312488.9570969781,
        "50": 319235.1665622175,
        "75": 325931.4236748291
      },
      "frequency_distribution": "removed",
      "outliers": "removed",
      "median": 319235.1665622175,
      "average": 319381.2092941548,
      "sample_size": 46,
      "variance": 113746784.519607,
      "standard_deviation": 10665.21375873953,
      "lower_outlier_bound": 292325.2572302016,
      "minimum": 292774.32954678533,
      "standard_deviation_ratio": 0.033393366448546166,
      "upper_outlier_bound": 346095.12354160554
    },
    {
      "maximum": 325199.02180134243,
      "total": 12563165.95643752,
      "mode": 305285.716902449,
      "n": 1000,
      "percentiles": {
        "25": 300035.70404893626,
        "50": 306289.9708411948,
        "75": 312378.70679966535
      },
      "frequency_distribution": "removed",
      "outliers": "removed",
      "median": 306289.9708411948,
      "average": 306418.6818643298,
      "sample_size": 41,
      "variance": 73246259.5005208,
      "standard_deviation": 8558.402859209235,
      "lower_outlier_bound": 282940.2182713003,
      "minimum": 290945.4855443736,
      "standard_deviation_ratio": 0.027930421236517688,
      "upper_outlier_bound": 331996.4204702623
    },
    {
      "maximum": 253606.9244834661,
      "total": 10057597.25957851,
      "mode": null,
      "n": 2000,