{
  "build_type": "sequential",
  "name": "runtime",
  "timestamp": "2026-03-05T18:45:17.278955Z",
  "impl_mod": "xb5_sets",
  "group_id": "intersection_050_0500",
  "impl_description": ":xb5_sets.intersection/2",
  "tweaks": "none",
  "measurements": [
    {
      "maximum": 8905512.51224508,
      "total": 390858074.2816587,
      "mode": null,
      "n": 0,
      "percentiles": {
        "25": 6819467.507478859,
        "50": 7254788.160185723,
        "75": 7841042.206725225
      },
      "average": 7374680.646823749,
      "sample_size": 53,
      "variance": 397222409640.13275,
      "standard_deviation": 630255.8287236483,
      "frequency_distribution": "removed",
      "lower_outlier_bound": 5257677.915350422,
      "median": 7254788.160185723,
      "minimum": 6222388.152572958,
      "outliers": "removed",
      "standard_deviation_ratio": 0.08546211814542742,
      "upper_outlier_bound": 9374091.889488664
    },
    {
      "maximum": 279054.4518951983,
      "total": 13981791.428834066,
      "mode": null,
      "n": 100,
      "percentiles": {
        "25": 259792.5573841256,
        "50": 263965.76891908655,
        "75": 268676.39021248755
      },
      "average": 263807.38544969936,
      "sample_size": 53,
      "variance": 52359448.56061154,
      "standard_deviation": 7235.982902177944,
      "frequency_distribution": "removed",
      "lower_outlier_bound": 245744.67878345767,
      "median": 263965.76891908655,
      "minimum": 247906.43019698645,
      "outliers": "removed",
      "standard_deviation_ratio": 0.027429038386636233,
      "upper_outlier_bound": 282306.0579728566
    },
    {
      "maximum": 210011.67664922168,
      "total": 9554007.370992193,
      "mode": null,
      "n": 200,
      "percentiles": {
        "25": 201444.35603275485,
        "50": 203741.09396742994,
        "75": 205370.0151563071
      },
      "average": 203276.75257430197,
      "sample_size": 47,
      "variance": 12467759.3740161,
      "standard_deviation": 3530.971449051394,
      "frequency_distribution": "removed",
      "lower_outlier_bound": 194200.99798453873,
      "median": 203741.09396742994,
      "minimum": 195099.87162428448,
      "outliers": "removed",
      "standard_deviation_ratio": 0.017370266911169534,
      "upper_outlier_bound": 211978.99982382968
    },
    {
      "maximum": 173300.61417737664,
      "total": 7660737.333688852,
      "mode": null,
      "n": 300,
      "percentiles": {
        "25": 164240.9763543729,
        "50": 166298.20248183983,
        "75": 168502.00908414662
      },
      "average": 166537.7681236707,
      "sample_size": 46,
      "variance": 10357824.175567035,
      "standard_deviation": 3218.3573722579404,
      "frequency_distribution": "removed",
      "lower_outlier_bound": 156928.48655601882,
      "median": 166298.20248183983,
      "minimum": 159675.0293802054,
      "outliers": "removed",
      "standard_deviation_ratio": 0.019325090089282286,
      "upper_outlier_bound": 175151.43446985865
    },
    {
      "maximum": 148605.85417901952,
      "total": 6554055.805279515,
      "mode": null,
      "n": 400,
      "percentiles": {
        "25": 141374.32176532788,
        "50": 142404.70283788076,
        "75": 145100.36207346906
      },
      "average": 142479.47402781554,
      "sample_size": 46,
      "variance": 14544456.860290732,
      "standard_deviation": 3813.719557110975,
      "frequency_distribution": "removed",
      "lower_outlier_bound": 130158.38759753453,
      "median": 142404.70283788076,
      "minimum": 133290.85797992372,
      "outliers": "removed",
      "standard_deviation_ratio": 0.026766799801397654,
      "upper_outlier_bound": 153734.16443272197
    },
    {
      "maximum": 131616.52735057246,
      "total": 6377372.664069544,
      "mode": null,
      "n": 500,
      "percentiles": {
        "25": 118392.5138045671,
        "50": 127937.28002783915,
        "75": 130136.99521486269
      },
      "average": 125046.522824893,
      "sample_size": 51,
      "variance": 47802337.69603773,
      "standard_deviation": 6913.923466168665,
      "frequency_distribution": "removed",
      "lower_outlier_bound": 100775.79168912373,
      "median": 127937.28002783915,
      "minimum": 104042.79071896689,
      "outliers": "removed",
      "standard_deviation_ratio": 0.05529080945217863,
      "upper_outlier_bound": 147753.71733030607
    },
    {
      "maximum": 122063.45835072738,
      "total": 6105792.946109017,
      "mode": null,
      "n": 600,
      "percentiles": {
        "25": 108284.51109775466,
        "50": 117759.55383260244,
        "75": 119468.88991841319
      },
      "average": 115203.64049262297,
      "sample_size": 53,
      "variance": 34383209.79780741,
      "standard_deviation": 5863.7197918904185,
      "frequency_distribution": "removed",
      "lower_outlier_bound": 91507.94286676685,
      "median": 117759.55383260244,
      "minimum": 100653.1382138698,
      "outliers": "removed",
      "standard_deviation_ratio": 0.050898736939358265,
      "upper_outlier_bound": 136245.45814940098
    },
    {
      "maximum": 113609.12326703484,
      "total": 5338959.387958523,
      "mode": null,
      "n": 700,
      "percentiles": {
        "25": 102269.71466022142,
        "50": 108849.96749673598,
        "75": 110036.57402189943
      },
      "average": 106779.18775917045,
      "sample_size": 50,
      "variance": 24097809.139174234,
      "standard_deviation": 4908.951938975797,
      "frequency_distribution": "removed",
      "lower_outlier_bound": 90619.4256177044,
      "median": 108849.96749673598,
      "minimum": 93476.20236102192,
      "outliers": "removed",
      "standard_deviation_ratio": 0.045972928264330276,
      "upper_outlier_bound": 121686.86306441645
    },
    {
      "maximum": 107369.75243756181,
      "total": 5398718.324644439,
      "mode": null,
      "n": 800,
      "percentiles": {
        "25": 100906.08849737322,
        "50": 102699.0332939996,
        "75": 104272.59446486384
      },
      "average": 101862.60989895168,
      "sample_size": 53,
      "variance": 11643452.695830818,
      "standard_deviation": 3412.250385864264,
      "frequency_distribution": "removed",
      "lower_outlier_bound": 91585.12119160497,
      "median": 102699.0332939996,
      "minimum": 93368.93802169894,
      "outliers": "removed",
      "standard_deviation_ratio": 0.03349855643056109,
      "upper_outlier_bound": 111695.45749596987
    },
    {
      "maximum": 100825.96631606117,
      "total": 4965800.878986426,
      "mode": null,
      "n": 900,
      "percentiles": {
        "25": 96093.14115986343,
        "50": 98818.13510415431,
        "75": 99574.2206325751
      },
      "average": 97368.64468600835,
      "sample_size": 51,
      "variance": 10900524.50133994,
      "standard_deviation": 3301.59423632583,
      "frequency_distribution": "removed",
      "lower_outlier_bound": 89832.50668074962,
      "median": 98818.13510415431,
      "minimum": 89875.76473041315,
      "outliers": "removed",
      "standard_deviation_ratio": 0.03390818725034859,
      "upper_outlier_bound": 105373.90367446493
    },
    {
      "maximum": 95958.88353758182,
      "total": 4505602.200564782,
      "mode": null,
      "n": 1000,
      "percentiles": {
        "25": 93083.50146502884,
        "50": 93819.27995213453,
        "75": 94599.66017740358
      },
      "average": 93866.7125117663,
      "sample_size": 48,
      "variance": 904441.3452566769,
      "standard_deviation": 951.021211780619,
      "frequency_distribution": "removed",
      "lower_outlier_bound": 90615.67135451043,
      "median": 93819.27995213453,
      "minimum": 92178.38730224279,
      "outliers": "removed",
      "standard_deviation_ratio": 0.01013161307488432,
      "upper_outlier_bound": 96599.7946254472
    },
    {
      "maximum": 66064.51067338235,
      "total": 3425004.7925648373,
      "mode": null,
      "n": 2000,