{
  "build_type": "sequential",
  "name": "runtime",
  "timestamp": "2026-04-02T21:16:52.676855Z",
  "impl_mod": "xb5_sets",
  "impl_description": ":xb5_sets.is_disjoint/2",
  "tweaks": "none",
  "group_id": "is_disjoint_100_1000",
  "measurements": [
    {
      "maximum": 11920371.915603766,
      "total": 442000592.45118386,
      "mode": 10488777.008600798,
      "n": 0,
      "percentiles": {
        "25": 9972163.867092166,
        "50": 10398840.996103536,
        "75": 10966077.870732402
      },
      "frequency_distribution": "removed",
      "outliers": "removed",
      "median": 10398840.996103536,
      "average": 10523823.629790092,
      "sample_size": 42,
      "variance": 536026454158.6829,
      "standard_deviation": 732138.2752996068,
      "lower_outlier_bound": 8481292.86163181,
      "minimum": 8553588.230262594,
      "standard_deviation_ratio": 0.06956960711761853,
      "upper_outlier_bound": 12456948.876192756
    },
    {
      "maximum": 2372085.300187395,
      "total": 82203947.06418633,
      "mode": null,
      "n": 100,
      "percentiles": {
        "25": 2041691.3371036567,
        "50": 2093013.5208673447,
        "75": 2173582.2809572457
      },
      "frequency_distribution": "removed",
      "outliers": "removed",
      "median": 2093013.5208673447,
      "average": 2107793.5144663164,
      "sample_size": 39,
      "variance": 10417804050.160017,
      "standard_deviation": 102067.64448227469,
      "lower_outlier_bound": 1822061.2180389818,
      "minimum": 1864349.9011894553,
      "standard_deviation_ratio": 0.04842392947020607,
      "upper_outlier_bound": 2391007.95025934
    },
    {
      "maximum": 2236636.099306643,
      "total": 80314485.29655308,
      "mode": null,
      "n": 200,
      "percentiles": {
        "25": 2005655.949778375,
        "50": 2053345.9271883534,
        "75": 2100134.4086021506
      },
      "frequency_distribution": "removed",
      "outliers": "removed",
      "median": 2053345.9271883534,
      "average": 2059345.7768346942,
      "sample_size": 39,
      "variance": 5718270789.692472,
      "standard_deviation": 75619.24880407417,
      "lower_outlier_bound": 1834431.4039574852,
      "minimum": 1865010.5373095358,
      "standard_deviation_ratio": 0.0367200349036597,
      "upper_outlier_bound": 2288327.0803108215
    },
    {
      "maximum": 2364345.6673365645,
      "total": 84531714.75720567,
      "mode": null,
      "n": 300,
      "percentiles": {
        "25": 1920169.1767000547,
        "50": 2005133.192435791,
        "75": 2097711.6739049284
      },
      "frequency_distribution": "removed",
      "outliers": "removed",
      "median": 2005133.192435791,
      "average": 2012659.8751715634,
      "sample_size": 42,
      "variance": 14308176714.55197,
      "standard_deviation": 119616.7911062321,
      "lower_outlier_bound": 1650737.9949529683,
      "minimum": 1720933.4342947614,
      "standard_deviation_ratio": 0.05943219347781538,
      "upper_outlier_bound": 2367304.5982718635
    },
    {
      "maximum": 2248150.895888132,
      "total": 77949694.14720568,
      "mode": null,
      "n": 400,
      "percentiles": {
        "25": 1931172.9944768453,
        "50": 1999560.0967787087,
        "75": 2057105.2415041553
      },
      "frequency_distribution": "removed",
      "outliers": "removed",
      "median": 1999560.0967787087,
      "average": 1998710.1063386071,
      "sample_size": 39,
      "variance": 13251173363.859035,
      "standard_deviation": 115113.74098629162,
      "lower_outlier_bound": 1706236.7333269794,
      "minimum": 1716119.5105627156,
      "standard_deviation_ratio": 0.05759401557095538,
      "upper_outlier_bound": 2283403.0349416886
    },
    {
      "maximum": 2146383.34406525,
      "total": 82716291.86482911,
      "mode": 1972658.9469946541,
      "n": 500,
      "percentiles": {
        "25": 1975328.2533218341,
        "50": 2008112.7756134784,
        "75": 2052571.686380545
      },
      "frequency_distribution": "removed",
      "outliers": "removed",
      "median": 2008112.7756134784,
      "average": 2017470.533288515,
      "sample_size": 41,
      "variance": 3737743250.3994393,
      "standard_deviation": 61137.08572053005,
      "lower_outlier_bound": 1847301.2144809314,
      "minimum": 1866333.2151322297,
      "standard_deviation_ratio": 0.03030383081772969,
      "upper_outlier_bound": 2184549.2816560217
    },
    {
      "maximum": 2208968.4117517117,
      "total": 84495148.0636157,
      "mode": null,
      "n": 600,
      "percentiles": {
        "25": 1900562.5665196897,
        "50": 1962400.408179285,
        "75": 2026999.6351400656
      },
      "frequency_distribution": "removed",
      "outliers": "removed",
      "median": 1962400.408179285,
      "average": 1965003.4433398999,
      "sample_size": 43,
      "variance": 9535003838.269432,
      "standard_deviation": 97647.34424585971,
      "lower_outlier_bound": 1669188.145114794,
      "minimum": 1709226.404129491,
      "standard_deviation_ratio": 0.049693217880518996,
      "upper_outlier_bound": 2243184.869766465
    },
    {
      "maximum": 2267522.2784063853,
      "total": 86570241.2148653,
      "mode": null,
      "n": 700,
      "percentiles": {
        "25": 1933188.9885555212,
        "50": 2013855.3246334784,
        "75": 2110550.6426626705
      },
      "frequency_distribution": "removed",
      "outliers": "removed",
      "median": 2013855.3246334784,
      "average": 2013261.4236015186,
      "sample_size": 43,
      "variance": 12966974347.472185,
      "standard_deviation": 113872.62334499977,
      "lower_outlier_bound": 1667146.5073947974,
      "minimum": 1760005.6320180225,
      "standard_deviation_ratio": 0.056561270190779944,
      "upper_outlier_bound": 2376593.123823394
    },
    {
      "maximum": 2173676.774263667,
      "total": 78949005.9346741,
      "mode": null,
      "n": 800,
      "percentiles": {
        "25": 1920787.5222934014,
        "50": 1960092.5231443145,
        "75": 2027905.9177055075
      },
      "frequency_distribution": "removed",
      "outliers": "removed",
      "median": 1960092.5231443145,
      "average": 1973725.1483668524,
      "sample_size": 40,
      "variance": 5662821681.824406,
      "standard_deviation": 75251.72211866254,
      "lower_outlier_bound": 1751214.282822178,
      "minimum": 1849591.2403358857,
      "standard_deviation_ratio": 0.03812674838790454,
      "upper_outlier_bound": 2196568.911820111
    },
    {
      "maximum": 2194329.851663302,
      "total": 78788518.4721761,
      "mode": null,
      "n": 900,
      "percentiles": {
        "25": 1899225.3507587912,
        "50": 1987627.1484055747,
        "75": 2046705.9915318936
      },
      "frequency_distribution": "removed",
      "outliers": "removed",
      "median": 1987627.1484055747,
      "average": 1969712.9618044025,
      "sample_size": 40,
      "variance": 13402033800.445219,
      "standard_deviation": 115767.15337454411,
      "lower_outlier_bound": 1651933.4984338884,
      "minimum": 1690188.4560128455,
      "standard_deviation_ratio": 0.05877361606459291,
      "upper_outlier_bound": 2286924.6694927975
    },
    {
      "maximum": 2331274.0412635505,
      "total": 82858111.72729556,
      "mode": null,
      "n": 1000,
      "percentiles": {
        "25": 1947688.2978143697,
        "50": 2027205.092339192,
        "75": 2082395.6516484446
      },
      "frequency_distribution": "removed",
      "outliers": "removed",
      "median": 2027205.092339192,
      "average": 2020929.554324282,
      "sample_size": 41,
      "variance": 14854608763.690403,
      "standard_deviation": 121879.48458904149,
      "lower_outlier_bound": 1716835.0823866094,
      "minimum": 1744409.1686145903,
      "standard_deviation_ratio": 0.06030862596286445,
      "upper_outlier_bound": 2345644.6646086555
    },
    {
      "maximum": 2073226.3548534228,
      "total": 72107973.15664113,