{
  "build_type": "sequential",
  "name": "runtime",
  "timestamp": "2026-03-19T19:51:18.275614Z",
  "impl_mod": "xb5_sets",
  "tweaks": "none",
  "impl_description": ":xb5_sets.is_member/2",
  "group_id": "is_member_missing_x100",
  "measurements": [
    {
      "maximum": 654703.0594273967,
      "total": 26949273.75599618,
      "mode": null,
      "n": 0,
      "percentiles": {
        "25": 587425.8961762969,
        "50": 614557.5230675476,
        "75": 641688.9777931755
      },
      "average": 612483.4944544586,
      "variance": 883336874.0999839,
      "standard_deviation": 29720.98373371891,
      "standard_deviation_ratio": 0.04852536272865852,
      "median": 614557.5230675476,
      "frequency_distribution": "removed",
      "minimum": 550515.2823042368,
      "lower_outlier_bound": 505367.41594898567,
      "upper_outlier_bound": 724427.0490822848,
      "outliers": "removed",
      "sample_size": 44
    },
    {
      "maximum": 299850.07496251876,
      "total": 12074550.92579256,
      "mode": null,
      "n": 100,
      "percentiles": {
        "25": 281596.34185242676,
        "50": 286690.71974583494,
        "75": 293284.0036230587
      },
      "average": 287489.3077569657,
      "variance": 60784260.98236177,
      "standard_deviation": 7796.4261673129295,
      "standard_deviation_ratio": 0.027119012627432323,
      "median": 286690.71974583494,
      "frequency_distribution": "removed",
      "minimum": 271398.40743414516,
      "lower_outlier_bound": 263736.48649588204,
      "upper_outlier_bound": 311378.0974773185,
      "outliers": "removed",
      "sample_size": 42
    },
    {
      "maximum": 266437.8853357917,
      "total": 10980178.951217506,
      "mode": null,
      "n": 200,
      "percentiles": {
        "25": 244114.25305586733,
        "50": 249827.8887842644,
        "75": 253171.52967760985
      },
      "average": 249549.5216185797,
      "variance": 34729963.86932211,
      "standard_deviation": 5893.21337381586,
      "standard_deviation_ratio": 0.023615406415497985,
      "median": 249827.8887842644,
      "frequency_distribution": "removed",
      "minimum": 240289.88571813036,
      "lower_outlier_bound": 230528.33812325355,
      "upper_outlier_bound": 266757.44461022364,
      "outliers": "removed",
      "sample_size": 44
    },
    {
      "maximum": 245177.9624240255,
      "total": 9526127.046327833,
      "mode": null,
      "n": 300,
      "percentiles": {
        "25": 226412.10493381222,
        "50": 231505.06070062693,
        "75": 238151.9917736816
      },
      "average": 232344.5621055569,
      "variance": 48369276.327548966,
      "standard_deviation": 6954.8023931344715,
      "standard_deviation_ratio": 0.029933140376123036,
      "median": 231505.06070062693,
      "frequency_distribution": "removed",
      "minimum": 221150.3800469281,
      "lower_outlier_bound": 208469.05043625864,
      "upper_outlier_bound": 256478.27428840575,
      "outliers": "removed",
      "sample_size": 41
    },
    {
      "maximum": 227295.9734518303,
      "total": 9177484.469300656,
      "mode": null,
      "n": 400,
      "percentiles": {
        "25": 214122.25339013213,
        "50": 217967.56723029033,
        "75": 223097.55650879553
      },
      "average": 218511.53498334895,
      "variance": 31244501.85133613,
      "standard_deviation": 5589.67815275049,
      "standard_deviation_ratio": 0.025580700594027842,
      "median": 217967.56723029033,
      "frequency_distribution": "removed",
      "minimum": 205578.1577318973,
      "lower_outlier_bound": 199655.84733767927,
      "upper_outlier_bound": 237354.60805155247,
      "outliers": "removed",
      "sample_size": 42
    },
    {
      "maximum": 218028.80160469198,
      "total": 8748359.146247055,
      "mode": null,
      "n": 500,
      "percentiles": {
        "25": 203943.45300525482,
        "50": 208103.55376961568,
        "75": 211900.60802331305
      },
      "average": 208294.26538683465,
      "variance": 20736246.2748473,
      "standard_deviation": 4553.70687186245,
      "standard_deviation_ratio": 0.021861892661353455,
      "median": 208103.55376961568,
      "frequency_distribution": "removed",
      "minimum": 200404.41611171345,
      "lower_outlier_bound": 191103.33163345745,
      "upper_outlier_bound": 225733.46961910196,
      "outliers": "removed",
      "sample_size": 42
    },
    {
      "maximum": 210203.26655876232,
      "total": 7612015.907450526,
      "mode": null,
      "n": 600,
      "percentiles": {
        "25": 191024.52181786575,
        "50": 195206.12791076736,
        "75": 199205.56819404216
      },
      "average": 195179.895062834,
      "variance": 27367152.691774175,
      "standard_deviation": 5231.362412581848,
      "standard_deviation_ratio": 0.026802772954139166,
      "median": 195206.12791076736,
      "frequency_distribution": "removed",
      "minimum": 186162.1919481129,
      "lower_outlier_bound": 177614.92409439097,
      "upper_outlier_bound": 213344.9089109345,
      "outliers": "removed",
      "sample_size": 39
    },
    {
      "maximum": 211063.52801129612,
      "total": 8454459.664294878,
      "mode": null,
      "n": 700,
      "percentiles": {
        "25": 186487.16358171316,
        "50": 191524.46938211995,
        "75": 196990.35381641518
      },
      "average": 192146.81055215633,
      "variance": 42225226.52228266,
      "standard_deviation": 6498.094068439042,
      "standard_deviation_ratio": 0.0338183811105998,
      "median": 191524.46938211995,
      "frequency_distribution": "removed",
      "minimum": 181623.34949781143,
      "lower_outlier_bound": 170376.1168507086,
      "upper_outlier_bound": 213437.25129519496,
      "outliers": "removed",
      "sample_size": 44
    },
    {
      "maximum": 192967.8650614313,
      "total": 7512820.430649039,
      "mode": null,
      "n": 800,
      "percentiles": {
        "25": 180094.70116409892,
        "50": 183298.23172195858,
        "75": 187561.7576859063
      },
      "average": 183239.52269875706,
      "variance": 22482156.534594826,
      "standard_deviation": 4741.535250801667,
      "standard_deviation_ratio": 0.025876160235347685,
      "median": 183298.23172195858,
      "frequency_distribution": "removed",
      "minimum": 173779.45996295023,
      "lower_outlier_bound": 168765.70723846921,
      "upper_outlier_bound": 199066.52449595864,
      "outliers": "removed",
      "sample_size": 41
    },
    {
      "maximum": 187335.02809088747,
      "total": 8115798.355407701,
      "mode": null,
      "n": 900,
      "percentiles": {
        "25": 177995.6444873246,
        "50": 180207.45482199106,
        "75": 182076.66475959984
      },
      "average": 180351.07456461558,
      "variance": 10070879.778245335,
      "standard_deviation": 3173.4649483246753,
      "standard_deviation_ratio": 0.01759604125445727,
      "median": 180207.45482199106,
      "frequency_distribution": "removed",
      "minimum": 175058.994881275,
      "lower_outlier_bound": 171865.9790496035,
      "upper_outlier_bound": 188095.26622732083,
      "outliers": "removed",
      "sample_size": 45
    },
    {
      "maximum": 185017.29911746748,
      "total": 7835805.826567573,
      "mode": null,
      "n": 1000,
      "percentiles": {
        "25": 170613.84452469117,
        "50": 173283.19672841326,
        "75": 177307.81750730914
      },
      "average": 174129.01836816827,
      "variance": 24571662.375826504,
      "standard_deviation": 4956.981175657873,
      "standard_deviation_ratio": 0.028467289496671485,
      "median": 173283.19672841326,
      "frequency_distribution": "removed",
      "minimum": 163411.24236665235,
      "lower_outlier_bound": 160165.51553320023,
      "upper_outlier_bound": 188118.54650460393,
      "outliers": "removed",
      "sample_size": 45
    },
    {
      "maximum": 152176.4272627113,
      "total": 6328269.771668537,
      "mode": null,
      "n": 2000,