{
  "build_type": "sequential",
  "name": "runtime",
  "timestamp": "2026-04-02T21:16:52.890169Z",
  "impl_mod": "xb5_sets",
  "impl_description": ":xb5_sets.smallest/1",
  "tweaks": [
    "duplicate_variants",
    10
  ],
  "group_id": "smallest",
  "measurements": [
    {
      "maximum": 10564347.440258615,
      "total": 415071873.77484936,
      "mode": null,
      "n": 100,
      "percentiles": {
        "25": 9690814.61670066,
        "50": 9873032.936799321,
        "75": 10030393.181347996
      },
      "frequency_distribution": "removed",
      "outliers": "removed",
      "median": 9873032.936799321,
      "average": 9882663.661305938,
      "sample_size": 42,
      "variance": 89846234688.80092,
      "standard_deviation": 299743.61492582445,
      "lower_outlier_bound": 9144002.760500316,
      "minimum": 9144947.416552356,
      "standard_deviation_ratio": 0.0303302454883115,
      "upper_outlier_bound": 10602167.7103679
    },
    {
      "maximum": 10246111.600647554,
      "total": 342151148.0601625,
      "mode": 9691049.346823273,
      "n": 200,
      "percentiles": {
        "25": 9354454.420870598,
        "50": 9441098.936842553,
        "75": 9633308.856100813
      },
      "frequency_distribution": "removed",
      "outliers": "removed",
      "median": 9441098.936842553,
      "average": 9504198.557226736,
      "sample_size": 36,
      "variance": 71215242781.974,
      "standard_deviation": 266861.84212429845,
      "lower_outlier_bound": 8802875.746603377,
      "minimum": 8961376.467425397,
      "standard_deviation_ratio": 0.02807831091885006,
      "upper_outlier_bound": 10249734.491157718
    },
    {
      "maximum": 9609471.094710948,
      "total": 339009701.83230734,
      "mode": null,
      "n": 300,
      "percentiles": {
        "25": 9020312.79764587,
        "50": 9143943.965911377,
        "75": 9296811.366128683
      },
      "frequency_distribution": "removed",
      "outliers": "removed",
      "median": 9143943.965911377,
      "average": 9162424.373846143,
      "sample_size": 37,
      "variance": 53469524667.60002,
      "standard_deviation": 231234.78256438847,
      "lower_outlier_bound": 8457072.781543838,
      "minimum": 8699434.536755111,
      "standard_deviation_ratio": 0.025237292350749545,
      "upper_outlier_bound": 9936263.686222302
    },
    {
      "maximum": 9947477.319751712,
      "total": 316354722.12830764,
      "mode": null,
      "n": 400,
      "percentiles": {
        "25": 8905988.386591144,
        "50": 8983434.546695894,
        "75": 9206577.17873649
      },
      "frequency_distribution": "removed",
      "outliers": "removed",
      "median": 8983434.546695894,
      "average": 9038706.346523076,
      "sample_size": 35,
      "variance": 72562648695.10521,
      "standard_deviation": 269374.55094181636,
      "lower_outlier_bound": 8267733.088085864,
      "minimum": 8517452.259680085,
      "standard_deviation_ratio": 0.029802334605707907,
      "upper_outlier_bound": 9969747.217433278
    },
    {
      "maximum": 9639855.01658055,
      "total": 342125943.4403544,
      "mode": null,
      "n": 500,
      "percentiles": {
        "25": 8881034.592548085,
        "50": 8989087.274229482,
        "75": 9121021.241038466
      },
      "frequency_distribution": "removed",
      "outliers": "removed",
      "median": 8989087.274229482,
      "average": 9003314.301061958,
      "sample_size": 38,
      "variance": 42739601202.085556,
      "standard_deviation": 206735.58281555102,
      "lower_outlier_bound": 8418252.648094371,
      "minimum": 8621878.879845496,
      "standard_deviation_ratio": 0.022962164365534388,
      "upper_outlier_bound": 9685934.069691442
    },
    {
      "maximum": 9372949.667260287,
      "total": 336855563.242288,
      "mode": null,
      "n": 600,
      "percentiles": {
        "25": 8511507.558218712,
        "50": 8640055.296353897,
        "75": 8785493.393308967
      },
      "frequency_distribution": "removed",
      "outliers": "removed",
      "median": 8640055.296353897,
      "average": 8637322.13441764,
      "sample_size": 39,
      "variance": 77560068585.82797,
      "standard_deviation": 278496.08360949706,
      "lower_outlier_bound": 8010548.211113744,
      "minimum": 8035484.70043713,
      "standard_deviation_ratio": 0.03224333645028214,
      "upper_outlier_bound": 9373821.107735813
    },
    {
      "maximum": 9818745.949767295,
      "total": 340433138.2686901,
      "mode": null,
      "n": 700,
      "percentiles": {
        "25": 8417225.009258948,
        "50": 8726308.07358023,
        "75": 8976016.085020825
      },
      "frequency_distribution": "removed",
      "outliers": "removed",
      "median": 8726308.07358023,
      "average": 8729054.82740231,
      "sample_size": 39,
      "variance": 171018264870.0237,
      "standard_deviation": 413543.5465220364,
      "lower_outlier_bound": 7468893.262306134,
      "minimum": 8068550.404234375,
      "standard_deviation_ratio": 0.04737552400562746,
      "upper_outlier_bound": 9997777.920846973
    },
    {
      "maximum": 9358739.190656235,
      "total": 343483903.007028,
      "mode": null,
      "n": 800,
      "percentiles": {
        "25": 8377175.683573744,
        "50": 8578617.053921152,
        "75": 8798334.798570983
      },
      "frequency_distribution": "removed",
      "outliers": "removed",
      "median": 8578617.053921152,
      "average": 8587097.575175699,
      "sample_size": 40,
      "variance": 117171510411.03731,
      "standard_deviation": 342303.2433545398,
      "lower_outlier_bound": 7664152.570069853,
      "minimum": 7667418.073637883,
      "standard_deviation_ratio": 0.039862507716704965,
      "upper_outlier_bound": 9470184.813913457
    },
    {
      "maximum": 9311680.572109655,
      "total": 364008433.3306996,
      "mode": null,
      "n": 900,
      "percentiles": {
        "25": 8519375.356410518,
        "50": 8636249.981043525,
        "75": 8810903.759309523
      },
      "frequency_distribution": "removed",
      "outliers": "removed",
      "median": 8636249.981043525,
      "average": 8666867.460254753,
      "sample_size": 42,
      "variance": 56848594421.00597,
      "standard_deviation": 238429.43279093286,
      "lower_outlier_bound": 8014721.629821977,
      "minimum": 8117278.438885011,
      "standard_deviation_ratio": 0.027510451023318692,
      "upper_outlier_bound": 9366177.477789259
    },
    {
      "maximum": 9429514.38000943,
      "total": 347666819.50898474,
      "mode": 8537376.634907626,
      "n": 1000,
      "percentiles": {
        "25": 8537959.888648696,
        "50": 8671598.0255485,
        "75": 8874101.874313692
      },
      "frequency_distribution": "removed",
      "outliers": "removed",
      "median": 8671598.0255485,
      "average": 8691670.487724619,
      "sample_size": 40,
      "variance": 60638656399.836876,
      "standard_deviation": 246249.17542976033,
      "lower_outlier_bound": 7992069.066173895,
      "minimum": 8093758.093758094,
      "standard_deviation_ratio": 0.028331628054416223,
      "upper_outlier_bound": 9446222.582797177
    },
    {
      "maximum": 8621730.208818305,
      "total": 303638772.341443,
      "mode": null,
      "n": 2000,
      "percentiles": {
        "25": 8089764.255061597,
        "50": 8225442.940102325,
        "75": 8314833.534487035
      },
      "frequency_distribution": "removed",
      "outliers": "removed",
      "median": 8225442.940102325,
      "average": 8206453.3065254865,
      "sample_size": 37,
      "variance": 39693760036.51128,
      "standard_deviation": 199232.92909685205,
      "lower_outlier_bound": 7500069.119226322,
      "minimum": 7637435.65460461,
      "standard_deviation_ratio": 0.024277592481812934,
      "upper_outlier_bound": 9078873.658084158
    },
    {
      "maximum": 8216926.869350863,
      "total": 270469057.89825237,
      "mode": null,
      "n": 3000,