{
  "build_type": "sequential",
  "name": "runtime",
  "timestamp": "2026-03-19T19:51:18.169801Z",
  "impl_mod": "xb5_sets",
  "tweaks": "none",
  "impl_description": ":xb5_sets.take_largest/1",
  "group_id": "take_largest_x300",
  "measurements": [
    {
      "maximum": 87717.68239356994,
      "total": 3680573.3438667753,
      "mode": null,
      "n": 300,
      "percentiles": {
        "25": 77461.80657165762,
        "50": 84354.94197645316,
        "75": 86207.33349748518
      },
      "average": 81790.518752595,
      "variance": 30055456.84664799,
      "standard_deviation": 5482.285731941376,
      "standard_deviation_ratio": 0.06702837707295306,
      "median": 84354.94197645316,
      "frequency_distribution": "removed",
      "minimum": 70516.93852121748,
      "lower_outlier_bound": 64110.61282457483,
      "upper_outlier_bound": 99425.91842745416,
      "outliers": "removed",
      "sample_size": 45
    },
    {
      "maximum": 77817.43873238505,
      "total": 3314908.2527204715,
      "mode": null,
      "n": 400,
      "percentiles": {
        "25": 66361.80850078826,
        "50": 75526.57995621965,
        "75": 76356.0604498905
      },
      "average": 72063.22288522765,
      "variance": 39971923.32298618,
      "standard_deviation": 6322.335274484119,
      "standard_deviation_ratio": 0.08773317402905309,
      "median": 75526.57995621965,
      "frequency_distribution": "removed",
      "minimum": 55772.54172762141,
      "lower_outlier_bound": 51370.4305771349,
      "upper_outlier_bound": 91347.43837354386,
      "outliers": "removed",
      "sample_size": 46
    },
    {
      "maximum": 73850.8803024932,
      "total": 3130764.361554287,
      "mode": null,
      "n": 500,
      "percentiles": {
        "25": 62617.30287822855,
        "50": 71198.14272998557,
        "75": 72151.31547448193
      },
      "average": 68060.09481639754,
      "variance": 34899189.227371044,
      "standard_deviation": 5907.553573804561,
      "standard_deviation_ratio": 0.08679907939800974,
      "median": 71198.14272998557,
      "frequency_distribution": "removed",
      "minimum": 51482.14521980559,
      "lower_outlier_bound": 48316.283983848465,
      "upper_outlier_bound": 86452.33436886201,
      "outliers": "removed",
      "sample_size": 46
    },
    {
      "maximum": 69965.83568243627,
      "total": 2667616.993141654,
      "mode": null,
      "n": 600,
      "percentiles": {
        "25": 59007.84129828838,
        "50": 67376.25635544212,
        "75": 68767.10190206299
      },
      "average": 63514.69031289652,
      "variance": 39632902.40689485,
      "standard_deviation": 6295.4668140571475,
      "standard_deviation_ratio": 0.099118279299535,
      "median": 67376.25635544212,
      "frequency_distribution": "removed",
      "minimum": 49230.52686509851,
      "lower_outlier_bound": 43841.622760887985,
      "upper_outlier_bound": 83713.13807511103,
      "outliers": "removed",
      "sample_size": 42
    },
    {
      "maximum": 68338.73323223757,
      "total": 2800817.3586108987,
      "mode": null,
      "n": 700,
      "percentiles": {
        "25": 59414.66147008636,
        "50": 66548.23682486897,
        "75": 67413.73048862927
      },
      "average": 63654.93996842951,
      "variance": 24115779.215719536,
      "standard_deviation": 4910.781935264437,
      "standard_deviation_ratio": 0.07714691016439577,
      "median": 66548.23682486897,
      "frequency_distribution": "removed",
      "minimum": 50455.919690321745,
      "lower_outlier_bound": 47416.05794227199,
      "upper_outlier_bound": 79412.33401644364,
      "outliers": "removed",
      "sample_size": 44
    },
    {
      "maximum": 69378.10163475621,
      "total": 2636197.1751891985,
      "mode": null,
      "n": 800,
      "percentiles": {
        "25": 60002.39189464234,
        "50": 67244.3403800919,
        "75": 68705.8587647838
      },
      "average": 64297.492077785326,
      "variance": 31441338.425924163,
      "standard_deviation": 5607.257656459543,
      "standard_deviation_ratio": 0.08720803059746153,
      "median": 67244.3403800919,
      "frequency_distribution": "removed",
      "minimum": 49671.374188369744,
      "lower_outlier_bound": 46947.19158943014,
      "upper_outlier_bound": 81761.059069996,
      "outliers": "removed",
      "sample_size": 41
    },
    {
      "maximum": 69322.26395422513,
      "total": 2594896.522526346,
      "mode": null,
      "n": 900,
      "percentiles": {
        "25": 60349.00669328878,
        "50": 67455.7353442621,
        "75": 68384.4566419954
      },
      "average": 64872.41306315865,
      "variance": 27492448.46366468,
      "standard_deviation": 5243.324180676289,
      "standard_deviation_ratio": 0.08082517565011,
      "median": 67455.7353442621,
      "frequency_distribution": "removed",
      "minimum": 50614.6132486787,
      "lower_outlier_bound": 48069.71161414211,
      "upper_outlier_bound": 80474.82100047974,
      "outliers": "removed",
      "sample_size": 40
    },
    {
      "maximum": 67010.78940720245,
      "total": 2697259.559204326,
      "mode": null,
      "n": 1000,
      "percentiles": {
        "25": 59105.53233693227,
        "50": 64640.23828977443,
        "75": 65913.53857490975
      },
      "average": 62726.96649312386,
      "variance": 18682860.19911074,
      "standard_deviation": 4322.367429905831,
      "standard_deviation_ratio": 0.06890764326024995,
      "median": 64640.23828977443,
      "frequency_distribution": "removed",
      "minimum": 48657.89364844185,
      "lower_outlier_bound": 47663.42770440859,
      "upper_outlier_bound": 76835.9503781554,
      "outliers": "removed",
      "sample_size": 43
    },
    {
      "maximum": 58115.68042419798,
      "total": 2222108.081804792,
      "mode": null,
      "n": 2000,
      "percentiles": {
        "25": 49234.29198817673,
        "50": 56864.481137198636,
        "75": 57489.39646766788
      },
      "average": 54197.758092799806,
      "variance": 21535130.620040096,
      "standard_deviation": 4640.595933718007,
      "standard_deviation_ratio": 0.08562339286750888,
      "median": 56864.481137198636,
      "frequency_distribution": "removed",
      "minimum": 40960.25585414217,
      "lower_outlier_bound": 36851.63526894001,
      "upper_outlier_bound": 69872.05318690461,
      "outliers": "removed",
      "sample_size": 41
    },
    {
      "maximum": 58877.0382494679,
      "total": 2430196.6535352073,
      "mode": null,
      "n": 3000,
      "percentiles": {
        "25": 49564.92476534507,
        "50": 56784.24032907603,
        "75": 57823.37750848661
      },
      "average": 54004.37007856016,
      "variance": 24071522.203892488,
      "standard_deviation": 4906.273759574825,
      "standard_deviation_ratio": 0.09084956925592629,
      "median": 56784.24032907603,
      "frequency_distribution": "removed",
      "minimum": 42133.71894112908,
      "lower_outlier_bound": 37177.24565063277,
      "upper_outlier_bound": 70211.0566231989,
      "outliers": "removed",
      "sample_size": 45
    },
    {
      "maximum": 58951.28030390564,
      "total": 2378089.0274208863,
      "mode": null,
      "n": 4000,
      "percentiles": {
        "25": 49616.51474439154,
        "50": 57401.63471737977,
        "75": 58246.324538608824
      },
      "average": 54047.47789592924,
      "variance": 28017422.005796254,
      "standard_deviation": 5293.14859094247,
      "standard_deviation_ratio": 0.09793516361919158,
      "median": 57401.63471737977,
      "frequency_distribution": "removed",
      "minimum": 40715.800051220474,
      "lower_outlier_bound": 36671.80005306561,
      "upper_outlier_bound": 71191.03922993474,
      "outliers": "removed",
      "sample_size": 44
    },
    {
      "maximum": 58491.74359793244,
      "total": 2423313.6524920072,
      "mode": null,
      "n": 5000,
      "percentiles": {
        "25": 49559.09085364279,