{
  "build_type": "sequential",
  "name": "runtime",
  "timestamp": "2026-03-19T19:51:18.294113Z",
  "impl_mod": "xb5_sets",
  "tweaks": "none",
  "impl_description": ":xb5_sets.take_smallest/1",
  "group_id": "take_smallest_x300",
  "measurements": [
    {
      "maximum": 86781.90146088653,
      "total": 4705006.470643526,
      "mode": null,
      "n": 300,
      "percentiles": {
        "25": 75883.50027798275,
        "50": 84546.7911534224,
        "75": 85424.07014198406
      },
      "average": 81120.80121799183,
      "variance": 44827100.8416795,
      "standard_deviation": 6695.304387530077,
      "standard_deviation_ratio": 0.08253498840005444,
      "median": 84546.7911534224,
      "frequency_distribution": "removed",
      "minimum": 62467.43884750074,
      "lower_outlier_bound": 60461.2820564143,
      "upper_outlier_bound": 100385.28391188144,
      "outliers": "removed",
      "sample_size": 58
    },
    {
      "maximum": 79028.64314142018,
      "total": 4242832.483002731,
      "mode": null,
      "n": 400,
      "percentiles": {
        "25": 66036.99740747527,
        "50": 77030.71273237135,
        "75": 77606.9444364285
      },
      "average": 73152.28418970226,
      "variance": 38807460.84855153,
      "standard_deviation": 6229.563455696677,
      "standard_deviation_ratio": 0.0851588371395465,
      "median": 77030.71273237135,
      "frequency_distribution": "removed",
      "minimum": 59710.68976594604,
      "lower_outlier_bound": 48682.07686404542,
      "upper_outlier_bound": 94961.86497985835,
      "outliers": "removed",
      "sample_size": 58
    },
    {
      "maximum": 74714.9624183739,
      "total": 3431217.351401856,
      "mode": null,
      "n": 500,
      "percentiles": {
        "25": 72347.80192908179,
        "50": 73210.56897057887,
        "75": 73619.64996801227
      },
      "average": 73004.62449791183,
      "variance": 842852.6366818969,
      "standard_deviation": 918.0700608787419,
      "standard_deviation_ratio": 0.012575505554514586,
      "median": 73210.56897057887,
      "frequency_distribution": "removed",
      "minimum": 70231.08132688986,
      "lower_outlier_bound": 66714.59357358041,
      "upper_outlier_bound": 77485.34328853615,
      "outliers": "removed",
      "sample_size": 47
    },
    {
      "maximum": 69361.78831337101,
      "total": 3564780.6759171505,
      "mode": null,
      "n": 600,
      "percentiles": {
        "25": 62044.86215803199,
        "50": 66621.27537104719,
        "75": 67600.31718068822
      },
      "average": 64814.19410758455,
      "variance": 16490389.588058047,
      "standard_deviation": 4060.8360700794174,
      "standard_deviation_ratio": 0.06265349937606057,
      "median": 66621.27537104719,
      "frequency_distribution": "removed",
      "minimum": 54838.631841941904,
      "lower_outlier_bound": 48444.05795905759,
      "upper_outlier_bound": 79053.02517278612,
      "outliers": "removed",
      "sample_size": 55
    },
    {
      "maximum": 68743.97201295411,
      "total": 3203968.7245257376,
      "mode": null,
      "n": 700,
      "percentiles": {
        "25": 66526.4462392155,
        "50": 67224.67831858434,
        "75": 67939.62990272236
      },
      "average": 66749.34842761954,
      "variance": 3960283.1087873997,
      "standard_deviation": 1990.0460067012018,
      "standard_deviation_ratio": 0.029813714344479814,
      "median": 67224.67831858434,
      "frequency_distribution": "removed",
      "minimum": 58931.86003683241,
      "lower_outlier_bound": 58737.120112270866,
      "upper_outlier_bound": 73114.4708373025,
      "outliers": "removed",
      "sample_size": 48
    },
    {
      "maximum": 70054.64963217806,
      "total": 3755881.4893978317,
      "mode": null,
      "n": 800,
      "percentiles": {
        "25": 58871.63099732664,
        "50": 67811.68965030868,
        "75": 68567.58878645653
      },
      "average": 63659.008294878506,
      "variance": 37149096.53783445,
      "standard_deviation": 6095.005868564398,
      "standard_deviation_ratio": 0.0957445934490744,
      "median": 67811.68965030868,
      "frequency_distribution": "removed",
      "minimum": 49218.07248247098,
      "lower_outlier_bound": 44327.6943136318,
      "upper_outlier_bound": 83111.52547015136,
      "outliers": "removed",
      "sample_size": 59
    },
    {
      "maximum": 69701.27427869636,
      "total": 3696614.2258247877,
      "mode": null,
      "n": 900,
      "percentiles": {
        "25": 60011.72238581233,
        "50": 67526.54975119843,
        "75": 68230.67056076182
      },
      "average": 64852.88115482084,
      "variance": 23495263.47582271,
      "standard_deviation": 4847.191297630279,
      "standard_deviation_ratio": 0.07474134088289404,
      "median": 67526.54975119843,
      "frequency_distribution": "removed",
      "minimum": 52230.85830447143,
      "lower_outlier_bound": 47683.3001233881,
      "upper_outlier_bound": 80559.09282318605,
      "outliers": "removed",
      "sample_size": 57
    },
    {
      "maximum": 69122.11458372934,
      "total": 3588305.8451515376,
      "mode": null,
      "n": 1000,
      "percentiles": {
        "25": 58322.66200874318,
        "50": 65472.44919337943,
        "75": 67976.83216074709
      },
      "average": 62952.73412546557,
      "variance": 32596764.34169811,
      "standard_deviation": 5709.35761199963,
      "standard_deviation_ratio": 0.09069276642728194,
      "median": 65472.44919337943,
      "frequency_distribution": "removed",
      "minimum": 50577.903121061245,
      "lower_outlier_bound": 43541.8466572801,
      "upper_outlier_bound": 82626.89977455216,
      "outliers": "removed",
      "sample_size": 57
    },
    {
      "maximum": 61015.232452781835,
      "total": 3251467.4613236324,
      "mode": null,
      "n": 2000,
      "percentiles": {
        "25": 50458.083712988366,
        "50": 56365.27403105276,
        "75": 59795.80927050309
      },
      "average": 55109.61798853614,
      "variance": 25764725.760832004,
      "standard_deviation": 5075.896547491094,
      "standard_deviation_ratio": 0.09210545695575276,
      "median": 56365.27403105276,
      "frequency_distribution": "removed",
      "minimum": 46208.1371605377,
      "lower_outlier_bound": 36451.49537671628,
      "upper_outlier_bound": 73802.39760677516,
      "outliers": "removed",
      "sample_size": 59
    },
    {
      "maximum": 61499.66943927676,
      "total": 3184498.0722535835,
      "mode": null,
      "n": 3000,
      "percentiles": {
        "25": 53443.38851053142,
        "50": 58949.37193452425,
        "75": 60076.97873301572
      },
      "average": 56866.037004528276,
      "variance": 18915159.224291004,
      "standard_deviation": 4349.156150828688,
      "standard_deviation_ratio": 0.07648073225996674,
      "median": 58949.37193452425,
      "frequency_distribution": "removed",
      "minimum": 44267.02221938913,
      "lower_outlier_bound": 43020.72990096992,
      "upper_outlier_bound": 70264.79025303078,
      "outliers": "removed",
      "sample_size": 56
    },
    {
      "maximum": 60109.51954461028,
      "total": 3147613.252899778,
      "mode": null,
      "n": 4000,
      "percentiles": {
        "25": 50209.28010674678,
        "50": 57086.76975268722,
        "75": 59400.77269975836
      },
      "average": 54269.194015513414,
      "variance": 37706729.47527388,
      "standard_deviation": 6140.580548716373,
      "standard_deviation_ratio": 0.11315039149026286,
      "median": 57086.76975268722,
      "frequency_distribution": "removed",
      "minimum": 35430.85155571555,
      "lower_outlier_bound": 35255.291442602844,
      "upper_outlier_bound": 73868.40691119933,
      "outliers": "removed",
      "sample_size": 58
    },
    {
      "maximum": 58902.38931652024,
      "total": 2644665.375550945,
      "mode": null,
      "n": 5000,
      "percentiles": {
        "25": 57246.85847403858,