{
  "build_type": "sequential",
  "name": "runtime",
  "timestamp": "2026-03-19T19:51:18.254182Z",
  "impl_mod": "xb5_sets",
  "tweaks": "none",
  "impl_description": ":xb5_sets.union/2",
  "group_id": "union_100_1000",
  "measurements": [
    {
      "maximum": 11980352.222355338,
      "total": 448022833.1730608,
      "mode": null,
      "n": 0,
      "percentiles": {
        "25": 10156690.604668085,
        "50": 10679285.710888768,
        "75": 11218213.985197611
      },
      "average": 10667210.313644305,
      "variance": 489613616209.0085,
      "standard_deviation": 699723.957149538,
      "standard_deviation_ratio": 0.06559577776905075,
      "median": 10679285.710888768,
      "frequency_distribution": "removed",
      "minimum": 9026085.386767758,
      "lower_outlier_bound": 8564405.533873795,
      "upper_outlier_bound": 12810499.055991901,
      "outliers": "removed",
      "sample_size": 42
    },
    {
      "maximum": 187254.34570522796,
      "total": 7639831.520607953,
      "mode": null,
      "n": 100,
      "percentiles": {
        "25": 179749.0020425406,
        "50": 182738.5626296365,
        "75": 184620.90422446592
      },
      "average": 181900.75049066555,
      "variance": 13076826.89907174,
      "standard_deviation": 3616.1895551908974,
      "standard_deviation_ratio": 0.019880014488321017,
      "median": 182738.5626296365,
      "frequency_distribution": "removed",
      "minimum": 171349.06546219697,
      "lower_outlier_bound": 169995.32221915305,
      "upper_outlier_bound": 193357.79567576468,
      "outliers": "removed",
      "sample_size": 42
    },
    {
      "maximum": 97731.36189630115,
      "total": 3846179.9210743476,
      "mode": null,
      "n": 200,
      "percentiles": {
        "25": 88793.99773371578,
        "50": 93536.81264658262,
        "75": 95818.36585488664
      },
      "average": 91575.71240653208,
      "variance": 26860575.14569493,
      "standard_deviation": 5182.7188951065955,
      "standard_deviation_ratio": 0.05659490665056418,
      "median": 93536.81264658262,
      "frequency_distribution": "removed",
      "minimum": 78063.2812182868,
      "lower_outlier_bound": 77820.23853069417,
      "upper_outlier_bound": 106399.96573691304,
      "outliers": "removed",
      "sample_size": 42
    },
    {
      "maximum": 92441.09191417768,
      "total": 3487789.2316983263,
      "mode": null,
      "n": 300,
      "percentiles": {
        "25": 85412.4488268967,
        "50": 87802.53378169086,
        "75": 89104.55257299077
      },
      "average": 87194.73079245815,
      "variance": 8210757.89715672,
      "standard_deviation": 2865.442007292543,
      "standard_deviation_ratio": 0.03286255925387165,
      "median": 87802.53378169086,
      "frequency_distribution": "removed",
      "minimum": 80918.32589693919,
      "lower_outlier_bound": 79060.49171566131,
      "upper_outlier_bound": 94481.26532748231,
      "outliers": "removed",
      "sample_size": 40
    },
    {
      "maximum": 85541.22359877061,
      "total": 3264589.5320323207,
      "mode": null,
      "n": 400,
      "percentiles": {
        "25": 80170.58319620715,
        "50": 81922.79939879854,
        "75": 84247.65564537136
      },
      "average": 81614.73830080802,
      "variance": 9195789.691158595,
      "standard_deviation": 3032.456049336675,
      "standard_deviation_ratio": 0.03715574064772382,
      "median": 81922.79939879854,
      "frequency_distribution": "removed",
      "minimum": 73243.97568300007,
      "lower_outlier_bound": 72803.70137313829,
      "upper_outlier_bound": 91068.67518645857,
      "outliers": "removed",
      "sample_size": 40
    },
    {
      "maximum": 82333.73320083092,
      "total": 3080520.5667236526,
      "mode": null,
      "n": 500,
      "percentiles": {
        "25": 77731.24267383038,
        "50": 79130.70176271551,
        "75": 80409.96215103082
      },
      "average": 78987.70683906802,
      "variance": 3793676.1737419893,
      "standard_deviation": 1947.736166358778,
      "standard_deviation_ratio": 0.024658725316930082,
      "median": 79130.70176271551,
      "frequency_distribution": "removed",
      "minimum": 73201.19054416301,
      "lower_outlier_bound": 72777.0648229936,
      "upper_outlier_bound": 84882.58754837049,
      "outliers": "removed",
      "sample_size": 39
    },
    {
      "maximum": 81146.37101256876,
      "total": 3217205.663272702,
      "mode": null,
      "n": 600,
      "percentiles": {
        "25": 73718.03260593882,
        "50": 78340.62031905568,
        "75": 79977.86243856726
      },
      "average": 76600.13483982623,
      "variance": 18283311.26762888,
      "standard_deviation": 4275.898884167968,
      "standard_deviation_ratio": 0.05582103599568113,
      "median": 78340.62031905568,
      "frequency_distribution": "removed",
      "minimum": 63073.65489123579,
      "lower_outlier_bound": 62964.17506567823,
      "upper_outlier_bound": 90181.46908068829,
      "outliers": "removed",
      "sample_size": 42
    },
    {
      "maximum": 83157.87022715404,
      "total": 3389426.285514158,
      "mode": null,
      "n": 700,
      "percentiles": {
        "25": 76639.09958254683,
        "50": 79730.63801253845,
        "75": 81954.38255158413
      },
      "average": 78823.86710498043,
      "variance": 12141669.984639134,
      "standard_deviation": 3484.4899174253806,
      "standard_deviation_ratio": 0.044206025984295,
      "median": 79730.63801253845,
      "frequency_distribution": "removed",
      "minimum": 69229.68818256145,
      "lower_outlier_bound": 68477.8496462015,
      "upper_outlier_bound": 89993.83619487801,
      "outliers": "removed",
      "sample_size": 43
    },
    {
      "maximum": 84700.18252889335,
      "total": 3220420.527028581,
      "mode": null,
      "n": 800,
      "percentiles": {
        "25": 78918.31129193434,
        "50": 81586.52667015354,
        "75": 82520.64643265371
      },
      "average": 80510.51317571453,
      "variance": 10280822.275866406,
      "standard_deviation": 3206.3721362103943,
      "standard_deviation_ratio": 0.03982550861665077,
      "median": 81586.52667015354,
      "frequency_distribution": "removed",
      "minimum": 71832.32037789548,
      "lower_outlier_bound": 70437.29250422573,
      "upper_outlier_bound": 89532.84976679877,
      "outliers": "removed",
      "sample_size": 40
    },
    {
      "maximum": 83605.74873128276,
      "total": 3498274.5303081954,
      "mode": null,
      "n": 900,
      "percentiles": {
        "25": 72016.24899225606,
        "50": 80559.01511770478,
        "75": 82787.07950423453
      },
      "average": 77739.43400684878,
      "variance": 36037544.04791837,
      "standard_deviation": 6003.127855369929,
      "standard_deviation_ratio": 0.07722114178038728,
      "median": 80559.01511770478,
      "frequency_distribution": "removed",
      "minimum": 63598.99055682188,
      "lower_outlier_bound": 55860.00322428837,
      "upper_outlier_bound": 98943.32527220223,
      "outliers": "removed",
      "sample_size": 45
    },
    {
      "maximum": 82018.37375608884,
      "total": 3116542.8345305403,
      "mode": null,
      "n": 1000,
      "percentiles": {
        "25": 79311.32391220554,
        "50": 80294.58477261377,
        "75": 81081.76041474943
      },
      "average": 79911.35473155232,
      "variance": 2732952.9618482273,
      "standard_deviation": 1653.164529575997,
      "standard_deviation_ratio": 0.020687479709604512,
      "median": 80294.58477261377,
      "frequency_distribution": "removed",
      "minimum": 74818.82621232685,
      "lower_outlier_bound": 74449.93203949768,
      "upper_outlier_bound": 84989.51294266709,
      "outliers": "removed",
      "sample_size": 39
    },
    {
      "maximum": 40972.84279007031,
      "total": 1800285.823460931,
      "mode": null,
      "n": 2000,
      "percentiles": {
        "25": 36978.38696767337,