{
  "build_type": "xb5_adversarial",
  "name": "runtime",
  "timestamp": "2026-03-05T19:54:07.027111Z",
  "impl_mod": "gb_sets",
  "group_id": "add_new_x100",
  "impl_description": ":gb_sets.add/2",
  "tweaks": "none",
  "measurements": [
    {
      "maximum": 112630.49650901776,
      "total": 6223661.576792019,
      "mode": null,
      "n": 0,
      "percentiles": {
        "25": 99568.86680672687,
        "50": 108296.1336114378,
        "75": 109413.02102480612
      },
      "average": 105485.78943715287,
      "sample_size": 59,
      "variance": 32735700.183372807,
      "standard_deviation": 5721.512053939308,
      "frequency_distribution": "removed",
      "lower_outlier_bound": 84802.635479608,
      "median": 108296.1336114378,
      "minimum": 90239.3508542057,
      "outliers": "removed",
      "standard_deviation_ratio": 0.05423964767641157,
      "upper_outlier_bound": 124179.25235192498
    },
    {
      "maximum": 104782.37225195131,
      "total": 5675132.681101322,
      "mode": null,
      "n": 100,
      "percentiles": {
        "25": 92716.55806467166,
        "50": 96468.57487939016,
        "75": 99613.30116487795
      },
      "average": 96188.6895101919,
      "sample_size": 59,
      "variance": 17310400.39672682,
      "standard_deviation": 4160.576930754534,
      "frequency_distribution": "removed",
      "lower_outlier_bound": 82371.4434143622,
      "median": 96468.57487939016,
      "minimum": 86479.45594044679,
      "outliers": "removed",
      "standard_deviation_ratio": 0.043254325970556964,
      "upper_outlier_bound": 109958.41581518739
    },
    {
      "maximum": 92277.3117773533,
      "total": 4995705.007413606,
      "mode": null,
      "n": 200,
      "percentiles": {
        "25": 81661.18447914864,
        "50": 85675.34015251925,
        "75": 87668.7733472902
      },
      "average": 84672.96622734926,
      "sample_size": 59,
      "variance": 14450774.451330142,
      "standard_deviation": 3801.417426609467,
      "frequency_distribution": "removed",
      "lower_outlier_bound": 72649.80117693628,
      "median": 85675.34015251925,
      "minimum": 77350.22868595111,
      "outliers": "removed",
      "standard_deviation_ratio": 0.044895290622068866,
      "upper_outlier_bound": 96680.15664950255
    },
    {
      "maximum": 87182.28595441063,
      "total": 4768337.876707015,
      "mode": null,
      "n": 300,
      "percentiles": {
        "25": 78174.53089418374,
        "50": 82381.41607063712,
        "75": 83062.68741018848
      },
      "average": 80819.2860458816,
      "sample_size": 59,
      "variance": 11362108.315177076,
      "standard_deviation": 3370.772658483078,
      "frequency_distribution": "removed",
      "lower_outlier_bound": 71029.21843377536,
      "median": 82381.41607063712,
      "minimum": 72959.0969414817,
      "outliers": "removed",
      "standard_deviation_ratio": 0.04170752828191862,
      "upper_outlier_bound": 90345.73116225674
    },
    {
      "maximum": 86054.0023286213,
      "total": 4531994.074653515,
      "mode": null,
      "n": 400,
      "percentiles": {
        "25": 77685.51707271834,
        "50": 79309.75137186043,
        "75": 82523.00196887975
      },
      "average": 79508.66797637744,
      "sample_size": 57,
      "variance": 14327028.781441292,
      "standard_deviation": 3785.106178357655,
      "frequency_distribution": "removed",
      "lower_outlier_bound": 70053.45048838646,
      "median": 79309.75137186043,
      "minimum": 71515.51386042174,
      "outliers": "removed",
      "standard_deviation_ratio": 0.04760620791034049,
      "upper_outlier_bound": 90050.76876155219
    },
    {
      "maximum": 81377.36065551091,
      "total": 4373126.478348263,
      "mode": null,
      "n": 500,
      "percentiles": {
        "25": 70753.58080829956,
        "50": 73670.05576011378,
        "75": 75550.33103689353
      },
      "average": 72885.44130580437,
      "sample_size": 60,
      "variance": 11138930.941632258,
      "standard_deviation": 3337.5036991188877,
      "frequency_distribution": "removed",
      "lower_outlier_bound": 63558.45546540861,
      "median": 73670.05576011378,
      "minimum": 63694.267515923566,
      "outliers": "removed",
      "standard_deviation_ratio": 0.04579108858126786,
      "upper_outlier_bound": 82745.45637978449
    },
    {
      "maximum": 64179.661978556294,
      "total": 3475197.308259724,
      "mode": null,
      "n": 600,
      "percentiles": {
        "25": 58885.249246668056,
        "50": 60425.95293212075,
        "75": 61078.65477727585
      },
      "average": 59917.194969995246,
      "sample_size": 58,
      "variance": 2892949.3901113304,
      "standard_deviation": 1700.867246469086,
      "frequency_distribution": "removed",
      "lower_outlier_bound": 54552.94398314629,
      "median": 60425.95293212075,
      "minimum": 54687.00439902263,
      "outliers": "removed",
      "standard_deviation_ratio": 0.028386963831014283,
      "upper_outlier_bound": 64948.21760441096
    },
    {
      "maximum": 70295.2611855577,
      "total": 3898225.1746004126,
      "mode": null,
      "n": 700,
      "percentiles": {
        "25": 66083.38057298076,
        "50": 67375.78684492272,
        "75": 68685.86599036076
      },
      "average": 67210.77887242091,
      "sample_size": 58,
      "variance": 3145795.385051944,
      "standard_deviation": 1773.6390233223738,
      "frequency_distribution": "removed",
      "lower_outlier_bound": 62095.84197990887,
      "median": 67375.78684492272,
      "minimum": 62807.00850846544,
      "outliers": "removed",
      "standard_deviation_ratio": 0.02638920502154996,
      "upper_outlier_bound": 72558.46383846062
    },
    {
      "maximum": 69524.92920624083,
      "total": 3825077.3964249874,
      "mode": null,
      "n": 800,
      "percentiles": {
        "25": 62920.54519393999,
        "50": 65286.424602013954,
        "75": 67005.49109999565
      },
      "average": 64831.82027838962,
      "sample_size": 59,
      "variance": 6451083.814780604,
      "standard_deviation": 2539.8983867038073,
      "frequency_distribution": "removed",
      "lower_outlier_bound": 56793.12633485651,
      "median": 65286.424602013954,
      "minimum": 59514.032218516484,
      "outliers": "removed",
      "standard_deviation_ratio": 0.039176724882895676,
      "upper_outlier_bound": 73132.90995907913
    },
    {
      "maximum": 66369.90469945384,
      "total": 3582528.983120017,
      "mode": null,
      "n": 900,
      "percentiles": {
        "25": 59410.01106214406,
        "50": 60691.98574466639,
        "75": 62722.2720515828
      },
      "average": 60720.83022237317,
      "sample_size": 59,
      "variance": 4894084.358919355,
      "standard_deviation": 2212.2577514655372,
      "frequency_distribution": "removed",
      "lower_outlier_bound": 54465.533543501704,
      "median": 60691.98574466639,
      "minimum": 55267.21421738032,
      "outliers": "removed",
      "standard_deviation_ratio": 0.03643325928456113,
      "upper_outlier_bound": 67725.11367198451
    },
    {
      "maximum": 62742.77532627812,
      "total": 3392373.3887175554,
      "mode": null,
      "n": 1000,
      "percentiles": {
        "25": 57323.904115477824,
        "50": 58628.24899458236,
        "75": 59549.52876627106
      },
      "average": 58489.19635719923,
      "sample_size": 58,
      "variance": 2797391.0876974976,
      "standard_deviation": 1672.5403097377048,
      "frequency_distribution": "removed",
      "lower_outlier_bound": 53213.002481817966,
      "median": 58628.24899458236,
      "minimum": 54881.97083352542,
      "outliers": "removed",
      "standard_deviation_ratio": 0.028595713634417846,
      "upper_outlier_bound": 63247.90871596729
    },
    {
      "maximum": 46550.44881615226,
      "total": 2324334.567125903,
      "mode": null,
      "n": 2000,
      "percentiles": {
        "25": 45312.69611901289,