{
  "build_type": "xb5_adversarial",
  "name": "runtime",
  "timestamp": "2026-03-05T19:54:06.914786Z",
  "impl_mod": "gb_sets",
  "group_id": "difference_050_1000",
  "impl_description": ":gb_sets.difference/2",
  "tweaks": "none",
  "measurements": [
    {
      "maximum": 9070294.784580499,
      "total": 746769196.9957482,
      "mode": [
        8058017.727639001,
        8982304.859426929
      ],
      "n": 0,
      "percentiles": {
        "25": 7301935.986094598,
        "50": 7683442.182097579,
        "75": 8219657.8502222
      },
      "average": 7698651.515420084,
      "sample_size": 97,
      "variance": 457326498322.497,
      "standard_deviation": 676259.1946306513,
      "frequency_distribution": "removed",
      "lower_outlier_bound": 5835629.308508417,
      "median": 7683442.182097579,
      "minimum": 5837030.119075415,
      "outliers": "removed",
      "standard_deviation_ratio": 0.08784125288385009,
      "upper_outlier_bound": 9602220.380340407
    },
    {
      "maximum": 165125.7680412286,
      "total": 14322536.29388569,
      "mode": null,
      "n": 100,
      "percentiles": {
        "25": 145266.06141991387,
        "50": 150394.71258564587,
        "75": 154361.78199687824
      },
      "average": 149193.0863946426,
      "sample_size": 96,
      "variance": 61475265.943322696,
      "standard_deviation": 7840.616426233507,
      "frequency_distribution": "removed",
      "lower_outlier_bound": 127703.3604570012,
      "median": 150394.71258564587,
      "minimum": 129120.05970511561,
      "outliers": "removed",
      "standard_deviation_ratio": 0.052553483647986635,
      "upper_outlier_bound": 169758.28412540763
    },
    {
      "maximum": 84338.43665213515,
      "total": 7501244.254820721,
      "mode": null,
      "n": 200,
      "percentiles": {
        "25": 75736.18900928833,
        "50": 77616.30998091414,
        "75": 79265.66318468799
      },
      "average": 77332.41499815177,
      "sample_size": 97,
      "variance": 8010932.843530938,
      "standard_deviation": 2830.3591368465836,
      "frequency_distribution": "removed",
      "lower_outlier_bound": 70211.7254447037,
      "median": 77616.30998091414,
      "minimum": 70446.59619658827,
      "outliers": "removed",
      "standard_deviation_ratio": 0.0365999062219152,
      "upper_outlier_bound": 84624.17573912021
    },
    {
      "maximum": 70273.37749312376,
      "total": 6666627.558429443,
      "mode": null,
      "n": 300,
      "percentiles": {
        "25": 64344.900921475164,
        "50": 66427.88057861342,
        "75": 67560.81157304253
      },
      "average": 66006.21344979647,
      "sample_size": 101,
      "variance": 4947585.38537381,
      "standard_deviation": 2224.316835653997,
      "frequency_distribution": "removed",
      "lower_outlier_bound": 59521.03494412411,
      "median": 66427.88057861342,
      "minimum": 59881.888962210935,
      "outliers": "removed",
      "standard_deviation_ratio": 0.03369859774407125,
      "upper_outlier_bound": 72384.6775503936
    },
    {
      "maximum": 69265.55652450373,
      "total": 6331671.007559871,
      "mode": null,
      "n": 400,
      "percentiles": {
        "25": 61541.2957684925,
        "50": 63436.15918458403,
        "75": 65398.64152036013
      },
      "average": 63316.71007559871,
      "sample_size": 100,
      "variance": 5164384.236263775,
      "standard_deviation": 2272.5281596195405,
      "frequency_distribution": "removed",
      "lower_outlier_bound": 55755.277140691054,
      "median": 63436.15918458403,
      "minimum": 57490.59310170374,
      "outliers": "removed",
      "standard_deviation_ratio": 0.03589144408965964,
      "upper_outlier_bound": 71184.66014816158
    },
    {
      "maximum": 60534.1900131904,
      "total": 5625341.627579696,
      "mode": null,
      "n": 500,
      "percentiles": {
        "25": 55059.90812969117,
        "50": 56413.60659855415,
        "75": 57467.03734848816
      },
      "average": 56253.41627579695,
      "sample_size": 100,
      "variance": 3321320.270098538,
      "standard_deviation": 1822.4489759931657,
      "frequency_distribution": "removed",
      "lower_outlier_bound": 51342.947340907784,
      "median": 56413.60659855415,
      "minimum": 51665.80901423703,
      "outliers": "removed",
      "standard_deviation_ratio": 0.032397125306277176,
      "upper_outlier_bound": 61136.84195910367
    },
    {
      "maximum": 52672.16423602186,
      "total": 4976504.587564668,
      "mode": null,
      "n": 600,
      "percentiles": {
        "25": 48940.91852315884,
        "50": 50735.35828295312,
        "75": 51586.94334463947
      },
      "average": 50267.72310671381,
      "sample_size": 99,
      "variance": 3142823.4724180484,
      "standard_deviation": 1772.8010244858413,
      "frequency_distribution": "removed",
      "lower_outlier_bound": 44498.05585566741,
      "median": 50735.35828295312,
      "minimum": 45226.39882990261,
      "outliers": "removed",
      "standard_deviation_ratio": 0.035267183690065804,
      "upper_outlier_bound": 55831.61274828696
    },
    {
      "maximum": 51071.949140510165,
      "total": 4737087.2608032,
      "mode": null,
      "n": 700,
      "percentiles": {
        "25": 46312.714813733604,
        "50": 47731.7747504039,
        "75": 48614.88433906151
      },
      "average": 47370.872608032005,
      "sample_size": 100,
      "variance": 3145674.138267528,
      "standard_deviation": 1773.604842761636,
      "frequency_distribution": "removed",
      "lower_outlier_bound": 42628.99139014466,
      "median": 47731.7747504039,
      "minimum": 43207.94818848517,
      "outliers": "removed",
      "standard_deviation_ratio": 0.03744083115034092,
      "upper_outlier_bound": 52191.42954450395
    },
    {
      "maximum": 47691.174843477565,
      "total": 4527823.782882185,
      "mode": null,
      "n": 800,
      "percentiles": {
        "25": 44390.31100854682,
        "50": 45705.73723456721,
        "75": 46542.80011539959
      },
      "average": 45278.237828821846,
      "sample_size": 100,
      "variance": 2491664.659706815,
      "standard_deviation": 1578.5007632899058,
      "frequency_distribution": "removed",
      "lower_outlier_bound": 41075.130107302175,
      "median": 45705.73723456721,
      "minimum": 41078.6936318166,
      "outliers": "removed",
      "standard_deviation_ratio": 0.03486223932250985,
      "upper_outlier_bound": 49795.875157802584
    },
    {
      "maximum": 44228.13935755974,
      "total": 4226726.2929084245,
      "mode": null,
      "n": 900,
      "percentiles": {
        "25": 40628.416199329324,
        "50": 42202.64019717074,
        "75": 43119.144055847006
      },
      "average": 41848.77517731113,
      "sample_size": 101,
      "variance": 2428699.4400321627,
      "standard_deviation": 1558.4285161765242,
      "frequency_distribution": "removed",
      "lower_outlier_bound": 36873.012370976496,
      "median": 42202.64019717074,
      "minimum": 37484.111422270886,
      "outliers": "removed",
      "standard_deviation_ratio": 0.037239525161095924,
      "upper_outlier_bound": 46865.774443800845
    },
    {
      "maximum": 40992.89716070896,
      "total": 3970238.905077429,
      "mode": null,
      "n": 1000,
      "percentiles": {
        "25": 37638.435510030045,
        "50": 39243.15147952613,
        "75": 40247.210462968455
      },
      "average": 38923.91083409244,
      "sample_size": 102,
      "variance": 2192172.791544413,
      "standard_deviation": 1480.5987949287319,
      "frequency_distribution": "removed",
      "lower_outlier_bound": 33725.27308062243,
      "median": 39243.15147952613,
      "minimum": 35762.74423272105,
      "outliers": "removed",
      "standard_deviation_ratio": 0.0380382845197537,
      "upper_outlier_bound": 44160.372892376065
    },
    {
      "maximum": 24884.938266689394,
      "total": 2336911.1605721144,
      "mode": null,