{
  "build_type": "xb5_adversarial",
  "name": "runtime",
  "timestamp": "2026-03-05T19:54:06.940206Z",
  "impl_mod": "gb_sets",
  "group_id": "difference_100_0500",
  "impl_description": ":gb_sets.difference/2",
  "tweaks": "none",
  "measurements": [
    {
      "maximum": 8799718.409010911,
      "total": 449226306.64917195,
      "mode": 8307027.74547267,
      "n": 0,
      "percentiles": {
        "25": 7423085.245254575,
        "50": 7612092.4064791985,
        "75": 8188213.155158747
      },
      "average": 7745281.149123655,
      "sample_size": 58,
      "variance": 202362378316.85132,
      "standard_deviation": 449847.0610294696,
      "frequency_distribution": "removed",
      "lower_outlier_bound": 6244192.35684091,
      "median": 7612092.4064791985,
      "minimum": 6969612.489545581,
      "outliers": "removed",
      "standard_deviation_ratio": 0.05808014613909372,
      "upper_outlier_bound": 9329662.691704614
    },
    {
      "maximum": 173869.1982021925,
      "total": 9047578.154116843,
      "mode": null,
      "n": 100,
      "percentiles": {
        "25": 140775.05491622793,
        "50": 153982.23549475195,
        "75": 161357.0327664877
      },
      "average": 150792.9692352807,
      "sample_size": 60,
      "variance": 160671292.87665507,
      "standard_deviation": 12675.618047127133,
      "frequency_distribution": "removed",
      "lower_outlier_bound": 109902.08814083827,
      "median": 153982.23549475195,
      "minimum": 124838.17851110498,
      "outliers": "removed",
      "standard_deviation_ratio": 0.08405974172011625,
      "upper_outlier_bound": 192229.99954187736
    },
    {
      "maximum": 127267.104380661,
      "total": 6410326.706028807,
      "mode": null,
      "n": 200,
      "percentiles": {
        "25": 119480.09492142468,
        "50": 120790.59862612773,
        "75": 122531.48260474092
      },
      "average": 120949.56049110957,
      "sample_size": 53,
      "variance": 7807122.223963212,
      "standard_deviation": 2794.122800444392,
      "frequency_distribution": "removed",
      "lower_outlier_bound": 112523.35785992583,
      "median": 120790.59862612773,
      "minimum": 115199.41017901988,
      "outliers": "removed",
      "standard_deviation_ratio": 0.02310155397918767,
      "upper_outlier_bound": 127777.98343853513
    },
    {
      "maximum": 111460.35355224147,
      "total": 5542928.233066946,
      "mode": null,
      "n": 300,
      "percentiles": {
        "25": 103016.76885853519,
        "50": 104803.56667498108,
        "75": 106548.47219163697
      },
      "average": 104583.55156730088,
      "sample_size": 53,
      "variance": 9382374.097730272,
      "standard_deviation": 3063.0661268947933,
      "frequency_distribution": "removed",
      "lower_outlier_bound": 96266.84914372189,
      "median": 104803.56667498108,
      "minimum": 96514.01045632789,
      "outliers": "removed",
      "standard_deviation_ratio": 0.0292882205757152,
      "upper_outlier_bound": 112702.4606193064
    },
    {
      "maximum": 108715.14999972821,
      "total": 5415013.284146001,
      "mode": null,
      "n": 400,
      "percentiles": {
        "25": 100331.0649176123,
        "50": 103345.71414988849,
        "75": 104467.53752872073
      },
      "average": 102170.06196501887,
      "sample_size": 53,
      "variance": 12358842.218571868,
      "standard_deviation": 3515.5145026826253,
      "frequency_distribution": "removed",
      "lower_outlier_bound": 92609.2263715546,
      "median": 103345.71414988849,
      "minimum": 93125.30382130372,
      "outliers": "removed",
      "standard_deviation_ratio": 0.03440846012099192,
      "upper_outlier_bound": 111682.14230891067
    },
    {
      "maximum": 103482.49645313743,
      "total": 5652685.294886063,
      "mode": null,
      "n": 500,
      "percentiles": {
        "25": 91311.44232814958,
        "50": 96095.3573450006,
        "75": 100809.2970366099
      },
      "average": 95808.22533705192,
      "sample_size": 59,
      "variance": 28891666.04081503,
      "standard_deviation": 5375.096840133676,
      "frequency_distribution": "removed",
      "lower_outlier_bound": 77064.6602654591,
      "median": 96095.3573450006,
      "minimum": 82192.36630178736,
      "outliers": "removed",
      "standard_deviation_ratio": 0.05610266572858609,
      "upper_outlier_bound": 115056.07909930038
    },
    {
      "maximum": 82252.46736838989,
      "total": 4608122.501294426,
      "mode": null,
      "n": 600,
      "percentiles": {
        "25": 75249.86718398442,
        "50": 79006.97710614825,
        "75": 80627.86531276355
      },
      "average": 78103.7712083801,
      "sample_size": 59,
      "variance": 8352818.764389988,
      "standard_deviation": 2890.1243510254,
      "frequency_distribution": "removed",
      "lower_outlier_bound": 67191.43960976115,
      "median": 79006.97710614825,
      "minimum": 71272.07830805788,
      "outliers": "removed",
      "standard_deviation_ratio": 0.037003646639732365,
      "upper_outlier_bound": 88796.40020572543
    },
    {
      "maximum": 72603.39812944605,
      "total": 4125475.5923957536,
      "mode": null,
      "n": 700,
      "percentiles": {
        "25": 67224.94265257954,
        "50": 69296.92624048049,
        "75": 70355.75820220067
      },
      "average": 68757.92653992922,
      "sample_size": 60,
      "variance": 4913332.148139518,
      "standard_deviation": 2216.6037417949824,
      "frequency_distribution": "removed",
      "lower_outlier_bound": 62528.719328147854,
      "median": 69296.92624048049,
      "minimum": 62920.07011812614,
      "outliers": "removed",
      "standard_deviation_ratio": 0.03223779211125211,
      "upper_outlier_bound": 75051.98152663236
    },
    {
      "maximum": 63923.006017711785,
      "total": 3580741.7162823216,
      "mode": null,
      "n": 800,
      "percentiles": {
        "25": 59066.67564480136,
        "50": 61488.51394559496,
        "75": 62360.701782393575
      },
      "average": 60690.537564107144,
      "sample_size": 59,
      "variance": 4869821.507214636,
      "standard_deviation": 2206.7672072999985,
      "frequency_distribution": "removed",
      "lower_outlier_bound": 54125.63643841304,
      "median": 61488.51394559496,
      "minimum": 55126.57889412775,
      "outliers": "removed",
      "standard_deviation_ratio": 0.03636097645319091,
      "upper_outlier_bound": 67301.7409887819
    },
    {
      "maximum": 59673.31248347795,
      "total": 3274896.3937218934,
      "mode": null,
      "n": 900,
      "percentiles": {
        "25": 55097.02889823974,
        "50": 57037.487474582354,
        "75": 58213.61468476392
      },
      "average": 56463.73092623954,
      "sample_size": 58,
      "variance": 5144843.7454069825,
      "standard_deviation": 2268.2248004567323,
      "frequency_distribution": "removed",
      "lower_outlier_bound": 50422.15021845348,
      "median": 57037.487474582354,
      "minimum": 51495.13551202386,
      "outliers": "removed",
      "standard_deviation_ratio": 0.040171358910373635,
      "upper_outlier_bound": 62888.49336455019
    },
    {
      "maximum": 55247.94726251946,
      "total": 3023000.0943612005,
      "mode": null,
      "n": 1000,
      "percentiles": {
        "25": 49925.98472764127,
        "50": 51900.519160893164,
        "75": 52614.326986467066
      },
      "average": 51237.2897349356,
      "sample_size": 59,
      "variance": 3798935.8957260298,
      "standard_deviation": 1949.085912864292,
      "frequency_distribution": "removed",
      "lower_outlier_bound": 45410.8298370165,
      "median": 51900.519160893164,
      "minimum": 46431.485004255446,
      "outliers": "removed",
      "standard_deviation_ratio": 0.03804037885195415,
      "upper_outlier_bound": 56896.15222460867
    },
    {
      "maximum": 28653.32796943034,
      "total": 1630403.2571612988,
      "mode": null,
      "n": 2000,