{
  "build_type": "xb5_adversarial",
  "name": "runtime",
  "timestamp": "2026-03-05T19:54:06.984283Z",
  "impl_mod": "gb_sets",
  "group_id": "intersection_100_0050",
  "impl_description": ":gb_sets.intersection/2",
  "tweaks": "none",
  "measurements": [
    {
      "maximum": 9106638.739641199,
      "total": 549662873.3945644,
      "mode": 7780284.758422159,
      "n": 0,
      "percentiles": {
        "25": 7482512.660504362,
        "50": 8036647.110825364,
        "75": 8377461.214344198
      },
      "average": 7966128.599921223,
      "sample_size": 69,
      "variance": 357059257435.40656,
      "standard_deviation": 597544.3560401241,
      "frequency_distribution": "removed",
      "lower_outlier_bound": 6134810.050387647,
      "median": 8036647.110825364,
      "minimum": 6760868.0954634575,
      "outliers": "removed",
      "standard_deviation_ratio": 0.07501063390390575,
      "upper_outlier_bound": 9666907.412663884
    },
    {
      "maximum": 488835.00840796216,
      "total": 27782664.883765567,
      "mode": null,
      "n": 100,
      "percentiles": {
        "25": 357109.6969567112,
        "50": 398100.2655328771,
        "75": 425903.447688409
      },
      "average": 391305.13920796575,
      "sample_size": 71,
      "variance": 2023645769.7607932,
      "standard_deviation": 44984.950480808504,
      "frequency_distribution": "removed",
      "lower_outlier_bound": 253919.07085916444,
      "median": 398100.2655328771,
      "minimum": 278309.65845838713,
      "outliers": "removed",
      "standard_deviation_ratio": 0.11496130761753295,
      "upper_outlier_bound": 529094.0737859558
    },
    {
      "maximum": 304181.58423852705,
      "total": 16430480.387592219,
      "mode": null,
      "n": 200,
      "percentiles": {
        "25": 260569.28254376233,
        "50": 272005.96237069514,
        "75": 278042.6056014728
      },
      "average": 269352.1375015118,
      "sample_size": 61,
      "variance": 238987763.55176675,
      "standard_deviation": 15459.229073655864,
      "frequency_distribution": "removed",
      "lower_outlier_bound": 226022.19743312462,
      "median": 272005.96237069514,
      "minimum": 228700.54636560526,
      "outliers": "removed",
      "standard_deviation_ratio": 0.057394120637223815,
      "upper_outlier_bound": 310441.2391397577
    },
    {
      "maximum": 223342.90729929288,
      "total": 13864492.293395579,
      "mode": null,
      "n": 300,
      "percentiles": {
        "25": 201996.53373948103,
        "50": 208319.0114012995,
        "75": 214750.80316800385
      },
      "average": 206932.72079694894,
      "sample_size": 67,
      "variance": 106746101.19703943,
      "standard_deviation": 10331.800481863722,
      "frequency_distribution": "removed",
      "lower_outlier_bound": 179986.67894857642,
      "median": 208319.0114012995,
      "minimum": 180827.24849642144,
      "outliers": "removed",
      "standard_deviation_ratio": 0.04992830733618835,
      "upper_outlier_bound": 235478.87006215574
    },
    {
      "maximum": 199216.28314211892,
      "total": 12112812.026628187,
      "mode": null,
      "n": 400,
      "percentiles": {
        "25": 177499.07510872913,
        "50": 184665.5926474099,
        "75": 190292.77484973668
      },
      "average": 183527.4549489119,
      "sample_size": 66,
      "variance": 75809227.56594954,
      "standard_deviation": 8706.849462690252,
      "frequency_distribution": "removed",
      "lower_outlier_bound": 155518.97728822412,
      "median": 184665.5926474099,
      "minimum": 160978.75080489376,
      "outliers": "removed",
      "standard_deviation_ratio": 0.04744167277377631,
      "upper_outlier_bound": 210489.4369044626
    },
    {
      "maximum": 320896.45634043263,
      "total": 17638239.550439157,
      "mode": null,
      "n": 500,
      "percentiles": {
        "25": 216349.06623743012,
        "50": 255912.86678711633,
        "75": 272513.72106585564
      },
      "average": 248425.9091611149,
      "sample_size": 71,
      "variance": 1029584053.4906006,
      "standard_deviation": 32087.13221044537,
      "frequency_distribution": "removed",
      "lower_outlier_bound": 132102.08399479184,
      "median": 255912.86678711633,
      "minimum": 172102.52491614304,
      "outliers": "removed",
      "standard_deviation_ratio": 0.12916177832979361,
      "upper_outlier_bound": 356760.70330849395
    },
    {
      "maximum": 261179.11925177407,
      "total": 15712577.539118227,
      "mode": null,
      "n": 600,
      "percentiles": {
        "25": 231760.93767831393,
        "50": 238072.88487019629,
        "75": 246030.41335186525
      },
      "average": 238069.35665330646,
      "sample_size": 66,
      "variance": 110308927.00670591,
      "standard_deviation": 10502.805673090686,
      "frequency_distribution": "removed",
      "lower_outlier_bound": 206229.26773206872,
      "median": 238072.88487019629,
      "minimum": 208686.79659506623,
      "outliers": "removed",
      "standard_deviation_ratio": 0.04411657938986923,
      "upper_outlier_bound": 270381.8670699009
    },
    {
      "maximum": 258203.1128967291,
      "total": 15211755.29171996,
      "mode": null,
      "n": 700,
      "percentiles": {
        "25": 228140.02830964114,
        "50": 234876.31413297757,
        "75": 240866.96402248432
      },
      "average": 234027.0044879994,
      "sample_size": 65,
      "variance": 90706074.55881867,
      "standard_deviation": 9523.973674828101,
      "frequency_distribution": "removed",
      "lower_outlier_bound": 206282.75676159485,
      "median": 234876.31413297757,
      "minimum": 212107.5215448215,
      "outliers": "removed",
      "standard_deviation_ratio": 0.0406960457220076,
      "upper_outlier_bound": 261383.0112091612
    },
    {
      "maximum": 232107.41931365835,
      "total": 13774872.242353866,
      "mode": null,
      "n": 800,
      "percentiles": {
        "25": 211423.97870841355,
        "50": 217138.15083981035,
        "75": 221544.54812580507
      },
      "average": 215232.37878677915,
      "sample_size": 64,
      "variance": 90267541.64186002,
      "standard_deviation": 9500.923199450674,
      "frequency_distribution": "removed",
      "lower_outlier_bound": 182259.14824917962,
      "median": 217138.15083981035,
      "minimum": 183114.63342281536,
      "outliers": "removed",
      "standard_deviation_ratio": 0.04414262971494081,
      "upper_outlier_bound": 245115.78805178034
    },
    {
      "maximum": 237827.96476340873,
      "total": 13267892.501182733,
      "mode": null,
      "n": 900,
      "percentiles": {
        "25": 188892.01610115546,
        "50": 203398.3801353006,
        "75": 209003.4506469702
      },
      "average": 198028.24628630944,
      "sample_size": 67,
      "variance": 282553945.7351307,
      "standard_deviation": 16809.341026201197,
      "frequency_distribution": "removed",
      "lower_outlier_bound": 156384.32191208325,
      "median": 203398.3801353006,
      "minimum": 160596.1328451211,
      "outliers": "removed",
      "standard_deviation_ratio": 0.08488355242967831,
      "upper_outlier_bound": 240308.71478865255
    },
    {
      "maximum": 213516.4450365967,
      "total": 12960226.655744862,
      "mode": null,
      "n": 1000,
      "percentiles": {
        "25": 189521.36379573387,
        "50": 194358.92651677705,
        "75": 198820.20092769506
      },
      "average": 193436.21874246062,
      "sample_size": 67,
      "variance": 59948452.00468767,
      "standard_deviation": 7742.638568646199,
      "frequency_distribution": "removed",
      "lower_outlier_bound": 172964.83783202973,
      "median": 194358.92651677705,
      "minimum": 174987.9258331175,
      "outliers": "removed",
      "standard_deviation_ratio": 0.040026829613303616,
      "upper_outlier_bound": 214946.83181419753
    },
    {
      "maximum": 148390.84962664862,
      "total": 9630209.557901172,