{
  "build_type": "xb5_adversarial",
  "name": "runtime",
  "timestamp": "2026-03-05T19:54:07.001281Z",
  "impl_mod": "gb_sets",
  "group_id": "intersection_100_1000",
  "impl_description": ":gb_sets.intersection/2",
  "tweaks": "none",
  "measurements": [
    {
      "maximum": 9274717.121127805,
      "total": 440842990.5758653,
      "mode": null,
      "n": 0,
      "percentiles": {
        "25": 7302208.710044902,
        "50": 7669299.792928905,
        "75": 8123207.061283736
      },
      "average": 7734087.553962549,
      "sample_size": 57,
      "variance": 375125308769.81055,
      "standard_deviation": 612474.74133209,
      "frequency_distribution": "removed",
      "lower_outlier_bound": 5809407.79625029,
      "median": 7669299.792928905,
      "minimum": 6640547.181087722,
      "outliers": "removed",
      "standard_deviation_ratio": 0.07919159655986689,
      "upper_outlier_bound": 9476118.121990591
    },
    {
      "maximum": 159654.63509336603,
      "total": 8680412.256466705,
      "mode": null,
      "n": 100,
      "percentiles": {
        "25": 144725.47888682943,
        "50": 151862.3667530403,
        "75": 154214.99994249706
      },
      "average": 149662.2802839087,
      "sample_size": 58,
      "variance": 44892907.69102703,
      "standard_deviation": 6700.216988353962,
      "frequency_distribution": "removed",
      "lower_outlier_bound": 126219.85041648251,
      "median": 151862.3667530403,
      "minimum": 129826.12387229783,
      "outliers": "removed",
      "standard_deviation_ratio": 0.04476890887699746,
      "upper_outlier_bound": 170846.07207349953
    },
    {
      "maximum": 81278.2136999306,
      "total": 4393049.226463051,
      "mode": null,
      "n": 200,
      "percentiles": {
        "25": 72843.61059554022,
        "50": 74833.83147720486,
        "75": 76434.89314019764
      },
      "average": 74458.46146547544,
      "sample_size": 59,
      "variance": 7717157.50890508,
      "standard_deviation": 2777.97723333095,
      "frequency_distribution": "removed",
      "lower_outlier_bound": 67456.68677855408,
      "median": 74833.83147720486,
      "minimum": 68811.00095234426,
      "outliers": "removed",
      "standard_deviation_ratio": 0.03730908722333767,
      "upper_outlier_bound": 81821.8169571838
    },
    {
      "maximum": 71862.00196039541,
      "total": 3821027.1489650463,
      "mode": null,
      "n": 300,
      "percentiles": {
        "25": 64316.34495950994,
        "50": 66094.11687745343,
        "75": 67399.81231460795
      },
      "average": 65879.77843043183,
      "sample_size": 58,
      "variance": 5410883.402908635,
      "standard_deviation": 2326.1305644586323,
      "frequency_distribution": "removed",
      "lower_outlier_bound": 59578.126510725946,
      "median": 66094.11687745343,
      "minimum": 61242.200040297364,
      "outliers": "removed",
      "standard_deviation_ratio": 0.035308718697574175,
      "upper_outlier_bound": 72186.74019114493
    },
    {
      "maximum": 62762.34660882489,
      "total": 3262610.2044631224,
      "mode": null,
      "n": 400,
      "percentiles": {
        "25": 58307.77994877078,
        "50": 59505.28496188389,
        "75": 60514.99470796371
      },
      "average": 59320.185535693134,
      "sample_size": 55,
      "variance": 2729515.269282077,
      "standard_deviation": 1652.1244714857526,
      "frequency_distribution": "removed",
      "lower_outlier_bound": 54646.417811350606,
      "median": 59505.28496188389,
      "minimum": 54780.592769838244,
      "outliers": "removed",
      "standard_deviation_ratio": 0.027850966017152194,
      "upper_outlier_bound": 64049.99137071491
    },
    {
      "maximum": 56313.472322491485,
      "total": 3068993.7511917814,
      "mode": null,
      "n": 500,
      "percentiles": {
        "25": 52660.78497527148,
        "50": 54352.70010625953,
        "75": 55005.582201987745
      },
      "average": 53841.99563494353,
      "sample_size": 57,
      "variance": 3098603.796458423,
      "standard_deviation": 1760.285146349427,
      "frequency_distribution": "removed",
      "lower_outlier_bound": 48755.111509516835,
      "median": 54352.70010625953,
      "minimum": 49549.42232805979,
      "outliers": "removed",
      "standard_deviation_ratio": 0.03269353458375528,
      "upper_outlier_bound": 58702.25081567606
    },
    {
      "maximum": 52857.72655746613,
      "total": 2934950.8893684656,
      "mode": null,
      "n": 600,
      "percentiles": {
        "25": 48547.907803639246,
        "50": 49945.48450366425,
        "75": 51208.86200082242
      },
      "average": 49744.93032827908,
      "sample_size": 59,
      "variance": 3567536.1388442153,
      "standard_deviation": 1888.7922434307632,
      "frequency_distribution": "removed",
      "lower_outlier_bound": 44556.476507864485,
      "median": 49945.48450366425,
      "minimum": 45859.75810811988,
      "outliers": "removed",
      "standard_deviation_ratio": 0.03796954244314258,
      "upper_outlier_bound": 55200.29329659717
    },
    {
      "maximum": 49397.010690501054,
      "total": 2740398.1394827515,
      "mode": null,
      "n": 700,
      "percentiles": {
        "25": 46643.40156946637,
        "50": 47853.04911173908,
        "75": 48340.3662946485
      },
      "average": 47248.24378418537,
      "sample_size": 58,
      "variance": 2569861.3235855983,
      "standard_deviation": 1603.0787016193553,
      "frequency_distribution": "removed",
      "lower_outlier_bound": 43084.719633976594,
      "median": 47853.04911173908,
      "minimum": 43200.276481769484,
      "outliers": "removed",
      "standard_deviation_ratio": 0.03392885265623201,
      "upper_outlier_bound": 51451.106455801506
    },
    {
      "maximum": 46757.76950476976,
      "total": 2591907.5156603027,
      "mode": null,
      "n": 800,
      "percentiles": {
        "25": 42519.808915978734,
        "50": 44003.10309883053,
        "75": 45331.10062552386
      },
      "average": 43930.6358586492,
      "sample_size": 59,
      "variance": 2780110.0430227313,
      "standard_deviation": 1667.366199436324,
      "frequency_distribution": "removed",
      "lower_outlier_bound": 38302.871351661044,
      "median": 44003.10309883053,
      "minimum": 40808.41469511013,
      "outliers": "removed",
      "standard_deviation_ratio": 0.037954520048405986,
      "upper_outlier_bound": 49548.03818984155
    },
    {
      "maximum": 45363.11815187027,
      "total": 2454218.458530094,
      "mode": null,
      "n": 900,
      "percentiles": {
        "25": 40815.83617785059,
        "50": 42790.776376149624,
        "75": 43521.65950616711
      },
      "average": 42314.111353967135,
      "sample_size": 58,
      "variance": 2409542.8071301617,
      "standard_deviation": 1552.270210733351,
      "frequency_distribution": "removed",
      "lower_outlier_bound": 36757.10118537582,
      "median": 42790.776376149624,
      "minimum": 38507.139801326266,
      "outliers": "removed",
      "standard_deviation_ratio": 0.036684457290104916,
      "upper_outlier_bound": 47580.39449864189
    },
    {
      "maximum": 42887.127085708205,
      "total": 2355643.7597301533,
      "mode": null,
      "n": 1000,
      "percentiles": {
        "25": 39033.12201034092,
        "50": 40544.23621627137,
        "75": 42160.901303952
      },
      "average": 40614.54758155437,
      "sample_size": 58,
      "variance": 2793845.056797998,
      "standard_deviation": 1671.479900207597,
      "frequency_distribution": "removed",
      "lower_outlier_bound": 34341.453069924304,
      "median": 40544.23621627137,
      "minimum": 37683.97315695224,
      "outliers": "removed",
      "standard_deviation_ratio": 0.04115470932801235,
      "upper_outlier_bound": 46852.57024436862
    },
    {
      "maximum": 28883.368956155045,
      "total": 1577021.7491981613,
      "mode": null,
      "n": 2000,