{
  "build_type": "xb5_adversarial",
  "name": "runtime",
  "timestamp": "2026-03-05T19:54:06.760173Z",
  "impl_mod": "xb5_bag",
  "group_id": "add_new_x100",
  "impl_description": ":xb5_bag.add/2",
  "tweaks": "none",
  "measurements": [
    {
      "maximum": 165224.53187759506,
      "total": 7633672.754440109,
      "mode": null,
      "n": 0,
      "percentiles": {
        "25": 156946.14757899742,
        "50": 158542.4783348327,
        "75": 161169.4269164386
      },
      "average": 159034.84905083562,
      "sample_size": 48,
      "variance": 7852283.630053653,
      "standard_deviation": 2802.1926468488305,
      "frequency_distribution": "removed",
      "lower_outlier_bound": 149380.6210163176,
      "median": 158542.4783348327,
      "minimum": 151737.4698990794,
      "outliers": "removed",
      "standard_deviation_ratio": 0.017619991238229223,
      "upper_outlier_bound": 166648.0927774318
    },
    {
      "maximum": 141496.15201214602,
      "total": 6173290.861648093,
      "mode": null,
      "n": 100,
      "percentiles": {
        "25": 136309.51921588025,
        "50": 137219.5746467625,
        "75": 138200.67068261557
      },
      "average": 137184.24136995763,
      "sample_size": 45,
      "variance": 3278641.074514285,
      "standard_deviation": 1810.701818222505,
      "frequency_distribution": "removed",
      "lower_outlier_bound": 129649.6440138689,
      "median": 137219.5746467625,
      "minimum": 130444.59431078947,
      "outliers": "removed",
      "standard_deviation_ratio": 0.013199051145673615,
      "upper_outlier_bound": 142996.79801636355
    },
    {
      "maximum": 146900.90505647604,
      "total": 8005914.55651772,
      "mode": null,
      "n": 200,
      "percentiles": {
        "25": 126357.2931991421,
        "50": 137088.1977442326,
        "75": 139754.34032363864
      },
      "average": 133431.90927529533,
      "sample_size": 60,
      "variance": 64268216.76265023,
      "standard_deviation": 8016.746020839766,
      "frequency_distribution": "removed",
      "lower_outlier_bound": 106261.7225123973,
      "median": 137088.1977442326,
      "minimum": 114220.83685038326,
      "outliers": "removed",
      "standard_deviation_ratio": 0.06008117596743444,
      "upper_outlier_bound": 159849.91101038342
    },
    {
      "maximum": 140643.41549721666,
      "total": 7313660.228352412,
      "mode": null,
      "n": 300,
      "percentiles": {
        "25": 121661.83152713941,
        "50": 130975.59793634848,
        "75": 132851.1745853677
      },
      "average": 128309.82856758617,
      "sample_size": 57,
      "variance": 49693640.58744287,
      "standard_deviation": 7049.371644866148,
      "frequency_distribution": "removed",
      "lower_outlier_bound": 104310.82748866123,
      "median": 130975.59793634848,
      "minimum": 112058.25236190781,
      "outliers": "removed",
      "standard_deviation_ratio": 0.05494023118543057,
      "upper_outlier_bound": 149960.9809050316
    },
    {
      "maximum": 130485.78553095319,
      "total": 7275642.731674668,
      "mode": null,
      "n": 400,
      "percentiles": {
        "25": 120104.53899073754,
        "50": 125193.73730848488,
        "75": 127441.62217892038
      },
      "average": 123315.97850296048,
      "sample_size": 59,
      "variance": 31708621.800778,
      "standard_deviation": 5631.040916276315,
      "frequency_distribution": "removed",
      "lower_outlier_bound": 108833.12452642049,
      "median": 125193.73730848488,
      "minimum": 109702.77131140887,
      "outliers": "removed",
      "standard_deviation_ratio": 0.045663514044460424,
      "upper_outlier_bound": 138984.77760003565
    },
    {
      "maximum": 131443.35317251677,
      "total": 7140408.496607404,
      "mode": null,
      "n": 500,
      "percentiles": {
        "25": 115463.44138787057,
        "50": 124142.02344049687,
        "75": 126347.17677233502
      },
      "average": 121023.87282385431,
      "sample_size": 59,
      "variance": 46490441.26270415,
      "standard_deviation": 6818.389931846385,
      "frequency_distribution": "removed",
      "lower_outlier_bound": 98489.65433634589,
      "median": 124142.02344049687,
      "minimum": 103974.85472113424,
      "outliers": "removed",
      "standard_deviation_ratio": 0.05633921450993635,
      "upper_outlier_bound": 143011.29553034628
    },
    {
      "maximum": 122266.42832864237,
      "total": 6689496.655582961,
      "mode": null,
      "n": 600,
      "percentiles": {
        "25": 110676.47603996597,
        "50": 117361.11429281984,
        "75": 118650.200421885
      },
      "average": 115336.14923418898,
      "sample_size": 58,
      "variance": 22513556.043582965,
      "standard_deviation": 4744.84520754713,
      "frequency_distribution": "removed",
      "lower_outlier_bound": 98131.4503783538,
      "median": 117361.11429281984,
      "minimum": 101046.53900446929,
      "outliers": "removed",
      "standard_deviation_ratio": 0.041139271937307056,
      "upper_outlier_bound": 130856.85431902282
    },
    {
      "maximum": 119645.99144052577,
      "total": 6797328.385485783,
      "mode": null,
      "n": 700,
      "percentiles": {
        "25": 109066.2700554896,
        "50": 115605.22417303282,
        "75": 117784.97119715466
      },
      "average": 113288.80642476305,
      "sample_size": 60,
      "variance": 28793319.457289923,
      "standard_deviation": 5365.940687082734,
      "frequency_distribution": "removed",
      "lower_outlier_bound": 95988.21834299201,
      "median": 115605.22417303282,
      "minimum": 98943.48150449501,
      "outliers": "removed",
      "standard_deviation_ratio": 0.047365144504778085,
      "upper_outlier_bound": 130863.02290965227
    },
    {
      "maximum": 116337.37373032299,
      "total": 6573542.594181022,
      "mode": null,
      "n": 800,
      "percentiles": {
        "25": 106301.70157432734,
        "50": 110007.07623404391,
        "75": 113796.03197350595
      },
      "average": 109559.04323635036,
      "sample_size": 60,
      "variance": 22014982.933126442,
      "standard_deviation": 4692.012674015965,
      "frequency_distribution": "removed",
      "lower_outlier_bound": 95060.20597555942,
      "median": 110007.07623404391,
      "minimum": 95920.31707420012,
      "outliers": "removed",
      "standard_deviation_ratio": 0.04282633852409558,
      "upper_outlier_bound": 125037.52757227386
    },
    {
      "maximum": 111646.01959610936,
      "total": 6121356.283273818,
      "mode": null,
      "n": 900,
      "percentiles": {
        "25": 101691.62027015747,
        "50": 107499.37134781622,
        "75": 109678.41454385355
      },
      "average": 105540.62557368651,
      "sample_size": 58,
      "variance": 24227170.212799232,
      "standard_deviation": 4922.110341388055,
      "frequency_distribution": "removed",
      "lower_outlier_bound": 89682.28539072107,
      "median": 107499.37134781622,
      "minimum": 92485.37806172844,
      "outliers": "removed",
      "standard_deviation_ratio": 0.04663711546746071,
      "upper_outlier_bound": 121596.14439200623
    },
    {
      "maximum": 109834.468472565,
      "total": 5852261.409406842,
      "mode": null,
      "n": 1000,
      "percentiles": {
        "25": 98754.5625226021,
        "50": 105391.18044445569,
        "75": 107220.57014081621
      },
      "average": 102671.25279661125,
      "sample_size": 57,
      "variance": 30770613.949922737,
      "standard_deviation": 5547.126639073849,
      "frequency_distribution": "removed",
      "lower_outlier_bound": 85701.44787729299,
      "median": 105391.18044445569,
      "minimum": 86414.44019861495,
      "outliers": "removed",
      "standard_deviation_ratio": 0.05402804083887575,
      "upper_outlier_bound": 120446.947735983
    },
    {
      "maximum": 89008.35788480539,
      "total": 4635337.68579742,
      "mode": null,
      "n": 2000,