{
  "build_type": "xb5_adversarial",
  "name": "runtime",
  "timestamp": "2026-03-05T19:54:07.105874Z",
  "impl_mod": "xb5_bag",
  "group_id": "map",
  "impl_description": ":xb5_bag.map/2",
  "tweaks": "none",
  "measurements": [
    {
      "maximum": 9243852.837862821,
      "total": 444164392.5765403,
      "mode": [
        7946598.855689765,
        7538067.239559777
      ],
      "n": 0,
      "percentiles": {
        "25": 7551515.810781281,
        "50": 7956093.756345758,
        "75": 8385402.583314967
      },
      "average": 7931507.010295362,
      "sample_size": 56,
      "variance": 276535430955.44714,
      "standard_deviation": 525866.3622589366,
      "frequency_distribution": "removed",
      "lower_outlier_bound": 6251753.977084986,
      "median": 7956093.756345758,
      "minimum": 6642752.756742394,
      "outliers": "removed",
      "standard_deviation_ratio": 0.06630093897368362,
      "upper_outlier_bound": 9681922.677017763
    },
    {
      "maximum": 452533.7363900479,
      "total": 20950483.914751124,
      "mode": null,
      "n": 100,
      "percentiles": {
        "25": 369570.3190723207,
        "50": 386971.5541392535,
        "75": 405965.04496957175
      },
      "average": 387971.92434724304,
      "sample_size": 54,
      "variance": 727790582.9623144,
      "standard_deviation": 26977.59409143659,
      "frequency_distribution": "removed",
      "lower_outlier_bound": 308889.30926675623,
      "median": 386971.5541392535,
      "minimum": 332712.27042853343,
      "outliers": "removed",
      "standard_deviation_ratio": 0.06953491322039858,
      "upper_outlier_bound": 470699.8721462893
    },
    {
      "maximum": 230443.41922727713,
      "total": 11610956.287763147,
      "mode": null,
      "n": 200,
      "percentiles": {
        "25": 204080.79967020542,
        "50": 211220.8990406347,
        "75": 215546.9719961374
      },
      "average": 211108.2961411481,
      "sample_size": 55,
      "variance": 82242427.15186003,
      "standard_deviation": 9068.761059365277,
      "frequency_distribution": "removed",
      "lower_outlier_bound": 183982.43740160798,
      "median": 211220.8990406347,
      "minimum": 192436.47671903504,
      "outliers": "removed",
      "standard_deviation_ratio": 0.04295786203163639,
      "upper_outlier_bound": 234390.56837995164
    },
    {
      "maximum": 158953.70314442215,
      "total": 7153426.459867727,
      "mode": null,
      "n": 300,
      "percentiles": {
        "25": 142115.03055402997,
        "50": 145641.3901179404,
        "75": 148260.80215012666
      },
      "average": 145988.29509934137,
      "sample_size": 49,
      "variance": 35102006.57369358,
      "standard_deviation": 5924.694639700309,
      "frequency_distribution": "removed",
      "lower_outlier_bound": 125407.15668186288,
      "median": 145641.3901179404,
      "minimum": 129589.07304936048,
      "outliers": "removed",
      "standard_deviation_ratio": 0.04058335386181956,
      "upper_outlier_bound": 161191.33897499822
    },
    {
      "maximum": 123426.31449024932,
      "total": 6298598.760602381,
      "mode": null,
      "n": 400,
      "percentiles": {
        "25": 95868.26932848112,
        "50": 110848.76902441998,
        "75": 114703.10248951614
      },
      "average": 106755.91119665053,
      "sample_size": 59,
      "variance": 117199913.14342448,
      "standard_deviation": 10825.890870659305,
      "frequency_distribution": "removed",
      "lower_outlier_bound": 67616.0195869286,
      "median": 110848.76902441998,
      "minimum": 76924.97046081134,
      "outliers": "removed",
      "standard_deviation_ratio": 0.10140788223630437,
      "upper_outlier_bound": 142955.35223106865
    },
    {
      "maximum": 104206.82971561956,
      "total": 5062672.554127722,
      "mode": null,
      "n": 500,
      "percentiles": {
        "25": 79487.59119213899,
        "50": 88396.07097143747,
        "75": 91336.37909712162
      },
      "average": 85808.00939199529,
      "sample_size": 59,
      "variance": 60944312.35028765,
      "standard_deviation": 7806.683825433668,
      "frequency_distribution": "removed",
      "lower_outlier_bound": 61714.40933466505,
      "median": 88396.07097143747,
      "minimum": 66799.19627207046,
      "outliers": "removed",
      "standard_deviation_ratio": 0.09097849816991471,
      "upper_outlier_bound": 109109.56095459557
    },
    {
      "maximum": 85348.117903304,
      "total": 4284374.637947798,
      "mode": null,
      "n": 600,
      "percentiles": {
        "25": 69666.01622196626,
        "50": 74717.2866274213,
        "75": 78405.21997067852
      },
      "average": 73868.52824047927,
      "sample_size": 58,
      "variance": 27718912.46093116,
      "standard_deviation": 5264.875350939579,
      "frequency_distribution": "removed",
      "lower_outlier_bound": 56238.32152617402,
      "median": 74717.2866274213,
      "minimum": 62082.418135019325,
      "outliers": "removed",
      "standard_deviation_ratio": 0.07127359210135821,
      "upper_outlier_bound": 91675.59161015064
    },
    {
      "maximum": 70316.46628817657,
      "total": 3909766.092583156,
      "mode": null,
      "n": 700,
      "percentiles": {
        "25": 62898.4045053482,
        "50": 66792.70751196818,
        "75": 68394.30931444967
      },
      "average": 65162.76820971927,
      "sample_size": 60,
      "variance": 16040427.927704904,
      "standard_deviation": 4005.0503027683567,
      "frequency_distribution": "removed",
      "lower_outlier_bound": 54654.54729169599,
      "median": 66792.70751196818,
      "minimum": 54682.69817556646,
      "outliers": "removed",
      "standard_deviation_ratio": 0.0614622492690694,
      "upper_outlier_bound": 76638.16652810186
    },
    {
      "maximum": 62567.416391161474,
      "total": 3268144.785813806,
      "mode": null,
      "n": 800,
      "percentiles": {
        "25": 55821.523125417574,
        "50": 57378.99630364506,
        "75": 59957.76836612393
      },
      "average": 57335.87343532993,
      "sample_size": 57,
      "variance": 10414227.73632815,
      "standard_deviation": 3227.108262257117,
      "frequency_distribution": "removed",
      "lower_outlier_bound": 49064.636089626285,
      "median": 57378.99630364506,
      "minimum": 50059.01958408964,
      "outliers": "removed",
      "standard_deviation_ratio": 0.056284278391555774,
      "upper_outlier_bound": 66368.84319314046
    },
    {
      "maximum": 56269.427019678544,
      "total": 3051421.09981356,
      "mode": null,
      "n": 900,
      "percentiles": {
        "25": 49590.383432844705,
        "50": 53112.83716029029,
        "75": 54344.93162864152
      },
      "average": 51719.00169175526,
      "sample_size": 59,
      "variance": 12936975.488322053,
      "standard_deviation": 3596.800729582062,
      "frequency_distribution": "removed",
      "lower_outlier_bound": 38077.23064632307,
      "median": 53112.83716029029,
      "minimum": 43450.414821110295,
      "outliers": "removed",
      "standard_deviation_ratio": 0.06954505330591954,
      "upper_outlier_bound": 64089.191049488676
    },
    {
      "maximum": 53021.42595822972,
      "total": 2728850.381292231,
      "mode": null,
      "n": 1000,
      "percentiles": {
        "25": 43302.0778935098,
        "50": 47353.95566533255,
        "75": 48976.489326063915
      },
      "average": 46251.70137783442,
      "sample_size": 59,
      "variance": 11874589.31046239,
      "standard_deviation": 3445.9525984061925,
      "frequency_distribution": "removed",
      "lower_outlier_bound": 34655.347164958424,
      "median": 47353.95566533255,
      "minimum": 37446.8442046515,
      "outliers": "removed",
      "standard_deviation_ratio": 0.07450434245122979,
      "upper_outlier_bound": 57465.29869275764
    },
    {
      "maximum": 25681.655336776388,
      "total": 1408992.1199386134,
      "mode": null,
      "n": 2000,