{
  "build_type": "random",
  "name": "runtime",
  "case_group_id": "alternate_insert_and_delete",
  "impl_mod": "gb_sets",
  "measurements": [
    {
      "maximum": 243090.16214113813,
      "total": 988067607.9318668,
      "mode": 165144.58408336499,
      "n": 50,
      "frequency_distribution": "removed",
      "outliers": "removed",
      "average": 126935.71530471052,
      "sample_size": 7784,
      "percentiles": {
        "25": 86305.10581005973,
        "50": 128759.78574371652,
        "75": 158385.7326132062
      },
      "variance": 1542461791.7466638,
      "standard_deviation": 39274.187346737854,
      "lower_outlier_bound": -21815.834394659978,
      "median": 128759.78574371652,
      "minimum": 29643.946557893145,
      "standard_deviation_ratio": 0.3094021824547942,
      "upper_outlier_bound": 266506.6728179259
    },
    {
      "maximum": 233573.91446523252,
      "total": 893228740.8125749,
      "mode": 155293.97148802684,
      "n": 100,
      "frequency_distribution": "removed",
      "outliers": "removed",
      "average": 114589.96033516034,
      "sample_size": 7795,
      "percentiles": {
        "25": 77269.60136612655,
        "50": 119217.93037672866,
        "75": 143754.5821773069
      },
      "variance": 1208025078.0699043,
      "standard_deviation": 34756.65516228373,
      "lower_outlier_bound": -22457.869850643983,
      "median": 119217.93037672866,
      "minimum": 767.0739343444544,
      "standard_deviation_ratio": 0.3033132663684074,
      "upper_outlier_bound": 243482.05339407743
    },
    {
      "maximum": 203670.13584798062,
      "total": 786041689.2656506,
      "mode": 112122.70709063999,
      "n": 200,
      "frequency_distribution": "removed",
      "outliers": "removed",
      "average": 101176.68802492607,
      "sample_size": 7769,
      "percentiles": {
        "25": 68343.82411033427,
        "50": 107816.7115902965,
        "75": 126317.6749869702
      },
      "variance": 909814850.2747154,
      "standard_deviation": 30163.13727506997,
      "lower_outlier_bound": -18616.95220461962,
      "median": 107816.7115902965,
      "minimum": 626.4870845615352,
      "standard_deviation_ratio": 0.298123390515006,
      "upper_outlier_bound": 213278.4513019241
    },
    {
      "maximum": 172297.937593687,
      "total": 728960387.635602,
      "mode": 110992.71887764163,
      "n": 300,
      "frequency_distribution": "removed",
      "outliers": "removed",
      "average": 92908.53780723961,
      "sample_size": 7846,
      "percentiles": {
        "25": 63186.66129627347,
        "50": 100126.15896028996,
        "75": 116029.47148575739
      },
      "variance": 752048148.2965899,
      "standard_deviation": 27423.49628141149,
      "lower_outlier_bound": -16077.553987952393,
      "median": 100126.15896028996,
      "minimum": 587.4047728752454,
      "standard_deviation_ratio": 0.29516658994578,
      "upper_outlier_bound": 195293.68676998327
    },
    {
      "maximum": 173973.55601948503,
      "total": 685570756.900478,
      "mode": 110992.71887764163,
      "n": 400,
      "frequency_distribution": "removed",
      "outliers": "removed",
      "average": 87289.37571943951,
      "sample_size": 7854,
      "percentiles": {
        "25": 59858.01678418791,
        "50": 94446.0972532525,
        "75": 108551.70317622283
      },
      "variance": 636389525.5034816,
      "standard_deviation": 25226.762089167954,
      "lower_outlier_bound": -13182.512803864469,
      "median": 94446.0972532525,
      "minimum": 650.8884790461099,
      "standard_deviation_ratio": 0.28900151801119944,
      "upper_outlier_bound": 181592.23276427522
    },
    {
      "maximum": 154621.64084485263,
      "total": 653626227.7200586,
      "mode": 105357.42506453142,
      "n": 500,
      "frequency_distribution": "removed",
      "outliers": "removed",
      "average": 82580.69838535169,
      "sample_size": 7915,
      "percentiles": {
        "25": 56975.836547720115,
        "50": 89768.21845993644,
        "75": 102859.49393128986
      },
      "variance": 558158311.8479681,
      "standard_deviation": 23625.374321859286,
      "lower_outlier_bound": -11849.649527634509,
      "median": 89768.21845993644,
      "minimum": 1761.679006934497,
      "standard_deviation_ratio": 0.2860883327919396,
      "upper_outlier_bound": 171684.9800066445
    },
    {
      "maximum": 155293.97148802684,
      "total": 603110531.5377932,
      "mode": 52389.4843826947,
      "n": 600,
      "frequency_distribution": "removed",
      "outliers": "removed",
      "average": 78032.15571714235,
      "sample_size": 7729,
      "percentiles": {
        "25": 53847.686434152354,
        "50": 85226.06212979929,
        "75": 96613.69015989566
      },
      "variance": 478407215.0144036,
      "standard_deviation": 21872.52191710877,
      "lower_outlier_bound": -10301.31915446261,
      "median": 85226.06212979929,
      "minimum": 597.933172238178,
      "standard_deviation_ratio": 0.2803013926258063,
      "upper_outlier_bound": 160762.69574851062
    },
    {
      "maximum": 148681.1977757293,
      "total": 586907121.372537,
      "mode": 83535.90791001511,
      "n": 700,
      "frequency_distribution": "removed",
      "outliers": "removed",
      "average": 75720.18079893394,
      "sample_size": 7751,
      "percentiles": {
        "25": 53246.718670961905,
        "50": 82525.27336496802,
        "75": 93827.1141594498
      },
      "variance": 436086282.38611096,
      "standard_deviation": 20882.679004048092,
      "lower_outlier_bound": -7693.070701606877,
      "median": 82525.27336496802,
      "minimum": 657.7386969907008,
      "standard_deviation_ratio": 0.27578749527156565,
      "upper_outlier_bound": 154813.22330711962
    },
    {
      "maximum": 139961.93035494347,
      "total": 584228110.1059885,
      "mode": [
        97600.96820160456,
        96288.09397717973
      ],
      "n": 800,
      "frequency_distribution": "removed",
      "outliers": "removed",
      "average": 74159.44530413665,
      "sample_size": 7878,
      "percentiles": {
        "25": 52346.56699028898,
        "50": 80619.80506131136,
        "75": 91198.43868272976
      },
      "variance": 393115357.5316709,
      "standard_deviation": 19827.13689698215,
      "lower_outlier_bound": -5960.030235038481,
      "median": 80619.80506131136,
      "minimum": 591.4374407934157,
      "standard_deviation_ratio": 0.2673582146639409,
      "upper_outlier_bound": 149562.42944116687
    },
    {
      "maximum": 140926.45048549163,
      "total": 547337815.2877454,
      "mode": 82907.05290299046,
      "n": 900,
      "frequency_distribution": "removed",
      "outliers": "removed",
      "average": 70126.56185621337,
      "sample_size": 7805,
      "percentiles": {
        "25": 49784.681253578274,
        "50": 76731.24880107424,
        "75": 86305.10581005973
      },
      "variance": 353901728.0508966,
      "standard_deviation": 18812.275993374555,
      "lower_outlier_bound": -4995.955581143913,
      "median": 76731.24880107424,
      "minimum": 17033.134556653058,
      "standard_deviation_ratio": 0.2682617755016567,
      "upper_outlier_bound": 141085.74264478192
    },
    {
      "maximum": 103753.812952626,
      "total": 531102731.23899055,
      "mode": 80033.93438818058,
      "n": 1000,
      "frequency_distribution": "removed",
      "outliers": "removed",
      "average": 67630.55281280918,
      "sample_size": 7853,
      "percentiles": {
        "25": 48135.93724922804,
        "50": 74109.75654944974,
        "75": 83196.05983460623
      },
      "variance": 319707773.4896407,
      "standard_deviation": 17880.3739751058,
      "lower_outlier_bound": -4454.246628839253,
      "median": 74109.75654944974,
      "minimum": 21466.321488217138,
      "standard_deviation_ratio": 0.26438308177956027,
      "upper_outlier_bound": 135786.24371267352
    },
    {
      "maximum": 87465.34185828865,