{
  "build_type": "random",
  "name": "runtime",
  "timestamp": "2026-03-19T21:33:01.668293Z",
  "impl_mod": "gb_sets",
  "tweaks": "none",
  "impl_description": ":gb_sets.delete_any/2",
  "group_id": "delete_any_missing_x100",
  "measurements": [
    {
      "maximum": 791778.1754263726,
      "total": 30191931.534358606,
      "mode": null,
      "n": 0,
      "percentiles": {
        "25": 677424.1623650233,
        "50": 708285.5240604592,
        "75": 725952.8130671507
      },
      "frequency_distribution": "removed",
      "average": 702137.9426595025,
      "variance": 1767436561.887567,
      "standard_deviation": 42040.89154487054,
      "standard_deviation_ratio": 0.05987554437754977,
      "median": 708285.5240604592,
      "minimum": 611777.9490756035,
      "lower_outlier_bound": 604226.7877166676,
      "upper_outlier_bound": 800896.1479122131,
      "outliers": "removed",
      "sample_size": 43
    },
    {
      "maximum": 272544.9154020583,
      "total": 10093937.241960343,
      "mode": null,
      "n": 100,
      "percentiles": {
        "25": 213965.648342549,
        "50": 231831.5420397396,
        "75": 240456.72513555706
      },
      "frequency_distribution": "removed",
      "average": 229407.6645900078,
      "variance": 227901446.6991044,
      "standard_deviation": 15096.405091911929,
      "standard_deviation_ratio": 0.06580601881324184,
      "median": 231831.5420397396,
      "minimum": 205394.90250930953,
      "lower_outlier_bound": 174229.03315303687,
      "upper_outlier_bound": 280193.34032506915,
      "outliers": "removed",
      "sample_size": 44
    },
    {
      "maximum": 246936.1398448747,
      "total": 8344596.4298087815,
      "mode": null,
      "n": 200,
      "percentiles": {
        "25": 182865.16802565963,
        "50": 194151.7606652416,
        "75": 210076.53088019966
      },
      "frequency_distribution": "removed",
      "average": 194060.38208857633,
      "variance": 329255296.5299683,
      "standard_deviation": 18145.393259171,
      "standard_deviation_ratio": 0.09350385206852149,
      "median": 194151.7606652416,
      "minimum": 162303.14657110258,
      "lower_outlier_bound": 142599.10413806536,
      "upper_outlier_bound": 251185.77107910742,
      "outliers": "removed",
      "sample_size": 43
    },
    {
      "maximum": 193613.46620380142,
      "total": 6348361.908989539,
      "mode": null,
      "n": 300,
      "percentiles": {
        "25": 146220.17697132583,
        "50": 161520.51787341235,
        "75": 167657.5231908679
      },
      "frequency_distribution": "removed",
      "average": 158709.04772473848,
      "variance": 224756262.00538793,
      "standard_deviation": 14991.873198682943,
      "standard_deviation_ratio": 0.0944613644502771,
      "median": 161520.51787341235,
      "minimum": 132566.04108751877,
      "lower_outlier_bound": 117429.2088507918,
      "upper_outlier_bound": 199494.9853899536,
      "outliers": "removed",
      "sample_size": 40
    },
    {
      "maximum": 144719.475768171,
      "total": 5788802.605116199,
      "mode": null,
      "n": 400,
      "percentiles": {
        "25": 126290.8503541827,
        "50": 139737.21020249318,
        "75": 141486.5425075094
      },
      "frequency_distribution": "removed",
      "average": 134623.31639805113,
      "variance": 100599709.972805,
      "standard_deviation": 10029.94067643498,
      "standard_deviation_ratio": 0.07450374084366397,
      "median": 139737.21020249318,
      "minimum": 114225.66422223745,
      "lower_outlier_bound": 104803.16048307659,
      "upper_outlier_bound": 163522.7598826735,
      "outliers": "removed",
      "sample_size": 43
    },
    {
      "maximum": 121614.70273110138,
      "total": 4867980.696971252,
      "mode": 120293.95029694562,
      "n": 500,
      "percentiles": {
        "25": 100826.98867715638,
        "50": 113936.22425781775,
        "75": 116739.59495743187
      },
      "frequency_distribution": "removed",
      "average": 110635.92493116482,
      "variance": 66590512.97608444,
      "standard_deviation": 8160.3010346484425,
      "standard_deviation_ratio": 0.07375814898935945,
      "median": 113936.22425781775,
      "minimum": 96957.09842308974,
      "lower_outlier_bound": 73608.98044774479,
      "upper_outlier_bound": 142786.97276440513,
      "outliers": "removed",
      "sample_size": 44
    },
    {
      "maximum": 102644.53376799871,
      "total": 3825948.995813945,
      "mode": null,
      "n": 600,
      "percentiles": {
        "25": 96611.73001658823,
        "50": 98421.80633541167,
        "75": 100839.0820013331
      },
      "frequency_distribution": "removed",
      "average": 98101.25630292167,
      "variance": 10975201.135085352,
      "standard_deviation": 3312.884111327372,
      "standard_deviation_ratio": 0.03377004776674514,
      "median": 98421.80633541167,
      "minimum": 90429.48579985785,
      "lower_outlier_bound": 89349.04338970597,
      "upper_outlier_bound": 107919.22634805084,
      "outliers": "removed",
      "sample_size": 39
    },
    {
      "maximum": 91142.08321636765,
      "total": 3486276.843113886,
      "mode": null,
      "n": 700,
      "percentiles": {
        "25": 84573.1296612072,
        "50": 87717.528548187,
        "75": 89217.093796797
      },
      "frequency_distribution": "removed",
      "average": 87156.92107784716,
      "variance": 6534514.811797312,
      "standard_deviation": 2556.269706388063,
      "standard_deviation_ratio": 0.029329509059927022,
      "median": 87717.528548187,
      "minimum": 82615.81498023003,
      "lower_outlier_bound": 78692.52934037497,
      "upper_outlier_bound": 95757.67030952578,
      "outliers": "removed",
      "sample_size": 40
    },
    {
      "maximum": 81921.55192187961,
      "total": 3202755.768827148,
      "mode": null,
      "n": 800,
      "percentiles": {
        "25": 76942.32798043556,
        "50": 77696.09328503744,
        "75": 79048.74996435709
      },
      "frequency_distribution": "removed",
      "average": 78115.99436163776,
      "variance": 2510522.2502126168,
      "standard_deviation": 1584.462763908517,
      "standard_deviation_ratio": 0.02028346149667188,
      "median": 77696.09328503744,
      "minimum": 75082.91030370287,
      "lower_outlier_bound": 73119.25493730823,
      "upper_outlier_bound": 82683.08098458653,
      "outliers": "removed",
      "sample_size": 41
    },
    {
      "maximum": 75568.42569810111,
      "total": 2992958.9176531825,
      "mode": null,
      "n": 900,
      "percentiles": {
        "25": 69985.96083939835,
        "50": 70925.66299803456,
        "75": 72695.1967526086
      },
      "frequency_distribution": "removed",
      "average": 71260.92661079006,
      "variance": 4167124.166612352,
      "standard_deviation": 2041.3535133857515,
      "standard_deviation_ratio": 0.02864618256418599,
      "median": 70925.66299803456,
      "minimum": 67140.36431704486,
      "lower_outlier_bound": 65895.40104942727,
      "upper_outlier_bound": 76799.64214384851,
      "outliers": "removed",
      "sample_size": 42
    },
    {
      "maximum": 70200.80941533257,
      "total": 2723776.425439303,
      "mode": null,
      "n": 1000,
      "percentiles": {
        "25": 65225.94769753537,
        "50": 66772.52337372181,
        "75": 67749.02666578072
      },
      "frequency_distribution": "removed",
      "average": 66433.57135217811,
      "variance": 3801724.5278014555,
      "standard_deviation": 1949.8011508360169,
      "standard_deviation_ratio": 0.02934963620275233,
      "median": 66772.52337372181,
      "minimum": 61978.56657210804,
      "lower_outlier_bound": 60984.41474254841,
      "upper_outlier_bound": 72567.17522310144,
      "outliers": "removed",
      "sample_size": 41
    },
    {
      "maximum": 48593.72198268217,
      "total": 1897758.1554855814,
      "mode": null,
      "n": 2000,