{
  "build_type": "random",
  "name": "runtime",
  "timestamp": "2026-03-19T21:33:01.610898Z",
  "impl_mod": "gb_sets",
  "tweaks": "none",
  "impl_description": ":gb_sets.intersection/2",
  "group_id": "intersection_000_0500",
  "measurements": [
    {
      "maximum": 4281921.72647084,
      "total": 170700144.41004077,
      "mode": null,
      "n": 0,
      "percentiles": {
        "25": 3745563.9670593273,
        "50": 3889087.0194511404,
        "75": 4021804.114213461
      },
      "frequency_distribution": "removed",
      "average": 3879548.7365918355,
      "variance": 34450017584.11475,
      "standard_deviation": 185607.15930188348,
      "standard_deviation_ratio": 0.047842461044822045,
      "median": 3889087.0194511404,
      "minimum": 3440682.6314340765,
      "lower_outlier_bound": 3273450.2367838267,
      "upper_outlier_bound": 4534478.231339673,
      "outliers": "removed",
      "sample_size": 44
    },
    {
      "maximum": 185072.77061340518,
      "total": 8335725.920101133,
      "mode": null,
      "n": 100,
      "percentiles": {
        "25": 130078.70191131829,
        "50": 171754.31575656918,
        "75": 176859.78957175743
      },
      "frequency_distribution": "removed",
      "average": 157277.847549078,
      "variance": 609487244.1379044,
      "standard_deviation": 24687.795449126363,
      "standard_deviation_ratio": 0.1569693115327168,
      "median": 171754.31575656918,
      "minimum": 100048.6236310847,
      "lower_outlier_bound": 59907.070420659584,
      "upper_outlier_bound": 247031.42106241614,
      "outliers": "removed",
      "sample_size": 53
    },
    {
      "maximum": 172026.7329543011,
      "total": 6934394.954649867,
      "mode": null,
      "n": 200,
      "percentiles": {
        "25": 108538.29778094389,
        "50": 141298.21978372894,
        "75": 145449.05480572087
      },
      "frequency_distribution": "removed",
      "average": 130837.64065377107,
      "variance": 472945476.0175425,
      "standard_deviation": 21747.309627113475,
      "standard_deviation_ratio": 0.16621600266136152,
      "median": 141298.21978372894,
      "minimum": 72473.221144787,
      "lower_outlier_bound": 53172.162243778424,
      "upper_outlier_bound": 200815.19034288632,
      "outliers": "removed",
      "sample_size": 53
    },
    {
      "maximum": 133005.7844215645,
      "total": 5700582.148658535,
      "mode": null,
      "n": 300,
      "percentiles": {
        "25": 93790.15390964257,
        "50": 118963.49486196665,
        "75": 124088.26149863875
      },
      "frequency_distribution": "removed",
      "average": 111776.12056193207,
      "variance": 235809357.30955848,
      "standard_deviation": 15356.085351076897,
      "standard_deviation_ratio": 0.13738252207964682,
      "median": 118963.49486196665,
      "minimum": 84802.3934627531,
      "lower_outlier_bound": 47227.42284706037,
      "upper_outlier_bound": 170200.39207217877,
      "outliers": "removed",
      "sample_size": 51
    },
    {
      "maximum": 133545.04674744362,
      "total": 5585495.8239457095,
      "mode": null,
      "n": 400,
      "percentiles": {
        "25": 85624.96777093332,
        "50": 109677.2940219621,
        "75": 112436.52932561982
      },
      "frequency_distribution": "removed",
      "average": 103435.10785084647,
      "variance": 212454814.21265668,
      "standard_deviation": 14575.82979499475,
      "standard_deviation_ratio": 0.14091762553206896,
      "median": 109677.2940219621,
      "minimum": 82131.81334724098,
      "lower_outlier_bound": 45407.62543890357,
      "upper_outlier_bound": 152653.87165764958,
      "outliers": "removed",
      "sample_size": 54
    },
    {
      "maximum": 120631.33616093185,
      "total": 4972984.264145413,
      "mode": null,
      "n": 500,
      "percentiles": {
        "25": 76194.86395892191,
        "50": 99676.69890680283,
        "75": 103217.20287504552
      },
      "frequency_distribution": "removed",
      "average": 92092.30118787802,
      "variance": 245723322.47157732,
      "standard_deviation": 15675.564502485304,
      "standard_deviation_ratio": 0.1702157976322635,
      "median": 99676.69890680283,
      "minimum": 52333.25186790459,
      "lower_outlier_bound": 35661.35558473649,
      "upper_outlier_bound": 143750.71124923095,
      "outliers": "removed",
      "sample_size": 54
    },
    {
      "maximum": 102179.0708652728,
      "total": 3863815.760432166,
      "mode": null,
      "n": 600,
      "percentiles": {
        "25": 92567.73899101757,
        "50": 94268.56548695841,
        "75": 95370.32611664935
      },
      "frequency_distribution": "removed",
      "average": 94239.40879102844,
      "variance": 5524077.639285269,
      "standard_deviation": 2350.335643963489,
      "standard_deviation_ratio": 0.02494005081435995,
      "median": 94268.56548695841,
      "minimum": 90103.80859788563,
      "lower_outlier_bound": 82504.34661962485,
      "upper_outlier_bound": 102769.57856165359,
      "outliers": "removed",
      "sample_size": 41
    },
    {
      "maximum": 103652.93679865831,
      "total": 4415227.517822993,
      "mode": null,
      "n": 700,
      "percentiles": {
        "25": 66853.23175431704,
        "50": 87359.33285266577,
        "75": 89312.82524333354
      },
      "frequency_distribution": "removed",
      "average": 81763.47255227764,
      "variance": 153783904.02956906,
      "standard_deviation": 12400.963834701279,
      "standard_deviation_ratio": 0.15166875192063783,
      "median": 87359.33285266577,
      "minimum": 56661.878737913314,
      "lower_outlier_bound": 33163.84152079227,
      "upper_outlier_bound": 123002.21547685831,
      "outliers": "removed",
      "sample_size": 54
    },
    {
      "maximum": 95647.10045814961,
      "total": 3969417.273601681,
      "mode": null,
      "n": 800,
      "percentiles": {
        "25": 60599.107659596295,
        "50": 81185.89865889015,
        "75": 83034.13283354075
      },
      "frequency_distribution": "removed",
      "average": 74894.66553965436,
      "variance": 141784925.66413087,
      "standard_deviation": 11907.347549480986,
      "standard_deviation_ratio": 0.1589879260916977,
      "median": 81185.89865889015,
      "minimum": 53382.87263914246,
      "lower_outlier_bound": 26946.56989867962,
      "upper_outlier_bound": 116686.67059445742,
      "outliers": "removed",
      "sample_size": 53
    },
    {
      "maximum": 80591.99657000463,
      "total": 3620282.64683629,
      "mode": null,
      "n": 900,
      "percentiles": {
        "25": 57949.18218092267,
        "50": 77052.93048411314,
        "75": 78207.99439345972
      },
      "frequency_distribution": "removed",
      "average": 69620.82013146712,
      "variance": 112727335.75317447,
      "standard_deviation": 10617.313019459041,
      "standard_deviation_ratio": 0.15250198143902996,
      "median": 77052.93048411314,
      "minimum": 48882.64060113916,
      "lower_outlier_bound": 27560.96386211708,
      "upper_outlier_bound": 108596.21271226532,
      "outliers": "removed",
      "sample_size": 52
    },
    {
      "maximum": 84718.83935190088,
      "total": 3531467.298431331,
      "mode": null,
      "n": 1000,
      "percentiles": {
        "25": 54919.992314164454,
        "50": 73260.22993834523,
        "75": 75179.83897806592
      },
      "frequency_distribution": "removed",
      "average": 67912.83266214098,
      "variance": 108866132.62497835,
      "standard_deviation": 10433.893454745374,
      "standard_deviation_ratio": 0.15363655211751906,
      "median": 73260.22993834523,
      "minimum": 41829.01553320492,
      "lower_outlier_bound": 24530.222318312255,
      "upper_outlier_bound": 105569.60897391812,
      "outliers": "removed",
      "sample_size": 52
    },
    {
      "maximum": 60330.623885014655,
      "total": 2343356.963974485,
      "mode": null,
      "n": 2000,