{
  "build_type": "random",
  "name": "runtime",
  "timestamp": "2026-03-19T21:33:01.689981Z",
  "impl_mod": "gb_sets",
  "tweaks": "none",
  "impl_description": ":gb_sets.is_disjoint/2",
  "group_id": "is_disjoint_100_0100",
  "measurements": [
    {
      "maximum": 5773005.426625101,
      "total": 155301507.68464577,
      "mode": 4716981.132075472,
      "n": 0,
      "percentiles": {
        "25": 4500381.030167809,
        "50": 4721658.246376127,
        "75": 4842859.754911614
      },
      "frequency_distribution": "removed",
      "average": 4706106.2934741145,
      "variance": 110717577774.00478,
      "standard_deviation": 332742.5097188587,
      "standard_deviation_ratio": 0.07070441867840249,
      "median": 4721658.246376127,
      "minimum": 4036001.130080316,
      "lower_outlier_bound": 3522272.0534997764,
      "upper_outlier_bound": 6330901.880192898,
      "outliers": "removed",
      "sample_size": 33
    },
    {
      "maximum": 2487871.6258241073,
      "total": 65208287.25277201,
      "mode": null,
      "n": 100,
      "percentiles": {
        "25": 1623815.1193140107,
        "50": 1768143.7046135957,
        "75": 1997042.4940238257
      },
      "frequency_distribution": "removed",
      "average": 1811341.3125770004,
      "variance": 77274738244.92628,
      "standard_deviation": 277983.34166803287,
      "standard_deviation_ratio": 0.1534682280682624,
      "median": 1768143.7046135957,
      "minimum": 983081.1730124557,
      "lower_outlier_bound": 926972.8955323818,
      "upper_outlier_bound": 2804160.4091183916,
      "outliers": "removed",
      "sample_size": 36
    },
    {
      "maximum": 1903347.9891128496,
      "total": 56007147.867279515,
      "mode": null,
      "n": 200,
      "percentiles": {
        "25": 1412854.756536977,
        "50": 1538811.6003758423,
        "75": 1674821.700400521
      },
      "frequency_distribution": "removed",
      "average": 1555754.107424431,
      "variance": 22822402287.60852,
      "standard_deviation": 151070.8518795354,
      "standard_deviation_ratio": 0.0971045817321575,
      "median": 1538811.6003758423,
      "minimum": 1345170.8366962604,
      "lower_outlier_bound": 989256.9440413745,
      "upper_outlier_bound": 2106366.5234049116,
      "outliers": "removed",
      "sample_size": 36
    },
    {
      "maximum": 1738253.7502824662,
      "total": 50409953.30889557,
      "mode": 1367839.3609454506,
      "n": 300,
      "percentiles": {
        "25": 1412171.4320088164,
        "50": 1434422.2829725207,
        "75": 1559618.2759797391
      },
      "frequency_distribution": "removed",
      "average": 1482645.6855557521,
      "variance": 11099584980.603819,
      "standard_deviation": 105354.5679152253,
      "standard_deviation_ratio": 0.0710584928965914,
      "median": 1434422.2829725207,
      "minimum": 1338849.3928318003,
      "lower_outlier_bound": 1098771.6595135732,
      "upper_outlier_bound": 1940630.5996510005,
      "outliers": "removed",
      "sample_size": 34
    },
    {
      "maximum": 1569119.7238349286,
      "total": 51233478.70163539,
      "mode": null,
      "n": 400,
      "percentiles": {
        "25": 1257071.024512885,
        "50": 1278167.6189015429,
        "75": 1370107.0053571183
      },
      "frequency_distribution": "removed",
      "average": 1313678.941067574,
      "variance": 8982655483.864225,
      "standard_deviation": 94776.8720936929,
      "standard_deviation_ratio": 0.07214614555415766,
      "median": 1278167.6189015429,
      "minimum": 1188650.7625194641,
      "lower_outlier_bound": 1068160.4622569233,
      "upper_outlier_bound": 1577873.98737136,
      "outliers": "removed",
      "sample_size": 39
    },
    {
      "maximum": 1614543.8106463018,
      "total": 54442724.85508353,
      "mode": null,
      "n": 500,
      "percentiles": {
        "25": 1284612.5940477634,
        "50": 1352740.020847141,
        "75": 1426917.107315204
      },
      "frequency_distribution": "removed",
      "average": 1361068.1213770884,
      "variance": 8779942021.109715,
      "standard_deviation": 93701.34482017702,
      "standard_deviation_ratio": 0.06884397874617236,
      "median": 1352740.020847141,
      "minimum": 1139782.985319595,
      "lower_outlier_bound": 1064120.4267872479,
      "upper_outlier_bound": 1653090.2496490246,
      "outliers": "removed",
      "sample_size": 40
    },
    {
      "maximum": 1568627.450980392,
      "total": 50930572.86896036,
      "mode": null,
      "n": 600,
      "percentiles": {
        "25": 1267523.8941488194,
        "50": 1324378.9057662906,
        "75": 1392321.474331289
      },
      "frequency_distribution": "removed",
      "average": 1340278.2333936936,
      "variance": 7395216674.011262,
      "standard_deviation": 85995.44565854207,
      "standard_deviation_ratio": 0.06416238323948201,
      "median": 1324378.9057662906,
      "minimum": 1214845.4109214603,
      "lower_outlier_bound": 1077593.312690455,
      "upper_outlier_bound": 1581934.064884134,
      "outliers": "removed",
      "sample_size": 38
    },
    {
      "maximum": 1506364.3895458311,
      "total": 52299704.18467553,
      "mode": [
        1290389.1813771033,
        1230723.788660111
      ],
      "n": 700,
      "percentiles": {
        "25": 1248196.5072042523,
        "50": 1300814.086681995,
        "75": 1364772.8392417692
      },
      "frequency_distribution": "removed",
      "average": 1307492.6046168883,
      "variance": 5143664672.927571,
      "standard_deviation": 71719.34657348442,
      "standard_deviation_ratio": 0.05485258296699819,
      "median": 1300814.086681995,
      "minimum": 1110987.6680368849,
      "lower_outlier_bound": 1072872.0014297517,
      "upper_outlier_bound": 1537667.9496638274,
      "outliers": "removed",
      "sample_size": 40
    },
    {
      "maximum": 1443418.0138568128,
      "total": 46738661.085373975,
      "mode": null,
      "n": 800,
      "percentiles": {
        "25": 1207569.2584709139,
        "50": 1253117.1288580343,
        "75": 1295664.807252726
      },
      "frequency_distribution": "removed",
      "average": 1263207.0563614587,
      "variance": 4439273895.247203,
      "standard_deviation": 66627.87626247143,
      "standard_deviation_ratio": 0.052745015891841475,
      "median": 1253117.1288580343,
      "minimum": 1168483.6587560324,
      "lower_outlier_bound": 1051694.2287350765,
      "upper_outlier_bound": 1466680.4705123345,
      "outliers": "removed",
      "sample_size": 37
    },
    {
      "maximum": 1452242.9892969693,
      "total": 45427321.57627169,
      "mode": null,
      "n": 900,
      "percentiles": {
        "25": 1157368.47678353,
        "50": 1215140.6525305305,
        "75": 1319560.4652482164
      },
      "frequency_distribution": "removed",
      "average": 1227765.4480073429,
      "variance": 9325868115.687422,
      "standard_deviation": 96570.53440717526,
      "standard_deviation_ratio": 0.07865552379235688,
      "median": 1215140.6525305305,
      "minimum": 985600.3784705453,
      "lower_outlier_bound": 909359.6724487517,
      "upper_outlier_bound": 1570716.4840081607,
      "outliers": "removed",
      "sample_size": 37
    },
    {
      "maximum": 1441961.0670511897,
      "total": 48877287.4158411,
      "mode": 1170398.2865369085,
      "n": 1000,
      "percentiles": {
        "25": 1177995.0524207798,
        "50": 1249203.6326841637,
        "75": 1319034.9939983909
      },
      "frequency_distribution": "removed",
      "average": 1253263.7798933615,
      "variance": 7759814616.56897,
      "standard_deviation": 88089.80994739954,
      "standard_deviation_ratio": 0.07028832346443059,
      "median": 1249203.6326841637,
      "minimum": 1067953.907109369,
      "lower_outlier_bound": 967988.3371236012,
      "upper_outlier_bound": 1530707.5890450855,
      "outliers": "removed",