{
  "build_type": "random",
  "name": "runtime",
  "timestamp": "2026-03-19T21:33:01.730688Z",
  "impl_mod": "gb_sets",
  "tweaks": "none",
  "impl_description": ":gb_sets.is_member/2",
  "group_id": "is_member_existing_x100",
  "measurements": [
    {
      "maximum": 348370.15025204583,
      "total": 10759634.90956495,
      "mode": null,
      "n": 100,
      "percentiles": {
        "25": 251478.06231123427,
        "50": 269862.558998702,
        "75": 286790.15850892063
      },
      "frequency_distribution": "removed",
      "average": 275888.0746042295,
      "variance": 807479759.4821161,
      "standard_deviation": 28416.188334857932,
      "standard_deviation_ratio": 0.10299897295532577,
      "median": 269862.558998702,
      "minimum": 241294.6907929185,
      "lower_outlier_bound": 192067.94047464052,
      "upper_outlier_bound": 350013.30516456015,
      "outliers": "removed",
      "sample_size": 39
    },
    {
      "maximum": 245551.22566894293,
      "total": 8721139.595558548,
      "mode": null,
      "n": 200,
      "percentiles": {
        "25": 212794.9337782166,
        "50": 229863.92055902907,
        "75": 237053.894202847
      },
      "frequency_distribution": "removed",
      "average": 223618.9639886807,
      "variance": 270044443.12238765,
      "standard_deviation": 16433.029030656144,
      "standard_deviation_ratio": 0.0734867416320199,
      "median": 229863.92055902907,
      "minimum": 189601.13609000747,
      "lower_outlier_bound": 176784.77706750113,
      "upper_outlier_bound": 273459.0077705581,
      "outliers": "removed",
      "sample_size": 39
    },
    {
      "maximum": 205466.64557209105,
      "total": 6665081.226628135,
      "mode": null,
      "n": 300,
      "percentiles": {
        "25": 171813.24105513547,
        "50": 180893.32358921296,
        "75": 188036.46040048098
      },
      "frequency_distribution": "removed",
      "average": 180137.33044940906,
      "variance": 135977614.24857932,
      "standard_deviation": 11660.943969018088,
      "standard_deviation_ratio": 0.06473363372226182,
      "median": 180893.32358921296,
      "minimum": 156776.18005430727,
      "lower_outlier_bound": 151647.12013691297,
      "upper_outlier_bound": 211492.78317559435,
      "outliers": "removed",
      "sample_size": 37
    },
    {
      "maximum": 176814.02347382976,
      "total": 5564693.695609211,
      "mode": null,
      "n": 400,
      "percentiles": {
        "25": 144941.17039462918,
        "50": 155682.00384612154,
        "75": 160751.43112885967
      },
      "frequency_distribution": "removed",
      "average": 154574.82487803363,
      "variance": 124527042.07706487,
      "standard_deviation": 11159.168520865023,
      "standard_deviation_ratio": 0.07219266481246284,
      "median": 155682.00384612154,
      "minimum": 133181.50641601908,
      "lower_outlier_bound": 118444.52337921009,
      "upper_outlier_bound": 189102.248753661,
      "outliers": "removed",
      "sample_size": 36
    },
    {
      "maximum": 151781.45898409633,
      "total": 4935710.091640483,
      "mode": null,
      "n": 500,
      "percentiles": {
        "25": 117429.46892522679,
        "50": 127922.38692940219,
        "75": 131158.20565082013
      },
      "frequency_distribution": "removed",
      "average": 126556.66901642263,
      "variance": 81681672.28917202,
      "standard_deviation": 9037.791339103378,
      "standard_deviation_ratio": 0.07141299948350086,
      "median": 127922.38692940219,
      "minimum": 113057.33024159221,
      "lower_outlier_bound": 96763.37497191931,
      "upper_outlier_bound": 151898.8000419231,
      "outliers": "removed",
      "sample_size": 39
    },
    {
      "maximum": 121838.74155200626,
      "total": 3766696.9385241354,
      "mode": null,
      "n": 600,
      "percentiles": {
        "25": 112567.78745764187,
        "50": 113773.79721185933,
        "75": 115753.74636841612
      },
      "frequency_distribution": "removed",
      "average": 114142.33147042834,
      "variance": 7121967.781473674,
      "standard_deviation": 2668.701515994937,
      "standard_deviation_ratio": 0.023380471395805826,
      "median": 113773.79721185933,
      "minimum": 109577.03265395573,
      "lower_outlier_bound": 106198.94263882618,
      "upper_outlier_bound": 123417.86060889074,
      "outliers": "removed",
      "sample_size": 33
    },
    {
      "maximum": 109438.88494908903,
      "total": 3648332.800914272,
      "mode": null,
      "n": 700,
      "percentiles": {
        "25": 99610.08753511694,
        "50": 101451.55434868103,
        "75": 102755.29899409309
      },
      "frequency_distribution": "removed",
      "average": 101342.57780317422,
      "variance": 7884695.872634265,
      "standard_deviation": 2807.9700626314134,
      "standard_deviation_ratio": 0.027707703153999137,
      "median": 101451.55434868103,
      "minimum": 95678.30657051635,
      "lower_outlier_bound": 92646.57835577993,
      "upper_outlier_bound": 111782.72722051904,
      "outliers": "removed",
      "sample_size": 36
    },
    {
      "maximum": 95538.17609978771,
      "total": 3204654.780714167,
      "mode": 90156.69233127176,
      "n": 800,
      "percentiles": {
        "25": 90090.73939271635,
        "50": 90818.68503625935,
        "75": 93298.37754121456
      },
      "frequency_distribution": "removed",
      "average": 91561.56516326191,
      "variance": 3846588.5727333566,
      "standard_deviation": 1961.2721822157569,
      "standard_deviation_ratio": 0.021420256181932287,
      "median": 90818.68503625935,
      "minimum": 88462.69528139984,
      "lower_outlier_bound": 84236.8232851004,
      "upper_outlier_bound": 99891.23486444651,
      "outliers": "removed",
      "sample_size": 35
    },
    {
      "maximum": 90574.78760212308,
      "total": 3236721.235320523,
      "mode": null,
      "n": 900,
      "percentiles": {
        "25": 83506.87842536088,
        "50": 85474.86475873513,
        "75": 86642.2585979341
      },
      "frequency_distribution": "removed",
      "average": 85176.87461369798,
      "variance": 5587174.784934357,
      "standard_deviation": 2363.720538670838,
      "standard_deviation_ratio": 0.02775073104514578,
      "median": 85474.86475873513,
      "minimum": 80886.58164408448,
      "lower_outlier_bound": 78296.75834576694,
      "upper_outlier_bound": 91912.59060169932,
      "outliers": "removed",
      "sample_size": 38
    },
    {
      "maximum": 85919.28913816939,
      "total": 2895738.756241059,
      "mode": null,
      "n": 1000,
      "percentiles": {
        "25": 76435.28780794796,
        "50": 77700.37956635418,
        "75": 79372.94619987204
      },
      "frequency_distribution": "removed",
      "average": 78263.20962813673,
      "variance": 6697759.859679785,
      "standard_deviation": 2588.0030640785153,
      "standard_deviation_ratio": 0.03306793928303308,
      "median": 77700.37956635418,
      "minimum": 74088.1233774701,
      "lower_outlier_bound": 70176.87166687782,
      "upper_outlier_bound": 87479.34139569616,
      "outliers": "removed",
      "sample_size": 37
    },
    {
      "maximum": 55497.406606189295,
      "total": 1845492.5501405026,
      "mode": null,
      "n": 2000,
      "percentiles": {
        "25": 53792.41935826193,
        "50": 54236.265121129014,
        "75": 54735.24753105045
      },
      "frequency_distribution": "removed",
      "average": 54279.19265119125,
      "variance": 314858.92469558667,
      "standard_deviation": 561.1229140710498,
      "standard_deviation_ratio": 0.010337716658332333,
      "median": 54236.265121129014,
      "minimum": 53222.88520196222,
      "lower_outlier_bound": 52339.17128815537,
      "upper_outlier_bound": 56614.52990464159,
      "outliers": "removed",
      "sample_size": 34
    },
    {
      "maximum": 46426.57011178125,
      "total": 1632339.9010441408,
      "mode": null,
      "n": 3000,