{
  "build_type": "random",
  "name": "runtime",
  "impl_mod": "gb_sets",
  "group_id": "largest",
  "impl_description": ":gb_sets.largest/1",
  "tweaks": [
    "duplicate_variants",
    10
  ],
  "measurements": [
    {
      "maximum": 120409.39193257074,
      "total": 1451055049.5022354,
      "mode": 103541.10581901015,
      "n": 100,
      "frequency_distribution": "removed",
      "outliers": "removed",
      "median": 103755.96596804317,
      "average": 104497.69908557076,
      "sample_size": 13886,
      "percentiles": {
        "25": 100512.6143330988,
        "50": 103755.96596804317,
        "75": 108143.18157240187
      },
      "variance": 34358832.90821993,
      "standard_deviation": 5861.640803411612,
      "lower_outlier_bound": 87909.97394339918,
      "minimum": 87935.27963418924,
      "standard_deviation_ratio": 0.056093491576418825,
      "upper_outlier_bound": 120470.42788902167
    },
    {
      "maximum": 105630.08344776592,
      "total": 1294995884.7452557,
      "mode": 93632.95880149813,
      "n": 200,
      "frequency_distribution": "removed",
      "outliers": "removed",
      "median": 93109.8696461825,
      "average": 93474.51167498597,
      "sample_size": 13854,
      "percentiles": {
        "25": 90471.13964304572,
        "50": 93109.8696461825,
        "75": 96339.11368015414
      },
      "variance": 19299270.07424275,
      "standard_deviation": 4393.093451571768,
      "lower_outlier_bound": 80807.9363219369,
      "minimum": 80821.14281095934,
      "standard_deviation_ratio": 0.046997768406073115,
      "upper_outlier_bound": 105657.82009508449
    },
    {
      "maximum": 116333.17822242904,
      "total": 1429339717.0585675,
      "mode": 99512.3892924669,
      "n": 300,
      "frequency_distribution": "removed",
      "outliers": "removed",
      "median": 101533.15057366231,
      "average": 102088.40204689433,
      "sample_size": 14001,
      "percentiles": {
        "25": 98434.8853233586,
        "50": 101533.15057366231,
        "75": 105396.29005059022
      },
      "variance": 27685687.470305778,
      "standard_deviation": 5261.719060374259,
      "lower_outlier_bound": 87027.63571536871,
      "minimum": 87092.84096847239,
      "standard_deviation_ratio": 0.05154081124668096,
      "upper_outlier_bound": 116417.48265172313
    },
    {
      "maximum": 97276.26459143969,
      "total": 1195665196.413508,
      "mode": [
        85601.78051703476,
        85455.47769612032
      ],
      "n": 400,
      "frequency_distribution": "removed",
      "outliers": "removed",
      "median": 87397.30816290858,
      "average": 87568.85867976476,
      "sample_size": 13654,
      "percentiles": {
        "25": 85164.3672287515,
        "50": 87397.30816290858,
        "75": 89758.54950184005
      },
      "variance": 12612065.981479073,
      "standard_deviation": 3551.3470657595653,
      "lower_outlier_bound": 77429.30173661697,
      "minimum": 77429.34572202865,
      "standard_deviation_ratio": 0.04055490866618094,
      "upper_outlier_bound": 97285.11952401671
    },
    {
      "maximum": 99512.3892924669,
      "total": 1222260044.488463,
      "mode": 89597.70629871875,
      "n": 500,
      "frequency_distribution": "removed",
      "outliers": "removed",
      "median": 87943.0129276229,
      "average": 88326.35095306135,
      "sample_size": 13838,
      "percentiles": {
        "25": 85528.56654122478,
        "50": 87943.0129276229,
        "75": 90983.53198071149
      },
      "variance": 15989179.763937632,
      "standard_deviation": 3998.647241747843,
      "lower_outlier_bound": 76617.09889221267,
      "minimum": 76657.72326561902,
      "standard_deviation_ratio": 0.045271283129004344,
      "upper_outlier_bound": 99603.39183381078
    },
    {
      "maximum": 85829.54252853832,
      "total": 1053623528.0268543,
      "mode": 78100.59356451109,
      "n": 600,
      "frequency_distribution": "removed",
      "outliers": "removed",
      "median": 77077.23138584862,
      "average": 77256.4546140823,
      "sample_size": 13638,
      "percentiles": {
        "25": 75159.7143930853,
        "50": 77077.23138584862,
        "75": 79214.19518377693
      },
      "variance": 9729765.032524576,
      "standard_deviation": 3119.257128311896,
      "lower_outlier_bound": 68270.8880792885,
      "minimum": 68273.36655970506,
      "standard_deviation_ratio": 0.040375359494471526,
      "upper_outlier_bound": 85890.71380270834
    },
    {
      "maximum": 95520.10698251982,
      "total": 1188520125.0510492,
      "mode": 85091.89925119128,
      "n": 700,
      "frequency_distribution": "removed",
      "outliers": "removed",
      "median": 85528.56654122478,
      "average": 85554.28484387051,
      "sample_size": 13892,
      "percentiles": {
        "25": 83104.79514667996,
        "50": 85528.56654122478,
        "75": 87935.27963418924
      },
      "variance": 12443058.70630319,
      "standard_deviation": 3527.4719993648696,
      "lower_outlier_bound": 75170.71593345895,
      "minimum": 75216.2467092892,
      "standard_deviation_ratio": 0.041230804579831554,
      "upper_outlier_bound": 95594.01785462741
    },
    {
      "maximum": 84090.14463504877,
      "total": 1040795326.2063565,
      "mode": 75103.26699211416,
      "n": 800,
      "frequency_distribution": "removed",
      "outliers": "removed",
      "median": 75216.2467092892,
      "average": 75430.88318642967,
      "sample_size": 13798,
      "percentiles": {
        "25": 73286.91828508611,
        "50": 75216.2467092892,
        "75": 77495.35027898326
      },
      "variance": 9055200.741176315,
      "standard_deviation": 3009.1860595809485,
      "lower_outlier_bound": 66425.39486502652,
      "minimum": 66454.01382243488,
      "standard_deviation_ratio": 0.03989328949183395,
      "upper_outlier_bound": 84137.32352735731
    },
    {
      "maximum": 87627.05923589204,
      "total": 1093770559.2293558,
      "mode": 78591.63784973278,
      "n": 900,
      "frequency_distribution": "removed",
      "outliers": "removed",
      "median": 78653.45288658173,
      "average": 78807.5912694975,
      "sample_size": 13879,
      "percentiles": {
        "25": 76604.87206986365,
        "50": 78653.45288658173,
        "75": 80951.99546668825
      },
      "variance": 9963841.821967265,
      "standard_deviation": 3156.5553728656914,
      "lower_outlier_bound": 69582.78771996294,
      "minimum": 69603.95350455906,
      "standard_deviation_ratio": 0.040053950666646465,
      "upper_outlier_bound": 87668.75331641664
    },
    {
      "maximum": 83668.00535475234,
      "total": 1040136176.4270911,
      "mode": 75500.18875047188,
      "n": 1000,
      "frequency_distribution": "removed",
      "outliers": "removed",
      "median": 75046.904315197,
      "average": 75219.5672857312,
      "sample_size": 13828,
      "percentiles": {
        "25": 73120.79555425563,
        "50": 75046.904315197,
        "75": 77196.2328238382
      },
      "variance": 9081556.609324982,
      "standard_deviation": 3013.5621130690142,
      "lower_outlier_bound": 66363.95143902216,
      "minimum": 66365.80833554553,
      "standard_deviation_ratio": 0.040063539605613666,
      "upper_outlier_bound": 83686.06757734316
    },
    {
      "maximum": 71911.4051488566,
      "total": 902919941.4241071,
      "mode": [
        64939.2817715436,
        64855.04896556197
      ],
      "n": 2000,
      "frequency_distribution": "removed",
      "outliers": "removed",
      "median": 65406.50140623978,
      "average": 65476.42794953641,
      "sample_size": 13790,
      "percentiles": {
        "25": 63941.685232129195,
        "50": 65406.50140623978,
        "75": 67033.1143584931
      },
      "variance": 5249132.152270449,
      "standard_deviation": 2291.0984597503552,
      "lower_outlier_bound": 58763.49672260854,
      "minimum": 58782.0362097343,
      "standard_deviation_ratio": 0.034991195022369526,