{"build_type":"random","name":"runtime","timestamp":"2026-04-06T01:02:02.527132Z","impl_mod":"gb_sets","impl_description":":gb_sets.smallest/1","tweaks":["duplicate_variants",10],"group_id":"smallest","measurements":[{"maximum":7608034.083992696,"total":318609568.6961047,"mode":7543867.59003606,"n":100,"percentiles":{"25":7290330.106147206,"50":7403458.895996209,"75":7543867.59003606},"frequency_distribution":"removed","outliers":"removed","median":7403458.895996209,"average":7409524.853397784,"sample_size":43,"variance":19321985131.11861,"standard_deviation":139003.54359194808,"lower_outlier_bound":6873046.365833754,"minimum":7116424.708226587,"standard_deviation_ratio":0.018760115708121996,"upper_outlier_bound":7946360.324557444},{"maximum":8126117.341134406,"total":336843986.8358444,"mode":[7599939.200486396,7018725.960863584,7123420.381530396,7496476.655971693,7706178.814173204,7335142.668524903],"n":200,"percentiles":{"25":7123420.381530396,"50":7286613.475598147,"75":7551887.374397965},"frequency_distribution":"removed","outliers":"removed","median":7286613.475598147,"average":7322695.365996617,"sample_size":46,"variance":96022529324.21068,"standard_deviation":309875.02210441337,"lower_outlier_bound":6426252.943018399,"minimum":6426487.410511163,"standard_deviation_ratio":0.04231707132640489,"upper_outlier_bound":8313839.049341489},{"maximum":7320215.50714453,"total":307106257.5041987,"mode":[6773048.684673945,6709518.122408449,6766632.38239593,6653448.482348401,6930391.151276578],"n":300,"percentiles":{"25":6706414.779128879,"50":6824634.199606901,"75":6937080.253516829},"frequency_distribution":"removed","outliers":"removed","median":6824634.199606901,"average":6824583.500093304,"sample_size":45,"variance":43638691542.43651,"standard_deviation":208898.75907347203,"lower_outlier_bound":6230301.918526253,"minimum":6335529.650278763,"standard_deviation_ratio":0.030609744766199435,"upper_outlier_bound":7350444.6909267735},{"maximum":6785825.767137603,"total":291248696.3803698,"mode":[6561938.134047273,6358006.63775893,6346707.96257981],"n":400,"percentiles":{"25":6199728.282483821,"50":6358006.63775893,"75":6520116.188678367},"frequency_distribution":"removed","outliers":"removed","median":6358006.63775893,"average":6331493.399573256,"sample_size":46,"variance":65403121029.970474,"standard_deviation":255740.33907455913,"lower_outlier_bound":5636522.939056506,"minimum":5681818.181818182,"standard_deviation_ratio":0.04039178799298694,"upper_outlier_bound":7059897.661721287},{"maximum":7543753.771876886,"total":330800578.38548696,"mode":[6943865.788962031,7116424.708226587,7074136.955291455,7095217.8231871715,6923673.424171928,6779477.166720903],"n":500,"percentiles":{"25":6711095.220998691,"50":6913683.450090797,"75":7095217.8231871715},"frequency_distribution":"removed","outliers":"removed","median":6913683.450090797,"average":6891678.716364312,"sample_size":48,"variance":73041822553.68634,"standard_deviation":270262.50674795115,"lower_outlier_bound":6072226.293690268,"minimum":6182303.773678224,"standard_deviation_ratio":0.039215772799479465,"upper_outlier_bound":7709012.740885314},{"maximum":6977685.362211647,"total":311123666.6392131,"mode":[5731841.526045488,6818212.810058228,6484747.873002698,6021122.096313869],"n":600,"percentiles":{"25":6021122.096313869,"50":6484747.873002698,"75":6625677.244169329},"frequency_distribution":"removed","outliers":"removed","median":6484747.873002698,"average":6349462.584473737,"sample_size":49,"variance":174463132048.2316,"standard_deviation":417687.8404361702,"lower_outlier_bound":5093459.647139967,"minimum":5350626.558369985,"standard_deviation_ratio":0.06578318005330674,"upper_outlier_bound":7567226.178270371},{"maximum":7088176.920895945,"total":313524702.93950844,"mode":6374949.000407997,"n":700,"percentiles":{"25":6359422.746961572,"50":6570962.22383787,"75":6701650.381488796},"frequency_distribution":"removed","outliers":"removed","median":6570962.22383787,"average":6531764.644573092,"sample_size":48,"variance":70811225538.00868,"standard_deviation":266103.7871545775,"lower_outlier_bound":5827212.69785401,"minimum":5887409.186713295,"standard_deviation_ratio":0.04073995338697169,"upper_outlier_bound":7238893.629793057},{"maximum":6766632.38239593,"total":295912956.8959393,"mode":[6426404.812091923,6665777.896280496,6285434.1349357,6358006.63775893],"n":800,"percentiles":{"25":6129403.9767573,"50":6341154.090044388,"75":6484663.770183516},"frequency_distribution":"removed","outliers":"removed","median":6341154.090044388,"average":6296020.35948807,"sample_size":47,"variance":86282837802.20857,"standard_deviation":293739.4045786308,"lower_outlier_bound":5517919.599946247,"minimum":5637042.131252889,"standard_deviation_ratio":0.04665477361996885,"upper_outlier_bound":7100134.252599569},{"maximum":6950526.15482992,"total":280898086.8503856,"mode":6247032.659486744,"n":900,"percentiles":{"25":6074781.615861356,"50":6247032.659486744,"75":6470064.345568963},"frequency_distribution":"removed","outliers":"removed","median":6247032.659486744,"average":6242179.707786347,"sample_size":45,"variance":100665632494.131,"standard_deviation":317278.4778300145,"lower_outlier_bound":5447649.369628532,"minimum":5473274.00304314,"standard_deviation_ratio":0.05082815501678826,"upper_outlier_bound":7123397.099047499},{"maximum":7246061.765430489,"total":319478469.03012973,"mode":6678242.286630159,"n":1000,"percentiles":{"25":6279912.916330303,"50":6641076.385660588,"75":6821470.081100255},"frequency_distribution":"removed","outliers":"removed","median":6641076.385660588,"average":6519968.755716933,"sample_size":49,"variance":171226654898.39343,"standard_deviation":413795.4263865098,"lower_outlier_bound":5378747.112641953,"minimum":5435905.241299834,"standard_deviation_ratio":0.06346586032696548,"upper_outlier_bound":7684498.045341615},{"maximum":7032546.625784129,"total":283564324.5836786,"mode":6363671.074569497,"n":2000,"percentiles":{"25":6314527.49407381,"50":6461200.491051237,"75":6559015.569935421},"frequency_distribution":"removed","outliers":"removed","median":6461200.491051237,"average":6444643.74053815,"sample_size":44,"variance":55266346861.04088,"standard_deviation":235087.95558479996,"lower_outlier_bound":5837089.69648365,"minimum":5853704.224032968,"standard_deviation_ratio":0.036478037429136356,"upper_outlier_bound":7069604.4366166005},{"maximum":6634995.62090289,"total":271864739.2260104,"mode":[6098007.171256433,5787438.942519156,5916599.611871066,6236124.62271446],"n":3000,"percentiles":{"25":5734144.998992041,"50":5860875.518187264,"75":6099309.782524157},"frequency_distribution":"removed","outliers":"removed","median":5860875.518187264,"average":5910103.026652399,"sample_size":46,"variance":66474820355.74781,"standard_deviation":257827.1133060831,"lower_outlier_bound":5106494.03518106,"minimum":5464958.684912342,"standard_deviation_ratio":0.043624808593585813,"upper_outlier_bound":6694999.230930015},{"maximum":6824727.352142282,"total":279156829.9298051,"mode":[5792131.9679347575,6171620.420657648,5295207.836907598],"n":4000,"percentiles":{"25":5652658.274776734,"50":5820398.439862203,"75":5988331.8564571515},"frequency_distribution":"removed","outliers":"removed","median":5820398.439862203,"average":5815767.290204273,"sample_size":48,"variance":153241904368.609,"standard_deviation":391461.24248590565,"lower_outlier_bound":4938940.401145476,"minimum":5143027.597486088,"standard_deviation_ratio":0.06731033463894942,"upper_outlier_bound":6854126.456608291},{"maximum":6930391.151276578,"total":254503827.3097032,"mode":5872887.228819433,"n":5000,"percentiles":{"25":5002929.970338148,"50":5530412.873240827,"75":5818066.197384296},"frequency_distribution":"removed","outliers":"removed","median":5530412.873240827,"average":5532691.898037026,"sample_size":46,"variance":347703988663.1604,"standard_deviation":589664.3016693145,"lower_outlier_bound":3979911.8198747193,"minimum":4474433.089327582,