{
  "build_type": "random",
  "name": "runtime",
  "timestamp": "2026-03-19T21:33:01.665059Z",
  "impl_mod": "gb_sets",
  "tweaks": "none",
  "impl_description": ":gb_sets.to_list/1",
  "group_id": "to_list",
  "measurements": [
    {
      "maximum": 5092168.245238823,
      "total": 198162281.07676953,
      "mode": [
        4280089.025851738,
        4451963.315822277,
        4200621.692010418,
        4294794.7088129185,
        4265483.705852244
      ],
      "n": 0,
      "percentiles": {
        "25": 4260033.149351587,
        "50": 4347448.047995826,
        "75": 4477880.174252501
      },
      "frequency_distribution": "removed",
      "average": 4403606.246150434,
      "variance": 41494014631.67895,
      "standard_deviation": 203700.79683614138,
      "standard_deviation_ratio": 0.04625772275035116,
      "median": 4347448.047995826,
      "minimum": 4197447.951645399,
      "lower_outlier_bound": 3751578.9265884394,
      "upper_outlier_bound": 5121991.6712919185,
      "outliers": "removed",
      "sample_size": 45
    },
    {
      "maximum": 543106.3510856696,
      "total": 19330133.002947453,
      "mode": null,
      "n": 100,
      "percentiles": {
        "25": 326463.7733535043,
        "50": 375513.7710159145,
        "75": 443875.3770971077
      },
      "frequency_distribution": "removed",
      "average": 386602.6600589491,
      "variance": 4999735369.092227,
      "standard_deviation": 70708.80687080095,
      "standard_deviation_ratio": 0.18289787985426506,
      "median": 375513.7710159145,
      "minimum": 287807.88248228544,
      "lower_outlier_bound": 141692.41640107037,
      "upper_outlier_bound": 635213.4313689976,
      "outliers": "removed",
      "sample_size": 50
    },
    {
      "maximum": 342287.5763301295,
      "total": 12125702.751965566,
      "mode": null,
      "n": 200,
      "percentiles": {
        "25": 211430.70179301593,
        "50": 255690.3896210157,
        "75": 283132.01007659925
      },
      "frequency_distribution": "removed",
      "average": 247463.32146868503,
      "variance": 2183547892.960754,
      "standard_deviation": 46728.44843305579,
      "standard_deviation_ratio": 0.1888297956873944,
      "median": 255690.3896210157,
      "minimum": 111387.10360114506,
      "lower_outlier_bound": 102452.97636880836,
      "upper_outlier_bound": 397825.8332946819,
      "outliers": "removed",
      "sample_size": 49
    },
    {
      "maximum": 220870.49479408245,
      "total": 9473093.169592505,
      "mode": null,
      "n": 300,
      "percentiles": {
        "25": 151580.84166517504,
        "50": 194553.3011941727,
        "75": 205474.2129806687
      },
      "frequency_distribution": "removed",
      "average": 182174.8686460097,
      "variance": 838234809.0345217,
      "standard_deviation": 28952.28503995016,
      "standard_deviation_ratio": 0.15892579067098628,
      "median": 194553.3011941727,
      "minimum": 110403.79082456176,
      "lower_outlier_bound": 70740.78469193456,
      "upper_outlier_bound": 286314.2699539092,
      "outliers": "removed",
      "sample_size": 52
    },
    {
      "maximum": 208305.5592587655,
      "total": 7868109.346240096,
      "mode": null,
      "n": 400,
      "percentiles": {
        "25": 121500.03170173676,
        "50": 163827.81826120662,
        "75": 176039.55244567667
      },
      "frequency_distribution": "removed",
      "average": 151309.79512000183,
      "variance": 990397086.594974,
      "standard_deviation": 31470.57493270458,
      "standard_deviation_ratio": 0.20798769113226065,
      "median": 163827.81826120662,
      "minimum": 78652.46308053382,
      "lower_outlier_bound": 39178.81058487944,
      "upper_outlier_bound": 259514.48686124507,
      "outliers": "removed",
      "sample_size": 52
    },
    {
      "maximum": 160721.5755857498,
      "total": 6451001.981396115,
      "mode": null,
      "n": 500,
      "percentiles": {
        "25": 100811.22144500351,
        "50": 136035.1578821179,
        "75": 149215.95374245974
      },
      "frequency_distribution": "removed",
      "average": 124057.73041146375,
      "variance": 728519770.518612,
      "standard_deviation": 26991.105396382194,
      "standard_deviation_ratio": 0.21756891172247367,
      "median": 136035.1578821179,
      "minimum": 50748.180423990896,
      "lower_outlier_bound": 27262.57968464878,
      "upper_outlier_bound": 223693.9929065624,
      "outliers": "removed",
      "sample_size": 52
    },
    {
      "maximum": 156439.19364982026,
      "total": 5576134.833370918,
      "mode": null,
      "n": 600,
      "percentiles": {
        "25": 85499.02360115047,
        "50": 121905.43064312429,
        "75": 128262.68197268005
      },
      "frequency_distribution": "removed",
      "average": 109335.97712491997,
      "variance": 528153580.4227851,
      "standard_deviation": 22981.59220817359,
      "standard_deviation_ratio": 0.21019240704197817,
      "median": 121905.43064312429,
      "minimum": 62449.33797456813,
      "lower_outlier_bound": 19520.970356551014,
      "upper_outlier_bound": 195466.34451977478,
      "outliers": "removed",
      "sample_size": 51
    },
    {
      "maximum": 161007.2614274904,
      "total": 5118033.513233772,
      "mode": 117608.04062652156,
      "n": 700,
      "percentiles": {
        "25": 76845.52205773865,
        "50": 112904.02706083721,
        "75": 115952.2462269139
      },
      "frequency_distribution": "removed",
      "average": 100353.5982987014,
      "variance": 483590767.88639414,
      "standard_deviation": 21990.69730332338,
      "standard_deviation_ratio": 0.2191321255653266,
      "median": 112904.02706083721,
      "minimum": 59204.38775558534,
      "lower_outlier_bound": 18254.378773936187,
      "upper_outlier_bound": 174583.55228528276,
      "outliers": "removed",
      "sample_size": 51
    },
    {
      "maximum": 161126.59716739442,
      "total": 5034079.2887946,
      "mode": null,
      "n": 800,
      "percentiles": {
        "25": 68641.71526471555,
        "50": 102532.7643448464,
        "75": 105764.59576288628
      },
      "frequency_distribution": "removed",
      "average": 94982.62809046416,
      "variance": 591948567.9842341,
      "standard_deviation": 24329.993176822598,
      "standard_deviation_ratio": 0.2561520318605,
      "median": 102532.7643448464,
      "minimum": 46439.959169987895,
      "lower_outlier_bound": 12957.394517459441,
      "upper_outlier_bound": 161448.9165101424,
      "outliers": "removed",
      "sample_size": 53
    },
    {
      "maximum": 131559.55964384196,
      "total": 4596906.5838864185,
      "mode": null,
      "n": 900,
      "percentiles": {
        "25": 63278.251213163196,
        "50": 94773.76298270759,
        "75": 97179.62215890727
      },
      "frequency_distribution": "removed",
      "average": 85127.89970160034,
      "variance": 340033847.35543793,
      "standard_deviation": 18440.00670703343,
      "standard_deviation_ratio": 0.21661531380042695,
      "median": 94773.76298270759,
      "minimum": 41234.5628105478,
      "lower_outlier_bound": 12426.19479454709,
      "upper_outlier_bound": 148031.6785775234,
      "outliers": "removed",
      "sample_size": 54
    },
    {
      "maximum": 99678.0399310228,
      "total": 3829619.4392319443,
      "mode": null,
      "n": 1000,
      "percentiles": {
        "25": 56340.65659715719,
        "50": 82617.86448076402,
        "75": 87250.9755529041
      },
      "frequency_distribution": "removed",
      "average": 73646.5276775374,
      "variance": 288495177.6649084,
      "standard_deviation": 16985.145794632095,
      "standard_deviation_ratio": 0.23063063976351814,
      "median": 82617.86448076402,
      "minimum": 44907.16790251193,
      "lower_outlier_bound": 9975.178163536832,
      "upper_outlier_bound": 133616.45398652446,
      "outliers": "removed",