{
  "build_type": "random",
  "name": "runtime",
  "timestamp": "2026-03-19T21:33:01.737067Z",
  "impl_mod": "gb_sets",
  "tweaks": "none",
  "impl_description": ":gb_sets.union/2",
  "group_id": "union_050_0050",
  "measurements": [
    {
      "maximum": 4651162.790697674,
      "total": 326790718.46111387,
      "mode": [
        4099032.628299721,
        3702195.401873311,
        4067355.405515334,
        4060583.911966541
      ],
      "n": 0,
      "percentiles": {
        "25": 3864883.8113291943,
        "50": 4060583.911966541,
        "75": 4164846.0660890588
      },
      "frequency_distribution": "removed",
      "average": 4034453.314334739,
      "variance": 56481373438.583664,
      "standard_deviation": 237658.10198388706,
      "standard_deviation_ratio": 0.05890713895225125,
      "median": 4060583.911966541,
      "minimum": 3424071.2206813903,
      "lower_outlier_bound": 3377797.185170776,
      "upper_outlier_bound": 4708747.003724574,
      "outliers": "removed",
      "sample_size": 81
    },
    {
      "maximum": 448873.3279468534,
      "total": 27046422.274379488,
      "mode": null,
      "n": 100,
      "percentiles": {
        "25": 203932.09373119002,
        "50": 325256.67694355664,
        "75": 350795.4434227522
      },
      "frequency_distribution": "removed",
      "average": 300515.803048661,
      "variance": 4820990819.827823,
      "standard_deviation": 69433.3552395952,
      "standard_deviation_ratio": 0.23104726784818105,
      "median": 325256.67694355664,
      "minimum": 167107.55209160168,
      "lower_outlier_bound": -16362.93080615325,
      "upper_outlier_bound": 571090.4679600955,
      "outliers": "removed",
      "sample_size": 90
    },
    {
      "maximum": 305281.0570051318,
      "total": 18026060.24923614,
      "mode": null,
      "n": 200,
      "percentiles": {
        "25": 126684.29809124095,
        "50": 226428.18780072161,
        "75": 234700.11870792994
      },
      "frequency_distribution": "removed",
      "average": 195935.43749169717,
      "variance": 2910867117.883956,
      "standard_deviation": 53952.45238062822,
      "standard_deviation_ratio": 0.2753583173687735,
      "median": 226428.18780072161,
      "minimum": 94831.9435712003,
      "lower_outlier_bound": -35339.432833792525,
      "upper_outlier_bound": 396723.8496329634,
      "outliers": "removed",
      "sample_size": 92
    },
    {
      "maximum": 188533.39869157822,
      "total": 12858979.284254555,
      "mode": null,
      "n": 300,
      "percentiles": {
        "25": 89536.33608359113,
        "50": 171875.3491218029,
        "75": 177152.93967588097
      },
      "frequency_distribution": "removed",
      "average": 141307.46466213797,
      "variance": 2012325645.020059,
      "standard_deviation": 44858.95278559297,
      "standard_deviation_ratio": 0.3174563558468013,
      "median": 171875.3491218029,
      "minimum": 51879.27485224783,
      "lower_outlier_bound": -41888.56930484364,
      "upper_outlier_bound": 308577.8450643157,
      "outliers": "removed",
      "sample_size": 91
    },
    {
      "maximum": 177578.25873862611,
      "total": 11604255.77728552,
      "mode": null,
      "n": 400,
      "percentiles": {
        "25": 73813.32190688809,
        "50": 147497.41142042956,
        "75": 149822.163247107
      },
      "frequency_distribution": "removed",
      "average": 124776.94384177978,
      "variance": 1335634352.3364186,
      "standard_deviation": 36546.33158521411,
      "standard_deviation_ratio": 0.2928933059264198,
      "median": 147497.41142042956,
      "minimum": 62559.35318633554,
      "lower_outlier_bound": -40199.9401034403,
      "upper_outlier_bound": 263835.4252574354,
      "outliers": "removed",
      "sample_size": 93
    },
    {
      "maximum": 253579.91444213685,
      "total": 16333477.044279015,
      "mode": null,
      "n": 500,
      "percentiles": {
        "25": 144128.2164869125,
        "50": 208192.36974964867,
        "75": 216222.5305790692
      },
      "frequency_distribution": "removed",
      "average": 183522.21398066307,
      "variance": 1738252744.8886056,
      "standard_deviation": 41692.35835124472,
      "standard_deviation_ratio": 0.22717881092932796,
      "median": 208192.36974964867,
      "minimum": 59551.671198548844,
      "lower_outlier_bound": 35986.74534867749,
      "upper_outlier_bound": 324364.0017173042,
      "outliers": "removed",
      "sample_size": 89
    },
    {
      "maximum": 241791.18912906814,
      "total": 16588235.031965913,
      "mode": 201013.91418313974,
      "n": 600,
      "percentiles": {
        "25": 136127.73091744728,
        "50": 194891.36542444362,
        "75": 202121.76326724704
      },
      "frequency_distribution": "removed",
      "average": 176470.58544644588,
      "variance": 1116643965.4203775,
      "standard_deviation": 33416.223087302635,
      "standard_deviation_ratio": 0.18935860048723852,
      "median": 194891.36542444362,
      "minimum": 119456.04495369883,
      "lower_outlier_bound": 37136.682392747636,
      "upper_outlier_bound": 301112.81179194665,
      "outliers": "removed",
      "sample_size": 94
    },
    {
      "maximum": 232092.8742845737,
      "total": 14555519.158700874,
      "mode": 188668.92188917965,
      "n": 700,
      "percentiles": {
        "25": 123439.95037065522,
        "50": 180230.51482846562,
        "75": 188683.34045729673
      },
      "frequency_distribution": "removed",
      "average": 163545.15908652666,
      "variance": 1239200231.2600355,
      "standard_deviation": 35202.27593863833,
      "standard_deviation_ratio": 0.2152449888169047,
      "median": 180230.51482846562,
      "minimum": 98328.80365311171,
      "lower_outlier_bound": 25574.86524069296,
      "upper_outlier_bound": 286548.425587259,
      "outliers": "removed",
      "sample_size": 89
    },
    {
      "maximum": 245683.94725657022,
      "total": 14022082.282424152,
      "mode": null,
      "n": 800,
      "percentiles": {
        "25": 125263.99386707487,
        "50": 178787.2503236049,
        "75": 186738.22475439255
      },
      "frequency_distribution": "removed",
      "average": 161173.3595680937,
      "variance": 1358653516.5767097,
      "standard_deviation": 36859.91747924444,
      "standard_deviation_ratio": 0.22869733297128172,
      "median": 178787.2503236049,
      "minimum": 53701.972312337115,
      "lower_outlier_bound": 33052.647536098346,
      "upper_outlier_bound": 278949.5710853691,
      "outliers": "removed",
      "sample_size": 87
    },
    {
      "maximum": 242862.2776595848,
      "total": 12781657.712569194,
      "mode": null,
      "n": 900,
      "percentiles": {
        "25": 117617.72357953075,
        "50": 162297.87827983726,
        "75": 170390.8425145599
      },
      "frequency_distribution": "removed",
      "average": 146915.60589159993,
      "variance": 1026621056.2271329,
      "standard_deviation": 32040.927830309985,
      "standard_deviation_ratio": 0.21809070340662812,
      "median": 162297.87827983726,
      "minimum": 49815.6075287324,
      "lower_outlier_bound": 38458.04517698704,
      "upper_outlier_bound": 249550.5209171036,
      "outliers": "removed",
      "sample_size": 87
    },
    {
      "maximum": 216901.3901210093,
      "total": 13325241.313588532,
      "mode": null,
      "n": 1000,
      "percentiles": {
        "25": 112864.37828836993,
        "50": 156324.49839376577,
        "75": 160942.35385623702
      },
      "frequency_distribution": "removed",
      "average": 143282.16466224228,
      "variance": 743962594.6042223,
      "standard_deviation": 27275.677711181117,
      "standard_deviation_ratio": 0.19036338385505144,
      "median": 156324.49839376577,
      "minimum": 49737.411336847115,
      "lower_outlier_bound": 40747.4149365693,
      "upper_outlier_bound": 233059.31720803765,
      "outliers": "removed",