{
  "build_type": "random",
  "name": "runtime",
  "timestamp": "2026-03-19T21:33:01.652171Z",
  "impl_mod": "gb_sets",
  "tweaks": "none",
  "impl_description": ":gb_sets.union/2",
  "group_id": "union_050_0100",
  "measurements": [
    {
      "maximum": 4351042.074576861,
      "total": 291914393.86909777,
      "mode": [
        4047599.773334413,
        4110827.9207432377,
        4144905.9106358285,
        4276428.327061239
      ],
      "n": 0,
      "percentiles": {
        "25": 3964363.2076034173,
        "50": 4054903.5936085926,
        "75": 4167104.1280350876
      },
      "frequency_distribution": "removed",
      "average": 4054366.581515247,
      "variance": 25753038483.35076,
      "standard_deviation": 160477.53264351605,
      "standard_deviation_ratio": 0.03958140671718453,
      "median": 4054903.5936085926,
      "minimum": 3641395.3827106548,
      "lower_outlier_bound": 3582722.7158831824,
      "upper_outlier_bound": 4510794.306781266,
      "outliers": "removed",
      "sample_size": 72
    },
    {
      "maximum": 343219.19007135526,
      "total": 17236127.681658093,
      "mode": null,
      "n": 100,
      "percentiles": {
        "25": 159549.22031755632,
        "50": 257737.93722019324,
        "75": 274683.1453313411
      },
      "frequency_distribution": "removed",
      "average": 223845.8140475077,
      "variance": 4080047711.431128,
      "standard_deviation": 63875.251165307585,
      "standard_deviation_ratio": 0.2853537888885922,
      "median": 257737.93722019324,
      "minimum": 100506.95709156987,
      "lower_outlier_bound": -13151.6672031208,
      "upper_outlier_bound": 447384.0328520182,
      "outliers": "removed",
      "sample_size": 77
    },
    {
      "maximum": 261300.5975944667,
      "total": 13900959.344329031,
      "mode": null,
      "n": 200,
      "percentiles": {
        "25": 111154.91693132163,
        "50": 201091.12041939565,
        "75": 209534.02020336024
      },
      "frequency_distribution": "removed",
      "average": 171616.78202875349,
      "variance": 2975977243.6758013,
      "standard_deviation": 54552.51821571394,
      "standard_deviation_ratio": 0.31787403056289654,
      "median": 201091.12041939565,
      "minimum": 87557.85385193267,
      "lower_outlier_bound": -36413.73797673629,
      "upper_outlier_bound": 357102.6751114181,
      "outliers": "removed",
      "sample_size": 81
    },
    {
      "maximum": 212170.97585918638,
      "total": 10089330.463227479,
      "mode": null,
      "n": 300,
      "percentiles": {
        "25": 81250.67599122997,
        "50": 153920.9831241034,
        "75": 159257.79331732483
      },
      "frequency_distribution": "removed",
      "average": 131030.26575620103,
      "variance": 1572349056.4435563,
      "standard_deviation": 39652.85685097048,
      "standard_deviation_ratio": 0.3026236466981591,
      "median": 153920.9831241034,
      "minimum": 73865.00874192378,
      "lower_outlier_bound": -35759.99999791231,
      "upper_outlier_bound": 276268.4693064671,
      "outliers": "removed",
      "sample_size": 77
    },
    {
      "maximum": 163980.3945040331,
      "total": 8676881.925352482,
      "mode": null,
      "n": 400,
      "percentiles": {
        "25": 68209.03502057385,
        "50": 134698.4573230078,
        "75": 138606.92299210216
      },
      "frequency_distribution": "removed",
      "average": 111242.07596605747,
      "variance": 1221194665.6135068,
      "standard_deviation": 34945.59579708875,
      "standard_deviation_ratio": 0.31414009037148366,
      "median": 134698.4573230078,
      "minimum": 62762.30721772809,
      "lower_outlier_bound": -37387.796936718616,
      "upper_outlier_bound": 244203.7549493946,
      "outliers": "removed",
      "sample_size": 78
    },
    {
      "maximum": 146000.10804007994,
      "total": 7362500.987528553,
      "mode": null,
      "n": 500,
      "percentiles": {
        "25": 57654.873377364136,
        "50": 116864.04097621565,
        "75": 120385.0044725214
      },
      "frequency_distribution": "removed",
      "average": 94391.03830164812,
      "variance": 1134578408.9272738,
      "standard_deviation": 33683.50351325221,
      "standard_deviation_ratio": 0.35685065149520745,
      "median": 116864.04097621565,
      "minimum": 34081.66443942989,
      "lower_outlier_bound": -36440.32326537175,
      "upper_outlier_bound": 214480.20111525728,
      "outliers": "removed",
      "sample_size": 78
    },
    {
      "maximum": 124976.87927733369,
      "total": 6071170.8598036235,
      "mode": null,
      "n": 600,
      "percentiles": {
        "25": 48021.17835795112,
        "50": 99772.24662355843,
        "75": 102222.24575400044
      },
      "frequency_distribution": "removed",
      "average": 79883.82710267925,
      "variance": 817798606.5319577,
      "standard_deviation": 28597.178296677415,
      "standard_deviation_ratio": 0.35798458003169814,
      "median": 99772.24662355843,
      "minimum": 20399.9741328328,
      "lower_outlier_bound": -33280.42273612286,
      "upper_outlier_bound": 183523.8468480744,
      "outliers": "removed",
      "sample_size": 76
    },
    {
      "maximum": 106903.50782480226,
      "total": 5516306.08145194,
      "mode": null,
      "n": 700,
      "percentiles": {
        "25": 41788.29851947256,
        "50": 89303.25599671363,
        "75": 91487.18345982564
      },
      "frequency_distribution": "removed",
      "average": 71640.33872015506,
      "variance": 610640104.7100741,
      "standard_deviation": 24711.133213798068,
      "standard_deviation_ratio": 0.3449332269397257,
      "median": 89303.25599671363,
      "minimum": 37519.34122039912,
      "lower_outlier_bound": -32760.028891057053,
      "upper_outlier_bound": 166035.51087035524,
      "outliers": "removed",
      "sample_size": 77
    },
    {
      "maximum": 100099.8996999005,
      "total": 5320777.065741904,
      "mode": 84358.71349587571,
      "n": 800,
      "percentiles": {
        "25": 38339.22081223693,
        "50": 83017.1785423352,
        "75": 84829.24615934324
      },
      "frequency_distribution": "removed",
      "average": 70010.22454923559,
      "variance": 507788932.64622414,
      "standard_deviation": 22534.172552952197,
      "standard_deviation_ratio": 0.3218697368568608,
      "median": 83017.1785423352,
      "minimum": 34749.45469418221,
      "lower_outlier_bound": -31395.817208422544,
      "upper_outlier_bound": 154564.2841800027,
      "outliers": "removed",
      "sample_size": 76
    },
    {
      "maximum": 92323.23101765128,
      "total": 5220832.405236701,
      "mode": null,
      "n": 900,
      "percentiles": {
        "25": 36061.688566930134,
        "50": 78966.67369470063,
        "75": 79941.3550219559
      },
      "frequency_distribution": "removed",
      "average": 66086.48614223671,
      "variance": 462993850.98811036,
      "standard_deviation": 21517.291906467002,
      "standard_deviation_ratio": 0.3255929186514129,
      "median": 78966.67369470063,
      "minimum": 21071.38289168066,
      "lower_outlier_bound": -29757.811115608514,
      "upper_outlier_bound": 145760.85470449453,
      "outliers": "removed",
      "sample_size": 79
    },
    {
      "maximum": 120120.26440872601,
      "total": 7249510.964553465,
      "mode": null,
      "n": 1000,
      "percentiles": {
        "25": 71704.37248735735,
        "50": 107844.85008487389,
        "75": 113039.00565678693
      },
      "frequency_distribution": "removed",
      "average": 94149.4930461489,
      "variance": 552653408.8902271,
      "standard_deviation": 23508.581600986203,
      "standard_deviation_ratio": 0.2496941920809185,
      "median": 107844.85008487389,
      "minimum": 11708.414579973507,
      "lower_outlier_bound": 9702.422733212981,
      "upper_outlier_bound": 175040.95541093132,
      "outliers": "removed",