{
  "build_type": "from_ordset_or_orddict",
  "name": "memory",
  "timestamp": "2026-03-19T22:37:05.678396Z",
  "impl_mod": "gb_trees",
  "tweaks": "none",
  "impl_description": ":gb_trees.enter/3",
  "group_id": "add_new_x300",
  "measurements": [
    {
      "maximum": 136632,
      "total": 6008776,
      "mode": null,
      "n": 0,
      "percentiles": {
        "25": 115088.0,
        "50": 1.193e5,
        "75": 124680.0
      },
      "frequency_distribution": "removed",
      "average": 120175.52,
      "variance": 48370884.98938776,
      "standard_deviation": 6954.9180433264455,
      "standard_deviation_ratio": 0.05787300145093148,
      "median": 1.193e5,
      "minimum": 108880,
      "lower_outlier_bound": 1.007e5,
      "upper_outlier_bound": 139068.0,
      "outliers": "removed",
      "sample_size": 50
    },
    {
      "maximum": 121000,
      "total": 6014440,
      "mode": 120040,
      "n": 100,
      "percentiles": {
        "25": 120040.0,
        "50": 1.203e5,
        "75": 120520.0
      },
      "frequency_distribution": "removed",
      "average": 120288.8,
      "variance": 121031.1836734694,
      "standard_deviation": 347.89536311004406,
      "standard_deviation_ratio": 0.0028921675426976084,
      "median": 1.203e5,
      "minimum": 119560,
      "lower_outlier_bound": 119320.0,
      "upper_outlier_bound": 121240.0,
      "outliers": "removed",
      "sample_size": 50
    },
    {
      "maximum": 124520,
      "total": 6213360,
      "mode": [
        124400,
        124240,
        124200,
        124080
      ],
      "n": 200,
      "percentiles": {
        "25": 124120.0,
        "50": 124240.0,
        "75": 1.244e5
      },
      "frequency_distribution": "removed",
      "average": 124267.2,
      "variance": 20469.55102040817,
      "standard_deviation": 143.07183866997784,
      "standard_deviation_ratio": 0.0011513242325406692,
      "median": 124240.0,
      "minimum": 124080,
      "lower_outlier_bound": 1.237e5,
      "upper_outlier_bound": 124820.0,
      "outliers": "removed",
      "sample_size": 50
    },
    {
      "maximum": 126760,
      "total": 6326680,
      "mode": 126520,
      "n": 300,
      "percentiles": {
        "25": 126430.0,
        "50": 126520.0,
        "75": 126640.0
      },
      "frequency_distribution": "removed",
      "average": 126533.6,
      "variance": 17150.040816326524,
      "standard_deviation": 130.95816437445404,
      "standard_deviation_ratio": 0.0010349675056621644,
      "median": 126520.0,
      "minimum": 126320,
      "lower_outlier_bound": 126115.0,
      "upper_outlier_bound": 126955.0,
      "outliers": "removed",
      "sample_size": 50
    },
    {
      "maximum": 132120,
      "total": 6581200,
      "mode": [
        131560,
        131240
      ],
      "n": 400,
      "percentiles": {
        "25": 131340.0,
        "50": 1.316e5,
        "75": 131850.0
      },
      "frequency_distribution": "removed",
      "average": 131624.0,
      "variance": 91232.6530612245,
      "standard_deviation": 302.04743511777167,
      "standard_deviation_ratio": 0.002294774776011758,
      "median": 1.316e5,
      "minimum": 131200,
      "lower_outlier_bound": 130575.0,
      "upper_outlier_bound": 132615.0,
      "outliers": "removed",
      "sample_size": 50
    },
    {
      "maximum": 133080,
      "total": 6380080,
      "mode": 132920,
      "n": 500,
      "percentiles": {
        "25": 132880.0,
        "50": 132920.0,
        "75": 132920.0
      },
      "frequency_distribution": "removed",
      "average": 132918.33333333334,
      "variance": 6533.3333333333385,
      "standard_deviation": 80.82903768654764,
      "standard_deviation_ratio": 6.081105266633469e-4,
      "median": 132920.0,
      "minimum": 132800,
      "lower_outlier_bound": 132760.0,
      "upper_outlier_bound": 133080.0,
      "outliers": "removed",
      "sample_size": 48
    },
    {
      "maximum": 135120,
      "total": 6749400,
      "mode": 135040,
      "n": 600,
      "percentiles": {
        "25": 134920.0,
        "50": 1.35e5,
        "75": 135040.0
      },
      "frequency_distribution": "removed",
      "average": 134988.0,
      "variance": 8048.9795918367345,
      "standard_deviation": 89.71610553204333,
      "standard_deviation_ratio": 6.646228222660039e-4,
      "median": 1.35e5,
      "minimum": 134800,
      "lower_outlier_bound": 134740.0,
      "upper_outlier_bound": 135220.0,
      "outliers": "removed",
      "sample_size": 50
    },
    {
      "maximum": 138160,
      "total": 6888200,
      "mode": [
        137640,
        137440
      ],
      "n": 700,
      "percentiles": {
        "25": 137590.0,
        "50": 137640.0,
        "75": 138050.0
      },
      "frequency_distribution": "removed",
      "average": 137764.0,
      "variance": 62906.12244897959,
      "standard_deviation": 250.81092968405423,
      "standard_deviation_ratio": 0.0018205839673939071,
      "median": 137640.0,
      "minimum": 137440,
      "lower_outlier_bound": 1.369e5,
      "upper_outlier_bound": 138740.0,
      "outliers": "removed",
      "sample_size": 50
    },
    {
      "maximum": 140840,
      "total": 7029200,
      "mode": [
        140840,
        140720,
        140520
      ],
      "n": 800,
      "percentiles": {
        "25": 140440.0,
        "50": 140560.0,
        "75": 140720.0
      },
      "frequency_distribution": "removed",
      "average": 140584.0,
      "variance": 25273.469387755104,
      "standard_deviation": 158.97631706564064,
      "standard_deviation_ratio": 0.001130827953861326,
      "median": 140560.0,
      "minimum": 140360,
      "lower_outlier_bound": 140020.0,
      "upper_outlier_bound": 141140.0,
      "outliers": "removed",
      "sample_size": 50
    },
    {
      "maximum": 141640,
      "total": 5660000,
      "mode": 141480,
      "n": 900,
      "percentiles": {
        "25": 141440.0,
        "50": 141480.0,
        "75": 141520.0
      },
      "frequency_distribution": "removed",
      "average": 1.415e5,
      "variance": 6974.358974358975,
      "standard_deviation": 83.5126276341427,
      "standard_deviation_ratio": 5.901952482978283e-4,
      "median": 141480.0,
      "minimum": 141360,
      "lower_outlier_bound": 141320.0,
      "upper_outlier_bound": 141640.0,
      "outliers": "removed",
      "sample_size": 40
    },
    {
      "maximum": 142680,
      "total": 7120440,
      "mode": 142280,
      "n": 1000,
      "percentiles": {
        "25": 142280.0,
        "50": 142360.0,
        "75": 142580.0
      },
      "frequency_distribution": "removed",
      "average": 142408.8,
      "variance": 31757.714285714286,
      "standard_deviation": 178.20694230504682,
      "standard_deviation_ratio": 0.001251375914304782,
      "median": 142360.0,
      "minimum": 142160,
      "lower_outlier_bound": 141830.0,
      "upper_outlier_bound": 143030.0,
      "outliers": "removed",
      "sample_size": 50
    },
    {
      "maximum": 152560,
      "total": 7623040,
      "mode": 152480,
      "n": 2000,
      "percentiles": {
        "25": 1.524e5,
        "50": 152480.0,
        "75": 152490.0
      },
      "frequency_distribution": "removed",
      "average": 152460.8,
      "variance": 3934.040816326534,
      "standard_deviation": 62.72193249834171,
      "standard_deviation_ratio": 4.113971099347617e-4,
      "median": 152480.0,
      "minimum": 152360,
      "lower_outlier_bound": 152265.0,
      "upper_outlier_bound": 152625.0,
      "outliers": "removed",
      "sample_size": 50
    },
    {
      "maximum": 160520,
      "total": 8018960,
      "mode": 160320,
      "n": 3000,
      "percentiles": {
        "25": 160320.0,
        "50": 160360.0,
        "75": 160450.0
      },
      "frequency_distribution": "removed",
      "average": 160379.2,
      "variance": 6350.367346938777,
      "standard_deviation": 79.68919215890432,
      "standard_deviation_ratio": 4.968798457587038e-4,