{
  "build_type": "random",
  "name": "runtime",
  "timestamp": "2026-03-19T20:17:22.910519Z",
  "impl_mod": "gb_sets",
  "tweaks": "none",
  "impl_description": ":gb_sets.delete/2",
  "group_id": "delete_x300",
  "measurements": [
    {
      "maximum": 46372.68240926489,
      "total": 1764090.948234976,
      "mode": null,
      "n": 300,
      "percentiles": {
        "25": 42293.01980602173,
        "50": 44788.12300917793,
        "75": 45865.0265018189
      },
      "average": 44102.2737058744,
      "variance": 4184490.834008614,
      "standard_deviation": 2045.6028045563035,
      "standard_deviation_ratio": 0.04638315970280304,
      "median": 44788.12300917793,
      "frequency_distribution": "removed",
      "minimum": 38808.45620737376,
      "lower_outlier_bound": 36935.00976232597,
      "upper_outlier_bound": 51223.03654551466,
      "outliers": "removed",
      "sample_size": 40
    },
    {
      "maximum": 43935.26402457563,
      "total": 1587758.9695159208,
      "mode": null,
      "n": 400,
      "percentiles": {
        "25": 37951.19157307993,
        "50": 40561.328243317315,
        "75": 40784.615460591114
      },
      "average": 39693.97423789802,
      "variance": 4420025.234967715,
      "standard_deviation": 2102.385605679347,
      "standard_deviation_ratio": 0.052964855397927973,
      "median": 40561.328243317315,
      "frequency_distribution": "removed",
      "minimum": 35517.17806075497,
      "lower_outlier_bound": 33701.05574181315,
      "upper_outlier_bound": 45034.75129185789,
      "outliers": "removed",
      "sample_size": 40
    },
    {
      "maximum": 38331.197646771114,
      "total": 1447829.9594544799,
      "mode": null,
      "n": 500,
      "percentiles": {
        "25": 34697.37941062142,
        "50": 36302.297195503736,
        "75": 37648.70415744328
      },
      "average": 36195.748986362,
      "variance": 2591250.408352823,
      "standard_deviation": 1609.7361300389648,
      "standard_deviation_ratio": 0.04447307142740681,
      "median": 36302.297195503736,
      "frequency_distribution": "removed",
      "minimum": 32495.691883648524,
      "lower_outlier_bound": 30270.392290388627,
      "upper_outlier_bound": 42075.69127767607,
      "outliers": "removed",
      "sample_size": 40
    },
    {
      "maximum": 36493.92631584325,
      "total": 1326614.5404307733,
      "mode": null,
      "n": 600,
      "percentiles": {
        "25": 31784.499084160918,
        "50": 33442.57720332191,
        "75": 34608.777843110685
      },
      "average": 33165.36351076933,
      "variance": 3299445.905226997,
      "standard_deviation": 1816.4376964892017,
      "standard_deviation_ratio": 0.0547691176639561,
      "median": 33442.57720332191,
      "frequency_distribution": "removed",
      "minimum": 29385.292014870134,
      "lower_outlier_bound": 27548.080945736267,
      "upper_outlier_bound": 38845.19598153533,
      "outliers": "removed",
      "sample_size": 40
    },
    {
      "maximum": 33652.09721552452,
      "total": 1289012.1971149787,
      "mode": null,
      "n": 700,
      "percentiles": {
        "25": 31141.923212264857,
        "50": 32675.47328374848,
        "75": 33345.985028900526
      },
      "average": 32225.304927874466,
      "variance": 1852265.1368605106,
      "standard_deviation": 1360.9794770166486,
      "standard_deviation_ratio": 0.04223325365152462,
      "median": 32675.47328374848,
      "frequency_distribution": "removed",
      "minimum": 28587.731746447404,
      "lower_outlier_bound": 27835.830487311352,
      "upper_outlier_bound": 36652.07775385403,
      "outliers": "removed",
      "sample_size": 40
    },
    {
      "maximum": 32237.058432892114,
      "total": 1177826.2251636952,
      "mode": null,
      "n": 800,
      "percentiles": {
        "25": 30162.556401303453,
        "50": 31500.0028241062,
        "75": 31741.12909357437
      },
      "average": 30995.426977991978,
      "variance": 1200757.7026718971,
      "standard_deviation": 1095.7909028057759,
      "standard_deviation_ratio": 0.03535330884726422,
      "median": 31500.0028241062,
      "frequency_distribution": "removed",
      "minimum": 27894.119501197354,
      "lower_outlier_bound": 27750.233405404826,
      "upper_outlier_bound": 34163.496782679606,
      "outliers": "removed",
      "sample_size": 38
    },
    {
      "maximum": 30828.649433862684,
      "total": 1111238.8703430837,
      "mode": null,
      "n": 900,
      "percentiles": {
        "25": 28168.840985318966,
        "50": 29160.06267949389,
        "75": 30290.73449118046
      },
      "average": 29243.128166923256,
      "variance": 1348605.8696569423,
      "standard_deviation": 1161.294910716887,
      "standard_deviation_ratio": 0.039711719761582186,
      "median": 29160.06267949389,
      "frequency_distribution": "removed",
      "minimum": 26526.416198939634,
      "lower_outlier_bound": 24954.765796701802,
      "upper_outlier_bound": 33505.83283717134,
      "outliers": "removed",
      "sample_size": 38
    },
    {
      "maximum": 29514.77996879107,
      "total": 1131204.9990658972,
      "mode": null,
      "n": 1000,
      "percentiles": {
        "25": 27300.033372706013,
        "50": 28655.12672540305,
        "75": 29200.953767858686
      },
      "average": 28280.12497664743,
      "variance": 1029151.6530259261,
      "standard_deviation": 1014.4711198579909,
      "standard_deviation_ratio": 0.035872229019344844,
      "median": 28655.12672540305,
      "frequency_distribution": "removed",
      "minimum": 25939.43556825781,
      "lower_outlier_bound": 24448.652779977005,
      "upper_outlier_bound": 32052.334360587694,
      "outliers": "removed",
      "sample_size": 40
    },
    {
      "maximum": 22581.28982069327,
      "total": 819285.6871672935,
      "mode": null,
      "n": 2000,
      "percentiles": {
        "25": 20367.917922179073,
        "50": 21258.01081565074,
        "75": 21565.495379916098
      },
      "average": 21007.325311981884,
      "variance": 536084.4676443016,
      "standard_deviation": 732.1778934414106,
      "standard_deviation_ratio": 0.03485345623813425,
      "median": 21258.01081565074,
      "frequency_distribution": "removed",
      "minimum": 19413.3141167408,
      "lower_outlier_bound": 18639.04749494793,
      "upper_outlier_bound": 23326.566506018095,
      "outliers": "removed",
      "sample_size": 39
    },
    {
      "maximum": 18394.999503335013,
      "total": 709581.2364164396,
      "mode": null,
      "n": 3000,
      "percentiles": {
        "25": 17341.771231528306,
        "50": 17971.369279593575,
        "75": 18163.300316843754
      },
      "average": 17739.53091041099,
      "variance": 224670.35664868527,
      "standard_deviation": 473.99404706038797,
      "standard_deviation_ratio": 0.026719649434597502,
      "median": 17971.369279593575,
      "frequency_distribution": "removed",
      "minimum": 16536.811355497623,
      "lower_outlier_bound": 16109.477603555135,
      "upper_outlier_bound": 19395.593944816923,
      "outliers": "removed",
      "sample_size": 40
    },
    {
      "maximum": 16974.47327785057,
      "total": 637638.3142186532,
      "mode": null,
      "n": 4000,
      "percentiles": {
        "25": 15580.64229746709,
        "50": 16125.157424063393,
        "75": 16281.483377440072
      },
      "average": 15940.957855466331,
      "variance": 193152.7569866202,
      "standard_deviation": 439.4914754424939,
      "standard_deviation_ratio": 0.02756995404086006,
      "median": 16125.157424063393,
      "frequency_distribution": "removed",
      "minimum": 15007.533781958544,
      "lower_outlier_bound": 14529.380677507615,
      "upper_outlier_bound": 17332.744997399546,
      "outliers": "removed",
      "sample_size": 40
    },
    {
      "maximum": 15282.021297941803,
      "total": 594367.114665922,
      "mode": null,
      "n": 5000,