{
  "build_type": "random",
  "name": "runtime",
  "timestamp": "2026-03-05T19:10:41.516674Z",
  "impl_mod": "gb_sets",
  "group_id": "difference_000_0100",
  "impl_description": ":gb_sets.difference/2",
  "tweaks": "none",
  "measurements": [
    {
      "maximum": 8482483.671218934,
      "total": 322575120.48683417,
      "mode": null,
      "n": 0,
      "percentiles": {
        "25": 7087674.5339854,
        "50": 7407956.144899623,
        "75": 7849293.563579278
      },
      "average": 7501746.9880659105,
      "sample_size": 43,
      "variance": 252565996108.216,
      "standard_deviation": 502559.445347728,
      "frequency_distribution": "removed",
      "lower_outlier_bound": 5919397.444759676,
      "median": 7407956.144899623,
      "minimum": 6487187.804086928,
      "outliers": "removed",
      "standard_deviation_ratio": 0.06699232140822936,
      "upper_outlier_bound": 9033463.602420164
    },
    {
      "maximum": 341000.1534500691,
      "total": 12177368.219329417,
      "mode": null,
      "n": 100,
      "percentiles": {
        "25": 278010.9997197252,
        "50": 295640.1623347978,
        "75": 307412.5631763673
      },
      "average": 289937.3385554623,
      "sample_size": 42,
      "variance": 570926860.2166394,
      "standard_deviation": 23894.07583935063,
      "frequency_distribution": "removed",
      "lower_outlier_bound": 216409.60374311055,
      "median": 295640.1623347978,
      "minimum": 220513.97397053053,
      "outliers": "removed",
      "standard_deviation_ratio": 0.08241117187043474,
      "upper_outlier_bound": 357903.59822370834
    },
    {
      "maximum": 195192.79192057997,
      "total": 7822644.180121894,
      "mode": null,
      "n": 200,
      "percentiles": {
        "25": 157840.38927332519,
        "50": 180579.40708557479,
        "75": 189399.52025478892
      },
      "average": 173836.5373360421,
      "sample_size": 45,
      "variance": 316638841.1801944,
      "standard_deviation": 17794.348574201707,
      "frequency_distribution": "removed",
      "lower_outlier_bound": 110501.69280112958,
      "median": 180579.40708557479,
      "minimum": 135557.01053413528,
      "outliers": "removed",
      "standard_deviation_ratio": 0.1023625346367984,
      "upper_outlier_bound": 236738.21672698454
    },
    {
      "maximum": 158427.13539975128,
      "total": 6362921.313602763,
      "mode": null,
      "n": 300,
      "percentiles": {
        "25": 124341.6085548491,
        "50": 134287.86419144346,
        "75": 138303.9611074616
      },
      "average": 132560.86070005756,
      "sample_size": 48,
      "variance": 95819234.6912871,
      "standard_deviation": 9788.729983572286,
      "frequency_distribution": "removed",
      "lower_outlier_bound": 103398.07972593035,
      "median": 134287.86419144346,
      "minimum": 113268.24185035,
      "outliers": "removed",
      "standard_deviation_ratio": 0.07384328927767769,
      "upper_outlier_bound": 159247.48993638036
    },
    {
      "maximum": 112283.47535321575,
      "total": 4634087.788891675,
      "mode": null,
      "n": 400,
      "percentiles": {
        "25": 96546.18835491409,
        "50": 99605.81047059564,
        "75": 106375.12008152806
      },
      "average": 100741.03888894945,
      "sample_size": 46,
      "variance": 41878430.73892332,
      "standard_deviation": 6471.354629358781,
      "frequency_distribution": "removed",
      "lower_outlier_bound": 81802.79076499314,
      "median": 99605.81047059564,
      "minimum": 85822.02914172821,
      "outliers": "removed",
      "standard_deviation_ratio": 0.06423752127960873,
      "upper_outlier_bound": 121118.51767144902
    },
    {
      "maximum": 96492.40460037188,
      "total": 4129775.7265649484,
      "mode": null,
      "n": 500,
      "percentiles": {
        "25": 86749.45306978529,
        "50": 92202.28538296105,
        "75": 93529.03455760436
      },
      "average": 89777.73318619453,
      "sample_size": 46,
      "variance": 27177681.020487975,
      "standard_deviation": 5213.221750557708,
      "frequency_distribution": "removed",
      "lower_outlier_bound": 75858.26238523822,
      "median": 92202.28538296105,
      "minimum": 76883.09771226655,
      "outliers": "removed",
      "standard_deviation_ratio": 0.058068092894991534,
      "upper_outlier_bound": 104069.61815534547
    },
    {
      "maximum": 81285.01860207651,
      "total": 3414625.7411451796,
      "mode": null,
      "n": 600,
      "percentiles": {
        "25": 71931.46542409563,
        "50": 74226.734145022,
        "75": 77149.44620437594
      },
      "average": 74230.9943727213,
      "sample_size": 46,
      "variance": 13080856.148538964,
      "standard_deviation": 3616.7466248742066,
      "frequency_distribution": "removed",
      "lower_outlier_bound": 64172.75477807632,
      "median": 74226.734145022,
      "minimum": 65268.570376815034,
      "outliers": "removed",
      "standard_deviation_ratio": 0.048722863750338005,
      "upper_outlier_bound": 84793.02282359631
    },
    {
      "maximum": 68833.45195631553,
      "total": 3138975.157707086,
      "mode": null,
      "n": 700,
      "percentiles": {
        "25": 62258.283798833814,
        "50": 65326.17358470845,
        "75": 66494.49399936004
      },
      "average": 64060.71750422624,
      "sample_size": 49,
      "variance": 10269028.854043284,
      "standard_deviation": 3204.532548444981,
      "frequency_distribution": "removed",
      "lower_outlier_bound": 55903.96849804447,
      "median": 65326.17358470845,
      "minimum": 56235.315553226166,
      "outliers": "removed",
      "standard_deviation_ratio": 0.05002336335420486,
      "upper_outlier_bound": 72848.80930014938
    },
    {
      "maximum": 64459.73715897576,
      "total": 2560158.8294363394,
      "mode": null,
      "n": 800,
      "percentiles": {
        "25": 54119.78365634402,
        "50": 58024.56527995692,
        "75": 59073.167562230476
      },
      "average": 56892.41843191865,
      "sample_size": 45,
      "variance": 9471654.634772832,
      "standard_deviation": 3077.605340970936,
      "frequency_distribution": "removed",
      "lower_outlier_bound": 46589.73335069245,
      "median": 58024.56527995692,
      "minimum": 51052.81106988313,
      "outliers": "removed",
      "standard_deviation_ratio": 0.05409517517090275,
      "upper_outlier_bound": 66701.87116387578
    },
    {
      "maximum": 60438.88299274008,
      "total": 2412856.010603272,
      "mode": null,
      "n": 900,
      "percentiles": {
        "25": 51250.06060446918,
        "50": 54388.499225507774,
        "75": 55718.24760789734
      },
      "average": 53619.022457850486,
      "sample_size": 45,
      "variance": 7717100.822431197,
      "standard_deviation": 2777.967030479519,
      "frequency_distribution": "removed",
      "lower_outlier_bound": 44547.78009932694,
      "median": 54388.499225507774,
      "minimum": 46980.095942751934,
      "outliers": "removed",
      "standard_deviation_ratio": 0.05180935614153089,
      "upper_outlier_bound": 62420.52811303958
    },
    {
      "maximum": 57137.73107212667,
      "total": 2332466.443257214,
      "mode": null,
      "n": 1000,
      "percentiles": {
        "25": 48591.76904335329,
        "50": 51473.056592338384,
        "75": 52350.08148971851
      },
      "average": 50705.79224472204,
      "sample_size": 46,
      "variance": 6044282.1810524585,
      "standard_deviation": 2458.5121885100466,
      "frequency_distribution": "removed",
      "lower_outlier_bound": 42954.30037380546,
      "median": 51473.056592338384,
      "minimum": 44673.05133916406,
      "outliers": "removed",
      "standard_deviation_ratio": 0.048485825379564064,
      "upper_outlier_bound": 57987.55015926634
    },
    {
      "maximum": 27748.87270204648,
      "total": 1238844.1221633914,
      "mode": null,
      "n": 2000,