{
  "build_type": "random",
  "name": "runtime",
  "timestamp": "2026-03-19T20:17:22.940568Z",
  "impl_mod": "gb_sets",
  "tweaks": "none",
  "impl_description": ":gb_sets.difference/2",
  "group_id": "difference_100_0500",
  "measurements": [
    {
      "maximum": 8220979.940808944,
      "total": 290387081.7567578,
      "mode": null,
      "n": 0,
      "percentiles": {
        "25": 6816517.138131802,
        "50": 7153093.536941553,
        "75": 7895623.971527355
      },
      "average": 7259677.043918945,
      "variance": 363113971245.0244,
      "standard_deviation": 602589.3885931153,
      "standard_deviation_ratio": 0.08300498561404644,
      "median": 7153093.536941553,
      "frequency_distribution": "removed",
      "minimum": 6223937.262712392,
      "lower_outlier_bound": 5197856.888038473,
      "upper_outlier_bound": 9514284.221620684,
      "outliers": "removed",
      "sample_size": 40
    },
    {
      "maximum": 151872.9734450106,
      "total": 5338529.395323495,
      "mode": null,
      "n": 100,
      "percentiles": {
        "25": 131624.66962207924,
        "50": 135351.88105276693,
        "75": 143188.11195019344
      },
      "average": 136885.36911085885,
      "variance": 50793977.40834878,
      "standard_deviation": 7126.989364966723,
      "standard_deviation_ratio": 0.05206538442537868,
      "median": 135351.88105276693,
      "frequency_distribution": "removed",
      "minimum": 123733.12744140928,
      "lower_outlier_bound": 114171.85047315822,
      "upper_outlier_bound": 160439.94159863616,
      "outliers": "removed",
      "sample_size": 39
    },
    {
      "maximum": 122159.7849987784,
      "total": 4358163.05470017,
      "mode": null,
      "n": 200,
      "percentiles": {
        "25": 103673.05091989288,
        "50": 107372.73476158633,
        "75": 115208.01207371995
      },
      "average": 108954.07636750424,
      "variance": 54726957.18702458,
      "standard_deviation": 7397.767040602494,
      "standard_deviation_ratio": 0.0678980290342665,
      "median": 107372.73476158633,
      "frequency_distribution": "removed",
      "minimum": 93545.45701165295,
      "lower_outlier_bound": 86370.60918915228,
      "upper_outlier_bound": 132510.45380446056,
      "outliers": "removed",
      "sample_size": 40
    },
    {
      "maximum": 104990.62433724669,
      "total": 3800184.985217745,
      "mode": null,
      "n": 300,
      "percentiles": {
        "25": 96766.3158796423,
        "50": 100857.21492215001,
        "75": 103150.17694745731
      },
      "average": 100004.86803204592,
      "variance": 13405330.060875857,
      "standard_deviation": 3661.3290019985716,
      "standard_deviation_ratio": 0.03661150776005546,
      "median": 100857.21492215001,
      "frequency_distribution": "removed",
      "minimum": 92752.41875119999,
      "lower_outlier_bound": 86864.26109404291,
      "upper_outlier_bound": 113053.6821874553,
      "outliers": "removed",
      "sample_size": 38
    },
    {
      "maximum": 102089.98619743387,
      "total": 3402457.0234104986,
      "mode": null,
      "n": 400,
      "percentiles": {
        "25": 96052.06790496992,
        "50": 97522.44235204626,
        "75": 98729.93807658284
      },
      "average": 97213.05781172853,
      "variance": 7915865.061856498,
      "standard_deviation": 2813.514716836665,
      "standard_deviation_ratio": 0.02894173663671364,
      "median": 97522.44235204626,
      "frequency_distribution": "removed",
      "minimum": 89976.12033766239,
      "lower_outlier_bound": 89584.7726876642,
      "upper_outlier_bound": 104053.76843309094,
      "outliers": "removed",
      "sample_size": 35
    },
    {
      "maximum": 98363.4292639071,
      "total": 3522160.104377252,
      "mode": null,
      "n": 500,
      "percentiles": {
        "25": 88431.12430307372,
        "50": 94105.83413326749,
        "75": 95388.55754800209
      },
      "average": 92688.42379940137,
      "variance": 14954545.538004428,
      "standard_deviation": 3867.110748091452,
      "standard_deviation_ratio": 0.04172161516588901,
      "median": 94105.83413326749,
      "frequency_distribution": "removed",
      "minimum": 85004.01643977678,
      "lower_outlier_bound": 78147.49327137138,
      "upper_outlier_bound": 106153.11019833884,
      "outliers": "removed",
      "sample_size": 38
    },
    {
      "maximum": 83249.3901982168,
      "total": 2987585.8287688945,
      "mode": null,
      "n": 600,
      "percentiles": {
        "25": 72578.44526866882,
        "50": 74612.74573649901,
        "75": 77227.680824501
      },
      "average": 74689.64571922236,
      "variance": 11779647.834269784,
      "standard_deviation": 3432.1491567631183,
      "standard_deviation_ratio": 0.04595214134052064,
      "median": 74612.74573649901,
      "frequency_distribution": "removed",
      "minimum": 67389.30464346004,
      "lower_outlier_bound": 65604.59193492054,
      "upper_outlier_bound": 84201.53415824928,
      "outliers": "removed",
      "sample_size": 40
    },
    {
      "maximum": 67517.88717626018,
      "total": 2493451.5300062653,
      "mode": null,
      "n": 700,
      "percentiles": {
        "25": 62270.726967147835,
        "50": 63796.748662501166,
        "75": 65938.96425712503
      },
      "average": 63934.65461554526,
      "variance": 4376728.656454653,
      "standard_deviation": 2092.063253454506,
      "standard_deviation_ratio": 0.032721898101031356,
      "median": 63796.748662501166,
      "frequency_distribution": "removed",
      "minimum": 58998.58167409655,
      "lower_outlier_bound": 56678.85983638793,
      "upper_outlier_bound": 71624.3720255379,
      "outliers": "removed",
      "sample_size": 39
    },
    {
      "maximum": 58930.71398095831,
      "total": 2166707.6740585454,
      "mode": null,
      "n": 800,
      "percentiles": {
        "25": 54424.25667350235,
        "50": 55970.82800444408,
        "75": 56875.93027693459
      },
      "average": 55556.60702714219,
      "variance": 2918446.1407722645,
      "standard_deviation": 1708.3460248943315,
      "standard_deviation_ratio": 0.030749646465265935,
      "median": 55970.82800444408,
      "frequency_distribution": "removed",
      "minimum": 51835.22618300945,
      "lower_outlier_bound": 50588.782575197096,
      "upper_outlier_bound": 60646.78270572565,
      "outliers": "removed",
      "sample_size": 39
    },
    {
      "maximum": 52611.14367156336,
      "total": 1909805.0713252884,
      "mode": null,
      "n": 900,
      "percentiles": {
        "25": 49626.15182640067,
        "50": 50303.28513937064,
        "75": 50945.16201925042
      },
      "average": 50258.02819277075,
      "variance": 1030903.5921216557,
      "standard_deviation": 1015.3342268049746,
      "standard_deviation_ratio": 0.020202428613206577,
      "median": 50303.28513937064,
      "frequency_distribution": "removed",
      "minimum": 48280.42040658873,
      "lower_outlier_bound": 47283.52423083897,
      "upper_outlier_bound": 53086.70634226863,
      "outliers": "removed",
      "sample_size": 38
    },
    {
      "maximum": 48080.89899741709,
      "total": 1728082.1604370507,
      "mode": null,
      "n": 1000,
      "percentiles": {
        "25": 43925.645899067094,
        "50": 45950.23497750067,
        "75": 46939.78600929819
      },
      "average": 45475.84632729081,
      "variance": 3631191.3300747727,
      "standard_deviation": 1905.5685057417309,
      "standard_deviation_ratio": 0.04190287063658599,
      "median": 45950.23497750067,
      "frequency_distribution": "removed",
      "minimum": 40727.8556539631,
      "lower_outlier_bound": 39264.75651933117,
      "upper_outlier_bound": 51536.37622712096,
      "outliers": "removed",
      "sample_size": 38
    },
    {
      "maximum": 25214.855786153817,
      "total": 969690.9039745468,
      "mode": null,
      "n": 2000,