{
  "build_type": "random",
  "name": "runtime",
  "timestamp": "2026-04-02T21:43:41.982804Z",
  "impl_mod": "gb_sets",
  "impl_description": ":gb_sets.filtermap/2",
  "tweaks": "none",
  "group_id": "filtermap_none",
  "measurements": [
    {
      "maximum": 9117432.530999271,
      "total": 282292913.1597231,
      "mode": 8428860.418071477,
      "n": 0,
      "percentiles": {
        "25": 7500791.204848436,
        "50": 7745346.864840044,
        "75": 8202498.87664563
      },
      "frequency_distribution": "removed",
      "outliers": "removed",
      "median": 7745346.864840044,
      "average": 7841469.809992309,
      "sample_size": 36,
      "variance": 304041278587.96674,
      "standard_deviation": 551399.3821069867,
      "lower_outlier_bound": 6280524.717485154,
      "minimum": 6830601.092896175,
      "standard_deviation_ratio": 0.0703183708498557,
      "upper_outlier_bound": 9507490.015177676
    },
    {
      "maximum": 451345.0081242102,
      "total": 12391188.887104645,
      "mode": null,
      "n": 100,
      "percentiles": {
        "25": 295734.65428496245,
        "50": 345412.0642994877,
        "75": 411596.7019440358
      },
      "frequency_distribution": "removed",
      "outliers": "removed",
      "median": 345412.0642994877,
      "average": 344199.69130846235,
      "sample_size": 36,
      "variance": 4633764098.529146,
      "standard_deviation": 68071.75698135862,
      "lower_outlier_bound": 121941.58279635239,
      "minimum": 228857.0421600443,
      "standard_deviation_ratio": 0.19776821043210804,
      "upper_outlier_bound": 585389.773432646
    },
    {
      "maximum": 240633.346969223,
      "total": 7330359.677774044,
      "mode": null,
      "n": 200,
      "percentiles": {
        "25": 198255.35289452816,
        "50": 206542.4382747923,
        "75": 227821.57014626145
      },
      "frequency_distribution": "removed",
      "outliers": "removed",
      "median": 206542.4382747923,
      "average": 209438.84793640126,
      "sample_size": 35,
      "variance": 331624417.0362749,
      "standard_deviation": 18210.557845279614,
      "lower_outlier_bound": 149269.85292564784,
      "minimum": 172853.07834047216,
      "standard_deviation_ratio": 0.08694928388266096,
      "upper_outlier_bound": 280222.12487061287
    },
    {
      "maximum": 150397.6513902759,
      "total": 4609104.454620476,
      "mode": null,
      "n": 300,
      "percentiles": {
        "25": 136939.9407450955,
        "50": 140216.662787339,
        "75": 143341.48836851545
      },
      "frequency_distribution": "removed",
      "outliers": "removed",
      "median": 140216.662787339,
      "average": 139669.83195819624,
      "sample_size": 33,
      "variance": 32651260.024323598,
      "standard_deviation": 5714.128107097669,
      "lower_outlier_bound": 121146.87216038129,
      "minimum": 128757.4647140168,
      "standard_deviation_ratio": 0.040911684556246414,
      "upper_outlier_bound": 157356.26578926144
    },
    {
      "maximum": 108686.67370956313,
      "total": 3768565.2046818663,
      "mode": null,
      "n": 400,
      "percentiles": {
        "25": 95857.84370940446,
        "50": 102047.11600435429,
        "75": 105286.46404089188
      },
      "frequency_distribution": "removed",
      "outliers": "removed",
      "median": 102047.11600435429,
      "average": 99172.76854425964,
      "sample_size": 38,
      "variance": 66811408.44585986,
      "standard_deviation": 8173.824591087079,
      "lower_outlier_bound": 81334.4211682817,
      "minimum": 82523.23028932644,
      "standard_deviation_ratio": 0.08242005049439753,
      "upper_outlier_bound": 119524.01191213675
    },
    {
      "maximum": 85152.90907883286,
      "total": 2931093.4996581743,
      "mode": null,
      "n": 500,
      "percentiles": {
        "25": 80522.59182829365,
        "50": 81636.67002009187,
        "75": 82994.05676534596
      },
      "frequency_distribution": "removed",
      "outliers": "removed",
      "median": 81636.67002009187,
      "average": 81419.26387939374,
      "sample_size": 36,
      "variance": 4390814.155693381,
      "standard_deviation": 2095.426962624415,
      "lower_outlier_bound": 73374.87391266874,
      "minimum": 74769.5974853489,
      "standard_deviation_ratio": 0.025736255313341675,
      "upper_outlier_bound": 88520.08225836275
    },
    {
      "maximum": 72269.5828888754,
      "total": 2553273.160974596,
      "mode": null,
      "n": 600,
      "percentiles": {
        "25": 60173.25082377181,
        "50": 66993.32612485145,
        "75": 68974.36498750874
      },
      "frequency_distribution": "removed",
      "outliers": "removed",
      "median": 66993.32612485145,
      "average": 65468.54258909221,
      "sample_size": 39,
      "variance": 21163274.901174948,
      "standard_deviation": 4600.355953746944,
      "lower_outlier_bound": 46781.08575523806,
      "minimum": 57975.71976856093,
      "standard_deviation_ratio": 0.07026818945124057,
      "upper_outlier_bound": 82596.08772278832
    },
    {
      "maximum": 60796.11293972308,
      "total": 2165736.1559998095,
      "mode": null,
      "n": 700,
      "percentiles": {
        "25": 57667.443306747795,
        "50": 58520.80473129002,
        "75": 59581.05530493382
      },
      "frequency_distribution": "removed",
      "outliers": "removed",
      "median": 58520.80473129002,
      "average": 58533.409621616476,
      "sample_size": 37,
      "variance": 1631574.711469704,
      "standard_deviation": 1277.3310892128573,
      "lower_outlier_bound": 54797.02530946876,
      "minimum": 55245.6275848048,
      "standard_deviation_ratio": 0.021822256681612084,
      "upper_outlier_bound": 62451.47330221286
    },
    {
      "maximum": 52446.96562835661,
      "total": 1719647.2833706718,
      "mode": null,
      "n": 800,
      "percentiles": {
        "25": 49300.60521360779,
        "50": 51133.63275874436,
        "75": 51545.39586912393
      },
      "frequency_distribution": "removed",
      "outliers": "removed",
      "median": 51133.63275874436,
      "average": 50577.861275608,
      "sample_size": 34,
      "variance": 1923308.861104205,
      "standard_deviation": 1386.8341144867345,
      "lower_outlier_bound": 45865.04525231337,
      "minimum": 47225.32335178899,
      "standard_deviation_ratio": 0.027419785643557015,
      "upper_outlier_bound": 54977.86635245345
    },
    {
      "maximum": 47275.06523959003,
      "total": 1657558.2059933278,
      "mode": null,
      "n": 900,
      "percentiles": {
        "25": 45688.01083811594,
        "50": 46003.578629266274,
        "75": 46364.868497704185
      },
      "frequency_distribution": "removed",
      "outliers": "removed",
      "median": 46003.578629266274,
      "average": 46043.28349981466,
      "sample_size": 36,
      "variance": 286603.80672032794,
      "standard_deviation": 535.3539079154349,
      "lower_outlier_bound": 44568.880930476604,
      "minimum": 44966.85942460407,
      "standard_deviation_ratio": 0.011627187881107347,
      "upper_outlier_bound": 47493.880942863456
    },
    {
      "maximum": 43204.97997881228,
      "total": 1436353.117489824,
      "mode": null,
      "n": 1000,
      "percentiles": {
        "25": 41905.14575137749,
        "50": 42293.205785483355,
        "75": 42656.62340280884
      },
      "frequency_distribution": "removed",
      "outliers": "removed",
      "median": 42293.205785483355,
      "average": 42245.679926171295,
      "sample_size": 34,
      "variance": 292695.313609747,
      "standard_deviation": 541.0132286827625,
      "lower_outlier_bound": 40577.727177110086,
      "minimum": 40731.73751816635,
      "standard_deviation_ratio": 0.012806356286092191,
      "upper_outlier_bound": 43875.41228598274
    },
    {
      "maximum": 24790.99947889319,
      "total": 811748.5664086039,
      "mode": null,
      "n": 2000,