{
  "build_type": "random",
  "name": "runtime",
  "timestamp": "2026-03-19T20:17:22.805660Z",
  "impl_mod": "gb_sets",
  "tweaks": "none",
  "impl_description": ":gb_sets.intersection/2",
  "group_id": "intersection_000_0500",
  "measurements": [
    {
      "maximum": 7948493.760432398,
      "total": 264589315.25941762,
      "mode": null,
      "n": 0,
      "percentiles": {
        "25": 6477942.605428516,
        "50": 6717270.101430778,
        "75": 7123014.459719353
      },
      "average": 6784341.416908144,
      "variance": 193131071927.703,
      "standard_deviation": 439466.80412484286,
      "standard_deviation_ratio": 0.06477663447620578,
      "median": 6717270.101430778,
      "frequency_distribution": "removed",
      "minimum": 5755395.683453238,
      "lower_outlier_bound": 5511073.886393681,
      "upper_outlier_bound": 8077651.269596536,
      "outliers": "removed",
      "sample_size": 39
    },
    {
      "maximum": 148573.83971259877,
      "total": 5288360.083995181,
      "mode": null,
      "n": 100,
      "percentiles": {
        "25": 130519.16608694404,
        "50": 135814.39062120146,
        "75": 141164.97809825366
      },
      "average": 135598.97651269694,
      "variance": 46738569.69121871,
      "standard_deviation": 6836.561247529251,
      "standard_deviation_ratio": 0.050417498887899814,
      "median": 135814.39062120146,
      "frequency_distribution": "removed",
      "minimum": 118926.14448575146,
      "lower_outlier_bound": 113475.7537841935,
      "upper_outlier_bound": 157607.89199759107,
      "outliers": "removed",
      "sample_size": 39
    },
    {
      "maximum": 117890.32898475206,
      "total": 4226495.891351829,
      "mode": null,
      "n": 200,
      "percentiles": {
        "25": 101719.31172890624,
        "50": 105624.43742073758,
        "75": 110184.25419652033
      },
      "average": 105662.39728379573,
      "variance": 34603308.7651279,
      "standard_deviation": 5882.45771469102,
      "standard_deviation_ratio": 0.05567219622030237,
      "median": 105624.43742073758,
      "frequency_distribution": "removed",
      "minimum": 91087.37374151408,
      "lower_outlier_bound": 89021.89802748509,
      "upper_outlier_bound": 122881.66789794146,
      "outliers": "removed",
      "sample_size": 40
    },
    {
      "maximum": 95544.20065810846,
      "total": 3446959.897869329,
      "mode": null,
      "n": 300,
      "percentiles": {
        "25": 87427.65447771785,
        "50": 91602.3005843102,
        "75": 93405.06933207538
      },
      "average": 90709.47099656129,
      "variance": 13093388.063573431,
      "standard_deviation": 3618.4786946413587,
      "standard_deviation_ratio": 0.03989085874812931,
      "median": 91602.3005843102,
      "frequency_distribution": "removed",
      "minimum": 83473.84764353329,
      "lower_outlier_bound": 77808.77289757918,
      "upper_outlier_bound": 102798.66114831506,
      "outliers": "removed",
      "sample_size": 38
    },
    {
      "maximum": 86652.33437056177,
      "total": 2660350.209927381,
      "mode": null,
      "n": 400,
      "percentiles": {
        "25": 82006.27661208228,
        "50": 82944.64827962617,
        "75": 84157.8087916912
      },
      "average": 83135.94406023066,
      "variance": 3176475.3587505314,
      "standard_deviation": 1782.2669156864613,
      "standard_deviation_ratio": 0.021437982521678438,
      "median": 82944.64827962617,
      "frequency_distribution": "removed",
      "minimum": 78091.81098033336,
      "lower_outlier_bound": 77602.8627258669,
      "upper_outlier_bound": 88090.77643118578,
      "outliers": "removed",
      "sample_size": 32
    },
    {
      "maximum": 77580.12086982832,
      "total": 2778849.277392441,
      "mode": null,
      "n": 500,
      "percentiles": {
        "25": 70846.12518940166,
        "50": 73999.91491360437,
        "75": 75211.26651591988
      },
      "average": 73127.61256295897,
      "variance": 7263393.295635906,
      "standard_deviation": 2695.068328565327,
      "standard_deviation_ratio": 0.036854318555046735,
      "median": 73999.91491360437,
      "frequency_distribution": "removed",
      "minimum": 68006.16135821905,
      "lower_outlier_bound": 64170.973726935474,
      "upper_outlier_bound": 82225.26606245103,
      "outliers": "removed",
      "sample_size": 38
    },
    {
      "maximum": 69717.79630412019,
      "total": 2621529.7251307084,
      "mode": null,
      "n": 600,
      "percentiles": {
        "25": 63533.15273232652,
        "50": 65662.81315688722,
        "75": 67727.64887236834
      },
      "average": 65538.24312826771,
      "variance": 6680096.663710073,
      "standard_deviation": 2584.5882967525163,
      "standard_deviation_ratio": 0.03943633782941217,
      "median": 65662.81315688722,
      "frequency_distribution": "removed",
      "minimum": 60534.77632097476,
      "lower_outlier_bound": 57241.40852226378,
      "upper_outlier_bound": 74019.39308243108,
      "outliers": "removed",
      "sample_size": 40
    },
    {
      "maximum": 64264.99800457181,
      "total": 2300373.4886863823,
      "mode": null,
      "n": 700,
      "percentiles": {
        "25": 59175.143540810255,
        "50": 61084.48814597385,
        "75": 62319.179059996124
      },
      "average": 60536.14443911533,
      "variance": 5296387.668668543,
      "standard_deviation": 2301.3882046861504,
      "standard_deviation_ratio": 0.038016762151094514,
      "median": 61084.48814597385,
      "frequency_distribution": "removed",
      "minimum": 55602.663367575304,
      "lower_outlier_bound": 53890.52516885046,
      "upper_outlier_bound": 67729.63198783816,
      "outliers": "removed",
      "sample_size": 38
    },
    {
      "maximum": 58982.261084978694,
      "total": 2192368.341224106,
      "mode": null,
      "n": 800,
      "percentiles": {
        "25": 55044.194984152775,
        "50": 56669.745722850945,
        "75": 57300.778087265644
      },
      "average": 56214.57285190016,
      "variance": 3532386.947140156,
      "standard_deviation": 1879.4645373457186,
      "standard_deviation_ratio": 0.03343376000200612,
      "median": 56669.745722850945,
      "frequency_distribution": "removed",
      "minimum": 51632.01040075217,
      "lower_outlier_bound": 51426.756444697836,
      "upper_outlier_bound": 61094.48052554148,
      "outliers": "removed",
      "sample_size": 39
    },
    {
      "maximum": 56090.91215041339,
      "total": 1990029.8883727968,
      "mode": null,
      "n": 900,
      "percentiles": {
        "25": 52965.038183458266,
        "50": 53874.08548739885,
        "75": 54764.28588259327
      },
      "average": 53784.59157764316,
      "variance": 1476246.0709669064,
      "standard_deviation": 1215.008671148855,
      "standard_deviation_ratio": 0.022590274193955248,
      "median": 53874.08548739885,
      "frequency_distribution": "removed",
      "minimum": 51278.34346337008,
      "lower_outlier_bound": 50014.38076887606,
      "upper_outlier_bound": 57867.39011981382,
      "outliers": "removed",
      "sample_size": 37
    },
    {
      "maximum": 53609.93199044028,
      "total": 1965222.1743649673,
      "mode": null,
      "n": 1000,
      "percentiles": {
        "25": 49417.93090088394,
        "50": 50432.254856373984,
        "75": 51506.434441322584
      },
      "average": 50390.31216320429,
      "variance": 2180417.6384558254,
      "standard_deviation": 1476.6237294774269,
      "standard_deviation_ratio": 0.02930372260237114,
      "median": 50432.254856373984,
      "frequency_distribution": "removed",
      "minimum": 46657.4160563099,
      "lower_outlier_bound": 46190.565930643956,
      "upper_outlier_bound": 54817.70893233813,
      "outliers": "removed",
      "sample_size": 39
    },
    {
      "maximum": 34511.295892258495,
      "total": 1292385.0181103088,
      "mode": null,
      "n": 2000,