{
  "build_type": "random",
  "name": "runtime",
  "timestamp": "2026-03-19T20:17:22.923763Z",
  "impl_mod": "gb_sets",
  "tweaks": "none",
  "impl_description": ":gb_sets.is_disjoint/2",
  "group_id": "is_disjoint_000_0500",
  "measurements": [
    {
      "maximum": 12554927.809165098,
      "total": 453878474.52134633,
      "mode": null,
      "n": 0,
      "percentiles": {
        "25": 10850472.780088622,
        "50": 11213198.555175249,
        "75": 12022849.783832787
      },
      "average": 11346961.863033658,
      "variance": 497618638303.8033,
      "standard_deviation": 705420.8944338148,
      "standard_deviation_ratio": 0.062168261685266436,
      "median": 11213198.555175249,
      "frequency_distribution": "removed",
      "minimum": 9572125.969177755,
      "lower_outlier_bound": 9091907.274472374,
      "upper_outlier_bound": 13781415.289449032,
      "outliers": "removed",
      "sample_size": 40
    },
    {
      "maximum": 175299.89429416374,
      "total": 6032573.946737832,
      "mode": null,
      "n": 100,
      "percentiles": {
        "25": 148327.67957661347,
        "50": 154168.72224963,
        "75": 165572.7824837242
      },
      "average": 154681.38324968802,
      "variance": 145983095.7077832,
      "standard_deviation": 12082.346448756682,
      "standard_deviation_ratio": 0.07811118697621972,
      "median": 154168.72224963,
      "frequency_distribution": "removed",
      "minimum": 123423.11542159485,
      "lower_outlier_bound": 122460.02521594737,
      "upper_outlier_bound": 191440.4368443903,
      "outliers": "removed",
      "sample_size": 39
    },
    {
      "maximum": 98564.4093774179,
      "total": 3497936.9646844687,
      "mode": null,
      "n": 200,
      "percentiles": {
        "25": 80093.83851665069,
        "50": 86958.07960859998,
        "75": 94986.13770744152
      },
      "average": 87448.42411711172,
      "variance": 60948277.26834764,
      "standard_deviation": 7806.937765113005,
      "standard_deviation_ratio": 0.08927476788670181,
      "median": 86958.07960859998,
      "frequency_distribution": "removed",
      "minimum": 73982.66438208199,
      "lower_outlier_bound": 57755.38973046445,
      "upper_outlier_bound": 117324.58649362776,
      "outliers": "removed",
      "sample_size": 40
    },
    {
      "maximum": 71202.7569707499,
      "total": 2622612.693600237,
      "mode": null,
      "n": 300,
      "percentiles": {
        "25": 62302.885086568705,
        "50": 66800.26779368406,
        "75": 68263.55728386978
      },
      "average": 65565.31734000592,
      "variance": 15576248.162430096,
      "standard_deviation": 3946.6755836311268,
      "standard_deviation_ratio": 0.060194562365413706,
      "median": 66800.26779368406,
      "frequency_distribution": "removed",
      "minimum": 53999.87904027095,
      "lower_outlier_bound": 53361.87679061708,
      "upper_outlier_bound": 77204.5655798214,
      "outliers": "removed",
      "sample_size": 40
    },
    {
      "maximum": 57306.78730127439,
      "total": 2095957.6945222474,
      "mode": null,
      "n": 400,
      "percentiles": {
        "25": 50910.07185510302,
        "50": 52924.32358531901,
        "75": 53838.52354836451
      },
      "average": 52398.94236305619,
      "variance": 4580029.744666496,
      "standard_deviation": 2140.100405276934,
      "standard_deviation_ratio": 0.04084243514780957,
      "median": 52924.32358531901,
      "frequency_distribution": "removed",
      "minimum": 47739.37357348784,
      "lower_outlier_bound": 46517.3943152108,
      "upper_outlier_bound": 58231.20108825674,
      "outliers": "removed",
      "sample_size": 40
    },
    {
      "maximum": 49916.73887954891,
      "total": 1572704.7941794938,
      "mode": null,
      "n": 500,
      "percentiles": {
        "25": 47058.8228636144,
        "50": 47883.638926716965,
        "75": 48260.79799025129
      },
      "average": 47657.72103574224,
      "variance": 1665279.902958827,
      "standard_deviation": 1290.4572456919398,
      "standard_deviation_ratio": 0.02707761130088712,
      "median": 47883.638926716965,
      "frequency_distribution": "removed",
      "minimum": 43307.422502450114,
      "lower_outlier_bound": 43137.40122568757,
      "upper_outlier_bound": 51273.889620501795,
      "outliers": "removed",
      "sample_size": 33
    },
    {
      "maximum": 46411.357787477755,
      "total": 1719892.0046227048,
      "mode": null,
      "n": 600,
      "percentiles": {
        "25": 40668.4691119087,
        "50": 43828.71333306571,
        "75": 44681.99878310759
      },
      "average": 42997.30011556762,
      "variance": 5116857.63797264,
      "standard_deviation": 2262.0472227547857,
      "standard_deviation_ratio": 0.052609052584113025,
      "median": 43828.71333306571,
      "frequency_distribution": "removed",
      "minimum": 38971.87516684834,
      "lower_outlier_bound": 34648.17460511036,
      "upper_outlier_bound": 50702.29328990593,
      "outliers": "removed",
      "sample_size": 40
    },
    {
      "maximum": 46205.48967422819,
      "total": 1673151.3391947625,
      "mode": null,
      "n": 700,
      "percentiles": {
        "25": 39229.86287060074,
        "50": 42651.76311003651,
        "75": 43590.63484064567
      },
      "average": 41828.78347986906,
      "variance": 4772118.479093162,
      "standard_deviation": 2184.5179054183013,
      "standard_deviation_ratio": 0.05222523161520211,
      "median": 42651.76311003651,
      "frequency_distribution": "removed",
      "minimum": 37829.122825865736,
      "lower_outlier_bound": 32688.70491553334,
      "upper_outlier_bound": 50131.79279571306,
      "outliers": "removed",
      "sample_size": 40
    },
    {
      "maximum": 42503.97730967675,
      "total": 1532443.5679875922,
      "mode": null,
      "n": 800,
      "percentiles": {
        "25": 41105.42250679838,
        "50": 41542.575531672264,
        "75": 41909.75254254208
      },
      "average": 41417.39372939438,
      "variance": 537482.105384856,
      "standard_deviation": 733.131710802947,
      "standard_deviation_ratio": 0.017701058535767675,
      "median": 41542.575531672264,
      "frequency_distribution": "removed",
      "minimum": 39343.59151909541,
      "lower_outlier_bound": 39322.586560367985,
      "upper_outlier_bound": 43453.67760853772,
      "outliers": "removed",
      "sample_size": 37
    },
    {
      "maximum": 41687.97964626082,
      "total": 1584773.1226342795,
      "mode": null,
      "n": 900,
      "percentiles": {
        "25": 40251.02147029736,
        "50": 40676.548627390206,
        "75": 41138.02589309626
      },
      "average": 40635.20827267384,
      "variance": 323109.22531512077,
      "standard_deviation": 568.4269744787986,
      "standard_deviation_ratio": 0.013988533556035727,
      "median": 40676.548627390206,
      "frequency_distribution": "removed",
      "minimum": 39552.909729580715,
      "lower_outlier_bound": 38917.24555318923,
      "upper_outlier_bound": 42459.46745257799,
      "outliers": "removed",
      "sample_size": 39
    },
    {
      "maximum": 39708.8704454422,
      "total": 1193512.6389386768,
      "mode": null,
      "n": 1000,
      "percentiles": {
        "25": 38217.19827426419,
        "50": 38561.56121879213,
        "75": 38889.53272670847
      },
      "average": 38500.407707699254,
      "variance": 335604.95620520524,
      "standard_deviation": 579.3142119827592,
      "standard_deviation_ratio": 0.015046963044677284,
      "median": 38561.56121879213,
      "frequency_distribution": "removed",
      "minimum": 36953.28993292608,
      "lower_outlier_bound": 36126.697020033476,
      "upper_outlier_bound": 40547.23415071347,
      "outliers": "removed",
      "sample_size": 31
    },
    {
      "maximum": 30156.397106674634,
      "total": 1113467.7648532914,
      "mode": null,
      "n": 2000,