{
  "build_type": "random",
  "name": "runtime",
  "timestamp": "2026-03-05T19:10:41.360899Z",
  "impl_mod": "gb_sets",
  "group_id": "is_equal [no shared keys]",
  "impl_description": ":gb_sets.is_equal/2",
  "tweaks": "none",
  "measurements": [
    {
      "maximum": 11137097.672346586,
      "total": 379109482.98686194,
      "mode": null,
      "n": 0,
      "percentiles": {
        "25": 9902951.176538365,
        "50": 10232272.587741738,
        "75": 10565302.74654561
      },
      "average": 10246202.24288816,
      "sample_size": 37,
      "variance": 182514956758.49207,
      "standard_deviation": 427217.6924689473,
      "frequency_distribution": "removed",
      "lower_outlier_bound": 8552637.88209774,
      "median": 10232272.587741738,
      "minimum": 9471490.812653912,
      "outliers": "removed",
      "standard_deviation_ratio": 0.04169522349273137,
      "upper_outlier_bound": 12273004.573658999
    },
    {
      "maximum": 929834.6753947148,
      "total": 36593596.63848109,
      "mode": null,
      "n": 100,
      "percentiles": {
        "25": 773751.5774731904,
        "50": 822375.1840064474,
        "75": 860148.5738828868
      },
      "average": 813191.0364106909,
      "sample_size": 45,
      "variance": 3562602680.041179,
      "standard_deviation": 59687.542084099754,
      "frequency_distribution": "removed",
      "lower_outlier_bound": 626930.346838394,
      "median": 822375.1840064474,
      "minimum": 644811.8439039488,
      "outliers": "removed",
      "standard_deviation_ratio": 0.07339916380233609,
      "upper_outlier_bound": 1000328.1015483739
    },
    {
      "maximum": 548416.9943458207,
      "total": 22520151.531929303,
      "mode": null,
      "n": 200,
      "percentiles": {
        "25": 502105.89177397004,
        "50": 514727.32978801546,
        "75": 527808.5444373037
      },
      "average": 511821.625725666,
      "sample_size": 44,
      "variance": 515985541.4428429,
      "standard_deviation": 22715.31512972785,
      "frequency_distribution": "removed",
      "lower_outlier_bound": 447360.4000135245,
      "median": 514727.32978801546,
      "minimum": 456304.3002117252,
      "outliers": "removed",
      "standard_deviation_ratio": 0.04438131174610264,
      "upper_outlier_bound": 576077.4310915712
    },
    {
      "maximum": 384466.03434819554,
      "total": 15972173.31738451,
      "mode": null,
      "n": 300,
      "percentiles": {
        "25": 345107.5944631733,
        "50": 356468.1139272092,
        "75": 364183.33321681945
      },
      "average": 354937.18483076687,
      "sample_size": 45,
      "variance": 257809410.23174226,
      "standard_deviation": 16056.444507790082,
      "frequency_distribution": "removed",
      "lower_outlier_bound": 311312.2266905734,
      "median": 356468.1139272092,
      "minimum": 318693.6111491773,
      "outliers": "removed",
      "standard_deviation_ratio": 0.04523742564602171,
      "upper_outlier_bound": 395731.9872438321
    },
    {
      "maximum": 287300.1827229162,
      "total": 11058362.658423606,
      "mode": null,
      "n": 400,
      "percentiles": {
        "25": 257272.16740448447,
        "50": 263796.0426750826,
        "75": 269860.381059098
      },
      "average": 263294.34901008586,
      "sample_size": 42,
      "variance": 90638977.10683206,
      "standard_deviation": 9520.450467642382,
      "frequency_distribution": "removed",
      "lower_outlier_bound": 236104.01754057923,
      "median": 263796.0426750826,
      "minimum": 243725.88637011725,
      "outliers": "removed",
      "standard_deviation_ratio": 0.03615896240628274,
      "upper_outlier_bound": 290114.19917020923
    },
    {
      "maximum": 241354.67552277423,
      "total": 9298445.532722153,
      "mode": null,
      "n": 500,
      "percentiles": {
        "25": 217196.85796021868,
        "50": 221093.67721262397,
        "75": 226547.03125567897
      },
      "average": 221391.5603029084,
      "sample_size": 42,
      "variance": 61050093.0685111,
      "standard_deviation": 7813.455897905299,
      "frequency_distribution": "removed",
      "lower_outlier_bound": 199039.80266633074,
      "median": 221093.67721262397,
      "minimum": 203447.20951807426,
      "outliers": "removed",
      "standard_deviation_ratio": 0.03529247405463385,
      "upper_outlier_bound": 241399.6282119926
    },
    {
      "maximum": 196176.90448538875,
      "total": 8281659.492786143,
      "mode": null,
      "n": 600,
      "percentiles": {
        "25": 180527.25722064314,
        "50": 183356.03892281995,
        "75": 187805.81849390105
      },
      "average": 184036.87761746984,
      "sample_size": 45,
      "variance": 31844926.273906246,
      "standard_deviation": 5643.130892856044,
      "frequency_distribution": "removed",
      "lower_outlier_bound": 169423.9151585337,
      "median": 183356.03892281995,
      "minimum": 171345.5422743722,
      "outliers": "removed",
      "standard_deviation_ratio": 0.030663044091552037,
      "upper_outlier_bound": 198185.99671145083
    },
    {
      "maximum": 168174.91536597384,
      "total": 6475785.378810242,
      "mode": null,
      "n": 700,
      "percentiles": {
        "25": 154957.68606612278,
        "50": 157619.81470214584,
        "75": 160595.3575552717
      },
      "average": 157945.9848490303,
      "sample_size": 41,
      "variance": 21809901.36588656,
      "standard_deviation": 4670.107211391036,
      "frequency_distribution": "removed",
      "lower_outlier_bound": 145189.06599237988,
      "median": 157619.81470214584,
      "minimum": 146052.564317898,
      "outliers": "removed",
      "standard_deviation_ratio": 0.02956774884689136,
      "upper_outlier_bound": 169249.10489482837
    },
    {
      "maximum": 145909.78398056483,
      "total": 5863858.179807824,
      "mode": null,
      "n": 800,
      "percentiles": {
        "25": 137213.2396594841,
        "50": 139554.7785161359,
        "75": 142682.07544691494
      },
      "average": 139615.67094780534,
      "sample_size": 42,
      "variance": 14219601.266662085,
      "standard_deviation": 3770.8886574204344,
      "frequency_distribution": "removed",
      "lower_outlier_bound": 128712.91898046345,
      "median": 139554.7785161359,
      "minimum": 129976.13638136038,
      "outliers": "removed",
      "standard_deviation_ratio": 0.02700906446834441,
      "upper_outlier_bound": 150176.76713950507
    },
    {
      "maximum": 128248.20644883282,
      "total": 5384968.1557117505,
      "mode": null,
      "n": 900,
      "percentiles": {
        "25": 120078.91557796489,
        "50": 122796.34288713954,
        "75": 124296.86816562756
      },
      "average": 122385.63990253978,
      "sample_size": 44,
      "variance": 8162352.105689979,
      "standard_deviation": 2856.9830425975542,
      "frequency_distribution": "removed",
      "lower_outlier_bound": 112445.8274892988,
      "median": 122796.34288713954,
      "minimum": 114880.73082525721,
      "outliers": "removed",
      "standard_deviation_ratio": 0.02334410348201534,
      "upper_outlier_bound": 131366.5972254425
    },
    {
      "maximum": 123821.83523771315,
      "total": 5013662.9155073445,
      "mode": null,
      "n": 1000,
      "percentiles": {
        "25": 115028.99881060015,
        "50": 117698.2921977802,
        "75": 119148.6116803767
      },
      "average": 116596.81198854289,
      "sample_size": 43,
      "variance": 18743480.64037659,
      "standard_deviation": 4329.374162667924,
      "frequency_distribution": "removed",
      "lower_outlier_bound": 105583.29933280386,
      "median": 117698.2921977802,
      "minimum": 105701.76458525799,
      "outliers": "removed",
      "standard_deviation_ratio": 0.037131153835435395,
      "upper_outlier_bound": 126962.92974680538
    },
    {
      "maximum": 59805.21441664499,
      "total": 2693720.0321973,
      "mode": null,
      "n": 2000,