{
  "build_type": "random",
  "name": "runtime",
  "timestamp": "2026-03-19T20:17:22.587643Z",
  "impl_mod": "gb_sets",
  "tweaks": "none",
  "impl_description": ":gb_sets.is_subset/2",
  "group_id": "is_subset [same keys]",
  "measurements": [
    {
      "maximum": 10527423.939362038,
      "total": 312262700.7984122,
      "mode": null,
      "n": 0,
      "percentiles": {
        "25": 8684165.674713787,
        "50": 9173933.744075552,
        "75": 9670742.22297597
      },
      "average": 9184197.082306242,
      "variance": 472529367881.8515,
      "standard_deviation": 687407.7159021795,
      "standard_deviation_ratio": 0.07484679496115132,
      "median": 9173933.744075552,
      "frequency_distribution": "removed",
      "minimum": 7832693.663350826,
      "lower_outlier_bound": 7061841.857908562,
      "upper_outlier_bound": 11730863.021462426,
      "outliers": "removed",
      "sample_size": 34
    },
    {
      "maximum": 653710.1318533336,
      "total": 17556536.27120662,
      "mode": null,
      "n": 100,
      "percentiles": {
        "25": 443608.09734854987,
        "50": 474043.73527501646,
        "75": 522204.15017242933
      },
      "average": 474500.9803028816,
      "variance": 4266842341.9356647,
      "standard_deviation": 65321.071194030985,
      "standard_deviation_ratio": 0.13766266858360438,
      "median": 474043.73527501646,
      "frequency_distribution": "removed",
      "minimum": 346092.61438360903,
      "lower_outlier_bound": 316724.5422902634,
      "upper_outlier_bound": 654397.1792048495,
      "outliers": "removed",
      "sample_size": 37
    },
    {
      "maximum": 324266.832691285,
      "total": 10213229.977847476,
      "mode": null,
      "n": 200,
      "percentiles": {
        "25": 214895.50398517383,
        "50": 265440.6846246138,
        "75": 281584.42748478486
      },
      "average": 249103.17019140185,
      "variance": 1686446542.9821928,
      "standard_deviation": 41066.367540631014,
      "standard_deviation_ratio": 0.164856864362975,
      "median": 265440.6846246138,
      "frequency_distribution": "removed",
      "minimum": 165166.95075382196,
      "lower_outlier_bound": 114862.11873575728,
      "upper_outlier_bound": 381617.81273420143,
      "outliers": "removed",
      "sample_size": 41
    },
    {
      "maximum": 192707.5604957209,
      "total": 6718756.367188122,
      "mode": null,
      "n": 300,
      "percentiles": {
        "25": 156111.94136625386,
        "50": 174932.69661831053,
        "75": 181446.89529749242
      },
      "average": 167968.90917970304,
      "variance": 273866249.49398726,
      "standard_deviation": 16548.90478231074,
      "standard_deviation_ratio": 0.0985236188240393,
      "median": 174932.69661831053,
      "frequency_distribution": "removed",
      "minimum": 137585.83636366136,
      "lower_outlier_bound": 118109.51046939602,
      "upper_outlier_bound": 219449.32619435026,
      "outliers": "removed",
      "sample_size": 40
    },
    {
      "maximum": 139231.94092110283,
      "total": 5263123.859757579,
      "mode": null,
      "n": 400,
      "percentiles": {
        "25": 128142.17681260014,
        "50": 133580.88380117947,
        "75": 136020.72590269905
      },
      "average": 131578.09649393946,
      "variance": 34794511.70501041,
      "standard_deviation": 5898.687286592705,
      "standard_deviation_ratio": 0.0448303132798733,
      "median": 133580.88380117947,
      "frequency_distribution": "removed",
      "minimum": 117758.16711768045,
      "lower_outlier_bound": 116324.35317745178,
      "upper_outlier_bound": 147838.5495378474,
      "outliers": "removed",
      "sample_size": 40
    },
    {
      "maximum": 116471.92560705167,
      "total": 4199471.809914009,
      "mode": null,
      "n": 500,
      "percentiles": {
        "25": 98318.90565252371,
        "50": 108373.13533384274,
        "75": 110489.25616785258
      },
      "average": 104986.79524785021,
      "variance": 50162862.53046031,
      "standard_deviation": 7082.574569354022,
      "standard_deviation_ratio": 0.0674615750736429,
      "median": 108373.13533384274,
      "frequency_distribution": "removed",
      "minimum": 89449.99879242502,
      "lower_outlier_bound": 80063.3798795304,
      "upper_outlier_bound": 128744.78194084589,
      "outliers": "removed",
      "sample_size": 40
    },
    {
      "maximum": 95523.3917681762,
      "total": 3381560.417796031,
      "mode": null,
      "n": 600,
      "percentiles": {
        "25": 85230.5999470627,
        "50": 90463.96707779748,
        "75": 92658.79008839247
      },
      "average": 88988.43204726398,
      "variance": 18601168.779784523,
      "standard_deviation": 4312.907230602639,
      "standard_deviation_ratio": 0.048465931260727756,
      "median": 90463.96707779748,
      "frequency_distribution": "removed",
      "minimum": 81160.13544003402,
      "lower_outlier_bound": 73372.1410086189,
      "upper_outlier_bound": 104355.8920478313,
      "outliers": "removed",
      "sample_size": 38
    },
    {
      "maximum": 81511.61662804375,
      "total": 3056051.453401542,
      "mode": null,
      "n": 700,
      "percentiles": {
        "25": 74053.51824900195,
        "50": 76628.64563251015,
        "75": 78898.80998464585
      },
      "average": 76401.28633503855,
      "variance": 9803298.909431547,
      "standard_deviation": 3131.022023147002,
      "standard_deviation_ratio": 0.04098127365836088,
      "median": 76628.64563251015,
      "frequency_distribution": "removed",
      "minimum": 69969.55624607734,
      "lower_outlier_bound": 66785.5806455361,
      "upper_outlier_bound": 86166.7475881117,
      "outliers": "removed",
      "sample_size": 40
    },
    {
      "maximum": 70884.63313303699,
      "total": 2463299.5445305062,
      "mode": null,
      "n": 800,
      "percentiles": {
        "25": 67929.93746904252,
        "50": 68959.06434505642,
        "75": 69695.40596371805
      },
      "average": 68424.98734806961,
      "variance": 3701865.4783404376,
      "standard_deviation": 1924.0232530664587,
      "standard_deviation_ratio": 0.028118722818013628,
      "median": 68959.06434505642,
      "frequency_distribution": "removed",
      "minimum": 63402.85667911053,
      "lower_outlier_bound": 62357.65939328242,
      "upper_outlier_bound": 74337.99440283391,
      "outliers": "removed",
      "sample_size": 36
    },
    {
      "maximum": 64004.301089033186,
      "total": 2323070.66881141,
      "mode": null,
      "n": 900,
      "percentiles": {
        "25": 60440.54194935232,
        "50": 61378.01912589598,
        "75": 61895.1450901767
      },
      "average": 61133.43865293185,
      "variance": 1462193.334938858,
      "standard_deviation": 1209.2118651993364,
      "standard_deviation_ratio": 0.019779876477492155,
      "median": 61378.01912589598,
      "frequency_distribution": "removed",
      "minimum": 58388.9439366877,
      "lower_outlier_bound": 58038.64120386771,
      "upper_outlier_bound": 64144.14517856215,
      "outliers": "removed",
      "sample_size": 38
    },
    {
      "maximum": 59466.85585055741,
      "total": 2106469.0057739634,
      "mode": null,
      "n": 1000,
      "percentiles": {
        "25": 55713.36368509906,
        "50": 57260.74884462124,
        "75": 57923.294934499354
      },
      "average": 56931.59475064766,
      "variance": 1895041.9718712857,
      "standard_deviation": 1376.6052345793566,
      "standard_deviation_ratio": 0.024179987239224425,
      "median": 57260.74884462124,
      "frequency_distribution": "removed",
      "minimum": 54423.753138209664,
      "lower_outlier_bound": 52172.48315121349,
      "upper_outlier_bound": 61613.19647935876,
      "outliers": "removed",
      "sample_size": 37
    },
    {
      "maximum": 30216.89384231072,
      "total": 1173191.0950793913,
      "mode": null,
      "n": 2000,