{
  "build_type": "random",
  "name": "runtime",
  "timestamp": "2026-03-05T19:10:41.571598Z",
  "impl_mod": "gb_sets",
  "group_id": "take_smallest",
  "impl_description": ":gb_sets.take_smallest/1",
  "tweaks": [
    "duplicate_variants",
    10
  ],
  "measurements": [
    {
      "maximum": 5558087.573227804,
      "total": 193557714.74772978,
      "mode": null,
      "n": 100,
      "percentiles": {
        "25": 4372732.323395438,
        "50": 4510199.352122135,
        "75": 4830483.260012631
      },
      "average": 4608517.01780309,
      "sample_size": 42,
      "variance": 112575995313.90039,
      "standard_deviation": 335523.4646249058,
      "frequency_distribution": "removed",
      "lower_outlier_bound": 3631843.6383598843,
      "median": 4510199.352122135,
      "minimum": 4123235.255310727,
      "outliers": "removed",
      "standard_deviation_ratio": 0.07280508313818748,
      "upper_outlier_bound": 5566333.2049787175
    },
    {
      "maximum": 5044746.905047773,
      "total": 186393752.901622,
      "mode": null,
      "n": 200,
      "percentiles": {
        "25": 4101958.274880428,
        "50": 4244193.942686405,
        "75": 4441088.955011769
      },
      "average": 4334738.439572604,
      "sample_size": 43,
      "variance": 84305696264.17076,
      "standard_deviation": 290354.43214142736,
      "frequency_distribution": "removed",
      "lower_outlier_bound": 3452286.4513737583,
      "median": 4244193.942686405,
      "minimum": 4009430.1797828493,
      "outliers": "removed",
      "standard_deviation_ratio": 0.0669831493154765,
      "upper_outlier_bound": 5144301.703309147
    },
    {
      "maximum": 3926341.8273194865,
      "total": 161293178.89735737,
      "mode": null,
      "n": 300,
      "percentiles": {
        "25": 3661233.396306548,
        "50": 3749784.3873977247,
        "75": 3843020.3065192997
      },
      "average": 3751004.16040366,
      "sample_size": 43,
      "variance": 10757613491.899776,
      "standard_deviation": 103718.91578636838,
      "frequency_distribution": "removed",
      "lower_outlier_bound": 3352170.813838533,
      "median": 3749784.3873977247,
      "minimum": 3564655.725550026,
      "outliers": "removed",
      "standard_deviation_ratio": 0.02765097327303598,
      "upper_outlier_bound": 4176337.7004199056
    },
    {
      "maximum": 4213364.793123788,
      "total": 155047007.61793816,
      "mode": null,
      "n": 400,
      "percentiles": {
        "25": 3549277.3404084733,
        "50": 3674554.146432099,
        "75": 3808857.1197078214
      },
      "average": 3691595.419474718,
      "sample_size": 42,
      "variance": 32631563332.993027,
      "standard_deviation": 180642.08627280916,
      "frequency_distribution": "removed",
      "lower_outlier_bound": 3139668.7471451573,
      "median": 3674554.146432099,
      "minimum": 3359312.0128997583,
      "outliers": "removed",
      "standard_deviation_ratio": 0.04893333796001756,
      "upper_outlier_bound": 4230514.0512447525
    },
    {
      "maximum": 4130081.0321898516,
      "total": 158207680.21064353,
      "mode": null,
      "n": 500,
      "percentiles": {
        "25": 3667346.407552437,
        "50": 3765584.97566822,
        "75": 3858889.484778328
      },
      "average": 3766849.528824846,
      "sample_size": 42,
      "variance": 20716756013.131348,
      "standard_deviation": 143933.16509106354,
      "frequency_distribution": "removed",
      "lower_outlier_bound": 3273815.5752613842,
      "median": 3765584.97566822,
      "minimum": 3501964.6021418017,
      "outliers": "removed",
      "standard_deviation_ratio": 0.038210489691624806,
      "upper_outlier_bound": 4280051.720752189
    },
    {
      "maximum": 3928408.6802118197,
      "total": 159016707.72598925,
      "mode": null,
      "n": 600,
      "percentiles": {
        "25": 3415254.058078926,
        "50": 3480294.572132585,
        "75": 3666913.2219717912
      },
      "average": 3533704.6161330943,
      "sample_size": 45,
      "variance": 20281327416.736393,
      "standard_deviation": 142412.52549104096,
      "frequency_distribution": "removed",
      "lower_outlier_bound": 3012411.90369869,
      "median": 3480294.572132585,
      "minimum": 3332600.161297848,
      "outliers": "removed",
      "standard_deviation_ratio": 0.040301196891460014,
      "upper_outlier_bound": 4064846.137617204
    },
    {
      "maximum": 4064842.3654130693,
      "total": 149960312.28085145,
      "mode": null,
      "n": 700,
      "percentiles": {
        "25": 3428179.6951043336,
        "50": 3549411.0861451775,
        "75": 3665151.766235204
      },
      "average": 3570483.6257345583,
      "sample_size": 42,
      "variance": 30269705360.486076,
      "standard_deviation": 173981.91101515718,
      "frequency_distribution": "removed",
      "lower_outlier_bound": 3033407.1342695667,
      "median": 3549411.0861451775,
      "minimum": 3345846.800366705,
      "outliers": "removed",
      "standard_deviation_ratio": 0.04872782772652087,
      "upper_outlier_bound": 4086133.9631622783
    },
    {
      "maximum": 3996355.3239445626,
      "total": 143982861.40465736,
      "mode": null,
      "n": 800,
      "percentiles": {
        "25": 3485640.559633422,
        "50": 3596020.2824473656,
        "75": 3730328.5922196666
      },
      "average": 3599571.535116434,
      "sample_size": 40,
      "variance": 35792095545.5151,
      "standard_deviation": 189187.9899610837,
      "frequency_distribution": "removed",
      "lower_outlier_bound": 3091478.290587133,
      "median": 3596020.2824473656,
      "minimum": 3191930.798940279,
      "outliers": "removed",
      "standard_deviation_ratio": 0.052558474839412825,
      "upper_outlier_bound": 4187089.658303093
    },
    {
      "maximum": 3780118.0908891596,
      "total": 143075094.74076688,
      "mode": null,
      "n": 900,
      "percentiles": {
        "25": 3116420.6541332267,
        "50": 3177073.8393060863,
        "75": 3353415.6867551566
      },
      "average": 3251706.698653793,
      "sample_size": 44,
      "variance": 39433617902.563934,
      "standard_deviation": 198578.99662996572,
      "frequency_distribution": "removed",
      "lower_outlier_bound": 2727338.549907373,
      "median": 3177073.8393060863,
      "minimum": 2978921.153914898,
      "outliers": "removed",
      "standard_deviation_ratio": 0.06106915999286696,
      "upper_outlier_bound": 3797729.321996724
    },
    {
      "maximum": 3817347.554225422,
      "total": 139246044.22894853,
      "mode": null,
      "n": 1000,
      "percentiles": {
        "25": 3368400.4683635393,
        "50": 3432592.1296848683,
        "75": 3588526.218148074
      },
      "average": 3481151.1057237135,
      "sample_size": 40,
      "variance": 27828609343.047974,
      "standard_deviation": 166819.09166233934,
      "frequency_distribution": "removed",
      "lower_outlier_bound": 2963974.108722973,
      "median": 3432592.1296848683,
      "minimum": 3062674.57245063,
      "outliers": "removed",
      "standard_deviation_ratio": 0.04792066951303985,
      "upper_outlier_bound": 3990694.163776755
    },
    {
      "maximum": 3708813.624697732,
      "total": 145577460.1804369,
      "mode": null,
      "n": 2000,
      "percentiles": {
        "25": 3184755.264377647,
        "50": 3294241.1994005768,
        "75": 3438363.9713496016
      },
      "average": 3308578.6404644754,
      "sample_size": 44,
      "variance": 26192282947.168118,
      "standard_deviation": 161840.30075098143,
      "frequency_distribution": "removed",
      "lower_outlier_bound": 2774320.7795904325,
      "median": 3294241.1994005768,
      "minimum": 2900147.907543285,
      "outliers": "removed",
      "standard_deviation_ratio": 0.04891535560667872,
      "upper_outlier_bound": 3837281.608102829
    },
    {
      "maximum": 3314924.452871719,
      "total": 121427244.63922575,
      "mode": null,