{
  "build_type": "random",
  "name": "runtime",
  "timestamp": "2026-04-02T21:43:42.016027Z",
  "impl_mod": "gb_sets",
  "impl_description": ":gb_sets.union/2",
  "tweaks": "none",
  "group_id": "union_000_0050",
  "measurements": [
    {
      "maximum": 8912655.971479502,
      "total": 290558072.45549154,
      "mode": null,
      "n": 0,
      "percentiles": {
        "25": 7442466.271085169,
        "50": 7814331.4839415485,
        "75": 8178348.036434652
      },
      "frequency_distribution": "removed",
      "outliers": "removed",
      "median": 7814331.4839415485,
      "average": 7852920.8771754475,
      "sample_size": 37,
      "variance": 269657151968.7633,
      "standard_deviation": 519285.23180306534,
      "lower_outlier_bound": 6338643.6230609445,
      "minimum": 6995942.353435008,
      "standard_deviation_ratio": 0.0661263802252701,
      "upper_outlier_bound": 9282170.684458878
    },
    {
      "maximum": 327277.6066843178,
      "total": 11089835.512825938,
      "mode": null,
      "n": 100,
      "percentiles": {
        "25": 259804.44359573748,
        "50": 281552.46487560205,
        "75": 295446.5269541558
      },
      "frequency_distribution": "removed",
      "outliers": "removed",
      "median": 281552.46487560205,
      "average": 277245.88782064844,
      "sample_size": 40,
      "variance": 772319823.3371165,
      "standard_deviation": 27790.642729831143,
      "lower_outlier_bound": 206341.31855810998,
      "minimum": 208620.186089206,
      "standard_deviation_ratio": 0.10023825041476911,
      "upper_outlier_bound": 348909.65199178335
    },
    {
      "maximum": 201943.50428524116,
      "total": 6330978.400655885,
      "mode": null,
      "n": 200,
      "percentiles": {
        "25": 179245.46004874955,
        "50": 186438.83760215857,
        "75": 194204.11695466386
      },
      "frequency_distribution": "removed",
      "outliers": "removed",
      "median": 186438.83760215857,
      "average": 186205.24707811428,
      "sample_size": 34,
      "variance": 106417210.62098512,
      "standard_deviation": 10315.871781918633,
      "lower_outlier_bound": 156053.0714918206,
      "minimum": 162269.43541595337,
      "standard_deviation_ratio": 0.055400542915909665,
      "upper_outlier_bound": 217176.70492941057
    },
    {
      "maximum": 152091.48607070124,
      "total": 4947754.532908934,
      "mode": null,
      "n": 300,
      "percentiles": {
        "25": 118789.39353263026,
        "50": 128961.03829111149,
        "75": 132296.48170736548
      },
      "frequency_distribution": "removed",
      "outliers": "removed",
      "median": 128961.03829111149,
      "average": 126865.50084381882,
      "sample_size": 39,
      "variance": 86478818.30410488,
      "standard_deviation": 9299.398814122604,
      "lower_outlier_bound": 98528.76127052742,
      "minimum": 110386.85071834244,
      "standard_deviation_ratio": 0.07330124227839432,
      "upper_outlier_bound": 152557.11396946834
    },
    {
      "maximum": 109936.25895705669,
      "total": 3799617.6007961137,
      "mode": null,
      "n": 400,
      "percentiles": {
        "25": 98580.0752276035,
        "50": 104404.51319829654,
        "75": 106969.776782264
      },
      "frequency_distribution": "removed",
      "outliers": "removed",
      "median": 104404.51319829654,
      "average": 102692.36758908416,
      "sample_size": 37,
      "variance": 21749763.135433134,
      "standard_deviation": 4663.664131928149,
      "lower_outlier_bound": 86367.35168717257,
      "minimum": 94138.02517250793,
      "standard_deviation_ratio": 0.045413931350667194,
      "upper_outlier_bound": 119403.66994244195
    },
    {
      "maximum": 136968.28910170717,
      "total": 4916988.232868179,
      "mode": null,
      "n": 500,
      "percentiles": {
        "25": 122321.46570473065,
        "50": 127943.00906604162,
        "75": 130967.70729241292
      },
      "frequency_distribution": "removed",
      "outliers": "removed",
      "median": 127943.00906604162,
      "average": 126076.62135559432,
      "sample_size": 39,
      "variance": 50877287.95670131,
      "standard_deviation": 7132.831692722134,
      "lower_outlier_bound": 109352.10332320727,
      "minimum": 111285.9537094947,
      "standard_deviation_ratio": 0.05657537151637537,
      "upper_outlier_bound": 143937.06967393632
    },
    {
      "maximum": 128330.49722934456,
      "total": 4711845.555557286,
      "mode": null,
      "n": 600,
      "percentiles": {
        "25": 112262.41936356833,
        "50": 119457.82783512212,
        "75": 123359.85621140512
      },
      "frequency_distribution": "removed",
      "outliers": "removed",
      "median": 119457.82783512212,
      "average": 117796.13888893215,
      "sample_size": 40,
      "variance": 46483097.34062298,
      "standard_deviation": 6817.851372729019,
      "lower_outlier_bound": 95616.26409181315,
      "minimum": 102338.22373591826,
      "standard_deviation_ratio": 0.057878394292341345,
      "upper_outlier_bound": 140006.01148316028
    },
    {
      "maximum": 121933.37560357021,
      "total": 4462405.263713035,
      "mode": null,
      "n": 700,
      "percentiles": {
        "25": 109345.7841732912,
        "50": 116792.41316484081,
        "75": 118160.57076282101
      },
      "frequency_distribution": "removed",
      "outliers": "removed",
      "median": 116792.41316484081,
      "average": 114420.6477875137,
      "sample_size": 39,
      "variance": 30305983.1873246,
      "standard_deviation": 5505.087028133579,
      "lower_outlier_bound": 96123.6042889965,
      "minimum": 103810.89806807919,
      "standard_deviation_ratio": 0.04811270635660855,
      "upper_outlier_bound": 131382.7506471157
    },
    {
      "maximum": 121316.96848306476,
      "total": 4300016.93037334,
      "mode": null,
      "n": 800,
      "percentiles": {
        "25": 103930.65746533913,
        "50": 111548.75405619157,
        "75": 114664.56601181733
      },
      "frequency_distribution": "removed",
      "outliers": "removed",
      "median": 111548.75405619157,
      "average": 110256.84436854717,
      "sample_size": 39,
      "variance": 32992209.076910183,
      "standard_deviation": 5743.884493695027,
      "lower_outlier_bound": 87829.79464562183,
      "minimum": 100521.20243462353,
      "standard_deviation_ratio": 0.05209549145534568,
      "upper_outlier_bound": 130765.42883153462
    },
    {
      "maximum": 114252.9400137789,
      "total": 3564634.7829814167,
      "mode": null,
      "n": 900,
      "percentiles": {
        "25": 106838.49107095855,
        "50": 108265.29761588988,
        "75": 109370.06181091283
      },
      "frequency_distribution": "removed",
      "outliers": "removed",
      "median": 108265.29761588988,
      "average": 108019.23584792172,
      "sample_size": 33,
      "variance": 7333274.990172319,
      "standard_deviation": 2708.0020292038776,
      "lower_outlier_bound": 100219.08135482078,
      "minimum": 101038.47342991264,
      "standard_deviation_ratio": 0.025069627719052034,
      "upper_outlier_bound": 114531.36395392483
    },
    {
      "maximum": 111051.26681732622,
      "total": 3977704.356995626,
      "mode": null,
      "n": 1000,
      "percentiles": {
        "25": 98234.91504644547,
        "50": 102769.1137705474,
        "75": 105208.7815665798
      },
      "frequency_distribution": "removed",
      "outliers": "removed",
      "median": 102769.1137705474,
      "average": 101992.41941014426,
      "sample_size": 39,
      "variance": 26850019.326663997,
      "standard_deviation": 5181.700428108904,
      "lower_outlier_bound": 87774.11526624399,
      "minimum": 89649.83670282245,
      "standard_deviation_ratio": 0.05080476037411784,
      "upper_outlier_bound": 115669.58134678128
    },
    {
      "maximum": 75346.25370891934,
      "total": 2753752.926084026,
      "mode": null,
      "n": 2000,