{
  "build_type": "sequential",
  "name": "memory",
  "timestamp": "2026-03-05T18:45:17.556301Z",
  "impl_mod": "gb_trees",
  "group_id": "add_new_x100",
  "impl_description": ":gb_trees.enter/3",
  "tweaks": "none",
  "measurements": [
    {
      "maximum": 38448,
      "total": 1485040,
      "mode": 32160,
      "n": 0,
      "percentiles": {
        "25": 30610.0,
        "50": 32160.0,
        "75": 33704.0
      },
      "average": 32283.478260869564,
      "sample_size": 46,
      "variance": 4543248.077294686,
      "standard_deviation": 2131.489638092263,
      "frequency_distribution": "removed",
      "lower_outlier_bound": 25765.0,
      "median": 32160.0,
      "minimum": 28680,
      "outliers": "removed",
      "standard_deviation_ratio": 0.06602416322270382,
      "upper_outlier_bound": 39005.0
    },
    {
      "maximum": 37560,
      "total": 1859840,
      "mode": 36960,
      "n": 100,
      "percentiles": {
        "25": 36960.0,
        "50": 37120.0,
        "75": 37410.0
      },
      "average": 37196.8,
      "sample_size": 50,
      "variance": 57458.938775510214,
      "standard_deviation": 239.70594230329422,
      "frequency_distribution": "removed",
      "lower_outlier_bound": 36285.0,
      "median": 37120.0,
      "minimum": 36880,
      "outliers": "removed",
      "standard_deviation_ratio": 0.006444262471591486,
      "upper_outlier_bound": 38085.0
    },
    {
      "maximum": 42400,
      "total": 2099960,
      "mode": [
        42200,
        41920,
        41680
      ],
      "n": 200,
      "percentiles": {
        "25": 41720.0,
        "50": 41960.0,
        "75": 4.22e4
      },
      "average": 41999.2,
      "sample_size": 50,
      "variance": 65272.816326530556,
      "standard_deviation": 255.48545227963677,
      "frequency_distribution": "removed",
      "lower_outlier_bound": 4.1e4,
      "median": 41960.0,
      "minimum": 41600,
      "outliers": "removed",
      "standard_deviation_ratio": 0.00608310282766426,
      "upper_outlier_bound": 42920.0
    },
    {
      "maximum": 44520,
      "total": 2216320,
      "mode": [
        44520,
        44320,
        44240
      ],
      "n": 300,
      "percentiles": {
        "25": 44240.0,
        "50": 44320.0,
        "75": 44410.0
      },
      "average": 44326.4,
      "sample_size": 50,
      "variance": 15174.530612244907,
      "standard_deviation": 123.18494474668935,
      "frequency_distribution": "removed",
      "lower_outlier_bound": 43985.0,
      "median": 44320.0,
      "minimum": 44120,
      "outliers": "removed",
      "standard_deviation_ratio": 0.002779042393397374,
      "upper_outlier_bound": 44665.0
    },
    {
      "maximum": 43000,
      "total": 2133120,
      "mode": [
        42800,
        42480
      ],
      "n": 400,
      "percentiles": {
        "25": 42480.0,
        "50": 4.26e4,
        "75": 4.28e4
      },
      "average": 42662.4,
      "sample_size": 50,
      "variance": 31814.530612244875,
      "standard_deviation": 178.36628216186173,
      "frequency_distribution": "removed",
      "lower_outlier_bound": 4.2e4,
      "median": 4.26e4,
      "minimum": 42440,
      "outliers": "removed",
      "standard_deviation_ratio": 0.00418087782595123,
      "upper_outlier_bound": 43280.0
    },
    {
      "maximum": 43840,
      "total": 1576320,
      "mode": [
        43800,
        43760
      ],
      "n": 500,
      "percentiles": {
        "25": 43760.0,
        "50": 4.38e4,
        "75": 4.38e4
      },
      "average": 43786.666666666664,
      "sample_size": 36,
      "variance": 731.4285714285718,
      "standard_deviation": 27.044936151312537,
      "frequency_distribution": "removed",
      "lower_outlier_bound": 4.37e4,
      "median": 4.38e4,
      "minimum": 43760,
      "outliers": "removed",
      "standard_deviation_ratio": 6.176523177065897e-4,
      "upper_outlier_bound": 43860.0
    },
    {
      "maximum": 46360,
      "total": 2310880,
      "mode": 46320,
      "n": 600,
      "percentiles": {
        "25": 46160.0,
        "50": 46240.0,
        "75": 46320.0
      },
      "average": 46217.6,
      "sample_size": 50,
      "variance": 11765.551020408164,
      "standard_deviation": 108.46912473329986,
      "frequency_distribution": "removed",
      "lower_outlier_bound": 45920.0,
      "median": 46240.0,
      "minimum": 46000,
      "outliers": "removed",
      "standard_deviation_ratio": 0.0023469224869595105,
      "upper_outlier_bound": 46560.0
    },
    {
      "maximum": 47440,
      "total": 2359920,
      "mode": 47240,
      "n": 700,
      "percentiles": {
        "25": 47080.0,
        "50": 47240.0,
        "75": 47280.0
      },
      "average": 47198.4,
      "sample_size": 50,
      "variance": 12797.387755102041,
      "standard_deviation": 113.1255398002681,
      "frequency_distribution": "removed",
      "lower_outlier_bound": 46780.0,
      "median": 47240.0,
      "minimum": 47040,
      "outliers": "removed",
      "standard_deviation_ratio": 0.0023968087858967273,
      "upper_outlier_bound": 47580.0
    },
    {
      "maximum": 48960,
      "total": 2429760,
      "mode": 48480,
      "n": 800,
      "percentiles": {
        "25": 48430.0,
        "50": 48480.0,
        "75": 48820.0
      },
      "average": 48595.2,
      "sample_size": 50,
      "variance": 47845.87755102041,
      "standard_deviation": 218.7370054449416,
      "frequency_distribution": "removed",
      "lower_outlier_bound": 47845.0,
      "median": 48480.0,
      "minimum": 48320,
      "outliers": "removed",
      "standard_deviation_ratio": 0.004501205992463075,
      "upper_outlier_bound": 49405.0
    },
    {
      "maximum": 49400,
      "total": 2450040,
      "mode": 48680,
      "n": 900,
      "percentiles": {
        "25": 48720.0,
        "50": 48880.0,
        "75": 49290.0
      },
      "average": 49000.8,
      "sample_size": 50,
      "variance": 80946.28571428568,
      "standard_deviation": 284.5106073844799,
      "frequency_distribution": "removed",
      "lower_outlier_bound": 47865.0,
      "median": 48880.0,
      "minimum": 48680,
      "outliers": "removed",
      "standard_deviation_ratio": 0.005806244130391338,
      "upper_outlier_bound": 50145.0
    },
    {
      "maximum": 47840,
      "total": 2383640,
      "mode": 47760,
      "n": 1000,
      "percentiles": {
        "25": 47550.0,
        "50": 47720.0,
        "75": 47760.0
      },
      "average": 47672.8,
      "sample_size": 50,
      "variance": 14543.020408163273,
      "standard_deviation": 120.59444600877468,
      "frequency_distribution": "removed",
      "lower_outlier_bound": 47235.0,
      "median": 47720.0,
      "minimum": 47480,
      "outliers": "removed",
      "standard_deviation_ratio": 0.002529627922185705,
      "upper_outlier_bound": 48075.0
    },
    {
      "maximum": 52200,
      "total": 2590920,
      "mode": [
        52160,
        51480,
        51440
      ],
      "n": 2000,
      "percentiles": {
        "25": 51480.0,
        "50": 5.18e4,
        "75": 52130.0
      },
      "average": 51818.4,
      "sample_size": 50,
      "variance": 94576.97959183673,
      "standard_deviation": 307.5337048062159,
      "frequency_distribution": "removed",
      "lower_outlier_bound": 50505.0,
      "median": 5.18e4,
      "minimum": 51440,
      "outliers": "removed",
      "standard_deviation_ratio": 0.005934835981161439,
      "upper_outlier_bound": 53105.0
    },
    {
      "maximum": 56000,
      "total": 2779840,
      "mode": [
        56000,
        55840
      ],
      "n": 3000,
      "percentiles": {
        "25": 55380.0,
        "50": 55560.0,
        "75": 55840.0
      },
      "average": 55596.8,
      "sample_size": 50,
      "variance": 73981.387755102,
      "standard_deviation": 271.99519803684404,
      "frequency_distribution": "removed",
      "lower_outlier_bound": 54690.0,
      "median": 55560.0,
      "minimum": 55200,