{
  "build_type": "random",
  "name": "runtime",
  "timestamp": "2026-04-02T21:43:42.161480Z",
  "impl_mod": "xb5_bag",
  "impl_description": ":xb5_bag.filtermap/2",
  "tweaks": "none",
  "group_id": "filtermap_none",
  "measurements": [
    {
      "maximum": 5720823.798627002,
      "total": 181581377.0355154,
      "mode": 5448403.617740002,
      "n": 0,
      "percentiles": {
        "25": 5059192.552868562,
        "50": 5159426.271798576,
        "75": 5353319.057815846
      },
      "frequency_distribution": "removed",
      "outliers": "removed",
      "median": 5159426.271798576,
      "average": 5188039.343871868,
      "sample_size": 35,
      "variance": 43239544342.72856,
      "standard_deviation": 207941.20405231995,
      "lower_outlier_bound": 4567540.548681786,
      "minimum": 4715201.8106374955,
      "standard_deviation_ratio": 0.04008088417793919,
      "upper_outlier_bound": 5832378.707785716
    },
    {
      "maximum": 665805.5581447994,
      "total": 23004796.856847744,
      "mode": null,
      "n": 100,
      "percentiles": {
        "25": 553634.6957847946,
        "50": 624979.2836243133,
        "75": 639774.8742277295
      },
      "frequency_distribution": "removed",
      "outliers": "removed",
      "median": 624979.2836243133,
      "average": 605389.3909696775,
      "sample_size": 38,
      "variance": 2083901214.0155334,
      "standard_deviation": 45649.76685609176,
      "lower_outlier_bound": 422640.575160276,
      "minimum": 520470.0885840091,
      "standard_deviation_ratio": 0.07540562741440285,
      "upper_outlier_bound": 775073.4937919154
    },
    {
      "maximum": 408323.26135955314,
      "total": 14720646.266856465,
      "mode": null,
      "n": 200,
      "percentiles": {
        "25": 345146.9261591879,
        "50": 368268.8265974503,
        "75": 395117.0597233917
      },
      "frequency_distribution": "removed",
      "outliers": "removed",
      "median": 368268.8265974503,
      "average": 368016.15667141165,
      "sample_size": 40,
      "variance": 752149354.8469595,
      "standard_deviation": 27425.34147183877,
      "lower_outlier_bound": 270191.7258128822,
      "minimum": 315977.7298895974,
      "standard_deviation_ratio": 0.07452211261563135,
      "upper_outlier_bound": 470072.2600696974
    },
    {
      "maximum": 279898.788598043,
      "total": 10007103.239440568,
      "mode": null,
      "n": 300,
      "percentiles": {
        "25": 257531.85215127023,
        "50": 263536.4366732052,
        "75": 268697.3130115747
      },
      "frequency_distribution": "removed",
      "outliers": "removed",
      "median": 263536.4366732052,
      "average": 263344.82209054125,
      "sample_size": 38,
      "variance": 60362268.08850868,
      "standard_deviation": 7769.315805687698,
      "lower_outlier_bound": 239851.32591425284,
      "minimum": 241040.52373284998,
      "standard_deviation_ratio": 0.029502443769395665,
      "upper_outlier_bound": 285845.03847766464
    },
    {
      "maximum": 227215.9232919043,
      "total": 8056281.589932985,
      "mode": null,
      "n": 400,
      "percentiles": {
        "25": 207268.2899306123,
        "50": 212408.11941923236,
        "75": 217579.6536325788
      },
      "frequency_distribution": "removed",
      "outliers": "removed",
      "median": 212408.11941923236,
      "average": 212007.41026139434,
      "sample_size": 38,
      "variance": 78077500.29967318,
      "standard_deviation": 8836.147367471482,
      "lower_outlier_bound": 189971.43932195482,
      "minimum": 190410.18161323122,
      "standard_deviation_ratio": 0.04167848358025298,
      "upper_outlier_bound": 236177.1157473883
    },
    {
      "maximum": 185670.67962895572,
      "total": 6622359.7008659085,
      "mode": null,
      "n": 500,
      "percentiles": {
        "25": 176449.9891181013,
        "50": 179692.58193083273,
        "75": 181775.5850300838
      },
      "frequency_distribution": "removed",
      "outliers": "removed",
      "median": 179692.58193083273,
      "average": 178982.69461799753,
      "sample_size": 37,
      "variance": 17808577.613843516,
      "standard_deviation": 4220.021044241784,
      "lower_outlier_bound": 168273.95649905043,
      "minimum": 169879.0800708056,
      "standard_deviation_ratio": 0.023577816018741742,
      "upper_outlier_bound": 189743.8640452625
    },
    {
      "maximum": 160380.80819096864,
      "total": 5708588.455692434,
      "mode": null,
      "n": 600,
      "percentiles": {
        "25": 151613.58508563484,
        "50": 154727.38581892563,
        "75": 156735.04374827803
      },
      "frequency_distribution": "removed",
      "outliers": "removed",
      "median": 154727.38581892563,
      "average": 154286.1744781739,
      "sample_size": 37,
      "variance": 10751468.00841322,
      "standard_deviation": 3278.943123692941,
      "lower_outlier_bound": 143931.39709167008,
      "minimum": 146501.2569807849,
      "standard_deviation_ratio": 0.021252345745060887,
      "upper_outlier_bound": 164417.23174224282
    },
    {
      "maximum": 139220.6982196457,
      "total": 4795787.571829707,
      "mode": null,
      "n": 700,
      "percentiles": {
        "25": 131389.09620796135,
        "50": 133197.1402327829,
        "75": 134923.41051071376
      },
      "frequency_distribution": "removed",
      "outliers": "removed",
      "median": 133197.1402327829,
      "average": 133216.32143971408,
      "sample_size": 36,
      "variance": 7897522.754062291,
      "standard_deviation": 2810.2531476830145,
      "lower_outlier_bound": 125443.31426397232,
      "minimum": 127642.19340345144,
      "standard_deviation_ratio": 0.021095411713156865,
      "upper_outlier_bound": 140459.24192813504
    },
    {
      "maximum": 125349.72573480009,
      "total": 4402108.893946108,
      "mode": null,
      "n": 800,
      "percentiles": {
        "25": 116777.18636252856,
        "50": 119283.63023028898,
        "75": 120653.02552537111
      },
      "frequency_distribution": "removed",
      "outliers": "removed",
      "median": 119283.63023028898,
      "average": 118975.91605259753,
      "sample_size": 37,
      "variance": 6038264.030960521,
      "standard_deviation": 2457.2879422160768,
      "lower_outlier_bound": 110963.42761826474,
      "minimum": 114729.42213084661,
      "standard_deviation_ratio": 0.02065365851967675,
      "upper_outlier_bound": 126466.78426963493
    },
    {
      "maximum": 112499.10000719994,
      "total": 4217007.495936482,
      "mode": null,
      "n": 900,
      "percentiles": {
        "25": 106377.54667846748,
        "50": 108408.60504143377,
        "75": 110011.72725012487
      },
      "frequency_distribution": "removed",
      "outliers": "removed",
      "median": 108408.60504143377,
      "average": 108128.39733170468,
      "sample_size": 39,
      "variance": 6385398.0341556985,
      "standard_deviation": 2526.9345132305466,
      "lower_outlier_bound": 100926.27582098139,
      "minimum": 102229.21015667649,
      "standard_deviation_ratio": 0.023369758320551895,
      "upper_outlier_bound": 115462.99810761094
    },
    {
      "maximum": 103994.42589877182,
      "total": 3761588.1104524937,
      "mode": null,
      "n": 1000,
      "percentiles": {
        "25": 97782.55274655885,
        "50": 99131.83620930687,
        "75": 100408.15799722278
      },
      "frequency_distribution": "removed",
      "outliers": "removed",
      "median": 99131.83620930687,
      "average": 98989.16080138141,
      "sample_size": 38,
      "variance": 4631488.177552095,
      "standard_deviation": 2152.089258732568,
      "lower_outlier_bound": 93170.9878583406,
      "minimum": 93698.75849144999,
      "standard_deviation_ratio": 0.021740655656740705,
      "upper_outlier_bound": 104669.7720740917
    },
    {
      "maximum": 54922.90471864644,
      "total": 1824683.7257189364,
      "mode": null,
      "n": 2000,