{
  "build_type": "random",
  "name": "runtime",
  "timestamp": "2026-04-02T21:43:42.141418Z",
  "impl_mod": "xb5_bag",
  "impl_description": ":xb5_bag.filter/2",
  "tweaks": "none",
  "group_id": "filter_all",
  "measurements": [
    {
      "maximum": 8347245.409015025,
      "total": 272517460.03471684,
      "mode": 7247427.163357008,
      "n": 0,
      "percentiles": {
        "25": 7143848.754869155,
        "50": 7401924.500370096,
        "75": 7668178.844157251
      },
      "frequency_distribution": "removed",
      "outliers": "removed",
      "median": 7401924.500370096,
      "average": 7365336.75769505,
      "sample_size": 37,
      "variance": 203094131524.34595,
      "standard_deviation": 450659.66263284086,
      "lower_outlier_bound": 6164968.884482288,
      "minimum": 6446621.970087674,
      "standard_deviation_ratio": 0.061186565863673124,
      "upper_outlier_bound": 8637210.66086346
    },
    {
      "maximum": 370699.88137603796,
      "total": 12649148.718825763,
      "mode": null,
      "n": 100,
      "percentiles": {
        "25": 320669.15081580426,
        "50": 335515.771813335,
        "75": 343880.0548264727
      },
      "frequency_distribution": "removed",
      "outliers": "removed",
      "median": 335515.771813335,
      "average": 332872.33470594115,
      "sample_size": 38,
      "variance": 272483809.6224164,
      "standard_deviation": 16507.083619537898,
      "lower_outlier_bound": 285584.50501737784,
      "minimum": 295436.68496404536,
      "standard_deviation_ratio": 0.04958983339399541,
      "upper_outlier_bound": 378288.5961994668
    },
    {
      "maximum": 189536.0914625363,
      "total": 6891624.915608912,
      "mode": null,
      "n": 200,
      "percentiles": {
        "25": 172243.92495676677,
        "50": 176020.390202001,
        "75": 180615.61024596234
      },
      "frequency_distribution": "removed",
      "outliers": "removed",
      "median": 176020.390202001,
      "average": 176708.33116945927,
      "sample_size": 39,
      "variance": 34455233.7662255,
      "standard_deviation": 5869.858070364692,
      "lower_outlier_bound": 159236.35506151564,
      "minimum": 166296.38006039883,
      "standard_deviation_ratio": 0.033217777744364706,
      "upper_outlier_bound": 193246.9219601205
    },
    {
      "maximum": 128314.359916647,
      "total": 4361123.1403891565,
      "mode": null,
      "n": 300,
      "percentiles": {
        "25": 119037.38273707798,
        "50": 120959.38344612636,
        "75": 123016.57588054013
      },
      "frequency_distribution": "removed",
      "outliers": "removed",
      "median": 120959.38344612636,
      "average": 121142.30945525435,
      "sample_size": 36,
      "variance": 7198990.664070196,
      "standard_deviation": 2683.0934877618774,
      "lower_outlier_bound": 111568.22175006392,
      "minimum": 116532.1885211133,
      "standard_deviation_ratio": 0.022148277507891796,
      "upper_outlier_bound": 129625.78706842008
    },
    {
      "maximum": 99314.53110630429,
      "total": 2828546.2344386512,
      "mode": null,
      "n": 400,
      "percentiles": {
        "25": 92566.59209384289,
        "50": 93994.64719937899,
        "75": 95624.58884279394
      },
      "frequency_distribution": "removed",
      "outliers": "removed",
      "median": 93994.64719937899,
      "average": 94284.87448128838,
      "sample_size": 30,
      "variance": 5296306.529369779,
      "standard_deviation": 2301.3705762805303,
      "lower_outlier_bound": 83123.78200412593,
      "minimum": 90410.84496167484,
      "standard_deviation_ratio": 0.02440869321767254,
      "upper_outlier_bound": 102983.47026368526
    },
    {
      "maximum": 81497.33422219759,
      "total": 2726157.138416613,
      "mode": null,
      "n": 500,
      "percentiles": {
        "25": 68365.22995926047,
        "50": 75266.85864733413,
        "75": 76682.47617277488
      },
      "frequency_distribution": "removed",
      "outliers": "removed",
      "median": 75266.85864733413,
      "average": 73679.92265990846,
      "sample_size": 37,
      "variance": 23763658.237470645,
      "standard_deviation": 4874.798276592647,
      "lower_outlier_bound": 55889.360638988845,
      "minimum": 63702.138990423024,
      "standard_deviation_ratio": 0.06616182673119413,
      "upper_outlier_bound": 89158.34549304651
    },
    {
      "maximum": 70993.78520404323,
      "total": 2448866.2673874153,
      "mode": null,
      "n": 600,
      "percentiles": {
        "25": 58744.94940297508,
        "50": 63740.06292419012,
        "75": 64810.74614019602
      },
      "frequency_distribution": "removed",
      "outliers": "removed",
      "median": 63740.06292419012,
      "average": 62791.44275352347,
      "sample_size": 39,
      "variance": 10803989.773157418,
      "standard_deviation": 3286.9423136339674,
      "lower_outlier_bound": 49646.25429714367,
      "minimum": 56688.63540250632,
      "standard_deviation_ratio": 0.05234697865657059,
      "upper_outlier_bound": 73909.44124602742
    },
    {
      "maximum": 60021.487692593946,
      "total": 2161902.5335444533,
      "mode": null,
      "n": 700,
      "percentiles": {
        "25": 51840.38580763359,
        "50": 54977.77670309469,
        "75": 55586.03558646412
      },
      "frequency_distribution": "removed",
      "outliers": "removed",
      "median": 54977.77670309469,
      "average": 54047.56333861133,
      "sample_size": 40,
      "variance": 4581817.419533283,
      "standard_deviation": 2140.518025977189,
      "lower_outlier_bound": 46221.9111393878,
      "minimum": 50628.502226641525,
      "standard_deviation_ratio": 0.03960433909974278,
      "upper_outlier_bound": 61204.51025470991
    },
    {
      "maximum": 49523.435975606735,
      "total": 1831414.3222513509,
      "mode": null,
      "n": 800,
      "percentiles": {
        "25": 46972.09582517011,
        "50": 48613.84931388486,
        "75": 49080.739956334815
      },
      "frequency_distribution": "removed",
      "outliers": "removed",
      "median": 48613.84931388486,
      "average": 48195.113743456604,
      "sample_size": 38,
      "variance": 1423239.4863650291,
      "standard_deviation": 1192.9960127196691,
      "lower_outlier_bound": 43690.76900407462,
      "minimum": 45447.645675611064,
      "standard_deviation_ratio": 0.02475346399367386,
      "upper_outlier_bound": 52294.49646964843
    },
    {
      "maximum": 44805.55732288587,
      "total": 1723104.7193226658,
      "mode": null,
      "n": 900,
      "percentiles": {
        "25": 41992.59123932387,
        "50": 43843.60613507347,
        "75": 44242.91337965675
      },
      "frequency_distribution": "removed",
      "outliers": "removed",
      "median": 43843.60613507347,
      "average": 43077.617983066644,
      "sample_size": 40,
      "variance": 2739927.272198897,
      "standard_deviation": 1655.2725673431844,
      "lower_outlier_bound": 38617.10802882455,
      "minimum": 38715.24242323348,
      "standard_deviation_ratio": 0.038425350445186045,
      "upper_outlier_bound": 47618.396590156066
    },
    {
      "maximum": 40591.63114222415,
      "total": 1341436.3177390678,
      "mode": null,
      "n": 1000,
      "percentiles": {
        "25": 39119.03335163342,
        "50": 39651.76245200383,
        "75": 39990.44229400726
      },
      "frequency_distribution": "removed",
      "outliers": "removed",
      "median": 39651.76245200383,
      "average": 39454.0093452667,
      "sample_size": 34,
      "variance": 545674.6164303119,
      "standard_deviation": 738.6979196060538,
      "lower_outlier_bound": 36451.00715350479,
      "minimum": 37317.860850653175,
      "standard_deviation_ratio": 0.01872301273976039,
      "upper_outlier_bound": 42112.70885982711
    },
    {
      "maximum": 20060.421991037005,
      "total": 695414.8101410371,
      "mode": null,
      "n": 2000,