{
  "build_type": "random",
  "name": "runtime",
  "timestamp": "2026-03-19T20:17:22.913496Z",
  "impl_mod": "xb5_bag",
  "tweaks": "none",
  "impl_description": ":xb5_bag.larger/2",
  "group_id": "larger_x100",
  "measurements": [
    {
      "maximum": 243557.3005083041,
      "total": 9109830.79210321,
      "mode": null,
      "n": 100,
      "percentiles": {
        "25": 229315.7218858925,
        "50": 233877.644571466,
        "75": 237303.66088357646
      },
      "average": 233585.40492572336,
      "variance": 24166026.345129892,
      "standard_deviation": 4915.895274019768,
      "standard_deviation_ratio": 0.021045387127603066,
      "median": 233877.644571466,
      "frequency_distribution": "removed",
      "minimum": 225717.32967370303,
      "lower_outlier_bound": 216943.94313018688,
      "upper_outlier_bound": 249326.1692554471,
      "outliers": "removed",
      "sample_size": 39
    },
    {
      "maximum": 204707.87163178786,
      "total": 7042476.560880098,
      "mode": null,
      "n": 200,
      "percentiles": {
        "25": 193175.73232461166,
        "50": 195144.33437644393,
        "75": 198089.78734395205
      },
      "average": 195624.34891333606,
      "variance": 15266405.373326346,
      "standard_deviation": 3907.224766164131,
      "standard_deviation_ratio": 0.01997310042368539,
      "median": 195144.33437644393,
      "frequency_distribution": "removed",
      "minimum": 189294.63141495845,
      "lower_outlier_bound": 184325.10593193985,
      "upper_outlier_bound": 206348.5961911594,
      "outliers": "removed",
      "sample_size": 36
    },
    {
      "maximum": 180592.1254609614,
      "total": 6686500.48511961,
      "mode": null,
      "n": 300,
      "percentiles": {
        "25": 174375.67037998597,
        "50": 176234.49662611843,
        "75": 177328.3585643877
      },
      "average": 175960.539082095,
      "variance": 4759473.542955129,
      "standard_deviation": 2181.621768995517,
      "standard_deviation_ratio": 0.012398358065825621,
      "median": 176234.49662611843,
      "frequency_distribution": "removed",
      "minimum": 171785.59096820076,
      "lower_outlier_bound": 169401.3720169298,
      "upper_outlier_bound": 181923.9452632072,
      "outliers": "removed",
      "sample_size": 38
    },
    {
      "maximum": 170480.60186471682,
      "total": 5889057.528532541,
      "mode": null,
      "n": 400,
      "percentiles": {
        "25": 161912.51798197866,
        "50": 163087.4291325258,
        "75": 165473.9540443995
      },
      "average": 163584.93134812615,
      "variance": 5699188.4087085575,
      "standard_deviation": 2387.2973021198172,
      "standard_deviation_ratio": 0.014593625968148585,
      "median": 163087.4291325258,
      "frequency_distribution": "removed",
      "minimum": 160063.00079711375,
      "lower_outlier_bound": 155681.14736804878,
      "upper_outlier_bound": 171798.9336934128,
      "outliers": "removed",
      "sample_size": 36
    },
    {
      "maximum": 158698.16719486707,
      "total": 6002259.195362042,
      "mode": null,
      "n": 500,
      "percentiles": {
        "25": 152308.7725283713,
        "50": 154087.00368576113,
        "75": 155296.62431727722
      },
      "average": 153904.08193236004,
      "variance": 4465374.332665111,
      "standard_deviation": 2113.143235245806,
      "standard_deviation_ratio": 0.013730261138717037,
      "median": 154087.00368576113,
      "frequency_distribution": "removed",
      "minimum": 149419.6540636169,
      "lower_outlier_bound": 147652.2455208854,
      "upper_outlier_bound": 159880.93644541438,
      "outliers": "removed",
      "sample_size": 39
    },
    {
      "maximum": 154502.19393115383,
      "total": 5601398.779835736,
      "mode": null,
      "n": 600,
      "percentiles": {
        "25": 145825.57876746196,
        "50": 146994.6780294054,
        "75": 148356.9852330671
      },
      "average": 147405.23104830887,
      "variance": 8806986.098674208,
      "standard_deviation": 2967.6566679240723,
      "standard_deviation_ratio": 0.020132641472889706,
      "median": 146994.6780294054,
      "frequency_distribution": "removed",
      "minimum": 141421.5124747916,
      "lower_outlier_bound": 140366.26423873164,
      "upper_outlier_bound": 154939.60728903982,
      "outliers": "removed",
      "sample_size": 38
    },
    {
      "maximum": 143757.8887141432,
      "total": 5152945.504442198,
      "mode": null,
      "n": 700,
      "percentiles": {
        "25": 138354.8893413957,
        "50": 138993.1337391933,
        "75": 140515.8559843011
      },
      "average": 139268.79741735672,
      "variance": 3209382.9875805224,
      "standard_deviation": 1791.4750870666671,
      "standard_deviation_ratio": 0.01286343474122223,
      "median": 138993.1337391933,
      "frequency_distribution": "removed",
      "minimum": 134648.21806548213,
      "lower_outlier_bound": 134491.43086488283,
      "upper_outlier_bound": 144157.75874833175,
      "outliers": "removed",
      "sample_size": 37
    },
    {
      "maximum": 140579.15801519097,
      "total": 5201529.927724802,
      "mode": null,
      "n": 800,
      "percentiles": {
        "25": 135698.4875496186,
        "50": 136969.97991882203,
        "75": 138075.82371574958
      },
      "average": 136882.36651907372,
      "variance": 3006764.3153528282,
      "standard_deviation": 1734.0023977356052,
      "standard_deviation_ratio": 0.012667828894483516,
      "median": 136969.97991882203,
      "frequency_distribution": "removed",
      "minimum": 132669.45537861873,
      "lower_outlier_bound": 131702.1795563026,
      "upper_outlier_bound": 141892.6134412029,
      "outliers": "removed",
      "sample_size": 38
    },
    {
      "maximum": 134793.052226916,
      "total": 4510472.851120899,
      "mode": null,
      "n": 900,
      "percentiles": {
        "25": 132003.7486885529,
        "50": 132835.8916332918,
        "75": 133289.37257041276
      },
      "average": 132660.96620943822,
      "variance": 1242431.9856287732,
      "standard_deviation": 1114.644331447827,
      "standard_deviation_ratio": 0.008402202722450285,
      "median": 132835.8916332918,
      "frequency_distribution": "removed",
      "minimum": 129285.15651261047,
      "lower_outlier_bound": 129219.03064570513,
      "upper_outlier_bound": 135896.25002346066,
      "outliers": "removed",
      "sample_size": 34
    },
    {
      "maximum": 131400.17397383033,
      "total": 4614456.026201986,
      "mode": null,
      "n": 1000,
      "percentiles": {
        "25": 127059.47209731682,
        "50": 128504.49437536916,
        "75": 129493.81248376118
      },
      "average": 128179.33406116627,
      "variance": 2950658.8710349174,
      "standard_deviation": 1717.7481977970222,
      "standard_deviation_ratio": 0.013401132174530763,
      "median": 128504.49437536916,
      "frequency_distribution": "removed",
      "minimum": 122855.55626538766,
      "lower_outlier_bound": 122833.44522668715,
      "upper_outlier_bound": 133553.752777194,
      "outliers": "removed",
      "sample_size": 36
    },
    {
      "maximum": 105694.9495782243,
      "total": 4038646.8035212844,
      "mode": null,
      "n": 2000,
      "percentiles": {
        "25": 102756.12477881744,
        "50": 103461.40475756924,
        "75": 104343.0716722125
      },
      "average": 103555.04624413549,
      "variance": 1352934.2939454818,
      "standard_deviation": 1163.1570375256651,
      "standard_deviation_ratio": 0.011232258395051771,
      "median": 103461.40475756924,
      "frequency_distribution": "removed",
      "minimum": 100924.26441349882,
      "lower_outlier_bound": 100250.46883900432,
      "upper_outlier_bound": 106938.06105789795,
      "outliers": "removed",
      "sample_size": 39
    },
    {
      "maximum": 91045.99097187954,
      "total": 3542547.793043184,
      "mode": null,
      "n": 3000,