{
  "build_type": "random",
  "name": "runtime",
  "timestamp": "2026-04-02T21:43:42.058719Z",
  "impl_mod": "xb5_bag",
  "impl_description": ":xb5_bag.map/2",
  "tweaks": "none",
  "group_id": "map",
  "measurements": [
    {
      "maximum": 8926977.325477593,
      "total": 341410471.60169345,
      "mode": 8447372.86703835,
      "n": 0,
      "percentiles": {
        "25": 7429420.505200595,
        "50": 7965588.657001752,
        "75": 8447372.86703835
      },
      "frequency_distribution": "removed",
      "outliers": "removed",
      "median": 7965588.657001752,
      "average": 7939778.409341708,
      "sample_size": 43,
      "variance": 354233080600.8705,
      "standard_deviation": 595174.8319618955,
      "lower_outlier_bound": 6332996.677071849,
      "minimum": 6467468.632777131,
      "standard_deviation_ratio": 0.07496113887279655,
      "upper_outlier_bound": 9901178.188310752
    },
    {
      "maximum": 356064.49040050135,
      "total": 14292857.192192897,
      "mode": null,
      "n": 100,
      "percentiles": {
        "25": 310953.9940058967,
        "50": 324596.3572761218,
        "75": 338670.5175751572
      },
      "frequency_distribution": "removed",
      "outliers": "removed",
      "median": 324596.3572761218,
      "average": 324837.66345892946,
      "sample_size": 44,
      "variance": 330201260.53882235,
      "standard_deviation": 18171.440794246955,
      "lower_outlier_bound": 265826.46303306613,
      "minimum": 276189.68707708456,
      "standard_deviation_ratio": 0.055940067419381755,
      "upper_outlier_bound": 380865.7592057397
    },
    {
      "maximum": 195533.23869524582,
      "total": 6324275.858984882,
      "mode": null,
      "n": 200,
      "percentiles": {
        "25": 174616.97765950387,
        "50": 180791.94101843715,
        "75": 186767.8699497968
      },
      "frequency_distribution": "removed",
      "outliers": "removed",
      "median": 180791.94101843715,
      "average": 180693.59597099663,
      "sample_size": 35,
      "variance": 59120867.42736894,
      "standard_deviation": 7689.009521867491,
      "lower_outlier_bound": 145611.89515615202,
      "minimum": 167249.81100771355,
      "standard_deviation_ratio": 0.04255275058614509,
      "upper_outlier_bound": 210874.50015152904
    },
    {
      "maximum": 133654.10318096765,
      "total": 4784481.99409969,
      "mode": null,
      "n": 300,
      "percentiles": {
        "25": 121419.0487060372,
        "50": 122930.46561143154,
        "75": 125381.47313200412
      },
      "frequency_distribution": "removed",
      "outliers": "removed",
      "median": 122930.46561143154,
      "average": 122679.02548973564,
      "sample_size": 39,
      "variance": 26508823.112861253,
      "standard_deviation": 5148.671975651707,
      "lower_outlier_bound": 105053.40532921207,
      "minimum": 106901.10792308251,
      "standard_deviation_ratio": 0.04196864097263707,
      "upper_outlier_bound": 137457.1791458415
    },
    {
      "maximum": 103826.85003872741,
      "total": 4311455.723232333,
      "mode": null,
      "n": 400,
      "percentiles": {
        "25": 84400.43618145419,
        "50": 93832.74875530858,
        "75": 96043.02727621974
      },
      "frequency_distribution": "removed",
      "outliers": "removed",
      "median": 93832.74875530858,
      "average": 91733.10049430495,
      "sample_size": 47,
      "variance": 42126232.73417789,
      "standard_deviation": 6490.472458471562,
      "lower_outlier_bound": 66936.54953930587,
      "minimum": 80365.95441000139,
      "standard_deviation_ratio": 0.0707538764469703,
      "upper_outlier_bound": 113506.91391836807
    },
    {
      "maximum": 82763.36959472432,
      "total": 3461469.5499071674,
      "mode": null,
      "n": 500,
      "percentiles": {
        "25": 70874.54519058732,
        "50": 76654.25702399135,
        "75": 78102.38033816338
      },
      "frequency_distribution": "removed",
      "outliers": "removed",
      "median": 76654.25702399135,
      "average": 75249.33804146016,
      "sample_size": 46,
      "variance": 16125264.550355492,
      "standard_deviation": 4015.6275412885957,
      "lower_outlier_bound": 60032.792469223234,
      "minimum": 67875.20735875847,
      "standard_deviation_ratio": 0.05336429058121553,
      "upper_outlier_bound": 88944.13305952746
    },
    {
      "maximum": 68438.02526184388,
      "total": 3051211.9814864,
      "mode": null,
      "n": 600,
      "percentiles": {
        "25": 62288.452842035236,
        "50": 65976.02958892976,
        "75": 66907.17566077526
      },
      "frequency_distribution": "removed",
      "outliers": "removed",
      "median": 65976.02958892976,
      "average": 64919.40386141277,
      "sample_size": 47,
      "variance": 7210834.955095926,
      "standard_deviation": 2685.2997886820617,
      "lower_outlier_bound": 55360.368613925195,
      "minimum": 59739.15495380969,
      "standard_deviation_ratio": 0.041363592839122915,
      "upper_outlier_bound": 73835.2598888853
    },
    {
      "maximum": 59409.23457142178,
      "total": 2622143.749484649,
      "mode": null,
      "n": 700,
      "percentiles": {
        "25": 55347.576827148834,
        "50": 57629.480583657016,
        "75": 58413.586332232706
      },
      "frequency_distribution": "removed",
      "outliers": "removed",
      "median": 57629.480583657016,
      "average": 57003.12498879671,
      "sample_size": 46,
      "variance": 3462224.9244924607,
      "standard_deviation": 1860.705491068498,
      "lower_outlier_bound": 50649.040272718936,
      "minimum": 52695.14593393715,
      "standard_deviation_ratio": 0.032642166397617633,
      "upper_outlier_bound": 63074.87997298289
    },
    {
      "maximum": 52573.13975202302,
      "total": 2293098.4656240656,
      "mode": null,
      "n": 800,
      "percentiles": {
        "25": 48679.78581264158,
        "50": 50909.70577936244,
        "75": 51716.60352163498
      },
      "frequency_distribution": "removed",
      "outliers": "removed",
      "median": 50909.70577936244,
      "average": 49849.966644001426,
      "sample_size": 46,
      "variance": 5396874.761007879,
      "standard_deviation": 2323.117466037367,
      "lower_outlier_bound": 44154.02858527893,
      "minimum": 44445.98523859938,
      "standard_deviation_ratio": 0.04660218697090972,
      "upper_outlier_bound": 56118.80075513767
    },
    {
      "maximum": 47840.66379877834,
      "total": 2070764.7421734096,
      "mode": null,
      "n": 900,
      "percentiles": {
        "25": 44292.966553075494,
        "50": 45798.15216887389,
        "75": 46789.34822234335
      },
      "frequency_distribution": "removed",
      "outliers": "removed",
      "median": 45798.15216887389,
      "average": 45016.62482985673,
      "sample_size": 46,
      "variance": 5402599.367546798,
      "standard_deviation": 2324.3492352800167,
      "lower_outlier_bound": 39507.95909888668,
      "minimum": 40582.93325324968,
      "standard_deviation_ratio": 0.05163312985069508,
      "upper_outlier_bound": 51138.94150418355
    },
    {
      "maximum": 42809.83187722825,
      "total": 1845043.9819796574,
      "mode": null,
      "n": 1000,
      "percentiles": {
        "25": 37603.51308693924,
        "50": 41134.50443929946,
        "75": 42225.731770645565
      },
      "frequency_distribution": "removed",
      "outliers": "removed",
      "median": 41134.50443929946,
      "average": 40109.65178216647,
      "sample_size": 46,
      "variance": 5050269.438904829,
      "standard_deviation": 2247.2804539943004,
      "lower_outlier_bound": 30670.185061379747,
      "minimum": 36624.16066579794,
      "standard_deviation_ratio": 0.05602842094464368,
      "upper_outlier_bound": 49159.05979620505
    },
    {
      "maximum": 21877.37643001471,
      "total": 980092.0565082232,
      "mode": null,
      "n": 2000,