{
  "build_type": "random",
  "name": "runtime",
  "timestamp": "2026-03-05T19:10:41.317704Z",
  "impl_mod": "xb5_bag",
  "group_id": "rank_existing_x100",
  "impl_description": "xb5_bag.rank/2",
  "tweaks": "none",
  "measurements": [
    {
      "maximum": 232574.90656303128,
      "total": 9256714.20163104,
      "mode": null,
      "n": 100,
      "percentiles": {
        "25": 223660.9030972612,
        "50": 226061.75555038126,
        "75": 227706.24485569354
      },
      "average": 225773.5171129522,
      "sample_size": 41,
      "variance": 10746584.312307967,
      "standard_deviation": 3278.1983332781997,
      "frequency_distribution": "removed",
      "lower_outlier_bound": 216663.4366022665,
      "median": 226061.75555038126,
      "minimum": 217021.89533902076,
      "outliers": "removed",
      "standard_deviation_ratio": 0.01451985323698594,
      "upper_outlier_bound": 235323.34725558572
    },
    {
      "maximum": 192608.4578225999,
      "total": 8531612.816444606,
      "mode": null,
      "n": 200,
      "percentiles": {
        "25": 183590.58785929962,
        "50": 184894.83474241418,
        "75": 187853.16829639758
      },
      "average": 185469.84383575228,
      "sample_size": 46,
      "variance": 10668547.753180025,
      "standard_deviation": 3266.2742923979954,
      "frequency_distribution": "removed",
      "lower_outlier_bound": 177037.16799583385,
      "median": 184894.83474241418,
      "minimum": 179194.12816680822,
      "outliers": "removed",
      "standard_deviation_ratio": 0.017610810603207985,
      "upper_outlier_bound": 194563.5021126023
    },
    {
      "maximum": 175261.4901432938,
      "total": 7396701.158361154,
      "mode": null,
      "n": 300,
      "percentiles": {
        "25": 170618.76601683666,
        "50": 171688.85172779075,
        "75": 173463.54663567452
      },
      "average": 172016.3060083989,
      "sample_size": 43,
      "variance": 2957228.1939215576,
      "standard_deviation": 1719.6593249599055,
      "frequency_distribution": "removed",
      "lower_outlier_bound": 166212.20327175755,
      "median": 171688.85172779075,
      "minimum": 169259.43917577423,
      "outliers": "removed",
      "standard_deviation_ratio": 0.00999707158503881,
      "upper_outlier_bound": 177820.49147591458
    },
    {
      "maximum": 164953.89538623954,
      "total": 6912131.574917695,
      "mode": null,
      "n": 400,
      "percentiles": {
        "25": 159750.02316375336,
        "50": 160745.86079408455,
        "75": 162402.51788863735
      },
      "average": 160747.24592831847,
      "sample_size": 43,
      "variance": 4980345.31016905,
      "standard_deviation": 2231.6687276943794,
      "frequency_distribution": "removed",
      "lower_outlier_bound": 155115.72370330882,
      "median": 160745.86079408455,
      "minimum": 155474.08713389738,
      "outliers": "removed",
      "standard_deviation_ratio": 0.013883091525496745,
      "upper_outlier_bound": 167174.84046652386
    },
    {
      "maximum": 157322.00195393927,
      "total": 6137385.6462716255,
      "mode": null,
      "n": 500,
      "percentiles": {
        "25": 152563.09924751305,
        "50": 153385.7808562146,
        "75": 154432.5822656917
      },
      "average": 153434.64115679063,
      "sample_size": 40,
      "variance": 2073917.9008019643,
      "standard_deviation": 1440.1103779925913,
      "frequency_distribution": "removed",
      "lower_outlier_bound": 149347.341488272,
      "median": 153385.7808562146,
      "minimum": 150068.13093144287,
      "outliers": "removed",
      "standard_deviation_ratio": 0.009385822961067717,
      "upper_outlier_bound": 157483.7267321435
    },
    {
      "maximum": 147422.17583337755,
      "total": 5759233.599105598,
      "mode": null,
      "n": 600,
      "percentiles": {
        "25": 143193.6220622621,
        "50": 143907.57426384723,
        "75": 144822.65026561584
      },
      "average": 143980.83997763996,
      "sample_size": 40,
      "variance": 1807045.106487071,
      "standard_deviation": 1344.2637786115756,
      "frequency_distribution": "removed",
      "lower_outlier_bound": 140115.74320425894,
      "median": 143907.57426384723,
      "minimum": 140879.19890452333,
      "outliers": "removed",
      "standard_deviation_ratio": 0.009336407391569171,
      "upper_outlier_bound": 147707.3046772092
    },
    {
      "maximum": 140679.6232599689,
      "total": 6079960.581472156,
      "mode": null,
      "n": 700,
      "percentiles": {
        "25": 137224.5651137312,
        "50": 138047.11299847328,
        "75": 139648.71705917682
      },
      "average": 138180.92230618536,
      "sample_size": 44,
      "variance": 2070418.18810122,
      "standard_deviation": 1438.894780066013,
      "frequency_distribution": "removed",
      "lower_outlier_bound": 133195.9933926111,
      "median": 138047.11299847328,
      "minimum": 135599.8394497901,
      "outliers": "removed",
      "standard_deviation_ratio": 0.010413121840927271,
      "upper_outlier_bound": 143480.1068687357
    },
    {
      "maximum": 139102.56588593032,
      "total": 6205460.9969840925,
      "mode": null,
      "n": 800,
      "percentiles": {
        "25": 133524.54145290266,
        "50": 134837.72051659002,
        "75": 135680.74762722044
      },
      "average": 134901.32602139332,
      "sample_size": 46,
      "variance": 2418720.2033657213,
      "standard_deviation": 1555.2235219947393,
      "frequency_distribution": "removed",
      "lower_outlier_bound": 130123.61913982201,
      "median": 134837.72051659002,
      "minimum": 131782.34301098934,
      "outliers": "removed",
      "standard_deviation_ratio": 0.01152860070291751,
      "upper_outlier_bound": 139192.7453080371
    },
    {
      "maximum": 135246.98804957615,
      "total": 5933268.356900825,
      "mode": null,
      "n": 900,
      "percentiles": {
        "25": 130809.83988081336,
        "50": 131634.19909146076,
        "75": 133376.2994309783
      },
      "average": 131850.40793112945,
      "sample_size": 45,
      "variance": 3598352.45313447,
      "standard_deviation": 1896.932379694772,
      "frequency_distribution": "removed",
      "lower_outlier_bound": 126716.27855381489,
      "median": 131634.19909146076,
      "minimum": 127323.00828618139,
      "outliers": "removed",
      "standard_deviation_ratio": 0.014387004253226223,
      "upper_outlier_bound": 137332.10828679925
    },
    {
      "maximum": 132818.1759017358,
      "total": 5530147.975716808,
      "mode": null,
      "n": 1000,
      "percentiles": {
        "25": 127104.69486611427,
        "50": 128386.35047676272,
        "75": 130024.97779823504
      },
      "average": 128608.09245853042,
      "sample_size": 43,
      "variance": 3381189.6961297635,
      "standard_deviation": 1838.8011573114054,
      "frequency_distribution": "removed",
      "lower_outlier_bound": 122656.16936286475,
      "median": 128386.35047676272,
      "minimum": 124192.13019309392,
      "outliers": "removed",
      "standard_deviation_ratio": 0.0142977095932305,
      "upper_outlier_bound": 134469.80735386623
    },
    {
      "maximum": 107093.2117896775,
      "total": 4564439.068303904,
      "mode": null,
      "n": 2000,
      "percentiles": {
        "25": 102776.9167225562,
        "50": 103991.4523007854,
        "75": 104683.12936184375
      },
      "average": 103737.25155236144,
      "sample_size": 44,
      "variance": 2589584.0306016235,
      "standard_deviation": 1609.2184533498314,
      "frequency_distribution": "removed",
      "lower_outlier_bound": 99753.8833446214,
      "median": 103991.4523007854,
      "minimum": 100257.96374070483,
      "outliers": "removed",
      "standard_deviation_ratio": 0.015512445426005694,
      "upper_outlier_bound": 107571.60743809398
    },
    {
      "maximum": 88083.53137447304,
      "total": 3537212.504825232,
      "mode": null,
      "n": 3000,