{
  "build_type": "random",
  "name": "runtime",
  "timestamp": "2026-04-02T21:43:41.892668Z",
  "impl_mod": "xb5_bag",
  "impl_description": ":xb5_bag.take_smallest/1 + :xb5_bag.insert/2",
  "tweaks": "none",
  "group_id": "take_smallest + insert largest x300",
  "measurements": [
    {
      "maximum": 29973.602248499745,
      "total": 1165100.613875735,
      "mode": null,
      "n": 100,
      "percentiles": {
        "25": 28789.655430296552,
        "50": 29130.09969246442,
        "75": 29438.485293721875
      },
      "frequency_distribution": "removed",
      "outliers": "removed",
      "median": 29130.09969246442,
      "average": 29127.51534689338,
      "sample_size": 40,
      "variance": 200072.98000610963,
      "standard_deviation": 447.29518218522054,
      "lower_outlier_bound": 27816.41063515857,
      "minimum": 28152.566641348127,
      "standard_deviation_ratio": 0.01535644825376179,
      "upper_outlier_bound": 30411.73008885986
    },
    {
      "maximum": 25126.707705280805,
      "total": 911160.3949061491,
      "mode": null,
      "n": 200,
      "percentiles": {
        "25": 24312.20274318369,
        "50": 24770.421540556734,
        "75": 24862.43350176711
      },
      "frequency_distribution": "removed",
      "outliers": "removed",
      "median": 24770.421540556734,
      "average": 24625.95661908511,
      "sample_size": 37,
      "variance": 118011.7577329264,
      "standard_deviation": 343.5283943619892,
      "lower_outlier_bound": 23486.85660530856,
      "minimum": 23845.04156667646,
      "standard_deviation_ratio": 0.01394984973277159,
      "upper_outlier_bound": 25687.77963964224
    },
    {
      "maximum": 23211.26451951638,
      "total": 795839.0214227098,
      "mode": null,
      "n": 300,
      "percentiles": {
        "25": 22599.707650181837,
        "50": 22877.447572325334,
        "75": 23030.28851424239
      },
      "frequency_distribution": "removed",
      "outliers": "removed",
      "median": 22877.447572325334,
      "average": 22738.257754934566,
      "sample_size": 35,
      "variance": 162192.4914560966,
      "standard_deviation": 402.7312893929358,
      "lower_outlier_bound": 21077.492741841903,
      "minimum": 21766.61788767598,
      "standard_deviation_ratio": 0.01771161597926458,
      "upper_outlier_bound": 24176.148671092255
    },
    {
      "maximum": 21858.090717633906,
      "total": 832906.9028929865,
      "mode": null,
      "n": 400,
      "percentiles": {
        "25": 20901.69930815375,
        "50": 21566.151149389592,
        "75": 21718.71012580563
      },
      "frequency_distribution": "removed",
      "outliers": "removed",
      "median": 21566.151149389592,
      "average": 21356.587253666323,
      "sample_size": 39,
      "variance": 183901.4339224517,
      "standard_deviation": 428.837304723425,
      "lower_outlier_bound": 19676.183081675936,
      "minimum": 20513.77571837704,
      "standard_deviation_ratio": 0.02007986105784789,
      "upper_outlier_bound": 22944.226352283444
    },
    {
      "maximum": 21554.91556616249,
      "total": 800450.7715606287,
      "mode": null,
      "n": 500,
      "percentiles": {
        "25": 20541.219929430827,
        "50": 21306.244021089704,
        "75": 21456.208204519535
      },
      "frequency_distribution": "removed",
      "outliers": "removed",
      "median": 21306.244021089704,
      "average": 21064.493988437596,
      "sample_size": 38,
      "variance": 288571.7287941871,
      "standard_deviation": 537.188727352117,
      "lower_outlier_bound": 19150.63590826605,
      "minimum": 19308.538081071147,
      "standard_deviation_ratio": 0.025502095025258263,
      "upper_outlier_bound": 22838.80575229702
    },
    {
      "maximum": 20925.02855220146,
      "total": 797971.3222223852,
      "mode": null,
      "n": 600,
      "percentiles": {
        "25": 19981.648853692768,
        "50": 20697.287475595313,
        "75": 20798.777031910522
      },
      "frequency_distribution": "removed",
      "outliers": "removed",
      "median": 20697.287475595313,
      "average": 20460.803133907313,
      "sample_size": 39,
      "variance": 186433.8171945109,
      "standard_deviation": 431.77982490444236,
      "lower_outlier_bound": 18735.39492690038,
      "minimum": 19556.157363704828,
      "standard_deviation_ratio": 0.021102779889852114,
      "upper_outlier_bound": 22027.731832000994
    },
    {
      "maximum": 20712.66051017354,
      "total": 766097.1466469939,
      "mode": null,
      "n": 700,
      "percentiles": {
        "25": 19682.486788871007,
        "50": 20492.317499998728,
        "75": 20575.356936171807
      },
      "frequency_distribution": "removed",
      "outliers": "removed",
      "median": 20492.317499998728,
      "average": 20160.451227552472,
      "sample_size": 38,
      "variance": 257924.66098239674,
      "standard_deviation": 507.86283678016525,
      "lower_outlier_bound": 18311.90711045402,
      "minimum": 18840.942876145295,
      "standard_deviation_ratio": 0.025191045133260197,
      "upper_outlier_bound": 21933.406511002366
    },
    {
      "maximum": 20701.619280660132,
      "total": 763853.3092680387,
      "mode": null,
      "n": 800,
      "percentiles": {
        "25": 19619.885509032316,
        "50": 20378.27273795334,
        "75": 20506.49972018662
      },
      "frequency_distribution": "removed",
      "outliers": "removed",
      "median": 20378.27273795334,
      "average": 20101.4028754747,
      "sample_size": 38,
      "variance": 269358.1498036617,
      "standard_deviation": 518.9972541388457,
      "lower_outlier_bound": 18291.897640753443,
      "minimum": 19121.56304245484,
      "standard_deviation_ratio": 0.025818956883455303,
      "upper_outlier_bound": 21824.36909493767
    },
    {
      "maximum": 20528.084986271842,
      "total": 780483.9793096078,
      "mode": null,
      "n": 900,
      "percentiles": {
        "25": 19568.303653108767,
        "50": 20337.24852483768,
        "75": 20407.330313048446
      },
      "frequency_distribution": "removed",
      "outliers": "removed",
      "median": 20337.24852483768,
      "average": 20012.409725887377,
      "sample_size": 39,
      "variance": 302735.42884081614,
      "standard_deviation": 550.2139845921913,
      "lower_outlier_bound": 18309.76366319925,
      "minimum": 18892.263466972166,
      "standard_deviation_ratio": 0.027493639802929532,
      "upper_outlier_bound": 21665.870302957963
    },
    {
      "maximum": 20406.239248462694,
      "total": 758441.8549373705,
      "mode": null,
      "n": 1000,
      "percentiles": {
        "25": 19405.464452226362,
        "50": 20209.763246927574,
        "75": 20299.391611592797
      },
      "frequency_distribution": "removed",
      "outliers": "removed",
      "median": 20209.763246927574,
      "average": 19958.996182562383,
      "sample_size": 38,
      "variance": 230355.90270659418,
      "standard_deviation": 479.95406312124726,
      "lower_outlier_bound": 18059.148883929047,
      "minimum": 18943.968477236453,
      "standard_deviation_ratio": 0.02404700410437323,
      "upper_outlier_bound": 21637.644225552176
    },
    {
      "maximum": 18957.92459257998,
      "total": 699048.9349114669,
      "mode": null,
      "n": 2000,
      "percentiles": {
        "25": 17822.40597382697,
        "50": 18786.757758299496,
        "75": 18869.80321205236
      },
      "frequency_distribution": "removed",
      "outliers": "removed",
      "median": 18786.757758299496,
      "average": 18396.02460293334,
      "sample_size": 38,
      "variance": 387281.01357518637,
      "standard_deviation": 622.3190609126369,
      "lower_outlier_bound": 16251.310116488889,
      "minimum": 16508.79307845738,
      "standard_deviation_ratio": 0.03382899698956725,
      "upper_outlier_bound": 20440.89906939044
    },
    {
      "maximum": 18084.52344568042,
      "total": 684668.8040823237,