{"build_type":"from_ordset_or_orddict","name":"runtime","timestamp":"2026-04-02T22:07:59.603803Z","impl_mod":"gb_trees","impl_description":":gb_trees.is_defined/2","tweaks":"none","group_id":"is_member_missing_x100","measurements":[{"maximum":722773.1359680824,"total":37014640.327711195,"mode":[694719.4375551434,686723.5731600958,684753.2833919938,703249.7169419889],"n":0,"percentiles":{"25":675865.0647768539,"50":686558.5962225054,"75":695815.5711504004},"frequency_distribution":"removed","outliers":"removed","median":686558.5962225054,"average":685456.3023650221,"sample_size":54,"variance":289673391.46570754,"standard_deviation":17019.794107617974,"lower_outlier_bound":632964.327979754,"minimum":643513.0665328159,"standard_deviation_ratio":0.024829874711042515,"upper_outlier_bound":731772.5033003769},{"maximum":370554.2750846717,"total":17917053.589593377,"mode":[347023.40672878386,347613.2871702888,342622.98452029354,348205.17641815264,342868.50649907254,344850.1798393688],"n":100,"percentiles":{"25":340241.88883303717,"50":344808.56730814365,"75":349927.8187345209},"frequency_distribution":"removed","outliers":"removed","median":344808.56730814365,"average":344558.7228767957,"sample_size":52,"variance":118594597.96909457,"standard_deviation":10890.114690355404,"lower_outlier_bound":319302.68403214053,"minimum":322336.29345496156,"standard_deviation_ratio":0.03160597589702988,"upper_outlier_bound":377623.3186799707},{"maximum":278185.0097225661,"total":15514019.694876019,"mode":262045.58020822142,"n":200,"percentiles":{"25":256185.60134446205,"50":263008.3952279757,"75":270052.0390279207},"frequency_distribution":"removed","outliers":"removed","median":263008.3952279757,"average":262949.48635383084,"sample_size":59,"variance":69755888.98775433,"standard_deviation":8351.999101278348,"lower_outlier_bound":233464.62043877682,"minimum":241371.56980827855,"standard_deviation_ratio":0.03176275115456855,"upper_outlier_bound":291193.0880447455},{"maximum":217172.2436498836,"total":12095945.455194121,"mode":[205779.94715570958,211369.56912313335,205278.53217638354,212751.4722401879],"n":300,"percentiles":{"25":199946.41436095125,"50":205190.49885914082,"75":210221.38413963746},"frequency_distribution":"removed","outliers":"removed","median":205190.49885914082,"average":205016.02466430713,"sample_size":59,"variance":34947356.79484811,"standard_deviation":5911.6289459715,"lower_outlier_bound":184502.8449681605,"minimum":192319.52735552957,"standard_deviation_ratio":0.02883496036785998,"upper_outlier_bound":225295.8862056695},{"maximum":175575.66872382825,"total":8866049.102443347,"mode":[165241.4590820837,164218.17369684667,170779.9005719419],"n":400,"percentiles":{"25":164747.5924701246,"50":167034.14177857953,"75":169817.73378339421},"frequency_distribution":"removed","outliers":"removed","median":167034.14177857953,"average":167283.94532911974,"sample_size":53,"variance":12865869.87247777,"standard_deviation":3586.9025457179305,"lower_outlier_bound":155951.98077962204,"minimum":160069.14987274504,"standard_deviation_ratio":0.021442001135619705,"upper_outlier_bound":180329.99605917273},{"maximum":147869.0589908824,"total":8027624.6557704415,"mode":null,"n":500,"percentiles":{"25":139092.42914972274,"50":140719.21591252895,"75":142469.93172363975},"frequency_distribution":"removed","outliers":"removed","median":140719.21591252895,"average":140835.52027667442,"sample_size":57,"variance":6319069.7549847,"standard_deviation":2513.7759953871587,"lower_outlier_bound":133506.4096528013,"minimum":135434.92216555023,"standard_deviation_ratio":0.01784901983852363,"upper_outlier_bound":148330.36293915292},{"maximum":128702.7789504031,"total":7504415.893755788,"mode":[124875.12487512488,123453.74188291647],"n":600,"percentiles":{"25":121489.82972537761,"50":122892.24439334858,"75":124701.11554504675},"frequency_distribution":"removed","outliers":"removed","median":122892.24439334858,"average":123023.2113730457,"sample_size":61,"variance":4558424.827211811,"standard_deviation":2135.046797428996,"lower_outlier_bound":116672.9009958739,"minimum":117064.6278691077,"standard_deviation_ratio":0.01735482900828244,"upper_outlier_bound":129518.04427455046},{"maximum":113753.60741127504,"total":6312178.781621135,"mode":111503.60379647471,"n":700,"percentiles":{"25":109970.66016801023,"50":110599.28221065845,"75":111616.61101885329},"frequency_distribution":"removed","outliers":"removed","median":110599.28221065845,"average":110739.97862493219,"sample_size":57,"variance":1557498.2131814698,"standard_deviation":1247.9976815609355,"lower_outlier_bound":107437.49505398255,"minimum":107833.80223065004,"standard_deviation_ratio":0.011269621838991028,"upper_outlier_bound":114158.82072108293},{"maximum":103075.25008632553,"total":5901322.402784282,"mode":100127.16149509877,"n":800,"percentiles":{"25":98991.86682822139,"50":100127.16149509877,"75":100903.28621822555},"frequency_distribution":"removed","outliers":"removed","median":100127.16149509877,"average":100022.41360651326,"sample_size":59,"variance":2088267.5261400377,"standard_deviation":1445.0839166429187,"lower_outlier_bound":96084.33224124342,"minimum":96224.34899416688,"standard_deviation_ratio":0.014447600938004335,"upper_outlier_bound":103897.13014542233},{"maximum":99067.18340109529,"total":5468178.977758321,"mode":[96620.41125511847,94998.51802311884,92981.21965325443],"n":900,"percentiles":{"25":95014.27137971713,"50":95940.56290247066,"75":96885.18970529528},"frequency_distribution":"removed","outliers":"removed","median":95940.56290247066,"average":95932.96452207581,"sample_size":57,"variance":1927928.059959689,"standard_deviation":1388.498491162194,"lower_outlier_bound":92146.89359077901,"minimum":92161.31178724745,"standard_deviation_ratio":0.014473632687986794,"upper_outlier_bound":99843.67309228584},{"maximum":93186.91804769679,"total":4956016.012078281,"mode":null,"n":1000,"percentiles":{"25":89176.55263066372,"50":90346.88687214561,"75":91105.71360372295},"frequency_distribution":"removed","outliers":"removed","median":90346.88687214561,"average":90109.38203778691,"sample_size":55,"variance":1906430.564941401,"standard_deviation":1380.735515926711,"lower_outlier_bound":85881.56869513064,"minimum":86347.73268123525,"standard_deviation_ratio":0.015322882975134672,"upper_outlier_bound":94254.1476390296},{"maximum":65827.67105649463,"total":3489012.627438636,"mode":[63329.537783035536,63585.524119578935,63809.3275198782,63857.73518324935,63267.99436661778],"n":2000,"percentiles":{"25":62895.613408338446,"50":63585.524119578935,"75":63914.75305896008},"frequency_distribution":"removed","outliers":"removed","median":63585.524119578935,"average":63436.59322615702,"sample_size":55,"variance":908611.0616973946,"standard_deviation":953.210921935641,"lower_outlier_bound":61067.576595878265,"minimum":61191.42145224377,"standard_deviation_ratio":0.01502619976040265,"upper_outlier_bound":66167.52840717565},{"maximum":54361.1209263135,"total":3059285.0842281356,"mode":[52743.144577925625,52303.85400948269,52050.964140008764],"n":3000,"percentiles":{"25":52308.16319949809,"50":52743.144577925625,"75":53161.24508524225},"frequency_distribution":"removed","outliers":"removed","median":52743.144577925625,"average":52746.294555657514,"sample_size":58,"variance":291171.3415845129,"standard_deviation":539.602948087307,"lower_outlier_bound":50976.907058084165,"minimum":51832.37823537705,"standard_deviation_ratio":0.010230158395637097,"upper_outlier_bound":54519.262652938356},{"maximum":49311.82877355071,"total":2829477.9006794193,"mode":[48455.71632085437,48086.30915457536,48666.513204928364,47597.17558360087],"n":4000,"percentiles":{"25":47500.83838979758,"50":48015.35723185704,"75":48455.71632085437},"frequency_distribution":"removed","outliers":"removed","median":48015.35723185704,"average":47957.252553888466,"sample_size":59,"variance":317276.3220123962,"standard_deviation":563.2728663910558,