{
  "build_type": "from_ordset_or_orddict",
  "name": "runtime",
  "timestamp": "2026-03-19T22:37:05.337885Z",
  "impl_mod": "gb_trees",
  "tweaks": "none",
  "impl_description": ":gb_trees.lookup/2",
  "group_id": "lookup_missing_x100",
  "measurements": [
    {
      "maximum": 740823.0544134533,
      "total": 25987500.21844721,
      "mode": null,
      "n": 0,
      "percentiles": {
        "25": 589431.5071452917,
        "50": 609295.4249241772,
        "75": 633718.2599972086
      },
      "frequency_distribution": "removed",
      "average": 618750.005201124,
      "variance": 2028624462.688822,
      "standard_deviation": 45040.2538035569,
      "standard_deviation_ratio": 0.072792328767604,
      "median": 609295.4249241772,
      "minimum": 550109.4717848852,
      "lower_outlier_bound": 491128.0257086816,
      "upper_outlier_bound": 758091.4371124639,
      "outliers": "removed",
      "sample_size": 42
    },
    {
      "maximum": 388099.32237858314,
      "total": 14898297.668374768,
      "mode": null,
      "n": 100,
      "percentiles": {
        "25": 336088.13575271977,
        "50": 345441.0418501822,
        "75": 355402.65343621053
      },
      "frequency_distribution": "removed",
      "average": 346472.0387994132,
      "variance": 277730314.8615304,
      "standard_deviation": 16665.242718350382,
      "standard_deviation_ratio": 0.048099820049255324,
      "median": 345441.0418501822,
      "minimum": 304805.56453038607,
      "lower_outlier_bound": 301504.6213098398,
      "upper_outlier_bound": 394135.84348343674,
      "outliers": "removed",
      "sample_size": 43
    },
    {
      "maximum": 299284.7095441894,
      "total": 12409232.138917163,
      "mode": 267627.270148319,
      "n": 200,
      "percentiles": {
        "25": 262420.4209835922,
        "50": 269534.9104869723,
        "75": 275344.9286851935
      },
      "frequency_distribution": "removed",
      "average": 269765.9160634166,
      "variance": 86271558.16511825,
      "standard_deviation": 9288.248390580338,
      "standard_deviation_ratio": 0.034430770670068105,
      "median": 269534.9104869723,
      "minimum": 254705.68757800362,
      "lower_outlier_bound": 240586.57337910202,
      "upper_outlier_bound": 301061.27416655526,
      "outliers": "removed",
      "sample_size": 46
    },
    {
      "maximum": 229130.2445048839,
      "total": 9949118.084654404,
      "mode": null,
      "n": 300,
      "percentiles": {
        "25": 206559.07692879703,
        "50": 211022.5519801301,
        "75": 216520.51531882645
      },
      "frequency_distribution": "removed",
      "average": 211683.3635032852,
      "variance": 73062460.25540152,
      "standard_deviation": 8547.65817375739,
      "standard_deviation_ratio": 0.040379451801486214,
      "median": 211022.5519801301,
      "minimum": 193474.86664744816,
      "lower_outlier_bound": 190070.41129611482,
      "upper_outlier_bound": 233005.49270986536,
      "outliers": "removed",
      "sample_size": 47
    },
    {
      "maximum": 175925.942215365,
      "total": 8097486.43820465,
      "mode": null,
      "n": 400,
      "percentiles": {
        "25": 162118.87434872153,
        "50": 164901.39720953855,
        "75": 168227.0816087972
      },
      "frequency_distribution": "removed",
      "average": 165254.82526948265,
      "variance": 17996096.019777697,
      "standard_deviation": 4242.180573688218,
      "standard_deviation_ratio": 0.02567053982702443,
      "median": 164901.39720953855,
      "minimum": 155816.87777256657,
      "lower_outlier_bound": 152759.04590373606,
      "upper_outlier_bound": 178016.9821724226,
      "outliers": "removed",
      "sample_size": 49
    },
    {
      "maximum": 156998.194520763,
      "total": 6989579.295335854,
      "mode": null,
      "n": 500,
      "percentiles": {
        "25": 138701.41388648326,
        "50": 141572.67420871492,
        "75": 145791.33874357986
      },
      "frequency_distribution": "removed",
      "average": 142644.47541501743,
      "variance": 25341939.774481278,
      "standard_deviation": 5034.077847479246,
      "standard_deviation_ratio": 0.035291081781000155,
      "median": 141572.67420871492,
      "minimum": 133323.9117769011,
      "lower_outlier_bound": 127173.01288984733,
      "upper_outlier_bound": 158308.8980104371,
      "outliers": "removed",
      "sample_size": 49
    },
    {
      "maximum": 130766.64561323672,
      "total": 5720444.76160218,
      "mode": [
        124887.75712828095,
        124819.01243197364
      ],
      "n": 600,
      "percentiles": {
        "25": 122459.6389827971,
        "50": 124181.56799891056,
        "75": 125331.74786325368
      },
      "frequency_distribution": "removed",
      "average": 124357.4948174387,
      "variance": 5410609.766899363,
      "standard_deviation": 2326.071745862402,
      "standard_deviation_ratio": 0.01870471698772285,
      "median": 124181.56799891056,
      "minimum": 120142.05596697536,
      "lower_outlier_bound": 117075.29325147172,
      "upper_outlier_bound": 131028.38249015262,
      "outliers": "removed",
      "sample_size": 46
    },
    {
      "maximum": 114198.14062587432,
      "total": 4966911.335851915,
      "mode": null,
      "n": 700,
      "percentiles": {
        "25": 109446.73276807583,
        "50": 110210.93270410238,
        "75": 111231.73686372381
      },
      "frequency_distribution": "removed",
      "average": 110375.8074633759,
      "variance": 2363784.473699926,
      "standard_deviation": 1537.4603974411589,
      "standard_deviation_ratio": 0.013929324122510342,
      "median": 110210.93270410238,
      "minimum": 107173.21012701097,
      "lower_outlier_bound": 106030.91451026293,
      "upper_outlier_bound": 114297.23594499796,
      "outliers": "removed",
      "sample_size": 45
    },
    {
      "maximum": 106972.23642575806,
      "total": 4809659.10106303,
      "mode": null,
      "n": 800,
      "percentiles": {
        "25": 101112.84800514462,
        "50": 102410.74903221842,
        "75": 103656.16007828113
      },
      "frequency_distribution": "removed",
      "average": 102333.1723630432,
      "variance": 3665380.3725883807,
      "standard_deviation": 1914.518313463828,
      "standard_deviation_ratio": 0.018708677443046228,
      "median": 102410.74903221842,
      "minimum": 98233.95004607172,
      "lower_outlier_bound": 97542.62143056834,
      "upper_outlier_bound": 107473.82785925292,
      "outliers": "removed",
      "sample_size": 47
    },
    {
      "maximum": 100123.95345437652,
      "total": 4556707.400114135,
      "mode": null,
      "n": 900,
      "percentiles": {
        "25": 95700.28202873113,
        "50": 96874.34912546682,
        "75": 98147.94821714252
      },
      "frequency_distribution": "removed",
      "average": 96951.22127902415,
      "variance": 2352286.095162012,
      "standard_deviation": 1533.7164324483233,
      "standard_deviation_ratio": 0.015819464801111793,
      "median": 96874.34912546682,
      "minimum": 94075.76674101788,
      "lower_outlier_bound": 91614.64250506576,
      "upper_outlier_bound": 102522.68725101462,
      "outliers": "removed",
      "sample_size": 47
    },
    {
      "maximum": 94202.76202498257,
      "total": 4459660.36478121,
      "mode": null,
      "n": 1000,
      "percentiles": {
        "25": 90061.8987520012,
        "50": 91037.37084073012,
        "75": 91731.40238600405
      },
      "frequency_distribution": "removed",
      "average": 91013.47683226959,
      "variance": 2171236.687359882,
      "standard_deviation": 1473.5116855186056,
      "standard_deviation_ratio": 0.016190038407544495,
      "median": 91037.37084073012,
      "minimum": 87553.25426690785,
      "lower_outlier_bound": 87485.8600798925,
      "upper_outlier_bound": 94379.68404896767,
      "outliers": "removed",
      "sample_size": 49
    },
    {
      "maximum": 66457.32608948479,