{
  "build_type": "from_ordset_or_orddict",
  "name": "runtime",
  "timestamp": "2026-03-19T22:37:05.348695Z",
  "impl_mod": "gb_trees",
  "tweaks": "none",
  "impl_description": ":gb_trees.take_any/2",
  "group_id": "take_any_missing_x100",
  "measurements": [
    {
      "maximum": 911934.4866264807,
      "total": 31342750.31553181,
      "mode": null,
      "n": 0,
      "percentiles": {
        "25": 673960.1330986678,
        "50": 694278.143860175,
        "75": 749584.663184766
      },
      "frequency_distribution": "removed",
      "average": 712335.2344439047,
      "variance": 3195049368.458402,
      "standard_deviation": 56524.76774351578,
      "standard_deviation_ratio": 0.07935135735303435,
      "median": 694278.143860175,
      "minimum": 583829.1015453957,
      "lower_outlier_bound": 528739.0951523036,
      "upper_outlier_bound": 918600.2693409263,
      "outliers": "removed",
      "sample_size": 44
    },
    {
      "maximum": 352940.34602271527,
      "total": 15089213.875928251,
      "mode": null,
      "n": 100,
      "percentiles": {
        "25": 318789.9442368982,
        "50": 327907.1095101384,
        "75": 335947.5713272784
      },
      "frequency_distribution": "removed",
      "average": 328026.3886071359,
      "variance": 126565706.99107713,
      "standard_deviation": 11250.142532033855,
      "standard_deviation_ratio": 0.03429645578151245,
      "median": 327907.1095101384,
      "minimum": 310582.1551916913,
      "lower_outlier_bound": 290041.656505203,
      "upper_outlier_bound": 365780.6319777864,
      "outliers": "removed",
      "sample_size": 46
    },
    {
      "maximum": 301800.2384221883,
      "total": 12637391.009356871,
      "mode": 275577.7487502549,
      "n": 200,
      "percentiles": {
        "25": 260155.83334417315,
        "50": 266783.33991398907,
        "75": 278772.06480892963
      },
      "frequency_distribution": "removed",
      "average": 268880.65977355046,
      "variance": 191627098.3058164,
      "standard_deviation": 13842.943989838881,
      "standard_deviation_ratio": 0.051483598714378784,
      "median": 266783.33991398907,
      "minimum": 239833.4596456221,
      "lower_outlier_bound": 229612.41270685385,
      "upper_outlier_bound": 308548.6006614219,
      "outliers": "removed",
      "sample_size": 47
    },
    {
      "maximum": 216285.89534790668,
      "total": 9516571.416846473,
      "mode": null,
      "n": 300,
      "percentiles": {
        "25": 199240.49523217496,
        "50": 201757.71319737553,
        "75": 205788.41658160745
      },
      "frequency_distribution": "removed",
      "average": 202480.24291162708,
      "variance": 27088679.367826015,
      "standard_deviation": 5204.678603701291,
      "standard_deviation_ratio": 0.025704624455497534,
      "median": 201757.71319737553,
      "minimum": 191820.02677807573,
      "lower_outlier_bound": 188812.94112267636,
      "upper_outlier_bound": 217751.93606412457,
      "outliers": "removed",
      "sample_size": 47
    },
    {
      "maximum": 172779.90777008524,
      "total": 8069199.081687775,
      "mode": null,
      "n": 400,
      "percentiles": {
        "25": 162093.6287520897,
        "50": 164277.25400713293,
        "75": 167444.04384284082
      },
      "frequency_distribution": "removed",
      "average": 164677.53227934235,
      "variance": 17906678.911104787,
      "standard_deviation": 4231.628399458627,
      "standard_deviation_ratio": 0.025696452581524722,
      "median": 164277.25400713293,
      "minimum": 156500.8904900669,
      "lower_outlier_bound": 153905.8264036241,
      "upper_outlier_bound": 175436.6560933686,
      "outliers": "removed",
      "sample_size": 49
    },
    {
      "maximum": 147132.17324519134,
      "total": 6685526.774775454,
      "mode": null,
      "n": 500,
      "percentiles": {
        "25": 136699.906467721,
        "50": 139045.32729453582,
        "75": 141507.2100776639
      },
      "frequency_distribution": "removed",
      "average": 139281.80780782196,
      "variance": 11177590.962109672,
      "standard_deviation": 3343.290439388967,
      "standard_deviation_ratio": 0.024003784069215755,
      "median": 139045.32729453582,
      "minimum": 132625.99469496022,
      "lower_outlier_bound": 129357.29023203455,
      "upper_outlier_bound": 149455.0870818644,
      "outliers": "removed",
      "sample_size": 48
    },
    {
      "maximum": 126193.47478780567,
      "total": 5847800.003152216,
      "mode": null,
      "n": 600,
      "percentiles": {
        "25": 120151.08751388897,
        "50": 122148.22131984706,
        "75": 123345.17149807619
      },
      "frequency_distribution": "removed",
      "average": 121829.16673233784,
      "variance": 6479717.252012018,
      "standard_deviation": 2545.5288747158256,
      "standard_deviation_ratio": 0.02089424842171354,
      "median": 122148.22131984706,
      "minimum": 115789.38836571384,
      "lower_outlier_bound": 115011.13864804406,
      "upper_outlier_bound": 128481.26227614257,
      "outliers": "removed",
      "sample_size": 48
    },
    {
      "maximum": 114570.50382379057,
      "total": 5458149.2334151445,
      "mode": null,
      "n": 700,
      "percentiles": {
        "25": 107548.24999094756,
        "50": 108866.65873747328,
        "75": 110703.37492672744
      },
      "frequency_distribution": "removed",
      "average": 109162.98466830289,
      "variance": 4472042.7786518885,
      "standard_deviation": 2114.7204965791316,
      "standard_deviation_ratio": 0.019372138852788004,
      "median": 108866.65873747328,
      "minimum": 104054.91602248003,
      "lower_outlier_bound": 102716.43061008451,
      "upper_outlier_bound": 115629.73054680515,
      "outliers": "removed",
      "sample_size": 50
    },
    {
      "maximum": 106344.17441295357,
      "total": 4924299.953537376,
      "mode": 102997.21907508497,
      "n": 800,
      "percentiles": {
        "25": 101483.7064786237,
        "50": 102459.07238705491,
        "75": 103515.5701533493
      },
      "frequency_distribution": "removed",
      "average": 102589.58236536199,
      "variance": 2016256.6354503976,
      "standard_deviation": 1419.9495186274748,
      "standard_deviation_ratio": 0.013841069296592652,
      "median": 102459.07238705491,
      "minimum": 99134.45705544887,
      "lower_outlier_bound": 98324.62720071571,
      "upper_outlier_bound": 106685.57826262555,
      "outliers": "removed",
      "sample_size": 48
    },
    {
      "maximum": 98337.50612150975,
      "total": 4655381.029180965,
      "mode": null,
      "n": 900,
      "percentiles": {
        "25": 93977.4764812873,
        "50": 94783.31586160877,
        "75": 95961.61220193702
      },
      "frequency_distribution": "removed",
      "average": 95007.77610573398,
      "variance": 2132250.9591540988,
      "standard_deviation": 1460.2229141997802,
      "standard_deviation_ratio": 0.015369509465990456,
      "median": 94783.31586160877,
      "minimum": 92587.79174413178,
      "lower_outlier_bound": 90965.85892587891,
      "upper_outlier_bound": 99057.01282602214,
      "outliers": "removed",
      "sample_size": 49
    },
    {
      "maximum": 89931.69687622252,
      "total": 4192070.963655914,
      "mode": 87911.08321399403,
      "n": 1000,
      "percentiles": {
        "25": 86546.5390477964,
        "50": 87331.10485775366,
        "75": 88041.52195982364
      },
      "frequency_distribution": "removed",
      "average": 87334.81174283155,
      "variance": 1384236.9847889014,
      "standard_deviation": 1176.5360108338807,
      "standard_deviation_ratio": 0.0134715583322987,
      "median": 87331.10485775366,
      "minimum": 84614.75325914875,
      "lower_outlier_bound": 84124.58602290237,
      "upper_outlier_bound": 90360.00329592152,
      "outliers": "removed",
      "sample_size": 48
    },
    {
      "maximum": 65646.04571196747,