{
  "build_type": "from_ordset_or_orddict",
  "name": "runtime",
  "timestamp": "2026-03-19T22:37:05.207470Z",
  "impl_mod": "gb_trees",
  "tweaks": "none",
  "impl_description": ":gb_trees.update/3",
  "group_id": "update_x300",
  "measurements": [
    {
      "maximum": 101219.49244497708,
      "total": 5574122.175332438,
      "mode": null,
      "n": 100,
      "percentiles": {
        "25": 93095.65392249229,
        "50": 94395.191131383,
        "75": 95503.41281445693
      },
      "frequency_distribution": "removed",
      "average": 94476.64703953285,
      "variance": 4042703.426666241,
      "standard_deviation": 2010.6475142764932,
      "standard_deviation_ratio": 0.02128195249599784,
      "median": 94395.191131383,
      "minimum": 91099.73781495457,
      "lower_outlier_bound": 54824.54414861093,
      "upper_outlier_bound": 119263.28543632056,
      "outliers": "removed",
      "sample_size": 59
    },
    {
      "maximum": 91798.45099293794,
      "total": 4862076.841202555,
      "mode": null,
      "n": 200,
      "percentiles": {
        "25": 35149.47858336731,
        "50": 76375.80700825361,
        "75": 77982.66321128543
      },
      "frequency_distribution": "removed",
      "average": 62334.318476955836,
      "variance": 454713987.12545264,
      "standard_deviation": 21324.02370861214,
      "standard_deviation_ratio": 0.3420912304751571,
      "median": 76375.80700825361,
      "minimum": 31318.734835860076,
      "lower_outlier_bound": -29100.29835850987,
      "upper_outlier_bound": 142232.4401531626,
      "outliers": "removed",
      "sample_size": 78
    },
    {
      "maximum": 72398.03280065274,
      "total": 4252807.440323025,
      "mode": null,
      "n": 300,
      "percentiles": {
        "25": 31897.157882990537,
        "50": 67552.76571617932,
        "75": 68860.58481502009
      },
      "frequency_distribution": "removed",
      "average": 54523.17231183365,
      "variance": 346050209.9696892,
      "standard_deviation": 18602.42484112459,
      "standard_deviation_ratio": 0.34118383161441873,
      "median": 67552.76571617932,
      "minimum": 19124.580000317466,
      "lower_outlier_bound": -23547.982515053798,
      "upper_outlier_bound": 124305.72521306443,
      "outliers": "removed",
      "sample_size": 78
    },
    {
      "maximum": 71883.90461868464,
      "total": 3684542.369757955,
      "mode": null,
      "n": 400,
      "percentiles": {
        "25": 28424.43364315966,
        "50": 58355.3138348778,
        "75": 59632.78133255413
      },
      "frequency_distribution": "removed",
      "average": 46639.776832379175,
      "variance": 255599046.44184762,
      "standard_deviation": 15987.465291341452,
      "standard_deviation_ratio": 0.3427860589642085,
      "median": 58355.3138348778,
      "minimum": 16375.64954013901,
      "lower_outlier_bound": -18388.087890932045,
      "upper_outlier_bound": 106445.30286664583,
      "outliers": "removed",
      "sample_size": 79
    },
    {
      "maximum": 76027.82009993096,
      "total": 3506433.58746073,
      "mode": [
        56030.1621568923,
        55817.40118645468
      ],
      "n": 500,
      "percentiles": {
        "25": 27362.423785388848,
        "50": 54237.170468511526,
        "75": 55365.34483751379
      },
      "frequency_distribution": "removed",
      "average": 44385.23528431304,
      "variance": 200333688.5717674,
      "standard_deviation": 14153.928379491235,
      "standard_deviation_ratio": 0.3188882133625553,
      "median": 54237.170468511526,
      "minimum": 25384.937187511423,
      "lower_outlier_bound": -14641.957792798567,
      "upper_outlier_bound": 97369.72641570121,
      "outliers": "removed",
      "sample_size": 79
    },
    {
      "maximum": 53647.11890830259,
      "total": 3256900.2119509517,
      "mode": null,
      "n": 600,
      "percentiles": {
        "25": 25285.63965124252,
        "50": 50098.29132906019,
        "75": 51131.31884885111
      },
      "frequency_distribution": "removed",
      "average": 40711.25264938689,
      "variance": 170276266.03151175,
      "standard_deviation": 13048.994828396237,
      "standard_deviation_ratio": 0.32052550533820906,
      "median": 50098.29132906019,
      "minimum": 15771.455211669489,
      "lower_outlier_bound": -13482.879145170366,
      "upper_outlier_bound": 89899.837645264,
      "outliers": "removed",
      "sample_size": 80
    },
    {
      "maximum": 64712.68860513094,
      "total": 2886602.0560349044,
      "mode": null,
      "n": 700,
      "percentiles": {
        "25": 23745.467305561608,
        "50": 45970.806464574474,
        "75": 46960.76754056007
      },
      "frequency_distribution": "removed",
      "average": 37007.71866711416,
      "variance": 140125030.27026626,
      "standard_deviation": 11837.441880333194,
      "standard_deviation_ratio": 0.31986413393409724,
      "median": 45970.806464574474,
      "minimum": 22509.027245376757,
      "lower_outlier_bound": -11077.483046936082,
      "upper_outlier_bound": 81783.71789305776,
      "outliers": "removed",
      "sample_size": 78
    },
    {
      "maximum": 70607.55684437882,
      "total": 3048880.6229930217,
      "mode": null,
      "n": 800,
      "percentiles": {
        "25": 23151.839490245075,
        "50": 43558.741201983794,
        "75": 44094.94736453733
      },
      "frequency_distribution": "removed",
      "average": 38111.007787412775,
      "variance": 118090343.21485631,
      "standard_deviation": 10866.938079093683,
      "standard_deviation_ratio": 0.2851390899897114,
      "median": 43558.741201983794,
      "minimum": 19169.24333245794,
      "lower_outlier_bound": -8262.822321193307,
      "upper_outlier_bound": 75509.60917597571,
      "outliers": "removed",
      "sample_size": 80
    },
    {
      "maximum": 55631.98772535823,
      "total": 2964243.7131981994,
      "mode": null,
      "n": 900,
      "percentiles": {
        "25": 23199.235050369793,
        "50": 42916.309810377614,
        "75": 43653.50120973317
      },
      "frequency_distribution": "removed",
      "average": 37053.04641497749,
      "variance": 95021833.87798592,
      "standard_deviation": 9747.914334768537,
      "standard_deviation_ratio": 0.263079969878759,
      "median": 42916.309810377614,
      "minimum": 21774.518761360854,
      "lower_outlier_bound": -7482.164188675273,
      "upper_outlier_bound": 74334.90044877824,
      "outliers": "removed",
      "sample_size": 80
    },
    {
      "maximum": 57271.472506829625,
      "total": 2655946.598494916,
      "mode": null,
      "n": 1000,
      "percentiles": {
        "25": 21863.630644107725,
        "50": 39834.89148351645,
        "75": 40991.89768878352
      },
      "frequency_distribution": "removed",
      "average": 33199.33248118645,
      "variance": 99203011.5961642,
      "standard_deviation": 9960.070863009169,
      "standard_deviation_ratio": 0.30000816638868827,
      "median": 39834.89148351645,
      "minimum": 14812.879265257488,
      "lower_outlier_bound": -6828.769922905973,
      "upper_outlier_bound": 69684.29825579721,
      "outliers": "removed",
      "sample_size": 80
    },
    {
      "maximum": 40513.51692978846,
      "total": 2095494.0877138916,
      "mode": null,
      "n": 2000,
      "percentiles": {
        "25": 17887.50185231809,
        "50": 29774.409359722555,
        "75": 30253.43283397357
      },
      "frequency_distribution": "removed",
      "average": 26193.676096423646,
      "variance": 38414922.39641953,
      "standard_deviation": 6197.977282664041,
      "standard_deviation_ratio": 0.2366211317513498,
      "median": 29774.409359722555,
      "minimum": 13178.321134600736,
      "lower_outlier_bound": -661.394620165127,
      "upper_outlier_bound": 48802.329306456784,
      "outliers": "removed",
      "sample_size": 80
    },
    {
      "maximum": 32912.42727176384,
      "total": 1655466.218319893,