{
  "build_type": "sequential",
  "name": "runtime",
  "timestamp": "2026-04-02T21:16:51.490036Z",
  "impl_mod": "xb5_trees",
  "impl_description": ":xb5_trees.is_defined/2",
  "tweaks": "none",
  "group_id": "is_member_existing_x100",
  "measurements": [
    {
      "maximum": 304922.6716104796,
      "total": 12293791.342024382,
      "mode": null,
      "n": 100,
      "percentiles": {
        "25": 288944.0655846428,
        "50": 292239.5832872512,
        "75": 295342.2443393589
      },
      "frequency_distribution": "removed",
      "outliers": "removed",
      "median": 292239.5832872512,
      "average": 292709.3176672472,
      "sample_size": 42,
      "variance": 25746233.840549048,
      "standard_deviation": 5074.074678258988,
      "lower_outlier_bound": 278221.1025301467,
      "minimum": 282321.5868731755,
      "standard_deviation_ratio": 0.017334858755768106,
      "upper_outlier_bound": 305547.5799058359
    },
    {
      "maximum": 262833.5028609427,
      "total": 9855642.640002524,
      "mode": null,
      "n": 200,
      "percentiles": {
        "25": 250252.12901998762,
        "50": 252638.1741333879,
        "75": 255319.58352269535
      },
      "frequency_distribution": "removed",
      "outliers": "removed",
      "median": 252638.1741333879,
      "average": 252708.78564109036,
      "sample_size": 39,
      "variance": 16837819.58329956,
      "standard_deviation": 4103.391229617225,
      "lower_outlier_bound": 241615.04552187002,
      "minimum": 244677.05076070095,
      "standard_deviation_ratio": 0.016237627905208905,
      "upper_outlier_bound": 264467.0997128367
    },
    {
      "maximum": 236736.25923567332,
      "total": 8745300.29649184,
      "mode": null,
      "n": 300,
      "percentiles": {
        "25": 227838.4584061821,
        "50": 229427.7880871451,
        "75": 233133.67117404524
      },
      "frequency_distribution": "removed",
      "outliers": "removed",
      "median": 229427.7880871451,
      "average": 230139.4814866274,
      "sample_size": 38,
      "variance": 10875597.684457423,
      "standard_deviation": 3297.817109006717,
      "lower_outlier_bound": 219016.27507107903,
      "minimum": 224094.155400333,
      "standard_deviation_ratio": 0.014329645168677161,
      "upper_outlier_bound": 241498.02459803608
    },
    {
      "maximum": 224576.78504857596,
      "total": 8519516.256122,
      "mode": null,
      "n": 400,
      "percentiles": {
        "25": 215919.29800317832,
        "50": 218734.62022201563,
        "75": 220242.48697816295
      },
      "frequency_distribution": "removed",
      "outliers": "removed",
      "median": 218734.62022201563,
      "average": 218449.134772359,
      "sample_size": 39,
      "variance": 9945352.52712519,
      "standard_deviation": 3153.6252991002575,
      "lower_outlier_bound": 208746.17846339793,
      "minimum": 212339.4713596521,
      "standard_deviation_ratio": 0.014436428427087068,
      "upper_outlier_bound": 228760.24716694016
    },
    {
      "maximum": 215039.4274790283,
      "total": 8094114.361883049,
      "mode": 205989.7705479946,
      "n": 500,
      "percentiles": {
        "25": 205989.7705479946,
        "50": 207459.84096128593,
        "75": 209380.23450586264
      },
      "frequency_distribution": "removed",
      "outliers": "removed",
      "median": 207459.84096128593,
      "average": 207541.39389443715,
      "sample_size": 39,
      "variance": 9191357.266683199,
      "standard_deviation": 3031.72513046338,
      "lower_outlier_bound": 199709.03788129706,
      "minimum": 201498.74768528313,
      "standard_deviation_ratio": 0.01460780942815399,
      "upper_outlier_bound": 215822.48261851247
    },
    {
      "maximum": 199777.0488135241,
      "total": 8006167.092510808,
      "mode": null,
      "n": 600,
      "percentiles": {
        "25": 187902.2432431934,
        "50": 191198.7963913111,
        "75": 192446.8549414177
      },
      "frequency_distribution": "removed",
      "outliers": "removed",
      "median": 191198.7963913111,
      "average": 190623.0260121621,
      "sample_size": 42,
      "variance": 11705181.086659787,
      "standard_deviation": 3421.2835437390727,
      "lower_outlier_bound": 181498.98467982205,
      "minimum": 183230.72412782174,
      "standard_deviation_ratio": 0.01794790280750652,
      "upper_outlier_bound": 200030.27758251893
    },
    {
      "maximum": 188794.65937667555,
      "total": 6932949.873280002,
      "mode": null,
      "n": 700,
      "percentiles": {
        "25": 180452.15951457198,
        "50": 182690.29133219738,
        "75": 184399.36132675235
      },
      "frequency_distribution": "removed",
      "outliers": "removed",
      "median": 182690.29133219738,
      "average": 182446.04929684216,
      "sample_size": 38,
      "variance": 7375567.119934607,
      "standard_deviation": 2715.799536036231,
      "lower_outlier_bound": 174400.04679978112,
      "minimum": 175256.26847858282,
      "standard_deviation_ratio": 0.01488549380215731,
      "upper_outlier_bound": 190352.83810675386
    },
    {
      "maximum": 185098.46312746065,
      "total": 7312670.678861465,
      "mode": null,
      "n": 800,
      "percentiles": {
        "25": 176667.05266887724,
        "50": 178601.72707870085,
        "75": 180637.32720267453
      },
      "frequency_distribution": "removed",
      "outliers": "removed",
      "median": 178601.72707870085,
      "average": 178357.82143564548,
      "sample_size": 41,
      "variance": 9763175.470182525,
      "standard_deviation": 3124.608050649317,
      "lower_outlier_bound": 170721.24816971988,
      "minimum": 170809.0713281601,
      "standard_deviation_ratio": 0.017518761024880137,
      "upper_outlier_bound": 186538.02986209356
    },
    {
      "maximum": 177421.0432002498,
      "total": 6837106.12559586,
      "mode": null,
      "n": 900,
      "percentiles": {
        "25": 168075.51213869127,
        "50": 170900.76631229633,
        "75": 174255.41858572222
      },
      "frequency_distribution": "removed",
      "outliers": "removed",
      "median": 170900.76631229633,
      "average": 170927.65313989652,
      "sample_size": 40,
      "variance": 15130623.090838566,
      "standard_deviation": 3889.810161285325,
      "lower_outlier_bound": 158590.0290413372,
      "minimum": 159547.14139386764,
      "standard_deviation_ratio": 0.022757055922962285,
      "upper_outlier_bound": 183979.79723928298
    },
    {
      "maximum": 171483.34810948183,
      "total": 7103336.293822973,
      "mode": null,
      "n": 1000,
      "percentiles": {
        "25": 163247.9818468244,
        "50": 164886.71458274592,
        "75": 167398.47700865616
      },
      "frequency_distribution": "removed",
      "outliers": "removed",
      "median": 164886.71458274592,
      "average": 165193.86729820867,
      "sample_size": 43,
      "variance": 9060522.26434987,
      "standard_deviation": 3010.070142762436,
      "lower_outlier_bound": 156640.1308257653,
      "minimum": 158444.95780610773,
      "standard_deviation_ratio": 0.018221440008596955,
      "upper_outlier_bound": 174357.8031073407
    },
    {
      "maximum": 141871.54099449114,
      "total": 5988363.75860261,
      "mode": null,
      "n": 2000,
      "percentiles": {
        "25": 134707.1863175308,
        "50": 136435.54191568482,
        "75": 137756.30842680976
      },
      "frequency_distribution": "removed",
      "outliers": "removed",
      "median": 136435.54191568482,
      "average": 136099.1763318775,
      "sample_size": 44,
      "variance": 7251139.791203161,
      "standard_deviation": 2692.7940491621634,
      "lower_outlier_bound": 129743.77782659544,
      "minimum": 129796.63463285724,
      "standard_deviation_ratio": 0.019785527890306933,
      "upper_outlier_bound": 142440.6156058303
    },
    {
      "maximum": 118309.31259923194,
      "total": 4968162.532436696,
      "mode": null,