{
  "build_type": "sequential",
  "name": "runtime",
  "timestamp": "2026-03-19T19:51:18.410124Z",
  "impl_mod": "xb5_trees",
  "tweaks": "none",
  "impl_description": ":xb5_trees.keys/1",
  "group_id": "keys",
  "measurements": [
    {
      "maximum": 11964584.828906437,
      "total": 389987621.2488984,
      "mode": [
        9419743.782969104,
        9269558.769002596
      ],
      "n": 0,
      "percentiles": {
        "25": 8881095.81932589,
        "50": 9291953.16855603,
        "75": 10029307.18258123
      },
      "average": 9511893.201192643,
      "variance": 782088611717.6022,
      "standard_deviation": 884357.7396719058,
      "standard_deviation_ratio": 0.09297389289032609,
      "median": 9291953.16855603,
      "frequency_distribution": "removed",
      "minimum": 7693491.3063548235,
      "lower_outlier_bound": 7020879.449159101,
      "upper_outlier_bound": 12122349.813717246,
      "outliers": "removed",
      "sample_size": 41
    },
    {
      "maximum": 1272491.2834347084,
      "total": 51281543.50673288,
      "mode": null,
      "n": 100,
      "percentiles": {
        "25": 1125672.656123169,
        "50": 1173474.8344945922,
        "75": 1213887.1253230483
      },
      "average": 1165489.62515302,
      "variance": 4586431641.959673,
      "standard_deviation": 67723.19869852334,
      "standard_deviation_ratio": 0.05810707983748186,
      "median": 1173474.8344945922,
      "frequency_distribution": "removed",
      "minimum": 987400.7662229945,
      "lower_outlier_bound": 978169.7650307753,
      "upper_outlier_bound": 1357113.096496054,
      "outliers": "removed",
      "sample_size": 44
    },
    {
      "maximum": 808485.8676670332,
      "total": 29408678.297821034,
      "mode": null,
      "n": 200,
      "percentiles": {
        "25": 664255.7626773883,
        "50": 706674.1263264946,
        "75": 732101.9474100918
      },
      "average": 700206.6261385961,
      "variance": 2328049226.8047028,
      "standard_deviation": 48249.86245373869,
      "standard_deviation_ratio": 0.06890803464660203,
      "median": 706674.1263264946,
      "frequency_distribution": "removed",
      "minimum": 592979.1271347249,
      "lower_outlier_bound": 559321.7267984168,
      "upper_outlier_bound": 835358.8676727426,
      "outliers": "removed",
      "sample_size": 42
    },
    {
      "maximum": 536699.5126768425,
      "total": 18895603.765569955,
      "mode": null,
      "n": 300,
      "percentiles": {
        "25": 476289.28590136534,
        "50": 498785.4678472826,
        "75": 521714.36012437136
      },
      "average": 497252.7306728936,
      "variance": 1018874980.5026742,
      "standard_deviation": 31919.821122660982,
      "standard_deviation_ratio": 0.06419234959145696,
      "median": 498785.4678472826,
      "frequency_distribution": "removed",
      "minimum": 397766.14532783884,
      "lower_outlier_bound": 396457.8979169833,
      "upper_outlier_bound": 592664.17718889,
      "outliers": "removed",
      "sample_size": 38
    },
    {
      "maximum": 435756.42958611855,
      "total": 15258899.93533724,
      "mode": null,
      "n": 400,
      "percentiles": {
        "25": 362329.08075557416,
        "50": 383484.09004553035,
        "75": 399773.3864572779
      },
      "average": 381472.498383431,
      "variance": 925693127.8360587,
      "standard_deviation": 30425.20546908531,
      "standard_deviation_ratio": 0.0797572710956057,
      "median": 383484.09004553035,
      "frequency_distribution": "removed",
      "minimum": 307813.5388706937,
      "lower_outlier_bound": 300783.4987474742,
      "upper_outlier_bound": 453414.1851753939,
      "outliers": "removed",
      "sample_size": 40
    },
    {
      "maximum": 362955.32745829644,
      "total": 14279497.46840445,
      "mode": null,
      "n": 500,
      "percentiles": {
        "25": 311124.733700422,
        "50": 323394.5966029514,
        "75": 340295.78514369315
      },
      "average": 324534.0333728284,
      "variance": 339705035.7898614,
      "standard_deviation": 18431.088838966116,
      "standard_deviation_ratio": 0.05679246841206411,
      "median": 323394.5966029514,
      "frequency_distribution": "removed",
      "minimum": 283205.8906825262,
      "lower_outlier_bound": 267368.1565355152,
      "upper_outlier_bound": 384052.36230859987,
      "outliers": "removed",
      "sample_size": 44
    },
    {
      "maximum": 304952.42742132227,
      "total": 11438906.249643937,
      "mode": null,
      "n": 600,
      "percentiles": {
        "25": 257578.2211317871,
        "50": 279412.5888079563,
        "75": 286355.79074731446
      },
      "average": 272354.910705808,
      "variance": 406303384.02356446,
      "standard_deviation": 20156.96862188272,
      "standard_deviation_ratio": 0.07400993273683193,
      "median": 279412.5888079563,
      "frequency_distribution": "removed",
      "minimum": 209324.1342353808,
      "lower_outlier_bound": 206600.50877434562,
      "upper_outlier_bound": 334929.53085691563,
      "outliers": "removed",
      "sample_size": 42
    },
    {
      "maximum": 262760.98735068605,
      "total": 9640179.916711522,
      "mode": null,
      "n": 700,
      "percentiles": {
        "25": 218496.62117868103,
        "50": 231929.21601692698,
        "75": 240807.84891124544
      },
      "average": 229528.09325503625,
      "variance": 334595488.7822589,
      "standard_deviation": 18291.951475505804,
      "standard_deviation_ratio": 0.07969373690209247,
      "median": 231929.21601692698,
      "frequency_distribution": "removed",
      "minimum": 187447.748939983,
      "lower_outlier_bound": 171813.81330858887,
      "upper_outlier_bound": 281211.24608755606,
      "outliers": "removed",
      "sample_size": 42
    },
    {
      "maximum": 231836.74983423672,
      "total": 8889243.018568655,
      "mode": null,
      "n": 800,
      "percentiles": {
        "25": 185670.92586152157,
        "50": 204184.975252781,
        "75": 215514.71841686653
      },
      "average": 197538.73374597012,
      "variance": 591425445.2989976,
      "standard_deviation": 24319.2402286543,
      "standard_deviation_ratio": 0.12311124895600595,
      "median": 204184.975252781,
      "frequency_distribution": "removed",
      "minimum": 146289.94081108994,
      "lower_outlier_bound": 132485.70537708513,
      "upper_outlier_bound": 265015.1757554029,
      "outliers": "removed",
      "sample_size": 45
    },
    {
      "maximum": 208244.82928088895,
      "total": 7644783.871622586,
      "mode": null,
      "n": 900,
      "percentiles": {
        "25": 171850.73074909535,
        "50": 187392.59673924278,
        "75": 197837.59515366796
      },
      "average": 182018.66361006157,
      "variance": 407457254.30293655,
      "standard_deviation": 20185.57044779603,
      "standard_deviation_ratio": 0.11089835540733099,
      "median": 187392.59673924278,
      "frequency_distribution": "removed",
      "minimum": 129362.759048925,
      "lower_outlier_bound": 129314.18536768763,
      "upper_outlier_bound": 238326.0812693078,
      "outliers": "removed",
      "sample_size": 42
    },
    {
      "maximum": 190994.23961373325,
      "total": 7285196.249780613,
      "mode": null,
      "n": 1000,
      "percentiles": {
        "25": 146115.732351235,
        "50": 167798.74889252827,
        "75": 174634.98005430592
      },
      "average": 161893.24999512473,
      "variance": 349689468.34815776,
      "standard_deviation": 18699.9857847047,
      "standard_deviation_ratio": 0.11550812517055425,
      "median": 167798.74889252827,
      "frequency_distribution": "removed",
      "minimum": 120071.37042257919,
      "lower_outlier_bound": 103336.8607966286,
      "upper_outlier_bound": 217413.85160891231,
      "outliers": "removed",
      "sample_size": 45
    },
    {
      "maximum": 98409.50557096211,
      "total": 3889224.193139975,
      "mode": null,
      "n": 2000,