{
  "build_type": "sequential",
  "name": "runtime",
  "timestamp": "2026-03-19T19:51:18.341393Z",
  "impl_mod": "xb5_trees",
  "tweaks": "none",
  "impl_description": ":xb5_trees.to_list/1",
  "group_id": "to_list",
  "measurements": [
    {
      "maximum": 10752688.17204301,
      "total": 372482933.0528287,
      "mode": 8933357.155619081,
      "n": 0,
      "percentiles": {
        "25": 8311517.713719751,
        "50": 8853180.781073757,
        "75": 9347180.010093745
      },
      "average": 8868641.263162589,
      "variance": 682718676404.2571,
      "standard_deviation": 826267.9204738963,
      "standard_deviation_ratio": 0.09316736306675756,
      "median": 8853180.781073757,
      "frequency_distribution": "removed",
      "minimum": 6904170.118751726,
      "lower_outlier_bound": 6541476.302291271,
      "upper_outlier_bound": 11332921.623543102,
      "outliers": "removed",
      "sample_size": 42
    },
    {
      "maximum": 777242.34416291,
      "total": 29841397.36268187,
      "mode": null,
      "n": 100,
      "percentiles": {
        "25": 687342.0531476552,
        "50": 712688.5379981529,
        "75": 737973.9119139281
      },
      "average": 710509.4610162349,
      "variance": 1929091433.040739,
      "standard_deviation": 43921.42339497593,
      "standard_deviation_ratio": 0.06181680301928075,
      "median": 712688.5379981529,
      "frequency_distribution": "removed",
      "minimum": 600716.0535358147,
      "lower_outlier_bound": 597807.2638654863,
      "upper_outlier_bound": 818050.4910216802,
      "outliers": "removed",
      "sample_size": 42
    },
    {
      "maximum": 419790.6084445079,
      "total": 14508062.72483849,
      "mode": null,
      "n": 200,
      "percentiles": {
        "25": 370828.38494257873,
        "50": 380264.28658594505,
        "75": 392311.52555124013
      },
      "average": 381791.12433785497,
      "variance": 286596593.43611467,
      "standard_deviation": 16929.163991057405,
      "standard_deviation_ratio": 0.044341428891040514,
      "median": 380264.28658594505,
      "frequency_distribution": "removed",
      "minimum": 342590.11833062686,
      "lower_outlier_bound": 327552.5335534875,
      "upper_outlier_bound": 430643.9949357993,
      "outliers": "removed",
      "sample_size": 38
    },
    {
      "maximum": 288591.9598279992,
      "total": 9780607.985560207,
      "mode": null,
      "n": 300,
      "percentiles": {
        "25": 259182.08080916043,
        "50": 264952.5999798636,
        "75": 269698.80792058824
      },
      "average": 264340.7563664921,
      "variance": 117725310.3409248,
      "standard_deviation": 10850.12950802546,
      "standard_deviation_ratio": 0.04104599554441173,
      "median": 264952.5999798636,
      "frequency_distribution": "removed",
      "minimum": 236319.46610706218,
      "lower_outlier_bound": 223017.8960825251,
      "upper_outlier_bound": 296158.99487326597,
      "outliers": "removed",
      "sample_size": 37
    },
    {
      "maximum": 219434.9112166349,
      "total": 8702266.528562177,
      "mode": null,
      "n": 400,
      "percentiles": {
        "25": 195315.55180549697,
        "50": 201819.6055637629,
        "75": 212271.8608175863
      },
      "average": 202378.2913619111,
      "variance": 113198247.34312908,
      "standard_deviation": 10639.46649711014,
      "standard_deviation_ratio": 0.052572172763746115,
      "median": 201819.6055637629,
      "frequency_distribution": "removed",
      "minimum": 172761.69942228487,
      "lower_outlier_bound": 166433.34982461954,
      "upper_outlier_bound": 239378.90759384254,
      "outliers": "removed",
      "sample_size": 43
    },
    {
      "maximum": 176747.77032687733,
      "total": 6206049.864800934,
      "mode": null,
      "n": 500,
      "percentiles": {
        "25": 159706.79626374523,
        "50": 164362.82903832785,
        "75": 166881.05443295685
      },
      "average": 163317.10170528773,
      "variance": 30502737.11572836,
      "standard_deviation": 5522.928309848713,
      "standard_deviation_ratio": 0.03381720745825541,
      "median": 164362.82903832785,
      "frequency_distribution": "removed",
      "minimum": 148935.40969152498,
      "lower_outlier_bound": 142190.0016897092,
      "upper_outlier_bound": 180527.22927102313,
      "outliers": "removed",
      "sample_size": 38
    },
    {
      "maximum": 146902.41566332316,
      "total": 5687047.100660428,
      "mode": null,
      "n": 600,
      "percentiles": {
        "25": 130071.82566213064,
        "50": 136674.01061683716,
        "75": 140149.84821771437
      },
      "average": 132256.9093176844,
      "variance": 145915190.0383094,
      "standard_deviation": 12079.53600260827,
      "standard_deviation_ratio": 0.09133387484197839,
      "median": 136674.01061683716,
      "frequency_distribution": "removed",
      "minimum": 103167.02121732959,
      "lower_outlier_bound": 96608.340317879,
      "upper_outlier_bound": 165465.72663498437,
      "outliers": "removed",
      "sample_size": 43
    },
    {
      "maximum": 128481.19806147569,
      "total": 4881684.672093352,
      "mode": null,
      "n": 700,
      "percentiles": {
        "25": 100537.4733324352,
        "50": 118043.40692159321,
        "75": 121770.04943864007
      },
      "average": 113527.5505137989,
      "variance": 115283828.3319785,
      "standard_deviation": 10737.030703689847,
      "standard_deviation_ratio": 0.09457643237343341,
      "median": 118043.40692159321,
      "frequency_distribution": "removed",
      "minimum": 90207.76652786699,
      "lower_outlier_bound": 68688.60917312789,
      "upper_outlier_bound": 153618.91359794736,
      "outliers": "removed",
      "sample_size": 43
    },
    {
      "maximum": 113164.92883057626,
      "total": 4399400.380200008,
      "mode": null,
      "n": 800,
      "percentiles": {
        "25": 92951.9117443085,
        "50": 104416.34311448196,
        "75": 105771.88584727385
      },
      "average": 99986.37227727291,
      "variance": 87365671.6556111,
      "standard_deviation": 9346.960557080098,
      "standard_deviation_ratio": 0.09348234508558802,
      "median": 104416.34311448196,
      "frequency_distribution": "removed",
      "minimum": 77002.44867786796,
      "lower_outlier_bound": 73721.95058986047,
      "upper_outlier_bound": 125001.84700172188,
      "outliers": "removed",
      "sample_size": 44
    },
    {
      "maximum": 103296.60794598827,
      "total": 4311664.008219913,
      "mode": null,
      "n": 900,
      "percentiles": {
        "25": 83066.59990608715,
        "50": 92583.2217932548,
        "75": 94245.31866108606
      },
      "average": 89826.33350458152,
      "variance": 54321529.29520328,
      "standard_deviation": 7370.314056755199,
      "standard_deviation_ratio": 0.0820507057251678,
      "median": 92583.2217932548,
      "frequency_distribution": "removed",
      "minimum": 70068.63923899853,
      "lower_outlier_bound": 66298.5217735888,
      "upper_outlier_bound": 111013.39679358441,
      "outliers": "removed",
      "sample_size": 48
    },
    {
      "maximum": 88380.13356005783,
      "total": 3549137.8230922744,
      "mode": null,
      "n": 1000,
      "percentiles": {
        "25": 79215.45018140339,
        "50": 83719.27921049371,
        "75": 86284.9993528625
      },
      "average": 82538.08890912266,
      "variance": 20268172.181927837,
      "standard_deviation": 4502.018678540532,
      "standard_deviation_ratio": 0.05454474095586843,
      "median": 83719.27921049371,
      "frequency_distribution": "removed",
      "minimum": 72333.04448337569,
      "lower_outlier_bound": 66017.13371058479,
      "upper_outlier_bound": 98297.6116655472,
      "outliers": "removed",
      "sample_size": 43
    },
    {
      "maximum": 45664.26898811633,
      "total": 1866185.013579391,
      "mode": null,
      "n": 2000,