{
  "build_type": "xb5_adversarial",
  "name": "runtime",
  "timestamp": "2026-03-05T19:54:06.827187Z",
  "impl_mod": "xb5_sets",
  "group_id": "intersection_100_0500",
  "impl_description": ":xb5_sets.intersection/2",
  "tweaks": "none",
  "measurements": [
    {
      "maximum": 8316008.316008316,
      "total": 414379896.1371069,
      "mode": 7458790.184232118,
      "n": 0,
      "percentiles": {
        "25": 7031020.187612143,
        "50": 7458790.184232118,
        "75": 7749235.077103043
      },
      "average": 7399641.002448337,
      "sample_size": 56,
      "variance": 228809945050.36172,
      "standard_deviation": 478340.82519722456,
      "frequency_distribution": "removed",
      "lower_outlier_bound": 5814629.136547036,
      "median": 7458790.184232118,
      "minimum": 6392227.051904883,
      "outliers": "removed",
      "standard_deviation_ratio": 0.06464378812958017,
      "upper_outlier_bound": 8911439.521869346
    },
    {
      "maximum": 267633.71649560414,
      "total": 14313900.182934761,
      "mode": null,
      "n": 100,
      "percentiles": {
        "25": 251176.504945293,
        "50": 257226.81489091524,
        "75": 260990.4902928897
      },
      "average": 255605.3604095493,
      "sample_size": 56,
      "variance": 44349169.26242649,
      "standard_deviation": 6659.517194393787,
      "frequency_distribution": "removed",
      "lower_outlier_bound": 234390.519187536,
      "median": 257226.81489091524,
      "minimum": 239229.87119863735,
      "outliers": "removed",
      "standard_deviation_ratio": 0.02605390271832887,
      "upper_outlier_bound": 276669.7784031803
    },
    {
      "maximum": 205705.86940557175,
      "total": 10355521.333899919,
      "mode": null,
      "n": 200,
      "percentiles": {
        "25": 193618.21249807318,
        "50": 198631.03490741807,
        "75": 200398.85011601239
      },
      "average": 195387.19497924377,
      "sample_size": 53,
      "variance": 76193473.89759615,
      "standard_deviation": 8728.887322998055,
      "frequency_distribution": "removed",
      "lower_outlier_bound": 168029.58124517067,
      "median": 198631.03490741807,
      "minimum": 168194.1498710792,
      "outliers": "removed",
      "standard_deviation_ratio": 0.04467481773268374,
      "upper_outlier_bound": 219448.07512114034
    },
    {
      "maximum": 173710.93458219914,
      "total": 8209401.384936065,
      "mode": null,
      "n": 300,
      "percentiles": {
        "25": 161207.9677454333,
        "50": 166652.77908505124,
        "75": 167744.43737823
      },
      "average": 164188.0276987213,
      "sample_size": 50,
      "variance": 42527341.07890827,
      "standard_deviation": 6521.299033084457,
      "frequency_distribution": "removed",
      "lower_outlier_bound": 142361.27015359595,
      "median": 166652.77908505124,
      "minimum": 143801.09432632782,
      "outliers": "removed",
      "standard_deviation_ratio": 0.03971848084472267,
      "upper_outlier_bound": 182551.7850996158
    },
    {
      "maximum": 157634.47402893222,
      "total": 8505945.79013791,
      "mode": null,
      "n": 400,
      "percentiles": {
        "25": 140918.90865184765,
        "50": 149680.4489555862,
        "75": 151606.98955316414
      },
      "average": 146654.23776099843,
      "sample_size": 58,
      "variance": 55695424.42760711,
      "standard_deviation": 7462.936716039278,
      "frequency_distribution": "removed",
      "lower_outlier_bound": 122246.4331850272,
      "median": 149680.4489555862,
      "minimum": 131466.16323890557,
      "outliers": "removed",
      "standard_deviation_ratio": 0.050887971803457756,
      "upper_outlier_bound": 169128.18421356182
    },
    {
      "maximum": 154613.51260254742,
      "total": 8395501.77758638,
      "mode": null,
      "n": 500,
      "percentiles": {
        "25": 130573.9204659192,
        "50": 144831.42391225058,
        "75": 147749.33652639002
      },
      "average": 139925.02962643967,
      "sample_size": 60,
      "variance": 103993368.5138911,
      "standard_deviation": 10197.713886645923,
      "frequency_distribution": "removed",
      "lower_outlier_bound": 104810.79637521299,
      "median": 144831.42391225058,
      "minimum": 104966.81998820174,
      "outliers": "removed",
      "standard_deviation_ratio": 0.07287984082526865,
      "upper_outlier_bound": 173512.46061709625
    },
    {
      "maximum": 128615.21286460805,
      "total": 6807385.302458953,
      "mode": null,
      "n": 600,
      "percentiles": {
        "25": 112496.12640188306,
        "50": 123292.40025644819,
        "75": 124681.72694019595
      },
      "average": 119427.81232384128,
      "sample_size": 57,
      "variance": 48251443.97294887,
      "standard_deviation": 6946.3259333944925,
      "frequency_distribution": "removed",
      "lower_outlier_bound": 94217.72559441371,
      "median": 123292.40025644819,
      "minimum": 102424.175382964,
      "outliers": "removed",
      "standard_deviation_ratio": 0.05816338588333836,
      "upper_outlier_bound": 142960.12774766528
    },
    {
      "maximum": 115443.58041338038,
      "total": 6384872.302263284,
      "mode": null,
      "n": 700,
      "percentiles": {
        "25": 102163.09930151088,
        "50": 110532.90122337815,
        "75": 111975.1862987162
      },
      "average": 108218.17461463193,
      "sample_size": 59,
      "variance": 27822193.29650834,
      "standard_deviation": 5274.674710018461,
      "frequency_distribution": "removed",
      "lower_outlier_bound": 87444.9688057029,
      "median": 110532.90122337815,
      "minimum": 96583.08366606206,
      "outliers": "removed",
      "standard_deviation_ratio": 0.04874111699630613,
      "upper_outlier_bound": 126693.31679452417
    },
    {
      "maximum": 106805.42827908686,
      "total": 5925165.118632302,
      "mode": null,
      "n": 800,
      "percentiles": {
        "25": 94387.90153809493,
        "50": 101138.41477089257,
        "75": 103148.16362750347
      },
      "average": 98752.75197720503,
      "sample_size": 60,
      "variance": 25756424.166126642,
      "standard_deviation": 5075.078734968221,
      "frequency_distribution": "removed",
      "lower_outlier_bound": 81247.50840398212,
      "median": 101138.41477089257,
      "minimum": 90681.48039330372,
      "outliers": "removed",
      "standard_deviation_ratio": 0.05139177018722167,
      "upper_outlier_bound": 116288.55676161629
    },
    {
      "maximum": 100020.30412173671,
      "total": 5417406.602099596,
      "mode": null,
      "n": 900,
      "percentiles": {
        "25": 90169.99632388439,
        "50": 95317.47196285459,
        "75": 96617.93771361123
      },
      "average": 93403.56210516545,
      "sample_size": 58,
      "variance": 14753904.553619869,
      "standard_deviation": 3841.081169881713,
      "frequency_distribution": "removed",
      "lower_outlier_bound": 80109.1112030439,
      "median": 95317.47196285459,
      "minimum": 83904.58370740793,
      "outliers": "removed",
      "standard_deviation_ratio": 0.04112349768370656,
      "upper_outlier_bound": 106498.22708080919
    },
    {
      "maximum": 94883.32197896247,
      "total": 5308072.135100747,
      "mode": null,
      "n": 1000,
      "percentiles": {
        "25": 86143.32871605092,
        "50": 91317.02898219865,
        "75": 92663.97817577986
      },
      "average": 89967.32432374149,
      "sample_size": 59,
      "variance": 11015270.55444436,
      "standard_deviation": 3318.926114640752,
      "frequency_distribution": "removed",
      "lower_outlier_bound": 76362.35452645751,
      "median": 91317.02898219865,
      "minimum": 82821.70226757538,
      "outliers": "removed",
      "standard_deviation_ratio": 0.03689035035317729,
      "upper_outlier_bound": 102444.95236537328
    },
    {
      "maximum": 64614.5098343284,
      "total": 3650705.03630944,
      "mode": null,
      "n": 2000,