{
  "build_type": "xb5_adversarial",
  "name": "runtime",
  "timestamp": "2026-03-05T19:54:06.999599Z",
  "impl_mod": "xb5_sets",
  "group_id": "smaller_x100",
  "impl_description": ":xb5_sets.smaller/2",
  "tweaks": "none",
  "measurements": [
    {
      "maximum": 303829.46659698844,
      "total": 16330760.976144651,
      "mode": null,
      "n": 100,
      "percentiles": {
        "25": 274758.79359288566,
        "50": 280917.4205146178,
        "75": 288042.16637700796
      },
      "average": 281564.8444162871,
      "sample_size": 58,
      "variance": 81784816.74218476,
      "standard_deviation": 9043.495825298132,
      "frequency_distribution": "removed",
      "lower_outlier_bound": 253981.6911626656,
      "median": 280917.4205146178,
      "minimum": 262240.05454593134,
      "outliers": "removed",
      "standard_deviation_ratio": 0.032118696650664004,
      "upper_outlier_bound": 308018.1027970931
    },
    {
      "maximum": 252122.23894633073,
      "total": 13084931.90820263,
      "mode": null,
      "n": 200,
      "percentiles": {
        "25": 239077.18055104505,
        "50": 241931.0050563633,
        "75": 245365.12452697215
      },
      "average": 242313.55385560426,
      "sample_size": 54,
      "variance": 16047254.7816794,
      "standard_deviation": 4005.9024927822943,
      "frequency_distribution": "removed",
      "lower_outlier_bound": 228507.08697569644,
      "median": 241931.0050563633,
      "minimum": 231736.8211269825,
      "outliers": "removed",
      "standard_deviation_ratio": 0.01653189608687523,
      "upper_outlier_bound": 255358.5006464462
    },
    {
      "maximum": 240180.80811234697,
      "total": 13040293.254773278,
      "mode": null,
      "n": 300,
      "percentiles": {
        "25": 222891.64053576643,
        "50": 229620.0706311337,
        "75": 234365.90278953122
      },
      "average": 228777.0746451452,
      "sample_size": 57,
      "variance": 46361610.73817804,
      "standard_deviation": 6808.936094440749,
      "frequency_distribution": "removed",
      "lower_outlier_bound": 202797.4215706843,
      "median": 229620.0706311337,
      "minimum": 217261.8918296493,
      "outliers": "removed",
      "standard_deviation_ratio": 0.02976231820868437,
      "upper_outlier_bound": 253007.7473648321
    },
    {
      "maximum": 225887.11517306342,
      "total": 12410286.411993343,
      "mode": null,
      "n": 400,
      "percentiles": {
        "25": 209626.7998049795,
        "50": 212703.51039137217,
        "75": 218785.70336433695
      },
      "average": 213970.45537919557,
      "sample_size": 58,
      "variance": 30857910.58239059,
      "standard_deviation": 5554.989701375745,
      "frequency_distribution": "removed",
      "lower_outlier_bound": 195284.7455754592,
      "median": 212703.51039137217,
      "minimum": 204347.70170139897,
      "outliers": "removed",
      "standard_deviation_ratio": 0.025961480016160488,
      "upper_outlier_bound": 233667.98576341884
    },
    {
      "maximum": 209772.459812841,
      "total": 11293370.90979222,
      "mode": null,
      "n": 500,
      "percentiles": {
        "25": 193982.83178198838,
        "50": 198117.88013868252,
        "75": 202136.30071925762
      },
      "average": 198129.31420688107,
      "sample_size": 57,
      "variance": 28911285.51358935,
      "standard_deviation": 5376.921564760764,
      "frequency_distribution": "removed",
      "lower_outlier_bound": 181468.73593634367,
      "median": 198117.88013868252,
      "minimum": 184666.7503822602,
      "outliers": "removed",
      "standard_deviation_ratio": 0.02713844534457094,
      "upper_outlier_bound": 214281.87906286807
    },
    {
      "maximum": 197374.13451442015,
      "total": 9984351.825044746,
      "mode": null,
      "n": 600,
      "percentiles": {
        "25": 184900.34163893893,
        "50": 188750.47187617968,
        "75": 191319.70944066928
      },
      "average": 188383.99669895746,
      "sample_size": 53,
      "variance": 19656169.88978571,
      "standard_deviation": 4433.527928161241,
      "frequency_distribution": "removed",
      "lower_outlier_bound": 173590.0852545625,
      "median": 188750.47187617968,
      "minimum": 175567.96235822886,
      "outliers": "removed",
      "standard_deviation_ratio": 0.023534525256124247,
      "upper_outlier_bound": 203487.5205965832
    },
    {
      "maximum": 192017.81925362675,
      "total": 10140635.726974424,
      "mode": null,
      "n": 700,
      "percentiles": {
        "25": 177560.76388011075,
        "50": 181339.6319700355,
        "75": 184774.4295467001
      },
      "average": 181082.780838829,
      "sample_size": 56,
      "variance": 32940050.370832603,
      "standard_deviation": 5739.34232912035,
      "frequency_distribution": "removed",
      "lower_outlier_bound": 164626.94266828033,
      "median": 181339.6319700355,
      "minimum": 165762.15782546572,
      "outliers": "removed",
      "standard_deviation_ratio": 0.03169457804068404,
      "upper_outlier_bound": 197244.50735121837
    },
    {
      "maximum": 187300.9926952613,
      "total": 10421932.06765249,
      "mode": null,
      "n": 800,
      "percentiles": {
        "25": 172943.65668608824,
        "50": 176336.36514323804,
        "75": 179346.1398433591
      },
      "average": 176642.91640088966,
      "sample_size": 59,
      "variance": 18691147.77671448,
      "standard_deviation": 4323.326008608937,
      "frequency_distribution": "removed",
      "lower_outlier_bound": 163273.59850812808,
      "median": 176336.36514323804,
      "minimum": 168484.89954087866,
      "outliers": "removed",
      "standard_deviation_ratio": 0.024474946953418633,
      "upper_outlier_bound": 189405.0076770743
    },
    {
      "maximum": 186811.13394358303,
      "total": 10069641.333353115,
      "mode": null,
      "n": 900,
      "percentiles": {
        "25": 172914.0890443526,
        "50": 176254.93513818388,
        "75": 179599.98996432184
      },
      "average": 176660.3742693529,
      "sample_size": 57,
      "variance": 20550314.8619386,
      "standard_deviation": 4533.24551088275,
      "frequency_distribution": "removed",
      "lower_outlier_bound": 162170.2532581172,
      "median": 176254.93513818388,
      "minimum": 168250.74745394557,
      "outliers": "removed",
      "standard_deviation_ratio": 0.02566079421959641,
      "upper_outlier_bound": 190177.05072156104
    },
    {
      "maximum": 179637.38397670462,
      "total": 9896170.822546266,
      "mode": null,
      "n": 1000,
      "percentiles": {
        "25": 171908.635815005,
        "50": 173502.9729734419,
        "75": 176081.7713981601
      },
      "average": 173617.03197449588,
      "sample_size": 57,
      "variance": 10231760.50504704,
      "standard_deviation": 3198.7123198323166,
      "frequency_distribution": "removed",
      "lower_outlier_bound": 165395.97566883333,
      "median": 173502.9729734419,
      "minimum": 166419.81061425552,
      "outliers": "removed",
      "standard_deviation_ratio": 0.018423954628496376,
      "upper_outlier_bound": 182643.87402195108
    },
    {
      "maximum": 139273.24435629995,
      "total": 7639471.47009228,
      "mode": null,
      "n": 2000,
      "percentiles": {
        "25": 132099.62275458817,
        "50": 134142.3008355724,
        "75": 136600.918382312
      },
      "average": 134025.81526477684,
      "sample_size": 57,
      "variance": 8933291.100862596,
      "standard_deviation": 2988.8611712260235,
      "frequency_distribution": "removed",
      "lower_outlier_bound": 125167.17826133156,
      "median": 134142.3008355724,
      "minimum": 128264.49164292705,
      "outliers": "removed",
      "standard_deviation_ratio": 0.022300637868319106,
      "upper_outlier_bound": 143601.2296482736
    },
    {
      "maximum": 118618.19294672502,
      "total": 5803873.066126062,
      "mode": null,
      "n": 3000,