{
  "build_type": "xb5_adversarial",
  "name": "runtime",
  "timestamp": "2026-03-05T19:54:07.071491Z",
  "impl_mod": "xb5_sets",
  "group_id": "take_largest",
  "impl_description": ":xb5_sets.take_largest/1",
  "tweaks": [
    "duplicate_variants",
    10
  ],
  "measurements": [
    {
      "maximum": 5667520.57309968,
      "total": 250075107.02504328,
      "mode": null,
      "n": 100,
      "percentiles": {
        "25": 4600704.827979647,
        "50": 4886009.400682087,
        "75": 5083470.587039184
      },
      "average": 4903433.47107928,
      "sample_size": 51,
      "variance": 115205681340.2202,
      "standard_deviation": 339419.62427093135,
      "frequency_distribution": "removed",
      "lower_outlier_bound": 3791904.573281737,
      "median": 4886009.400682087,
      "minimum": 4383657.724004909,
      "outliers": "removed",
      "standard_deviation_ratio": 0.06922080747558766,
      "upper_outlier_bound": 5889448.565898748
    },
    {
      "maximum": 5771739.255907375,
      "total": 278466808.9339461,
      "mode": null,
      "n": 200,
      "percentiles": {
        "25": 4993563.158952274,
        "50": 5092051.698436556,
        "75": 5310646.450740286
      },
      "average": 5156792.758036039,
      "sample_size": 54,
      "variance": 58175239645.29848,
      "standard_deviation": 241195.43869090575,
      "frequency_distribution": "removed",
      "lower_outlier_bound": 4503445.769876396,
      "median": 5092051.698436556,
      "minimum": 4681735.613026462,
      "outliers": "removed",
      "standard_deviation_ratio": 0.04677237383934833,
      "upper_outlier_bound": 5817997.290566282
    },
    {
      "maximum": 5221168.7064032415,
      "total": 252454638.6624387,
      "mode": null,
      "n": 300,
      "percentiles": {
        "25": 4365249.12476755,
        "50": 4606214.704879824,
        "75": 4734938.161707608
      },
      "average": 4590084.3393170675,
      "sample_size": 55,
      "variance": 98904115417.9835,
      "standard_deviation": 314490.2469361864,
      "frequency_distribution": "removed",
      "lower_outlier_bound": 3688596.764397446,
      "median": 4606214.704879824,
      "minimum": 3874737.4865352875,
      "outliers": "removed",
      "standard_deviation_ratio": 0.06851513473126675,
      "upper_outlier_bound": 5356094.337279115
    },
    {
      "maximum": 5201993.403872364,
      "total": 232982500.626446,
      "mode": null,
      "n": 400,
      "percentiles": {
        "25": 4167752.052693345,
        "50": 4490008.530784367,
        "75": 4684247.966400033
      },
      "average": 4480432.704354731,
      "sample_size": 52,
      "variance": 113514639302.03772,
      "standard_deviation": 336919.336491745,
      "frequency_distribution": "removed",
      "lower_outlier_bound": 3344504.291979774,
      "median": 4490008.530784367,
      "minimum": 3961525.6627632435,
      "outliers": "removed",
      "standard_deviation_ratio": 0.0751979459850559,
      "upper_outlier_bound": 5481199.78256539
    },
    {
      "maximum": 4849096.128481651,
      "total": 238142023.8502219,
      "mode": 4221974.533049617,
      "n": 500,
      "percentiles": {
        "25": 4286152.978522012,
        "50": 4380299.600721072,
        "75": 4509196.627596557
      },
      "average": 4410037.478707813,
      "sample_size": 54,
      "variance": 38592342251.576965,
      "standard_deviation": 196449.3376206114,
      "frequency_distribution": "removed",
      "lower_outlier_bound": 3927484.043827489,
      "median": 4380299.600721072,
      "minimum": 3987399.8165796082,
      "outliers": "removed",
      "standard_deviation_ratio": 0.044545956484291174,
      "upper_outlier_bound": 4861641.6075243205
    },
    {
      "maximum": 5053210.304506453,
      "total": 255643191.89356148,
      "mode": null,
      "n": 600,
      "percentiles": {
        "25": 4290577.9594741,
        "50": 4404510.218463707,
        "75": 4751145.828017227
      },
      "average": 4484968.278834412,
      "sample_size": 57,
      "variance": 79474032622.23425,
      "standard_deviation": 281911.39143751224,
      "frequency_distribution": "removed",
      "lower_outlier_bound": 3599502.5430385424,
      "median": 4404510.218463707,
      "minimum": 3924708.3941663136,
      "outliers": "removed",
      "standard_deviation_ratio": 0.06285694210322877,
      "upper_outlier_bound": 5430935.423499885
    },
    {
      "maximum": 5328672.521101543,
      "total": 266417854.809984,
      "mode": null,
      "n": 700,
      "percentiles": {
        "25": 4353048.865319125,
        "50": 4579037.40624541,
        "75": 4764595.533361438
      },
      "average": 4593411.2898273105,
      "sample_size": 58,
      "variance": 92063158581.08554,
      "standard_deviation": 303419.113737229,
      "frequency_distribution": "removed",
      "lower_outlier_bound": 3723669.1217200444,
      "median": 4579037.40624541,
      "minimum": 4043279.261212013,
      "outliers": "removed",
      "standard_deviation_ratio": 0.06605528976018084,
      "upper_outlier_bound": 5411423.795759486
    },
    {
      "maximum": 5448581.734174594,
      "total": 257556054.10090226,
      "mode": null,
      "n": 800,
      "percentiles": {
        "25": 4324858.681580471,
        "50": 4524070.717979499,
        "75": 4899086.656586489
      },
      "average": 4599215.251801826,
      "sample_size": 56,
      "variance": 117591226472.51398,
      "standard_deviation": 342915.7716882004,
      "frequency_distribution": "removed",
      "lower_outlier_bound": 3384026.6454921947,
      "median": 4524070.717979499,
      "minimum": 3993737.8190996516,
      "outliers": "removed",
      "standard_deviation_ratio": 0.07455962656974077,
      "upper_outlier_bound": 5808122.663243065
    },
    {
      "maximum": 4786062.984588877,
      "total": 229669342.255473,
      "mode": null,
      "n": 900,
      "percentiles": {
        "25": 3960427.4093260146,
        "50": 4130149.263594386,
        "75": 4444286.425371543
      },
      "average": 4175806.2228267817,
      "sample_size": 55,
      "variance": 79810123276.26328,
      "standard_deviation": 282506.8552730416,
      "frequency_distribution": "removed",
      "lower_outlier_bound": 3189981.165707424,
      "median": 4130149.263594386,
      "minimum": 3583561.4867479894,
      "outliers": "removed",
      "standard_deviation_ratio": 0.06765324830657507,
      "upper_outlier_bound": 5145802.297331829
    },
    {
      "maximum": 5265319.446930845,
      "total": 258845446.06707212,
      "mode": 4258254.626593652,
      "n": 1000,
      "percentiles": {
        "25": 4143600.6231975337,
        "50": 4266466.427175685,
        "75": 4722907.043743565
      },
      "average": 4387210.950289358,
      "sample_size": 59,
      "variance": 137897706908.31818,
      "standard_deviation": 371345.80502318614,
      "frequency_distribution": "removed",
      "lower_outlier_bound": 3276388.9185789027,
      "median": 4266466.427175685,
      "minimum": 3698443.694893189,
      "outliers": "removed",
      "standard_deviation_ratio": 0.08464279680891433,
      "upper_outlier_bound": 5600470.458146615
    },
    {
      "maximum": 4599477.499356073,
      "total": 221477758.24143308,
      "mode": null,
      "n": 2000,
      "percentiles": {
        "25": 3639847.4989151917,
        "50": 3807319.1904116473,
        "75": 4195603.742274372
      },
      "average": 3885574.705990054,
      "sample_size": 57,
      "variance": 107316898729.04745,
      "standard_deviation": 327592.58039376815,
      "frequency_distribution": "removed",
      "lower_outlier_bound": 2748496.058486697,
      "median": 3807319.1904116473,
      "minimum": 3151253.883920412,
      "outliers": "removed",
      "standard_deviation_ratio": 0.08430994259066671,
      "upper_outlier_bound": 5104701.47899247
    },
    {
      "maximum": 4693161.125607764,
      "total": 246461794.3769831,
      "mode": null,
      "n": 3000,