{
  "build_type": "xb5_adversarial",
  "name": "runtime",
  "timestamp": "2026-03-05T19:54:06.980913Z",
  "impl_mod": "xb5_sets",
  "group_id": "union_000_1000",
  "impl_description": ":xb5_sets.union/2",
  "tweaks": "none",
  "measurements": [
    {
      "maximum": 11966016.513102788,
      "total": 888619517.7439547,
      "mode": [
        10509721.492380451,
        9618159.084351255,
        10672358.591248667,
        11530035.743110804,
        9837678.30791933,
        10691756.655618519,
        11578094.24568716
      ],
      "n": 0,
      "percentiles": {
        "25": 10074394.936367653,
        "50": 10518018.640927069,
        "75": 11004733.633333677
      },
      "average": 10578803.782666126,
      "sample_size": 84,
      "variance": 482982903366.5182,
      "standard_deviation": 694969.7139922848,
      "frequency_distribution": "removed",
      "lower_outlier_bound": 8678886.890918616,
      "median": 10518018.640927069,
      "minimum": 8991188.635137565,
      "outliers": "removed",
      "standard_deviation_ratio": 0.06569454621429181,
      "upper_outlier_bound": 12400241.678782713
    },
    {
      "maximum": 139490.83057025247,
      "total": 10514162.379671989,
      "mode": null,
      "n": 100,
      "percentiles": {
        "25": 122403.81508210849,
        "50": 127320.57666035581,
        "75": 130577.79367925132
      },
      "average": 126676.65517677095,
      "sample_size": 83,
      "variance": 32982084.854583286,
      "standard_deviation": 5743.0031215891995,
      "frequency_distribution": "removed",
      "lower_outlier_bound": 110137.76551439255,
      "median": 127320.57666035581,
      "minimum": 110335.81809595686,
      "outliers": "removed",
      "standard_deviation_ratio": 0.04533592328890533,
      "upper_outlier_bound": 142817.26930783727
    },
    {
      "maximum": 87019.7056123359,
      "total": 6692183.185167081,
      "mode": null,
      "n": 200,
      "percentiles": {
        "25": 77294.08854810784,
        "50": 82777.20845453296,
        "75": 84297.69901000783
      },
      "average": 80628.71307430218,
      "sample_size": 83,
      "variance": 24438633.512728333,
      "standard_deviation": 4943.544630397134,
      "frequency_distribution": "removed",
      "lower_outlier_bound": 65792.47804965207,
      "median": 82777.20845453296,
      "minimum": 68315.25028658248,
      "outliers": "removed",
      "standard_deviation_ratio": 0.0613124585759106,
      "upper_outlier_bound": 95354.36495173012
    },
    {
      "maximum": 77088.46132202086,
      "total": 6080723.353359708,
      "mode": null,
      "n": 300,
      "percentiles": {
        "25": 67898.27572359123,
        "50": 74356.79225671082,
        "75": 75853.28008817515
      },
      "average": 72389.56373047271,
      "sample_size": 84,
      "variance": 18782176.231351595,
      "standard_deviation": 4333.840817491062,
      "frequency_distribution": "removed",
      "lower_outlier_bound": 55965.76917671535,
      "median": 74356.79225671082,
      "minimum": 60597.35662210943,
      "outliers": "removed",
      "standard_deviation_ratio": 0.05986830965893378,
      "upper_outlier_bound": 87785.78663505102
    },
    {
      "maximum": 70287.40519986223,
      "total": 5500217.680085864,
      "mode": null,
      "n": 400,
      "percentiles": {
        "25": 62063.45127175842,
        "50": 66895.99317791018,
        "75": 68699.76256218534
      },
      "average": 65478.7819057841,
      "sample_size": 84,
      "variance": 13481095.258417144,
      "standard_deviation": 3671.661103426778,
      "frequency_distribution": "removed",
      "lower_outlier_bound": 52108.984336118054,
      "median": 66895.99317791018,
      "minimum": 57432.18407704183,
      "outliers": "removed",
      "standard_deviation_ratio": 0.05607405936032601,
      "upper_outlier_bound": 78654.22949782571
    },
    {
      "maximum": 62949.81577736413,
      "total": 4842027.118983291,
      "mode": null,
      "n": 500,
      "percentiles": {
        "25": 55500.332724494685,
        "50": 56730.66831563809,
        "75": 61822.65553034565
      },
      "average": 58337.67613232881,
      "sample_size": 83,
      "variance": 11015311.592095798,
      "standard_deviation": 3318.932297003932,
      "frequency_distribution": "removed",
      "lower_outlier_bound": 46016.848515718244,
      "median": 56730.66831563809,
      "minimum": 52561.45090629082,
      "outliers": "removed",
      "standard_deviation_ratio": 0.05689174675857014,
      "upper_outlier_bound": 71306.1397391221
    },
    {
      "maximum": 58504.37086154707,
      "total": 4575461.675294038,
      "mode": null,
      "n": 600,
      "percentiles": {
        "25": 53150.94762824527,
        "50": 56001.92198596256,
        "75": 57033.775972468655
      },
      "average": 55126.04428065106,
      "sample_size": 83,
      "variance": 6617162.909428675,
      "standard_deviation": 2572.3846736887303,
      "frequency_distribution": "removed",
      "lower_outlier_bound": 47326.70511191018,
      "median": 56001.92198596256,
      "minimum": 48537.02137036514,
      "outliers": "removed",
      "standard_deviation_ratio": 0.046663690588653814,
      "upper_outlier_bound": 62858.01848880373
    },
    {
      "maximum": 54099.23422533954,
      "total": 4275960.363055222,
      "mode": null,
      "n": 700,
      "percentiles": {
        "25": 49372.52458504862,
        "50": 52996.64213275447,
        "75": 53729.383363985944
      },
      "average": 51517.59473560508,
      "sample_size": 83,
      "variance": 6495154.586997788,
      "standard_deviation": 2548.559315966138,
      "frequency_distribution": "removed",
      "lower_outlier_bound": 42837.23641664263,
      "median": 52996.64213275447,
      "minimum": 44945.47664228524,
      "outliers": "removed",
      "standard_deviation_ratio": 0.04946968757073524,
      "upper_outlier_bound": 60264.671532391934
    },
    {
      "maximum": 52077.36613513035,
      "total": 3939440.7130994992,
      "mode": null,
      "n": 800,
      "percentiles": {
        "25": 46227.610776096175,
        "50": 49402.57466458122,
        "75": 50881.99726431431
      },
      "average": 48635.070532092584,
      "sample_size": 81,
      "variance": 6729811.706385298,
      "standard_deviation": 2594.1880630334604,
      "frequency_distribution": "removed",
      "lower_outlier_bound": 39271.95271563303,
      "median": 49402.57466458122,
      "minimum": 42687.12005795204,
      "outliers": "removed",
      "standard_deviation_ratio": 0.05333986431296828,
      "upper_outlier_bound": 57703.30197250171
    },
    {
      "maximum": 48761.81559744196,
      "total": 3885927.592869904,
      "mode": null,
      "n": 900,
      "percentiles": {
        "25": 44304.485458043506,
        "50": 47913.27033627763,
        "75": 48243.55026050594
      },
      "average": 46261.042772260764,
      "sample_size": 84,
      "variance": 6632635.348696995,
      "standard_deviation": 2575.390329386401,
      "frequency_distribution": "removed",
      "lower_outlier_bound": 38395.88825434986,
      "median": 47913.27033627763,
      "minimum": 39566.16491494066,
      "outliers": "removed",
      "standard_deviation_ratio": 0.055670823117084316,
      "upper_outlier_bound": 54152.14746419959
    },
    {
      "maximum": 46166.644968343535,
      "total": 3628992.735980202,
      "mode": null,
      "n": 1000,
      "percentiles": {
        "25": 40957.68096583106,
        "50": 43338.085240583256,
        "75": 45753.700718474
      },
      "average": 43202.29447595478,
      "sample_size": 84,
      "variance": 7044748.0726658655,
      "standard_deviation": 2654.1944300796554,
      "frequency_distribution": "removed",
      "lower_outlier_bound": 33763.65133686665,
      "median": 43338.085240583256,
      "minimum": 37288.65257826795,
      "outliers": "removed",
      "standard_deviation_ratio": 0.06143642281677672,