{
  "build_type": "random",
  "name": "runtime",
  "timestamp": "2026-03-19T21:33:01.581877Z",
  "impl_mod": "xb5_sets",
  "tweaks": "none",
  "impl_description": ":xb5_sets.add/2",
  "group_id": "add_existing_x300",
  "measurements": [
    {
      "maximum": 78489.79357969186,
      "total": 2774688.055523318,
      "mode": null,
      "n": 300,
      "percentiles": {
        "25": 73934.79203905154,
        "50": 74927.97548356642,
        "75": 75946.21315579533
      },
      "frequency_distribution": "removed",
      "average": 74991.56906819777,
      "variance": 1955335.5340656857,
      "standard_deviation": 1398.3331270000313,
      "standard_deviation_ratio": 0.018646537795847143,
      "median": 74927.97548356642,
      "minimum": 72181.2673731288,
      "lower_outlier_bound": 70770.92357228628,
      "upper_outlier_bound": 79207.90615032696,
      "outliers": "removed",
      "sample_size": 37
    },
    {
      "maximum": 72573.83843757234,
      "total": 2594041.518799148,
      "mode": 67290.67553109166,
      "n": 400,
      "percentiles": {
        "25": 66917.99228862666,
        "50": 68496.18207634575,
        "75": 69604.46440429726
      },
      "frequency_distribution": "removed",
      "average": 68264.25049471442,
      "variance": 2999776.8362448965,
      "standard_deviation": 1731.98638454374,
      "standard_deviation_ratio": 0.025371792292333814,
      "median": 68496.18207634575,
      "minimum": 64371.31433993333,
      "lower_outlier_bound": 62902.07864386975,
      "upper_outlier_bound": 73660.2039568311,
      "outliers": "removed",
      "sample_size": 38
    },
    {
      "maximum": 69290.94575211857,
      "total": 2440218.69000018,
      "mode": null,
      "n": 500,
      "percentiles": {
        "25": 65016.899834507494,
        "50": 66025.60208746544,
        "75": 66815.21216219076
      },
      "frequency_distribution": "removed",
      "average": 65951.85648649135,
      "variance": 1762408.0629919013,
      "standard_deviation": 1327.5571788031962,
      "standard_deviation_ratio": 0.02012918588690698,
      "median": 66025.60208746544,
      "minimum": 63246.70642776277,
      "lower_outlier_bound": 62109.22605140368,
      "upper_outlier_bound": 70158.72119485581,
      "outliers": "removed",
      "sample_size": 37
    },
    {
      "maximum": 68238.37849235491,
      "total": 2503256.7528004576,
      "mode": 61127.57140770073,
      "n": 600,
      "percentiles": {
        "25": 61161.02435469992,
        "50": 61879.46302423761,
        "75": 64165.01013690767
      },
      "frequency_distribution": "removed",
      "average": 62581.418820011444,
      "variance": 3673972.766924187,
      "standard_deviation": 1916.7610093395022,
      "standard_deviation_ratio": 0.030628276659118922,
      "median": 61879.46302423761,
      "minimum": 60338.996550419564,
      "lower_outlier_bound": 56531.7507726302,
      "upper_outlier_bound": 68891.72017140202,
      "outliers": "removed",
      "sample_size": 40
    },
    {
      "maximum": 61900.18718616605,
      "total": 2174121.3860364067,
      "mode": null,
      "n": 700,
      "percentiles": {
        "25": 59707.70979095581,
        "50": 60467.24338763904,
        "75": 61272.531276182766
      },
      "frequency_distribution": "removed",
      "average": 60392.26072323352,
      "variance": 1011288.7388590472,
      "standard_deviation": 1005.6285292587155,
      "standard_deviation_ratio": 0.016651612594324357,
      "median": 60467.24338763904,
      "minimum": 58400.40132755792,
      "lower_outlier_bound": 57214.52479983913,
      "upper_outlier_bound": 64095.42665406168,
      "outliers": "removed",
      "sample_size": 36
    },
    {
      "maximum": 60653.59096552632,
      "total": 2196171.485228332,
      "mode": null,
      "n": 800,
      "percentiles": {
        "25": 56429.87094921115,
        "50": 57580.07319848407,
        "75": 59087.89707372546
      },
      "frequency_distribution": "removed",
      "average": 57793.98645337716,
      "variance": 2125244.1861995785,
      "standard_deviation": 1457.8217264808404,
      "standard_deviation_ratio": 0.025224453545125772,
      "median": 57580.07319848407,
      "minimum": 55436.090779924816,
      "lower_outlier_bound": 52387.15772697779,
      "upper_outlier_bound": 63280.36685642156,
      "outliers": "removed",
      "sample_size": 38
    },
    {
      "maximum": 60156.418719955625,
      "total": 2259126.782375756,
      "mode": null,
      "n": 900,
      "percentiles": {
        "25": 55214.67090527554,
        "50": 56578.67160547682,
        "75": 57394.70983956248
      },
      "frequency_distribution": "removed",
      "average": 56478.16955939391,
      "variance": 1667434.8989643222,
      "standard_deviation": 1291.2919495467793,
      "standard_deviation_ratio": 0.02286355878068646,
      "median": 56578.67160547682,
      "minimum": 54222.142696412935,
      "lower_outlier_bound": 52029.86817864829,
      "upper_outlier_bound": 60662.63022436248,
      "outliers": "removed",
      "sample_size": 40
    },
    {
      "maximum": 58074.53867038344,
      "total": 1961509.1608319092,
      "mode": null,
      "n": 1000,
      "percentiles": {
        "25": 53308.31057222991,
        "50": 54416.83829012351,
        "75": 55404.63891318682
      },
      "frequency_distribution": "removed",
      "average": 54486.36557866415,
      "variance": 1813346.583546155,
      "standard_deviation": 1346.6055783139154,
      "standard_deviation_ratio": 0.02471454214302048,
      "median": 54416.83829012351,
      "minimum": 51857.69832717437,
      "lower_outlier_bound": 49968.595929394185,
      "upper_outlier_bound": 59048.472611241945,
      "outliers": "removed",
      "sample_size": 36
    },
    {
      "maximum": 43825.43452918336,
      "total": 1613943.7751413337,
      "mode": null,
      "n": 2000,
      "percentiles": {
        "25": 42124.706856342425,
        "50": 42507.46512199719,
        "75": 42815.65757335568
      },
      "frequency_distribution": "removed",
      "average": 42472.204608982465,
      "variance": 320906.9139279888,
      "standard_deviation": 566.48646402892,
      "standard_deviation_ratio": 0.013337816325859229,
      "median": 42507.46512199719,
      "minimum": 41276.34720837745,
      "lower_outlier_bound": 41065.07070508649,
      "upper_outlier_bound": 43984.71666637945,
      "outliers": "removed",
      "sample_size": 38
    },
    {
      "maximum": 37077.231502447285,
      "total": 1327398.9383076034,
      "mode": null,
      "n": 3000,
      "percentiles": {
        "25": 35536.56540016319,
        "50": 35724.55652428645,
        "75": 36134.123215740845
      },
      "frequency_distribution": "removed",
      "average": 35875.646981286576,
      "variance": 188256.61103514506,
      "standard_deviation": 433.8854814754062,
      "standard_deviation_ratio": 0.012094150711810973,
      "median": 35724.55652428645,
      "minimum": 35346.41787030056,
      "lower_outlier_bound": 34296.37102706783,
      "upper_outlier_bound": 37635.123295221216,
      "outliers": "removed",
      "sample_size": 37
    },
    {
      "maximum": 32684.481016199737,
      "total": 1027581.0574954436,
      "mode": null,
      "n": 4000,
      "percentiles": {
        "25": 31944.090891263935,
        "50": 32075.133963239517,
        "75": 32240.67153390352
      },
      "frequency_distribution": "removed",
      "average": 32111.908046732613,
      "variance": 45961.33517174489,
      "standard_deviation": 214.38594910055298,
      "standard_deviation_ratio": 0.006676213347041106,
      "median": 32075.133963239517,
      "minimum": 31771.933436528572,
      "lower_outlier_bound": 31408.42674729557,
      "upper_outlier_bound": 32825.217770585485,
      "outliers": "removed",
      "sample_size": 32
    },
    {
      "maximum": 30269.871035214455,
      "total": 1157204.3045277456,
      "mode": null,
      "n": 5000,