{
  "build_type": "random",
  "name": "runtime",
  "timestamp": "2026-03-19T21:33:01.480327Z",
  "impl_mod": "xb5_sets",
  "tweaks": "none",
  "impl_description": ":xb5_sets.difference/2",
  "group_id": "difference_100_0100",
  "measurements": [
    {
      "maximum": 5015548.199418196,
      "total": 276685883.211353,
      "mode": [
        4743833.017077799,
        4648784.342894333,
        4633705.574347806
      ],
      "n": 0,
      "percentiles": {
        "25": 4405870.541318024,
        "50": 4563709.382986492,
        "75": 4648784.342894333
      },
      "frequency_distribution": "removed",
      "average": 4535834.151005787,
      "variance": 37614637730.60221,
      "standard_deviation": 193944.9347897547,
      "standard_deviation_ratio": 0.042758383206482294,
      "median": 4563709.382986492,
      "minimum": 4078802.463596688,
      "lower_outlier_bound": 4003465.0006667105,
      "upper_outlier_bound": 5049052.303380127,
      "outliers": "removed",
      "sample_size": 61
    },
    {
      "maximum": 1395576.0240039076,
      "total": 56238710.72854977,
      "mode": null,
      "n": 100,
      "percentiles": {
        "25": 604147.6342897301,
        "50": 865071.1416037636,
        "75": 959939.7465325389
      },
      "frequency_distribution": "removed",
      "average": 827039.8636551437,
      "variance": 43683038899.72499,
      "standard_deviation": 209004.87769361984,
      "standard_deviation_ratio": 0.2527143936809919,
      "median": 865071.1416037636,
      "minimum": 257133.5268691679,
      "lower_outlier_bound": 70459.46592551691,
      "upper_outlier_bound": 1493627.9148967522,
      "outliers": "removed",
      "sample_size": 68
    },
    {
      "maximum": 558450.189035389,
      "total": 27697483.838522494,
      "mode": 509320.5663644698,
      "n": 200,
      "percentiles": {
        "25": 277850.543309496,
        "50": 471555.8954266525,
        "75": 505158.01354543364
      },
      "frequency_distribution": "removed",
      "average": 407315.93880180136,
      "variance": 12934544119.914162,
      "standard_deviation": 113730.13725444175,
      "standard_deviation_ratio": 0.2792184798586595,
      "median": 471555.8954266525,
      "minimum": 175215.7343729467,
      "lower_outlier_bound": -63110.66204441042,
      "upper_outlier_bound": 846119.2188993401,
      "outliers": "removed",
      "sample_size": 68
    },
    {
      "maximum": 453298.88261825434,
      "total": 21907419.294519387,
      "mode": null,
      "n": 300,
      "percentiles": {
        "25": 199522.76054640827,
        "50": 372716.46034810646,
        "75": 381892.6236986163
      },
      "frequency_distribution": "removed",
      "average": 322167.9308017557,
      "variance": 7972012761.033494,
      "standard_deviation": 89286.12860368342,
      "standard_deviation_ratio": 0.27714157762842373,
      "median": 372716.46034810646,
      "minimum": 164328.54534728374,
      "lower_outlier_bound": -74032.03418190373,
      "upper_outlier_bound": 655447.4184269283,
      "outliers": "removed",
      "sample_size": 68
    },
    {
      "maximum": 357287.0479872234,
      "total": 16989286.0394846,
      "mode": 299222.02274087374,
      "n": 400,
      "percentiles": {
        "25": 150784.35612187735,
        "50": 298989.41577468155,
        "75": 307651.60767772933
      },
      "frequency_distribution": "removed",
      "average": 246221.53680412465,
      "variance": 6457628739.574299,
      "standard_deviation": 80359.3724438805,
      "standard_deviation_ratio": 0.32637020094553454,
      "median": 298989.41577468155,
      "minimum": 101021.73381581313,
      "lower_outlier_bound": -84516.5212119006,
      "upper_outlier_bound": 542952.4850115073,
      "outliers": "removed",
      "sample_size": 69
    },
    {
      "maximum": 289224.6465674819,
      "total": 14634642.818930697,
      "mode": null,
      "n": 500,
      "percentiles": {
        "25": 122145.2145516107,
        "50": 255776.06294137356,
        "75": 264335.22997600975
      },
      "frequency_distribution": "removed",
      "average": 212096.27273812605,
      "variance": 4983792705.767307,
      "standard_deviation": 70595.98222113853,
      "standard_deviation_ratio": 0.3328487639587281,
      "median": 255776.06294137356,
      "minimum": 97976.49152062454,
      "lower_outlier_bound": -91139.80858498788,
      "upper_outlier_bound": 477620.25311260833,
      "outliers": "removed",
      "sample_size": 69
    },
    {
      "maximum": 240093.1561445841,
      "total": 11852183.070207378,
      "mode": null,
      "n": 600,
      "percentiles": {
        "25": 102641.84732001802,
        "50": 221419.20855918093,
        "75": 226698.51512297863
      },
      "frequency_distribution": "removed",
      "average": 171770.76913344025,
      "variance": 3910595455.39271,
      "standard_deviation": 62534.75398042844,
      "standard_deviation_ratio": 0.3640593466275293,
      "median": 221419.20855918093,
      "minimum": 81660.18420904354,
      "lower_outlier_bound": -83443.1543844229,
      "upper_outlier_bound": 412783.5168274195,
      "outliers": "removed",
      "sample_size": 69
    },
    {
      "maximum": 206507.88963392348,
      "total": 11465141.895848535,
      "mode": null,
      "n": 700,
      "percentiles": {
        "25": 88827.25492486589,
        "50": 195758.70905429072,
        "75": 200366.614761076
      },
      "frequency_distribution": "removed",
      "average": 159238.08188678522,
      "variance": 3029015782.0281143,
      "standard_deviation": 55036.49500129995,
      "standard_deviation_ratio": 0.3456239509367469,
      "median": 195758.70905429072,
      "minimum": 52246.139924567025,
      "lower_outlier_bound": -78481.78482944927,
      "upper_outlier_bound": 367675.65451539116,
      "outliers": "removed",
      "sample_size": 72
    },
    {
      "maximum": 193003.24631460302,
      "total": 10036963.013713868,
      "mode": null,
      "n": 800,
      "percentiles": {
        "25": 77932.43527815051,
        "50": 177159.2165310808,
        "75": 180510.79288638954
      },
      "frequency_distribution": "removed",
      "average": 145463.2320828097,
      "variance": 2419706111.0396743,
      "standard_deviation": 49190.50834296871,
      "standard_deviation_ratio": 0.3381645494784923,
      "median": 177159.2165310808,
      "minimum": 71461.39262532721,
      "lower_outlier_bound": -75935.101134208,
      "upper_outlier_bound": 334378.32929874805,
      "outliers": "removed",
      "sample_size": 69
    },
    {
      "maximum": 171379.6058269066,
      "total": 8632196.952695362,
      "mode": null,
      "n": 900,
      "percentiles": {
        "25": 69731.95821021424,
        "50": 159138.51523098687,
        "75": 162284.014436672
      },
      "frequency_distribution": "removed",
      "average": 126944.07283375533,
      "variance": 2095988446.9377837,
      "standard_deviation": 45781.966394397954,
      "standard_deviation_ratio": 0.36064674287198545,
      "median": 159138.51523098687,
      "minimum": 50794.42480393352,
      "lower_outlier_bound": -69096.1261294724,
      "upper_outlier_bound": 301112.09877635865,
      "outliers": "removed",
      "sample_size": 68
    },
    {
      "maximum": 155433.246860637,
      "total": 8000890.816917857,
      "mode": null,
      "n": 1000,
      "percentiles": {
        "25": 62410.99919209874,
        "50": 146137.08535428744,
        "75": 147679.73012460943
      },
      "frequency_distribution": "removed",
      "average": 115954.93937562112,
      "variance": 1773688759.411448,
      "standard_deviation": 42115.18442808304,
      "standard_deviation_ratio": 0.3632030222676096,
      "median": 146137.08535428744,
      "minimum": 53756.33115190142,
      "lower_outlier_bound": -65492.0972066673,
      "upper_outlier_bound": 275582.82652337546,
      "outliers": "removed",
      "sample_size": 69
    },
    {
      "maximum": 77057.86891840035,