{
  "build_type": "random",
  "name": "runtime",
  "timestamp": "2026-03-19T21:33:01.486856Z",
  "impl_mod": "xb5_sets",
  "tweaks": "none",
  "impl_description": ":xb5_sets.intersection/2",
  "group_id": "intersection_050_0100",
  "measurements": [
    {
      "maximum": 4532886.088572594,
      "total": 188204514.91327572,
      "mode": 3748125.937031484,
      "n": 0,
      "percentiles": {
        "25": 3874617.3815335734,
        "50": 3995684.660566588,
        "75": 4116073.2661041366
      },
      "frequency_distribution": "removed",
      "average": 4004351.381133526,
      "variance": 29146219688.291256,
      "standard_deviation": 170722.63964773758,
      "standard_deviation_ratio": 0.04263428041107884,
      "median": 3995684.660566588,
      "minimum": 3693989.878467733,
      "lower_outlier_bound": 3422426.622571421,
      "upper_outlier_bound": 4624271.465528321,
      "outliers": "removed",
      "sample_size": 47
    },
    {
      "maximum": 733315.244890626,
      "total": 31838330.06968895,
      "mode": null,
      "n": 100,
      "percentiles": {
        "25": 394902.59727438225,
        "50": 587437.0708037901,
        "75": 633404.4857705683
      },
      "frequency_distribution": "removed",
      "average": 539632.7130455754,
      "variance": 15039999117.40279,
      "standard_deviation": 122637.67413565372,
      "standard_deviation_ratio": 0.22726137828730222,
      "median": 587437.0708037901,
      "minimum": 366160.87644267385,
      "lower_outlier_bound": 37149.764530103246,
      "upper_outlier_bound": 991157.3185148472,
      "outliers": "removed",
      "sample_size": 59
    },
    {
      "maximum": 586778.7022802221,
      "total": 23986796.35947891,
      "mode": null,
      "n": 200,
      "percentiles": {
        "25": 310350.6838291302,
        "50": 478276.6734900805,
        "75": 505772.4372118482
      },
      "frequency_distribution": "removed",
      "average": 420820.9887627879,
      "variance": 11028071433.423016,
      "standard_deviation": 105014.62485493635,
      "standard_deviation_ratio": 0.24954702274636764,
      "median": 478276.6734900805,
      "minimum": 255940.37612997676,
      "lower_outlier_bound": 17218.053755053144,
      "upper_outlier_bound": 798905.0672859253,
      "outliers": "removed",
      "sample_size": 57
    },
    {
      "maximum": 479977.72903337283,
      "total": 21600762.43371089,
      "mode": null,
      "n": 300,
      "percentiles": {
        "25": 261205.04334697695,
        "50": 412922.83298097254,
        "75": 436258.299814154
      },
      "frequency_distribution": "removed",
      "average": 366114.6175205236,
      "variance": 7822166161.11134,
      "standard_deviation": 88443.01080985054,
      "standard_deviation_ratio": 0.24157191922251675,
      "median": 412922.83298097254,
      "minimum": 161679.91903069656,
      "lower_outlier_bound": -1374.8413537885936,
      "upper_outlier_bound": 698838.1845149195,
      "outliers": "removed",
      "sample_size": 59
    },
    {
      "maximum": 422375.7792833128,
      "total": 17919884.480365995,
      "mode": null,
      "n": 400,
      "percentiles": {
        "25": 217658.27518060314,
        "50": 360466.8768157945,
        "75": 383459.80389901483
      },
      "frequency_distribution": "removed",
      "average": 319997.9371493928,
      "variance": 6689812829.162766,
      "standard_deviation": 81791.27599666585,
      "standard_deviation_ratio": 0.25559938518753994,
      "median": 360466.8768157945,
      "minimum": 170667.6861216451,
      "lower_outlier_bound": -31044.01789701439,
      "upper_outlier_bound": 632162.0969766324,
      "outliers": "removed",
      "sample_size": 56
    },
    {
      "maximum": 415847.1013377801,
      "total": 15690354.985643523,
      "mode": null,
      "n": 500,
      "percentiles": {
        "25": 194191.68293234034,
        "50": 320289.0288196068,
        "75": 337983.83927205944
      },
      "frequency_distribution": "removed",
      "average": 275269.38571304426,
      "variance": 6773641833.279417,
      "standard_deviation": 82302.13747697818,
      "standard_deviation_ratio": 0.2989876163082458,
      "median": 320289.0288196068,
      "minimum": 80272.47689557433,
      "lower_outlier_bound": -21496.551577238337,
      "upper_outlier_bound": 553672.0737816382,
      "outliers": "removed",
      "sample_size": 57
    },
    {
      "maximum": 329400.2938250621,
      "total": 14537187.826686136,
      "mode": null,
      "n": 600,
      "percentiles": {
        "25": 173931.00519017235,
        "50": 291012.8273804405,
        "75": 301015.89079242933
      },
      "frequency_distribution": "removed",
      "average": 250641.16942562305,
      "variance": 4171902516.340854,
      "standard_deviation": 64590.266421039436,
      "standard_deviation_ratio": 0.25770014786100964,
      "median": 291012.8273804405,
      "minimum": 104497.24806497221,
      "lower_outlier_bound": -16696.323213213123,
      "upper_outlier_bound": 491643.2191958148,
      "outliers": "removed",
      "sample_size": 58
    },
    {
      "maximum": 293528.86269306863,
      "total": 13178849.69555451,
      "mode": null,
      "n": 700,
      "percentiles": {
        "25": 158666.08389042882,
        "50": 268079.9843441289,
        "75": 277814.6725590777
      },
      "frequency_distribution": "removed",
      "average": 231207.88939569314,
      "variance": 3371203831.584445,
      "standard_deviation": 58062.0687849171,
      "standard_deviation_ratio": 0.25112494619744,
      "median": 268079.9843441289,
      "minimum": 134742.0161986852,
      "lower_outlier_bound": -20056.799112544453,
      "upper_outlier_bound": 456537.55556205095,
      "outliers": "removed",
      "sample_size": 57
    },
    {
      "maximum": 277864.2244253768,
      "total": 12040490.063393166,
      "mode": null,
      "n": 800,
      "percentiles": {
        "25": 143062.14488586166,
        "50": 247082.5725249121,
        "75": 252157.67737949884
      },
      "frequency_distribution": "removed",
      "average": 211236.66777882748,
      "variance": 3283367116.7209396,
      "standard_deviation": 57300.672916824806,
      "standard_deviation_ratio": 0.2712629086576044,
      "median": 247082.5725249121,
      "minimum": 81777.18171298662,
      "lower_outlier_bound": -20581.1538545941,
      "upper_outlier_bound": 415800.9761199546,
      "outliers": "removed",
      "sample_size": 57
    },
    {
      "maximum": 253412.1952084822,
      "total": 11452793.192212258,
      "mode": null,
      "n": 900,
      "percentiles": {
        "25": 133027.46836243285,
        "50": 231056.27375547314,
        "75": 237186.06132688478
      },
      "frequency_distribution": "removed",
      "average": 200926.196354601,
      "variance": 2620419363.950484,
      "standard_deviation": 51190.03188073322,
      "standard_deviation_ratio": 0.2547703226830184,
      "median": 231056.27375547314,
      "minimum": 100049.62461380845,
      "lower_outlier_bound": -23210.421084245056,
      "upper_outlier_bound": 393423.95077356265,
      "outliers": "removed",
      "sample_size": 57
    },
    {
      "maximum": 263828.5747452735,
      "total": 13010394.269996911,
      "mode": null,
      "n": 1000,
      "percentiles": {
        "25": 215278.30102364832,
        "50": 243936.35212700302,
        "75": 249634.90894566698
      },
      "frequency_distribution": "removed",
      "average": 236552.62309085293,
      "variance": 311287656.7722961,
      "standard_deviation": 17643.345963062,
      "standard_deviation_ratio": 0.0745852898713607,
      "median": 243936.35212700302,
      "minimum": 202955.4370746815,
      "lower_outlier_bound": 161983.63246472017,
      "upper_outlier_bound": 302041.0581974898,
      "outliers": "removed",
      "sample_size": 55
    },
    {
      "maximum": 194761.6895966096,
      "total": 8644301.562459888,
      "mode": null,
      "n": 2000,