{
  "build_type": "random",
  "name": "runtime",
  "timestamp": "2026-03-19T21:33:01.709274Z",
  "impl_mod": "xb5_sets",
  "tweaks": "none",
  "impl_description": ":xb5_sets.is_disjoint/2",
  "group_id": "is_disjoint_050_0100",
  "measurements": [
    {
      "maximum": 6305567.816381865,
      "total": 215157959.43284976,
      "mode": [
        4475875.033569063,
        4605960.112385427,
        4595377.050687009
      ],
      "n": 0,
      "percentiles": {
        "25": 4488972.993103638,
        "50": 4568087.341829976,
        "75": 4836654.445025536
      },
      "frequency_distribution": "removed",
      "average": 4781287.987396661,
      "variance": 307503736129.3347,
      "standard_deviation": 554530.1940646106,
      "standard_deviation_ratio": 0.11597924984362716,
      "median": 4568087.341829976,
      "minimum": 4102395.7991467016,
      "lower_outlier_bound": 2916116.1752492236,
      "upper_outlier_bound": 7164306.120666903,
      "outliers": "removed",
      "sample_size": 45
    },
    {
      "maximum": 2121835.8123448407,
      "total": 81628153.60956211,
      "mode": null,
      "n": 100,
      "percentiles": {
        "25": 1437964.461512321,
        "50": 1638159.0562008712,
        "75": 1861036.519977579
      },
      "frequency_distribution": "removed",
      "average": 1632563.0721912424,
      "variance": 64063301779.260796,
      "standard_deviation": 253107.2930187133,
      "standard_deviation_ratio": 0.15503676233408256,
      "median": 1638159.0562008712,
      "minimum": 1210272.795488103,
      "lower_outlier_bound": 785341.7778246816,
      "upper_outlier_bound": 2534608.5488480604,
      "outliers": "removed",
      "sample_size": 50
    },
    {
      "maximum": 1989099.7334606356,
      "total": 75970412.388389,
      "mode": null,
      "n": 200,
      "percentiles": {
        "25": 1422126.1608531796,
        "50": 1544744.0531065692,
        "75": 1697804.247737355
      },
      "frequency_distribution": "removed",
      "average": 1582716.9247581044,
      "variance": 36938980685.979515,
      "standard_deviation": 192195.16301400386,
      "standard_deviation_ratio": 0.12143369417963237,
      "median": 1544744.0531065692,
      "minimum": 1279475.92666044,
      "lower_outlier_bound": 922361.7146738045,
      "upper_outlier_bound": 2296296.2188001773,
      "outliers": "removed",
      "sample_size": 48
    },
    {
      "maximum": 2244467.387888854,
      "total": 75032555.63895735,
      "mode": 1438621.2254175597,
      "n": 300,
      "percentiles": {
        "25": 1362147.5898089833,
        "50": 1456049.156219514,
        "75": 1715126.6552126817
      },
      "frequency_distribution": "removed",
      "average": 1531276.6456930072,
      "variance": 62975785578.503845,
      "standard_deviation": 250949.76704213902,
      "standard_deviation_ratio": 0.16388271038285648,
      "median": 1456049.156219514,
      "minimum": 1024443.2151125863,
      "lower_outlier_bound": 816638.3963298574,
      "upper_outlier_bound": 2287815.241339572,
      "outliers": "removed",
      "sample_size": 49
    },
    {
      "maximum": 1939224.6979657533,
      "total": 66031368.738243595,
      "mode": null,
      "n": 400,
      "percentiles": {
        "25": 1221905.5122524966,
        "50": 1310890.8814430286,
        "75": 1465781.3695343756
      },
      "frequency_distribution": "removed",
      "average": 1347578.953841706,
      "variance": 47604580877.87342,
      "standard_deviation": 218184.74024980166,
      "standard_deviation_ratio": 0.1619086878937936,
      "median": 1310890.8814430286,
      "minimum": 839243.002811464,
      "lower_outlier_bound": 780980.9817723506,
      "upper_outlier_bound": 1956779.7297194065,
      "outliers": "removed",
      "sample_size": 49
    },
    {
      "maximum": 1925743.3369280542,
      "total": 70960508.29185015,
      "mode": null,
      "n": 500,
      "percentiles": {
        "25": 1284174.3687546132,
        "50": 1453065.9691950015,
        "75": 1555186.105463829
      },
      "frequency_distribution": "removed",
      "average": 1448173.6386091867,
      "variance": 37409668775.48597,
      "standard_deviation": 193415.792466608,
      "standard_deviation_ratio": 0.13355842649667538,
      "median": 1453065.9691950015,
      "minimum": 1124391.4231422243,
      "lower_outlier_bound": 872632.1579937793,
      "upper_outlier_bound": 1985050.7709340963,
      "outliers": "removed",
      "sample_size": 49
    },
    {
      "maximum": 1866333.2151322297,
      "total": 69018469.86693133,
      "mode": null,
      "n": 600,
      "percentiles": {
        "25": 1236217.0954190975,
        "50": 1313047.2102999557,
        "75": 1490794.5878702947
      },
      "frequency_distribution": "removed",
      "average": 1380369.3973386267,
      "variance": 40494345084.205154,
      "standard_deviation": 201232.0677332645,
      "standard_deviation_ratio": 0.14578131630652127,
      "median": 1313047.2102999557,
      "minimum": 1094187.675070028,
      "lower_outlier_bound": 780277.9725539181,
      "upper_outlier_bound": 1999481.4983608183,
      "outliers": "removed",
      "sample_size": 50
    },
    {
      "maximum": 1804598.1159995669,
      "total": 64966046.29426859,
      "mode": null,
      "n": 700,
      "percentiles": {
        "25": 1197425.571197405,
        "50": 1283416.9693391686,
        "75": 1449696.051404566
      },
      "frequency_distribution": "removed",
      "average": 1325837.6794748693,
      "variance": 29909816324.642506,
      "standard_deviation": 172944.54696417146,
      "standard_deviation_ratio": 0.13044171970785323,
      "median": 1283416.9693391686,
      "minimum": 1071972.2144802008,
      "lower_outlier_bound": 798126.0383846236,
      "upper_outlier_bound": 1862924.7925520407,
      "outliers": "removed",
      "sample_size": 49
    },
    {
      "maximum": 1819074.8185472868,
      "total": 63507166.64140262,
      "mode": null,
      "n": 800,
      "percentiles": {
        "25": 1221388.9635293256,
        "50": 1324994.7000211999,
        "75": 1427918.6657527988
      },
      "frequency_distribution": "removed",
      "average": 1351216.3115192046,
      "variance": 28484132882.65341,
      "standard_deviation": 168772.429272833,
      "standard_deviation_ratio": 0.12490407926106083,
      "median": 1324994.7000211999,
      "minimum": 1086791.1404786229,
      "lower_outlier_bound": 857184.6526148493,
      "upper_outlier_bound": 1824210.031210612,
      "outliers": "removed",
      "sample_size": 47
    },
    {
      "maximum": 1799370.220422852,
      "total": 60318670.52620293,
      "mode": null,
      "n": 900,
      "percentiles": {
        "25": 1179384.3613633683,
        "50": 1234994.8130217853,
        "75": 1394602.8868279757
      },
      "frequency_distribution": "removed",
      "average": 1283375.9686426155,
      "variance": 28265793770.583607,
      "standard_deviation": 168124.34020861943,
      "standard_deviation_ratio": 0.1310016272055016,
      "median": 1234994.8130217853,
      "minimum": 972535.5948027698,
      "lower_outlier_bound": 766216.4739388248,
      "upper_outlier_bound": 1869400.2255857775,
      "outliers": "removed",
      "sample_size": 47
    },
    {
      "maximum": 1759107.7805337133,
      "total": 62289434.14099025,
      "mode": 1219898.9923634324,
      "n": 1000,
      "percentiles": {
        "25": 1222585.5342997797,
        "50": 1317384.4820031277,
        "75": 1451647.4453273632
      },
      "frequency_distribution": "removed",
      "average": 1354118.1334997881,
      "variance": 26489742940.68724,
      "standard_deviation": 162756.69860465726,
      "standard_deviation_ratio": 0.12019386978003475,
      "median": 1317384.4820031277,
      "minimum": 1120711.876183752,
      "lower_outlier_bound": 870148.5271160788,
      "upper_outlier_bound": 1802816.4344423553,
      "outliers": "removed",