{"build_type":"random","name":"runtime","timestamp":"2026-04-02T21:43:37.826556Z","impl_mod":"xb5_sets","impl_description":":xb5_sets.is_disjoint/2","tweaks":"none","group_id":"is_disjoint_100_0050","measurements":[{"maximum":8784258.608573437,"total":377098914.53196627,"mode":[8135372.600065083,7739339.060444238],"n":0,"percentiles":{"25":7739339.060444238,"50":8089305.937550558,"75":8324315.325064514},"frequency_distribution":"removed","outliers":"removed","median":8089305.937550558,"average":8023381.160254601,"sample_size":47,"variance":142697533931.26907,"standard_deviation":377753.2712383429,"lower_outlier_bound":6861874.663513823,"minimum":6950236.308034473,"standard_deviation_ratio":0.04708155622839136,"upper_outlier_bound":9201779.721994929},{"maximum":2430901.6214113813,"total":92782155.11043343,"mode":2213025.8702724236,"n":100,"percentiles":{"25":2143438.9334247867,"50":2211314.40231256,"75":2280892.9197897315},"frequency_distribution":"removed","outliers":"removed","median":2211314.40231256,"average":2209098.931200796,"sample_size":42,"variance":10580932809.740318,"standard_deviation":102863.66126937306,"lower_outlier_bound":1897309.6184648173,"minimum":1999720.0391945129,"standard_deviation_ratio":0.046563628190911144,"upper_outlier_bound":2553654.458358069},{"maximum":2525252.525252525,"total":103633199.23525803,"mode":[2189333.566862247,2362725.6402986487,2414525.7871354064,2182643.6179500613,2301919.8011141294,2075119.3193608632],"n":200,"percentiles":{"25":2166131.451877714,"50":2260180.53879451,"75":2359841.412905318},"frequency_distribution":"removed","outliers":"removed","median":2260180.53879451,"average":2252895.6355490875,"sample_size":46,"variance":20792137198.730087,"standard_deviation":144194.78908313604,"lower_outlier_bound":1879501.2259026049,"minimum":1924520.313311907,"standard_deviation_ratio":0.06400420277257633,"upper_outlier_bound":2652660.288936275},{"maximum":2727322.314951181,"total":103858945.03811452,"mode":[2468648.168263059,2362725.6402986487,2298269.403139436,2202788.730532855,2230251.1262768186,2309362.1541730175,2189285.636096942,2121205.693316081],"n":300,"percentiles":{"25":2202788.730532855,"50":2309362.1541730175,"75":2374537.8589275135},"frequency_distribution":"removed","outliers":"removed","median":2309362.1541730175,"average":2307976.556402545,"sample_size":45,"variance":17838577977.016422,"standard_deviation":133561.13947184046,"lower_outlier_bound":1881327.0386503288,"minimum":2045449.8967047802,"standard_deviation_ratio":0.05786936574434833,"upper_outlier_bound":2729556.154046456},{"maximum":2435104.4659815906,"total":94453756.96193564,"mode":[2137071.7842412326,2051324.129725738,1999760.0287965443,2022326.4843876394],"n":400,"percentiles":{"25":1937516.338870339,"50":2042562.957701853,"75":2137071.7842412326},"frequency_distribution":"removed","outliers":"removed","median":2042562.957701853,"average":2053342.5426507748,"sample_size":46,"variance":33196158507.428078,"standard_deviation":182198.12981320109,"lower_outlier_bound":1573517.862461574,"minimum":1625197.055142936,"standard_deviation_ratio":0.08873245745836023,"upper_outlier_bound":2544180.466218281},{"maximum":2137026.114459119,"total":89205151.20454574,"mode":[1871642.7408336296,1854702.5984383405,1940127.6604000544,1835670.7540935457,1871677.7719547802],"n":500,"percentiles":{"25":1835670.7540935457,"50":1871677.7719547802,"75":1953353.9086611713},"frequency_distribution":"removed","outliers":"removed","median":1871677.7719547802,"average":1897981.9405222498,"sample_size":47,"variance":9821523554.389114,"standard_deviation":99103.60010811471,"lower_outlier_bound":1651089.2142753624,"minimum":1723009.0630276715,"standard_deviation_ratio":0.05221524925618908,"upper_outlier_bound":2143306.653790518},{"maximum":2335739.144652325,"total":92994736.42092359,"mode":[1704535.7696831268,1940127.6604000544,1857079.1858564848,1927079.318584753,2189285.636096942],"n":600,"percentiles":{"25":1786449.4087854708,"50":1871677.7719547802,"75":2013798.4369895575},"frequency_distribution":"removed","outliers":"removed","median":1871677.7719547802,"average":1897851.7636923182,"sample_size":49,"variance":38119080072.6162,"standard_deviation":195241.0819285127,"lower_outlier_bound":1441699.478680246,"minimum":1476101.9100758717,"standard_deviation_ratio":0.1028747796132751,"upper_outlier_bound":2368457.880937427},{"maximum":2354991.4042813745,"total":100442594.78827158,"mode":[1956028.4797746656,2305688.132623181,2102518.817543417],"n":700,"percentiles":{"25":1979038.192020445,"50":2084184.4044382414,"75":2187625.131560222},"frequency_distribution":"removed","outliers":"removed","median":2084184.4044382414,"average":2092554.058088991,"sample_size":48,"variance":16851990310.390583,"standard_deviation":129815.21602027469,"lower_outlier_bound":1666157.7827107795,"minimum":1874098.090294046,"standard_deviation_ratio":0.062036732345556435,"upper_outlier_bound":2500505.540869887},{"maximum":2030951.7039684795,"total":77000243.28642286,"mode":[1838032.5699371393,1731361.8892620935,2030951.7039684795],"n":800,"percentiles":{"25":1716797.1432495536,"50":1794269.1044802899,"75":1859496.4483617835},"frequency_distribution":"removed","outliers":"removed","median":1794269.1044802899,"average":1790703.3322423922,"sample_size":43,"variance":14356019035.508945,"standard_deviation":119816.60584204906,"lower_outlier_bound":1425730.1799189402,"minimum":1508773.5180072119,"standard_deviation_ratio":0.06691036068604943,"upper_outlier_bound":2190996.716109872},{"maximum":1871677.7719547802,"total":74605326.68201756,"mode":[1746114.894360049,1706572.0088059115,1664918.5022393153,1733432.716809097],"n":900,"percentiles":{"25":1655783.4568851804,"50":1689446.621349595,"75":1742944.349972311},"frequency_distribution":"removed","outliers":"removed","median":1689446.621349595,"average":1695575.60640949,"sample_size":44,"variance":5873644204.2677,"standard_deviation":76639.70383729115,"lower_outlier_bound":1512258.6298936226,"minimum":1531346.6662583076,"standard_deviation_ratio":0.045199815064325875,"upper_outlier_bound":1887319.9822421384},{"maximum":1871642.7408336296,"total":75149756.12942776,"mode":[1731331.913641164,1733432.716809097],"n":1000,"percentiles":{"25":1676614.4470944828,"50":1717834.939651582,"75":1758991.9914586304},"frequency_distribution":"removed","outliers":"removed","median":1717834.939651582,"average":1707949.00294154,"sample_size":44,"variance":7490436410.310408,"standard_deviation":86547.30735447757,"lower_outlier_bound":1471137.2564892475,"minimum":1505593.2790316024,"standard_deviation_ratio":0.05067323860690232,"upper_outlier_bound":1936900.7157067242},{"maximum":1904036.557501904,"total":75029156.47314686,"mode":[1599795.226211045,1692476.9400016924,1690445.601460545],"n":2000,"percentiles":{"25":1599795.226211045,"50":1664890.7831646244,"75":1714760.9586645192},"frequency_distribution":"removed","outliers":"removed","median":1664890.7831646244,"average":1667314.5882921524,"sample_size":45,"variance":9364998868.415062,"standard_deviation":96772.92425268062,"lower_outlier_bound":1416191.0924913837,"minimum":1510345.8692040478,"standard_deviation_ratio":0.05804119086596977,"upper_outlier_bound":1904609.090869952},{"maximum":1599795.226211045,"total":66586631.54305853,"mode":[1428959.288949858,1419043.5646374344,1456579.3690098173,1477628.7014598972,1427531.3700018558],"n":3000,"percentiles":{"25":1414482.4282673574,"50":1432550.6186100123,"75":1495382.9189307676},"frequency_distribution":"removed","outliers":"removed","median":1432550.6186100123,"average":1447535.4683273593,"sample_size":46,"variance":4100025811.743236,"standard_deviation":64031.443929863366,"lower_outlier_bound":1278915.006428306,"minimum":1300474.6732557383,"standard_deviation_ratio":0.04423480137854743,"upper_outlier_bound":1644158.8144943612},{"maximum":1690445.601460545,"total":68481291.17216009,"mode":1542900.3440667768,"n":4000,"percentiles":{"25":1467771.7856494826,