{
  "build_type": "random",
  "name": "runtime",
  "timestamp": "2026-03-19T21:33:01.517464Z",
  "impl_mod": "xb5_sets",
  "tweaks": "none",
  "impl_description": ":xb5_sets.is_disjoint/2",
  "group_id": "is_disjoint_100_0500",
  "measurements": [
    {
      "maximum": 5147475.163432336,
      "total": 228034500.12350717,
      "mode": [
        4485914.229319936,
        4522431.259044862,
        4471871.925588051
      ],
      "n": 0,
      "percentiles": {
        "25": 4485914.229319936,
        "50": 4542980.308677639,
        "75": 4632261.19953186
      },
      "frequency_distribution": "removed",
      "average": 4560690.002470143,
      "variance": 34603878070.463234,
      "standard_deviation": 186021.17640328812,
      "standard_deviation_ratio": 0.04078794574999311,
      "median": 4542980.308677639,
      "minimum": 4026251.157547208,
      "lower_outlier_bound": 3959942.210852252,
      "upper_outlier_bound": 5378664.363742864,
      "outliers": "removed",
      "sample_size": 50
    },
    {
      "maximum": 2349072.116513977,
      "total": 114904660.0119919,
      "mode": null,
      "n": 100,
      "percentiles": {
        "25": 1666028.02259134,
        "50": 1815738.8241275374,
        "75": 1983536.645839532
      },
      "frequency_distribution": "removed",
      "average": 1823883.4922538397,
      "variance": 48411186442.35571,
      "standard_deviation": 220025.42226378233,
      "standard_deviation_ratio": 0.120635678319501,
      "median": 1815738.8241275374,
      "minimum": 1305755.7714405097,
      "lower_outlier_bound": 1181363.0768302134,
      "upper_outlier_bound": 2462326.749313967,
      "outliers": "removed",
      "sample_size": 63
    },
    {
      "maximum": 2090738.0305247752,
      "total": 99777856.89576085,
      "mode": 1779169.483685016,
      "n": 200,
      "percentiles": {
        "25": 1548345.664289378,
        "50": 1640707.6499959263,
        "75": 1779169.483685016
      },
      "frequency_distribution": "removed",
      "average": 1662964.281596014,
      "variance": 29154046473.802315,
      "standard_deviation": 170745.56062692322,
      "standard_deviation_ratio": 0.102675422747536,
      "median": 1640707.6499959263,
      "minimum": 1360562.7287446088,
      "lower_outlier_bound": 1171356.768603723,
      "upper_outlier_bound": 2222243.5892875255,
      "outliers": "removed",
      "sample_size": 60
    },
    {
      "maximum": 2237887.434262057,
      "total": 107647672.02741821,
      "mode": null,
      "n": 300,
      "percentiles": {
        "25": 1544830.9954890935,
        "50": 1680898.2720365764,
        "75": 1828053.3060344039
      },
      "frequency_distribution": "removed",
      "average": 1708693.206784416,
      "variance": 46124290902.44867,
      "standard_deviation": 214765.6650920921,
      "standard_deviation_ratio": 0.12569000932370936,
      "median": 1680898.2720365764,
      "minimum": 1306950.3620252502,
      "lower_outlier_bound": 1104041.1898885274,
      "upper_outlier_bound": 2293037.1230216175,
      "outliers": "removed",
      "sample_size": 63
    },
    {
      "maximum": 1952476.716715153,
      "total": 87576090.73214795,
      "mode": null,
      "n": 400,
      "percentiles": {
        "25": 1398699.456007251,
        "50": 1555887.4782175752,
        "75": 1654834.882514813
      },
      "frequency_distribution": "removed",
      "average": 1536422.6444236482,
      "variance": 32540588700.615437,
      "standard_deviation": 180390.10144854244,
      "standard_deviation_ratio": 0.11740916609323433,
      "median": 1555887.4782175752,
      "minimum": 1020054.2668869984,
      "lower_outlier_bound": 967395.3526364102,
      "upper_outlier_bound": 2121591.463810552,
      "outliers": "removed",
      "sample_size": 57
    },
    {
      "maximum": 1921672.6238518006,
      "total": 80567933.5592358,
      "mode": null,
      "n": 500,
      "percentiles": {
        "25": 1272658.6848128147,
        "50": 1341995.4119731332,
        "75": 1521572.0948872073
      },
      "frequency_distribution": "removed",
      "average": 1389102.3027454447,
      "variance": 33385642629.69305,
      "standard_deviation": 182717.3845853017,
      "standard_deviation_ratio": 0.13153630529887975,
      "median": 1341995.4119731332,
      "minimum": 1059568.9673440845,
      "lower_outlier_bound": 857517.0912431674,
      "upper_outlier_bound": 1971638.993559881,
      "outliers": "removed",
      "sample_size": 58
    },
    {
      "maximum": 1929086.7703229291,
      "total": 81394365.56453411,
      "mode": 1528491.07361213,
      "n": 600,
      "percentiles": {
        "25": 1219452.7096239207,
        "50": 1383566.0030161738,
        "75": 1516898.246465627
      },
      "frequency_distribution": "removed",
      "average": 1379565.5180429511,
      "variance": 44312074245.71035,
      "standard_deviation": 210504.33308060514,
      "standard_deviation_ratio": 0.1525874127234103,
      "median": 1383566.0030161738,
      "minimum": 1046243.9840970915,
      "lower_outlier_bound": 758127.3942679323,
      "upper_outlier_bound": 1990709.2812186487,
      "outliers": "removed",
      "sample_size": 59
    },
    {
      "maximum": 1766565.9724062395,
      "total": 75432664.17852257,
      "mode": null,
      "n": 700,
      "percentiles": {
        "25": 1168013.035425759,
        "50": 1269947.4906014898,
        "75": 1393874.7830229057
      },
      "frequency_distribution": "removed",
      "average": 1300563.1754917684,
      "variance": 29776771214.463406,
      "standard_deviation": 172559.47152927713,
      "standard_deviation_ratio": 0.1326805762157836,
      "median": 1269947.4906014898,
      "minimum": 1040896.8367145133,
      "lower_outlier_bound": 764928.1240118169,
      "upper_outlier_bound": 1828338.1180602913,
      "outliers": "removed",
      "sample_size": 58
    },
    {
      "maximum": 1771604.7195549728,
      "total": 74733179.96645746,
      "mode": null,
      "n": 800,
      "percentiles": {
        "25": 1189970.4647551589,
        "50": 1260109.1368091325,
        "75": 1402801.6209093113
      },
      "frequency_distribution": "removed",
      "average": 1288503.102869956,
      "variance": 27407545440.208538,
      "standard_deviation": 165552.2438392441,
      "standard_deviation_ratio": 0.1284841638879256,
      "median": 1260109.1368091325,
      "minimum": 918315.8088066486,
      "lower_outlier_bound": 835948.4864289287,
      "upper_outlier_bound": 1796087.6948834788,
      "outliers": "removed",
      "sample_size": 58
    },
    {
      "maximum": 1709693.9647803043,
      "total": 79670179.62054475,
      "mode": 1212929.8320092182,
      "n": 900,
      "percentiles": {
        "25": 1166119.8029451983,
        "50": 1253490.6684695561,
        "75": 1386014.777062356
      },
      "frequency_distribution": "removed",
      "average": 1285002.8971055604,
      "variance": 34656632385.98395,
      "standard_deviation": 186162.9189338842,
      "standard_deviation_ratio": 0.1448735402489846,
      "median": 1253490.6684695561,
      "minimum": 877231.4575200666,
      "lower_outlier_bound": 812898.6533808465,
      "upper_outlier_bound": 1758381.2632064847,
      "outliers": "removed",
      "sample_size": 62
    },
    {
      "maximum": 1742828.2617030917,
      "total": 79964864.37481244,
      "mode": null,
      "n": 1000,
      "percentiles": {
        "25": 1158686.6118174833,
        "50": 1310118.9917114698,
        "75": 1387769.8348165338
      },
      "frequency_distribution": "removed",
      "average": 1289755.8770131038,
      "variance": 20589270480.578403,
      "standard_deviation": 143489.61802366888,
      "standard_deviation_ratio": 0.1112533159034491,
      "median": 1310118.9917114698,
      "minimum": 1074171.5451957677,
      "lower_outlier_bound": 814529.6508634784,
      "upper_outlier_bound": 1745919.9636760415,
      "outliers": "removed",