{
  "build_type": "random",
  "name": "runtime",
  "timestamp": "2026-03-19T21:33:01.698664Z",
  "impl_mod": "xb5_sets",
  "tweaks": "none",
  "impl_description": "iterate :xb5_sets",
  "group_id": "iterate",
  "measurements": [
    {
      "maximum": 5118231.139318252,
      "total": 280872919.2513479,
      "mode": [
        4064049.418840933,
        4134623.335814107
      ],
      "n": 0,
      "percentiles": {
        "25": 3749531.3085864265,
        "50": 3917267.314321529,
        "75": 4097353.1098910104
      },
      "frequency_distribution": "removed",
      "average": 3955956.609173914,
      "variance": 120879387069.35994,
      "standard_deviation": 347677.1304951764,
      "standard_deviation_ratio": 0.08788699291820054,
      "median": 3917267.314321529,
      "minimum": 2968768.5548034674,
      "lower_outlier_bound": 2965028.8458803026,
      "upper_outlier_bound": 5140200.820823315,
      "outliers": "removed",
      "sample_size": 71
    },
    {
      "maximum": 496475.0273061265,
      "total": 28674012.19694158,
      "mode": null,
      "n": 100,
      "percentiles": {
        "25": 217614.0689317829,
        "50": 363534.98195201234,
        "75": 388665.9651643908
      },
      "frequency_distribution": "removed",
      "average": 333418.7464760649,
      "variance": 7088887911.033936,
      "standard_deviation": 84195.53379505314,
      "standard_deviation_ratio": 0.2525218953190962,
      "median": 363534.98195201234,
      "minimum": 189994.14818023605,
      "lower_outlier_bound": -38963.77541712893,
      "upper_outlier_bound": 645243.8095133026,
      "outliers": "removed",
      "sample_size": 86
    },
    {
      "maximum": 246387.95261466896,
      "total": 15691885.329885934,
      "mode": null,
      "n": 200,
      "percentiles": {
        "25": 112042.05610618001,
        "50": 209170.01338688086,
        "75": 217777.62291369037
      },
      "frequency_distribution": "removed",
      "average": 180366.4980446659,
      "variance": 2768638478.6121764,
      "standard_deviation": 52617.853230744564,
      "standard_deviation_ratio": 0.2917274205640689,
      "median": 209170.01338688086,
      "minimum": 72359.7378840855,
      "lower_outlier_bound": -46561.294105085544,
      "upper_outlier_bound": 376380.9731249559,
      "outliers": "removed",
      "sample_size": 87
    },
    {
      "maximum": 165267.40265749983,
      "total": 10957119.35901147,
      "mode": null,
      "n": 300,
      "percentiles": {
        "25": 76623.07565208485,
        "50": 148721.66298594867,
        "75": 152828.80412929886
      },
      "frequency_distribution": "removed",
      "average": 127408.36463966825,
      "variance": 1367735869.7332237,
      "standard_deviation": 36982.91321317486,
      "standard_deviation_ratio": 0.29027068448581544,
      "median": 148721.66298594867,
      "minimum": 56749.824075545366,
      "lower_outlier_bound": -37685.51706373617,
      "upper_outlier_bound": 267137.3968451199,
      "outliers": "removed",
      "sample_size": 86
    },
    {
      "maximum": 123915.73729863693,
      "total": 8132181.507916071,
      "mode": null,
      "n": 400,
      "percentiles": {
        "25": 57889.26478318155,
        "50": 112180.56583877408,
        "75": 115651.05762892202
      },
      "frequency_distribution": "removed",
      "average": 93473.35066570198,
      "variance": 864486418.65032,
      "standard_deviation": 29402.14989843974,
      "standard_deviation_ratio": 0.3145511494885164,
      "median": 112180.56583877408,
      "minimum": 32998.595579772125,
      "lower_outlier_bound": -28753.424485429154,
      "upper_outlier_bound": 202293.74689753272,
      "outliers": "removed",
      "sample_size": 87
    },
    {
      "maximum": 99035.00293143609,
      "total": 6495643.789521606,
      "mode": null,
      "n": 500,
      "percentiles": {
        "25": 46749.46323259881,
        "50": 92966.44053562531,
        "75": 95491.08862726139
      },
      "frequency_distribution": "removed",
      "average": 75530.74173862333,
      "variance": 596426558.2973914,
      "standard_deviation": 24421.845923217832,
      "standard_deviation_ratio": 0.32333650327081986,
      "median": 92966.44053562531,
      "minimum": 32199.150457614327,
      "lower_outlier_bound": -26362.974859395043,
      "upper_outlier_bound": 168603.52671925526,
      "outliers": "removed",
      "sample_size": 86
    },
    {
      "maximum": 82920.52730821726,
      "total": 5573581.8920928845,
      "mode": null,
      "n": 600,
      "percentiles": {
        "25": 38755.754260613845,
        "50": 78782.83668633086,
        "75": 80283.49708490622
      },
      "frequency_distribution": "removed",
      "average": 64064.159679228556,
      "variance": 421851735.7342489,
      "standard_deviation": 20539.02957138552,
      "standard_deviation_ratio": 0.3206009362212061,
      "median": 78782.83668633086,
      "minimum": 29890.862482902427,
      "lower_outlier_bound": -23535.859975824722,
      "upper_outlier_bound": 142575.1113213448,
      "outliers": "removed",
      "sample_size": 87
    },
    {
      "maximum": 71406.23147900871,
      "total": 4720026.499900773,
      "mode": null,
      "n": 700,
      "percentiles": {
        "25": 33589.51049869502,
        "50": 67506.81143727402,
        "75": 69356.53347635026
      },
      "frequency_distribution": "removed",
      "average": 55529.72352824439,
      "variance": 313190657.75723034,
      "standard_deviation": 17697.193499457204,
      "standard_deviation_ratio": 0.318697669914668,
      "median": 67506.81143727402,
      "minimum": 23933.212933316805,
      "lower_outlier_bound": -20061.02396778785,
      "upper_outlier_bound": 123007.06794283312,
      "outliers": "removed",
      "sample_size": 85
    },
    {
      "maximum": 62565.224246276746,
      "total": 4408360.970249945,
      "mode": 60278.51083144561,
      "n": 800,
      "percentiles": {
        "25": 29903.30477107786,
        "50": 60337.50442394415,
        "75": 61236.36865379856
      },
      "frequency_distribution": "removed",
      "average": 50095.01102556756,
      "variance": 232424880.04202604,
      "standard_deviation": 15245.48720251426,
      "standard_deviation_ratio": 0.3043314471920816,
      "median": 60337.50442394415,
      "minimum": 20293.830310296726,
      "lower_outlier_bound": -17096.2910530032,
      "upper_outlier_bound": 108235.96447787962,
      "outliers": "removed",
      "sample_size": 88
    },
    {
      "maximum": 55763.118273573855,
      "total": 3901588.429286414,
      "mode": null,
      "n": 900,
      "percentiles": {
        "25": 26256.87447340778,
        "50": 53946.9183901808,
        "75": 54794.851854772685
      },
      "frequency_distribution": "removed",
      "average": 43838.07223917319,
      "variance": 190664347.86107492,
      "standard_deviation": 13808.126153141668,
      "standard_deviation_ratio": 0.3149802317448368,
      "median": 53946.9183901808,
      "minimum": 23091.80841188397,
      "lower_outlier_bound": -16550.091598639574,
      "upper_outlier_bound": 97601.81792682005,
      "outliers": "removed",
      "sample_size": 89
    },
    {
      "maximum": 50797.26304346722,
      "total": 3750817.6647971855,
      "mode": null,
      "n": 1000,
      "percentiles": {
        "25": 29898.21772757209,
        "50": 49050.363225964815,
        "75": 49553.22827434687
      },
      "frequency_distribution": "removed",
      "average": 42622.92800905892,
      "variance": 135159380.1938603,
      "standard_deviation": 11625.806647018533,
      "standard_deviation_ratio": 0.2727594557686798,
      "median": 49050.363225964815,
      "minimum": 16746.177517519853,
      "lower_outlier_bound": 415.70190740992257,
      "upper_outlier_bound": 79035.74409450903,
      "outliers": "removed",
      "sample_size": 88
    },
    {
      "maximum": 25323.1102249148,
      "total": 1802967.978342848,