{
  "build_type": "random",
  "name": "runtime",
  "timestamp": "2026-03-19T21:33:01.660846Z",
  "impl_mod": "xb5_sets",
  "tweaks": "none",
  "impl_description": ":xb5_sets.to_list/1",
  "group_id": "to_list",
  "measurements": [
    {
      "maximum": 4808154.630252909,
      "total": 227297184.87465873,
      "mode": 4536793.394428818,
      "n": 0,
      "percentiles": {
        "25": 4298496.479808276,
        "50": 4351042.082814066,
        "75": 4435180.500579989
      },
      "frequency_distribution": "removed",
      "average": 4371099.709128053,
      "variance": 19889734012.154156,
      "standard_deviation": 141030.96827347585,
      "standard_deviation_ratio": 0.03226441345617547,
      "median": 4351042.082814066,
      "minimum": 3960709.7591888467,
      "lower_outlier_bound": 3941051.1078774626,
      "upper_outlier_bound": 4894238.766359631,
      "outliers": "removed",
      "sample_size": 52
    },
    {
      "maximum": 1013109.6387251029,
      "total": 43795231.123549014,
      "mode": null,
      "n": 100,
      "percentiles": {
        "25": 553308.130446295,
        "50": 716135.2397639891,
        "75": 789124.4647716978
      },
      "frequency_distribution": "removed",
      "average": 684300.4863054533,
      "variance": 19442269369.505054,
      "standard_deviation": 139435.53840217728,
      "standard_deviation_ratio": 0.20376361144355085,
      "median": 716135.2397639891,
      "minimum": 463722.9533587454,
      "lower_outlier_bound": 162206.55973398255,
      "upper_outlier_bound": 1207605.53905174,
      "outliers": "removed",
      "sample_size": 64
    },
    {
      "maximum": 947705.6047309464,
      "total": 35056845.58743254,
      "mode": null,
      "n": 200,
      "percentiles": {
        "25": 358737.4299027581,
        "50": 551997.8911627487,
        "75": 603784.5807890354
      },
      "frequency_distribution": "removed",
      "average": 515541.84687400796,
      "variance": 19605530003.430832,
      "standard_deviation": 140019.74861936737,
      "standard_deviation_ratio": 0.27159725145180397,
      "median": 551997.8911627487,
      "minimum": 321619.935290069,
      "lower_outlier_bound": -10122.572759992268,
      "upper_outlier_bound": 974125.6604088655,
      "outliers": "removed",
      "sample_size": 68
    },
    {
      "maximum": 737604.5554457344,
      "total": 29248006.982405484,
      "mode": null,
      "n": 300,
      "percentiles": {
        "25": 263870.3446674442,
        "50": 447303.20895322104,
        "75": 478895.09324087464
      },
      "frequency_distribution": "removed",
      "average": 411943.76031557017,
      "variance": 14243554832.614471,
      "standard_deviation": 119346.36497444936,
      "standard_deviation_ratio": 0.28971519044984173,
      "median": 447303.20895322104,
      "minimum": 237476.6679173771,
      "lower_outlier_bound": -58666.77819270152,
      "upper_outlier_bound": 801432.2161010203,
      "outliers": "removed",
      "sample_size": 71
    },
    {
      "maximum": 452251.30700627726,
      "total": 19998291.86306999,
      "mode": null,
      "n": 400,
      "percentiles": {
        "25": 366125.4580360198,
        "50": 385701.3646968911,
        "75": 399517.40021473716
      },
      "frequency_distribution": "removed",
      "average": 384582.535828269,
      "variance": 551828945.6131467,
      "standard_deviation": 23491.039687786208,
      "standard_deviation_ratio": 0.061081920002409744,
      "median": 385701.3646968911,
      "minimum": 339611.6201511951,
      "lower_outlier_bound": 284431.33902450895,
      "upper_outlier_bound": 466355.51811693574,
      "outliers": "removed",
      "sample_size": 52
    },
    {
      "maximum": 405114.16117061785,
      "total": 18518253.45389335,
      "mode": null,
      "n": 500,
      "percentiles": {
        "25": 167785.2678501007,
        "50": 320401.91215861175,
        "75": 354531.99347066693
      },
      "frequency_distribution": "removed",
      "average": 268380.48483903403,
      "variance": 9252161314.911404,
      "standard_deviation": 96188.15579327532,
      "standard_deviation_ratio": 0.3584021984719413,
      "median": 320401.91215861175,
      "minimum": 94222.289224739,
      "lower_outlier_bound": -112334.82058074867,
      "upper_outlier_bound": 634652.0819015163,
      "outliers": "removed",
      "sample_size": 69
    },
    {
      "maximum": 347362.1319698212,
      "total": 15673324.576319618,
      "mode": null,
      "n": 600,
      "percentiles": {
        "25": 144704.39785605963,
        "50": 286024.8269549797,
        "75": 309262.4091541673
      },
      "frequency_distribution": "removed",
      "average": 233930.21755700922,
      "variance": 6945111228.410388,
      "standard_deviation": 83337.33394109982,
      "standard_deviation_ratio": 0.35624869164579115,
      "median": 286024.8269549797,
      "minimum": 87973.80491984707,
      "lower_outlier_bound": -102132.61909110183,
      "upper_outlier_bound": 556099.4261013288,
      "outliers": "removed",
      "sample_size": 67
    },
    {
      "maximum": 387587.88555304916,
      "total": 15879224.883983571,
      "mode": null,
      "n": 700,
      "percentiles": {
        "25": 129338.24982940574,
        "50": 269236.9823919014,
        "75": 286025.7593470753
      },
      "frequency_distribution": "removed",
      "average": 230133.6939707764,
      "variance": 6159223209.487498,
      "standard_deviation": 78480.71871158863,
      "standard_deviation_ratio": 0.34102228733857,
      "median": 269236.9823919014,
      "minimum": 113208.74333766545,
      "lower_outlier_bound": -105693.0144470986,
      "upper_outlier_bound": 521057.02362357965,
      "outliers": "removed",
      "sample_size": 69
    },
    {
      "maximum": 379887.24946435896,
      "total": 15465470.556459423,
      "mode": null,
      "n": 800,
      "percentiles": {
        "25": 124286.3412253033,
        "50": 252796.02387689747,
        "75": 262359.0671414515
      },
      "frequency_distribution": "removed",
      "average": 220935.29366370605,
      "variance": 4978685416.626512,
      "standard_deviation": 70559.80028760365,
      "standard_deviation_ratio": 0.31936862199574767,
      "median": 252796.02387689747,
      "minimum": 65486.25508991918,
      "lower_outlier_bound": -82822.74764891903,
      "upper_outlier_bound": 469468.1560156739,
      "outliers": "removed",
      "sample_size": 70
    },
    {
      "maximum": 315340.0311555951,
      "total": 13513645.858661352,
      "mode": null,
      "n": 900,
      "percentiles": {
        "25": 102123.55724944496,
        "50": 233052.42747408457,
        "75": 242838.68711692197
      },
      "frequency_distribution": "removed",
      "average": 190333.04026283594,
      "variance": 5185380781.098124,
      "standard_deviation": 72009.58811920899,
      "standard_deviation_ratio": 0.3783346707422371,
      "median": 233052.42747408457,
      "minimum": 48352.672790693854,
      "lower_outlier_bound": -108949.13755177053,
      "upper_outlier_bound": 453911.3819181374,
      "outliers": "removed",
      "sample_size": 71
    },
    {
      "maximum": 288555.31894019403,
      "total": 12562207.53875874,
      "mode": 215668.76728046,
      "n": 1000,
      "percentiles": {
        "25": 94266.69934578911,
        "50": 213885.44295675238,
        "75": 221017.92013296438
      },
      "frequency_distribution": "removed",
      "average": 176932.50054589775,
      "variance": 3761066326.1477337,
      "standard_deviation": 61327.53318166102,
      "standard_deviation_ratio": 0.3466154210924756,
      "median": 213885.44295675238,
      "minimum": 88407.01173691488,
      "lower_outlier_bound": -95860.1318349738,
      "upper_outlier_bound": 411144.7513137273,
      "outliers": "removed",
      "sample_size": 71
    },
    {
      "maximum": 148950.0510898675,
      "total": 7067774.2054502,
      "mode": null,
      "n": 2000,