{
  "build_type": "from_ordset_or_orddict",
  "name": "runtime",
  "timestamp": "2026-04-02T22:07:07.158811Z",
  "impl_mod": "xb5_bag",
  "impl_description": ":xb5_bag.add/2",
  "tweaks": "none",
  "group_id": "add_new_x300",
  "measurements": [
    {
      "maximum": 43414.25315979788,
      "total": 2017296.8580125817,
      "mode": null,
      "n": 0,
      "percentiles": {
        "25": 40949.636000080005,
        "50": 42917.18598960945,
        "75": 43062.76887343607
      },
      "frequency_distribution": "removed",
      "outliers": "removed",
      "median": 42917.18598960945,
      "average": 42027.01787526212,
      "sample_size": 48,
      "variance": 2356026.318752397,
      "standard_deviation": 1534.9352816169146,
      "lower_outlier_bound": 37779.936690045906,
      "minimum": 38133.967679174355,
      "standard_deviation_ratio": 0.036522583785808076,
      "upper_outlier_bound": 46232.46818347017
    },
    {
      "maximum": 40018.968991301874,
      "total": 1898276.0206527768,
      "mode": null,
      "n": 100,
      "percentiles": {
        "25": 38098.53336560721,
        "50": 39432.87637201764,
        "75": 39556.15664668509
      },
      "frequency_distribution": "removed",
      "outliers": "removed",
      "median": 39432.87637201764,
      "average": 38740.326952097486,
      "sample_size": 49,
      "variance": 1496132.3886821524,
      "standard_deviation": 1223.164906577258,
      "lower_outlier_bound": 35912.098443990384,
      "minimum": 36080.52885395973,
      "standard_deviation_ratio": 0.03157342755753467,
      "upper_outlier_bound": 41742.59156830191
    },
    {
      "maximum": 37916.57519292901,
      "total": 1835922.0583495235,
      "mode": null,
      "n": 200,
      "percentiles": {
        "25": 35146.16900482899,
        "50": 37435.72762949165,
        "75": 37670.21892338908
      },
      "frequency_distribution": "removed",
      "outliers": "removed",
      "median": 37435.72762949165,
      "average": 36718.441166990466,
      "sample_size": 50,
      "variance": 2025795.3530288476,
      "standard_deviation": 1423.3043782089787,
      "lower_outlier_bound": 31360.09412698885,
      "minimum": 31846.383238102033,
      "standard_deviation_ratio": 0.03876265802613963,
      "upper_outlier_bound": 41456.29380122922
    },
    {
      "maximum": 36663.51727053313,
      "total": 1731243.607919103,
      "mode": null,
      "n": 300,
      "percentiles": {
        "25": 33986.79772815811,
        "50": 36103.22055168609,
        "75": 36449.30283551091
      },
      "frequency_distribution": "removed",
      "outliers": "removed",
      "median": 36103.22055168609,
      "average": 35331.502202430675,
      "sample_size": 49,
      "variance": 1572175.9305034254,
      "standard_deviation": 1253.864398770228,
      "lower_outlier_bound": 30293.04006712891,
      "minimum": 33016.70315012365,
      "standard_deviation_ratio": 0.03548856744290841,
      "upper_outlier_bound": 40143.060496540114
    },
    {
      "maximum": 36275.23032957498,
      "total": 1572405.9164025607,
      "mode": null,
      "n": 400,
      "percentiles": {
        "25": 32997.795566250206,
        "50": 34907.86851970629,
        "75": 35161.32805060611
      },
      "frequency_distribution": "removed",
      "outliers": "removed",
      "median": 34907.86851970629,
      "average": 34182.73731309915,
      "sample_size": 46,
      "variance": 1558552.2810588605,
      "standard_deviation": 1248.419913754527,
      "lower_outlier_bound": 29752.496839716347,
      "minimum": 30791.32472900555,
      "standard_deviation_ratio": 0.03652194095281307,
      "upper_outlier_bound": 38406.62677713997
    },
    {
      "maximum": 35060.65493303415,
      "total": 1697084.7119502348,
      "mode": null,
      "n": 500,
      "percentiles": {
        "25": 32946.01297666045,
        "50": 34660.73608245258,
        "75": 34815.43534313998
      },
      "frequency_distribution": "removed",
      "outliers": "removed",
      "median": 34660.73608245258,
      "average": 33941.6942390047,
      "sample_size": 50,
      "variance": 1314134.7711541506,
      "standard_deviation": 1146.3571743371044,
      "lower_outlier_bound": 30141.87942694116,
      "minimum": 31271.460039452075,
      "standard_deviation_ratio": 0.03377430620477831,
      "upper_outlier_bound": 37619.56889285927
    },
    {
      "maximum": 34831.34835284295,
      "total": 1616047.2425954046,
      "mode": null,
      "n": 600,
      "percentiles": {
        "25": 32518.3609542201,
        "50": 34339.22887316118,
        "75": 34537.8077665005
      },
      "frequency_distribution": "removed",
      "outliers": "removed",
      "median": 34339.22887316118,
      "average": 33667.65088740426,
      "sample_size": 48,
      "variance": 1455221.8090227183,
      "standard_deviation": 1206.3257474756635,
      "lower_outlier_bound": 29438.416207263286,
      "minimum": 31000.46562699372,
      "standard_deviation_ratio": 0.035830410369586375,
      "upper_outlier_bound": 37596.245122347565
    },
    {
      "maximum": 34508.89018028825,
      "total": 1640952.2402701501,
      "mode": null,
      "n": 700,
      "percentiles": {
        "25": 32481.62721247941,
        "50": 34123.217573730035,
        "75": 34373.203037896405
      },
      "frequency_distribution": "removed",
      "outliers": "removed",
      "median": 34123.217573730035,
      "average": 33488.821230003065,
      "sample_size": 49,
      "variance": 1433734.1803090945,
      "standard_deviation": 1197.3863955754193,
      "lower_outlier_bound": 29644.263474353917,
      "minimum": 30467.25805645705,
      "standard_deviation_ratio": 0.035754808667396915,
      "upper_outlier_bound": 37210.5667760219
    },
    {
      "maximum": 34086.48559471032,
      "total": 1622143.5824853033,
      "mode": null,
      "n": 800,
      "percentiles": {
        "25": 32441.342337080147,
        "50": 33713.043340477125,
        "75": 33880.22052485337
      },
      "frequency_distribution": "removed",
      "outliers": "removed",
      "median": 33713.043340477125,
      "average": 33104.97107112864,
      "sample_size": 49,
      "variance": 1471996.7108586316,
      "standard_deviation": 1213.2587155502456,
      "lower_outlier_bound": 29141.804412371923,
      "minimum": 29645.897541406426,
      "standard_deviation_ratio": 0.03664883781180366,
      "upper_outlier_bound": 36713.9219455264
    },
    {
      "maximum": 33586.67764279292,
      "total": 1583877.2929900838,
      "mode": null,
      "n": 900,
      "percentiles": {
        "25": 31333.741694222856,
        "50": 33053.6662630814,
        "75": 33186.9243300239
      },
      "frequency_distribution": "removed",
      "outliers": "removed",
      "median": 33053.6662630814,
      "average": 32324.02638755273,
      "sample_size": 49,
      "variance": 1826456.026779867,
      "standard_deviation": 1351.464400855556,
      "lower_outlier_bound": 28553.967740521286,
      "minimum": 28692.65915531107,
      "standard_deviation_ratio": 0.04180990278414001,
      "upper_outlier_bound": 35966.698283725476
    },
    {
      "maximum": 32659.971807912334,
      "total": 1511048.3623450238,
      "mode": null,
      "n": 1000,
      "percentiles": {
        "25": 30572.29417115748,
        "50": 32210.606904715263,
        "75": 32410.77692851083
      },
      "frequency_distribution": "removed",
      "outliers": "removed",
      "median": 32210.606904715263,
      "average": 31480.17421552133,
      "sample_size": 48,
      "variance": 1508985.8008008657,
      "standard_deviation": 1228.4078316263153,
      "lower_outlier_bound": 27677.173036471595,
      "minimum": 28081.691888238238,
      "standard_deviation_ratio": 0.03902163384536315,
      "upper_outlier_bound": 35248.897333314206
    },
    {
      "maximum": 28857.99672404021,
      "total": 1311476.0694885307,
      "mode": null,
      "n": 2000,