{
  "build_type": "from_ordset_or_orddict",
  "name": "runtime",
  "timestamp": "2026-03-19T20:43:49.284612Z",
  "impl_mod": "xb5_bag",
  "tweaks": "none",
  "impl_description": ":xb5_bag.filter/2",
  "group_id": "filter_all",
  "measurements": [
    {
      "maximum": 8261731.658955717,
      "total": 370360693.2614934,
      "mode": null,
      "n": 0,
      "percentiles": {
        "25": 6532973.526839437,
        "50": 6992029.086841001,
        "75": 7403320.515307061
      },
      "average": 6987937.608707422,
      "variance": 380124941760.59534,
      "standard_deviation": 616542.7331179854,
      "standard_deviation_ratio": 0.08822957038851252,
      "median": 6992029.086841001,
      "frequency_distribution": "removed",
      "minimum": 5665080.444142307,
      "lower_outlier_bound": 5149739.627273255,
      "upper_outlier_bound": 8851451.784450702,
      "outliers": "removed",
      "sample_size": 53
    },
    {
      "maximum": 400746.99239382206,
      "total": 18188629.111721132,
      "mode": null,
      "n": 100,
      "percentiles": {
        "25": 361897.2077931273,
        "50": 374652.50979716313,
        "75": 382598.20496079413
      },
      "average": 371196.5124841047,
      "variance": 238348079.1847081,
      "standard_deviation": 15438.52580995699,
      "standard_deviation_ratio": 0.0415912469291265,
      "median": 374652.50979716313,
      "frequency_distribution": "removed",
      "minimum": 329254.9618722754,
      "lower_outlier_bound": 322215.0925287998,
      "upper_outlier_bound": 418562.2440227284,
      "outliers": "removed",
      "sample_size": 49
    },
    {
      "maximum": 215073.18940635497,
      "total": 9596651.476830978,
      "mode": null,
      "n": 200,
      "percentiles": {
        "25": 194982.54360403662,
        "50": 198989.531388479,
        "75": 203450.11570517565
      },
      "average": 199930.23910064538,
      "variance": 52117942.90664892,
      "standard_deviation": 7219.2757882386595,
      "standard_deviation_ratio": 0.03610897391366825,
      "median": 198989.531388479,
      "frequency_distribution": "removed",
      "minimum": 184821.70250359477,
      "lower_outlier_bound": 180422.77565901118,
      "upper_outlier_bound": 215594.95156859347,
      "outliers": "removed",
      "sample_size": 48
    },
    {
      "maximum": 142687.1413201985,
      "total": 5872774.139576376,
      "mode": null,
      "n": 300,
      "percentiles": {
        "25": 130717.67603361535,
        "50": 132895.5021981714,
        "75": 135477.06153445263
      },
      "average": 133472.13953582675,
      "variance": 14462442.08136918,
      "standard_deviation": 3802.9517590115684,
      "standard_deviation_ratio": 0.028492476199430187,
      "median": 132895.5021981714,
      "frequency_distribution": "removed",
      "minimum": 125881.16817724069,
      "lower_outlier_bound": 120773.11997126114,
      "upper_outlier_bound": 144181.73095458734,
      "outliers": "removed",
      "sample_size": 44
    },
    {
      "maximum": 109658.26099543383,
      "total": 5407960.11518507,
      "mode": null,
      "n": 400,
      "percentiles": {
        "25": 89276.46779440701,
        "50": 101281.41243006519,
        "75": 104238.76514589258
      },
      "average": 98326.54754881945,
      "variance": 71505130.82814617,
      "standard_deviation": 8456.070649429685,
      "standard_deviation_ratio": 0.08599987348514619,
      "median": 101281.41243006519,
      "frequency_distribution": "removed",
      "minimum": 73466.74894942548,
      "lower_outlier_bound": 66833.02176717867,
      "upper_outlier_bound": 126682.21117312094,
      "outliers": "removed",
      "sample_size": 55
    },
    {
      "maximum": 89767.0903074882,
      "total": 4368122.9897084925,
      "mode": null,
      "n": 500,
      "percentiles": {
        "25": 73552.88378791467,
        "50": 81252.06177106744,
        "75": 84026.26997304437
      },
      "average": 79420.41799469986,
      "variance": 39547882.7308394,
      "standard_deviation": 6288.710736775814,
      "standard_deviation_ratio": 0.07918254392964152,
      "median": 81252.06177106744,
      "frequency_distribution": "removed",
      "minimum": 64190.70287535834,
      "lower_outlier_bound": 57842.80451022013,
      "upper_outlier_bound": 99736.34925073892,
      "outliers": "removed",
      "sample_size": 55
    },
    {
      "maximum": 73638.35321077947,
      "total": 3704059.2809544485,
      "mode": null,
      "n": 600,
      "percentiles": {
        "25": 64374.75376656684,
        "50": 68100.40724043529,
        "75": 70454.98419694704
      },
      "average": 67346.53238098997,
      "variance": 12926752.902800074,
      "standard_deviation": 3595.379382318377,
      "standard_deviation_ratio": 0.0533862584338975,
      "median": 68100.40724043529,
      "frequency_distribution": "removed",
      "minimum": 58518.6815038833,
      "lower_outlier_bound": 55254.40812099654,
      "upper_outlier_bound": 79575.32984251734,
      "outliers": "removed",
      "sample_size": 55
    },
    {
      "maximum": 63480.45563731838,
      "total": 3084009.1955624027,
      "mode": null,
      "n": 700,
      "percentiles": {
        "25": 55725.09573720775,
        "50": 59479.12936829596,
        "75": 60307.59604723807
      },
      "average": 58188.85274646043,
      "variance": 9523457.398833591,
      "standard_deviation": 3086.009947947931,
      "standard_deviation_ratio": 0.05303438377440171,
      "median": 59479.12936829596,
      "frequency_distribution": "removed",
      "minimum": 48956.58823494854,
      "lower_outlier_bound": 48759.369357586955,
      "upper_outlier_bound": 67214.30268067474,
      "outliers": "removed",
      "sample_size": 53
    },
    {
      "maximum": 54658.07004540993,
      "total": 2828019.543071398,
      "mode": null,
      "n": 800,
      "percentiles": {
        "25": 49599.041349728795,
        "50": 52185.36659698181,
        "75": 53138.407484438416
      },
      "average": 51418.53714675269,
      "variance": 5087382.728969486,
      "standard_deviation": 2255.522717458081,
      "standard_deviation_ratio": 0.04386594490272322,
      "median": 52185.36659698181,
      "frequency_distribution": "removed",
      "minimum": 45171.15803491008,
      "lower_outlier_bound": 44289.992147664365,
      "upper_outlier_bound": 58447.45668650285,
      "outliers": "removed",
      "sample_size": 55
    },
    {
      "maximum": 48267.53342285352,
      "total": 2406897.97863244,
      "mode": null,
      "n": 900,
      "percentiles": {
        "25": 45002.485090981325,
        "50": 47005.22858630498,
        "75": 47731.42085808379
      },
      "average": 46286.49958908538,
      "variance": 3296621.1973022562,
      "standard_deviation": 1815.6599894534925,
      "standard_deviation_ratio": 0.03922655645970764,
      "median": 47005.22858630498,
      "frequency_distribution": "removed",
      "minimum": 40618.96808323964,
      "lower_outlier_bound": 40371.65749308405,
      "upper_outlier_bound": 52056.25621306986,
      "outliers": "removed",
      "sample_size": 52
    },
    {
      "maximum": 44512.816130020154,
      "total": 2232880.1227810737,
      "mode": null,
      "n": 1000,
      "percentiles": {
        "25": 40082.34528149579,
        "50": 42069.99654892961,
        "75": 42798.8678983789
      },
      "average": 41349.63190335321,
      "variance": 3706633.7702241545,
      "standard_deviation": 1925.262000410374,
      "standard_deviation_ratio": 0.04656055959362111,
      "median": 42069.99654892961,
      "frequency_distribution": "removed",
      "minimum": 37225.42526325821,
      "lower_outlier_bound": 36006.030767832075,
      "upper_outlier_bound": 46866.43530541048,
      "outliers": "removed",
      "sample_size": 54
    },
    {
      "maximum": 21933.701439333356,
      "total": 1156117.935742464,
      "mode": null,
      "n": 2000,