{
  "build_type": "random",
  "name": "runtime",
  "timestamp": "2026-04-02T21:43:41.934401Z",
  "impl_mod": "xb5_sets",
  "impl_description": ":xb5_sets.delete_any/2",
  "tweaks": "none",
  "group_id": "delete_any_missing_x100",
  "measurements": [
    {
      "maximum": 634570.1104786563,
      "total": 23947741.18745943,
      "mode": null,
      "n": 0,
      "percentiles": {
        "25": 605921.0606042244,
        "50": 613817.0211459964,
        "75": 620170.4228321943
      },
      "frequency_distribution": "removed",
      "outliers": "removed",
      "median": 613817.0211459964,
      "average": 614044.6458322931,
      "sample_size": 39,
      "variance": 103512311.9233857,
      "standard_deviation": 10174.100054716668,
      "lower_outlier_bound": 583690.529917714,
      "minimum": 595241.6383430854,
      "standard_deviation_ratio": 0.016568990746473184,
      "upper_outlier_bound": 641659.0067055679
    },
    {
      "maximum": 199717.5993145692,
      "total": 7153243.396061567,
      "mode": null,
      "n": 100,
      "percentiles": {
        "25": 191482.12857963576,
        "50": 192920.9583541527,
        "75": 195300.89655485604
      },
      "frequency_distribution": "removed",
      "outliers": "removed",
      "median": 192920.9583541527,
      "average": 193330.90259625856,
      "sample_size": 37,
      "variance": 9573816.39970682,
      "standard_deviation": 3094.158431578257,
      "lower_outlier_bound": 185339.01865201347,
      "minimum": 187163.57347667567,
      "standard_deviation_ratio": 0.016004468970177647,
      "upper_outlier_bound": 200451.71125029816
    },
    {
      "maximum": 173618.9480775174,
      "total": 6070227.436384341,
      "mode": null,
      "n": 200,
      "percentiles": {
        "25": 161764.63448370097,
        "50": 163973.40351395003,
        "75": 167020.6215919241
      },
      "frequency_distribution": "removed",
      "outliers": "removed",
      "median": 163973.40351395003,
      "average": 164060.20098336056,
      "sample_size": 37,
      "variance": 20668818.0062173,
      "standard_deviation": 4546.297175308418,
      "lower_outlier_bound": 153991.87005798428,
      "minimum": 154084.15460187735,
      "standard_deviation_ratio": 0.02771115205307786,
      "upper_outlier_bound": 175187.11986802708
    },
    {
      "maximum": 155567.447822678,
      "total": 5593011.641816002,
      "mode": null,
      "n": 300,
      "percentiles": {
        "25": 149771.19950893812,
        "50": 150746.34515486172,
        "75": 152173.56903295807
      },
      "frequency_distribution": "removed",
      "outliers": "removed",
      "median": 150746.34515486172,
      "average": 151162.4768058379,
      "sample_size": 37,
      "variance": 3521775.9981734357,
      "standard_deviation": 1876.6395493470332,
      "lower_outlier_bound": 146114.42280473013,
      "minimum": 148341.54156529994,
      "standard_deviation_ratio": 0.012414718182724015,
      "upper_outlier_bound": 156170.59529227507
    },
    {
      "maximum": 142903.892844945,
      "total": 5124653.9550151555,
      "mode": null,
      "n": 400,
      "percentiles": {
        "25": 136983.4932209694,
        "50": 138236.29836369693,
        "75": 139594.416914349
      },
      "frequency_distribution": "removed",
      "outliers": "removed",
      "median": 138236.29836369693,
      "average": 138504.16094635555,
      "sample_size": 37,
      "variance": 4609382.911665686,
      "standard_deviation": 2146.947347203859,
      "lower_outlier_bound": 132862.36813145457,
      "minimum": 133701.99429894696,
      "standard_deviation_ratio": 0.015500959195264894,
      "upper_outlier_bound": 143369.58769048972
    },
    {
      "maximum": 139046.86157328743,
      "total": 5142934.917987036,
      "mode": null,
      "n": 500,
      "percentiles": {
        "25": 129394.06055383246,
        "50": 132088.87996555123,
        "75": 133911.83244951523
      },
      "frequency_distribution": "removed",
      "outliers": "removed",
      "median": 132088.87996555123,
      "average": 131870.12610223168,
      "sample_size": 39,
      "variance": 8010178.7806817135,
      "standard_deviation": 2830.225923964678,
      "lower_outlier_bound": 122617.40271030829,
      "minimum": 126990.73856543642,
      "standard_deviation_ratio": 0.021462222018128342,
      "upper_outlier_bound": 140688.4902930394
    },
    {
      "maximum": 129380.33289559654,
      "total": 5091307.408074617,
      "mode": null,
      "n": 600,
      "percentiles": {
        "25": 126399.32714898513,
        "50": 127448.0442179509,
        "75": 128135.51955404432
      },
      "frequency_distribution": "removed",
      "outliers": "removed",
      "median": 127448.0442179509,
      "average": 127282.68520186543,
      "sample_size": 40,
      "variance": 1263445.8301228024,
      "standard_deviation": 1124.0310627926624,
      "lower_outlier_bound": 123795.03854139635,
      "minimum": 124838.80189705043,
      "standard_deviation_ratio": 0.00883098169252159,
      "upper_outlier_bound": 130739.80816163312
    },
    {
      "maximum": 124747.54216155056,
      "total": 4618734.230627472,
      "mode": null,
      "n": 700,
      "percentiles": {
        "25": 120259.08622743122,
        "50": 121437.11651976025,
        "75": 123191.29654343522
      },
      "frequency_distribution": "removed",
      "outliers": "removed",
      "median": 121437.11651976025,
      "average": 121545.63764809136,
      "sample_size": 38,
      "variance": 3487653.3931807973,
      "standard_deviation": 1867.5260087026359,
      "lower_outlier_bound": 115885.96263247918,
      "minimum": 117620.07539446832,
      "standard_deviation_ratio": 0.01536481312566434,
      "upper_outlier_bound": 127536.05603236807
    },
    {
      "maximum": 122756.62271979573,
      "total": 3969498.3499059095,
      "mode": null,
      "n": 800,
      "percentiles": {
        "25": 119010.72969488031,
        "50": 120430.85342119969,
        "75": 121729.50853487811
      },
      "frequency_distribution": "removed",
      "outliers": "removed",
      "median": 120430.85342119969,
      "average": 120287.82878502757,
      "sample_size": 33,
      "variance": 2704288.097769204,
      "standard_deviation": 1644.4719814485147,
      "lower_outlier_bound": 113561.08347054501,
      "minimum": 115882.50904173277,
      "standard_deviation_ratio": 0.013671141943940425,
      "upper_outlier_bound": 126455.56291883305
    },
    {
      "maximum": 118979.20600416666,
      "total": 3969699.77316799,
      "mode": null,
      "n": 900,
      "percentiles": {
        "25": 116131.0715409717,
        "50": 116709.81625360574,
        "75": 117332.80421062134
      },
      "frequency_distribution": "removed",
      "outliers": "removed",
      "median": 116709.81625360574,
      "average": 116755.87568141147,
      "sample_size": 34,
      "variance": 1261744.2479805655,
      "standard_deviation": 1123.2738971330925,
      "lower_outlier_bound": 113314.90566569834,
      "minimum": 114118.25389942074,
      "standard_deviation_ratio": 0.009620705515482055,
      "upper_outlier_bound": 120766.42728073738
    },
    {
      "maximum": 116875.81593929003,
      "total": 3682582.6847977354,
      "mode": null,
      "n": 1000,
      "percentiles": {
        "25": 114551.79720823962,
        "50": 114968.8272496541,
        "75": 115769.49596807786
      },
      "frequency_distribution": "removed",
      "outliers": "removed",
      "median": 114968.8272496541,
      "average": 115080.70889992923,
      "sample_size": 32,
      "variance": 725093.502910127,
      "standard_deviation": 851.5242233255183,
      "lower_outlier_bound": 111504.53173877875,
      "minimum": 113102.72441842579,
      "standard_deviation_ratio": 0.007399365466769748,
      "upper_outlier_bound": 118365.45084301283
    },
    {
      "maximum": 94073.465732329,
      "total": 3312152.100325454,
      "mode": null,