{
  "build_type": "random",
  "name": "runtime",
  "timestamp": "2026-03-19T20:17:22.746440Z",
  "impl_mod": "xb5_sets",
  "tweaks": "none",
  "impl_description": ":xb5_sets.difference/2",
  "group_id": "difference_050_0100",
  "measurements": [
    {
      "maximum": 12184720.360667722,
      "total": 424209819.93464077,
      "mode": null,
      "n": 0,
      "percentiles": {
        "25": 10413412.475268146,
        "50": 10808473.8434933,
        "75": 11259993.244004054
      },
      "average": 10877174.870118994,
      "variance": 217047753865.49908,
      "standard_deviation": 465883.8416016369,
      "standard_deviation_ratio": 0.04283132772660298,
      "median": 10808473.8434933,
      "frequency_distribution": "removed",
      "minimum": 10111223.458038423,
      "lower_outlier_bound": 9137995.398698939,
      "upper_outlier_bound": 12526103.02907735,
      "outliers": "removed",
      "sample_size": 39
    },
    {
      "maximum": 545128.4595214862,
      "total": 17279335.22417862,
      "mode": null,
      "n": 100,
      "percentiles": {
        "25": 520241.6924425522,
        "50": 522725.4907085544,
        "75": 530892.5848183192
      },
      "average": 523616.21891450364,
      "variance": 113823088.77620128,
      "standard_deviation": 10668.790408298462,
      "standard_deviation_ratio": 0.02037520997805545,
      "median": 522725.4907085544,
      "frequency_distribution": "removed",
      "minimum": 494572.07151512156,
      "lower_outlier_bound": 485975.0705728915,
      "upper_outlier_bound": 560466.3003653213,
      "outliers": "removed",
      "sample_size": 33
    },
    {
      "maximum": 389959.32724216866,
      "total": 12736285.747350553,
      "mode": null,
      "n": 200,
      "percentiles": {
        "25": 356555.8134642606,
        "50": 361518.52240149525,
        "75": 369848.4730805789
      },
      "average": 363893.8784957301,
      "variance": 117941273.74654064,
      "standard_deviation": 10860.077059880407,
      "standard_deviation_ratio": 0.02984407735786585,
      "median": 361518.52240149525,
      "frequency_distribution": "removed",
      "minimum": 342742.7647002372,
      "lower_outlier_bound": 333339.5083100054,
      "upper_outlier_bound": 391023.2010213976,
      "outliers": "removed",
      "sample_size": 35
    },
    {
      "maximum": 296261.1838596907,
      "total": 9032729.456405994,
      "mode": null,
      "n": 300,
      "percentiles": {
        "25": 267762.0610241294,
        "50": 273930.57503506314,
        "75": 278691.2634347308
      },
      "average": 273719.07443654526,
      "variance": 60861473.06764759,
      "standard_deviation": 7801.376357262069,
      "standard_deviation_ratio": 0.028501398279682618,
      "median": 273930.57503506314,
      "frequency_distribution": "removed",
      "minimum": 256639.25759395564,
      "lower_outlier_bound": 238230.40006779722,
      "upper_outlier_bound": 301524.1074937152,
      "outliers": "removed",
      "sample_size": 33
    },
    {
      "maximum": 233665.05982993857,
      "total": 7319010.891407997,
      "mode": null,
      "n": 400,
      "percentiles": {
        "25": 216024.95230735827,
        "50": 221386.85581959627,
        "75": 226162.6772445978
      },
      "average": 221788.20883054537,
      "variance": 41277737.26082,
      "standard_deviation": 6424.7752692853,
      "standard_deviation_ratio": 0.02896806508859122,
      "median": 221386.85581959627,
      "frequency_distribution": "removed",
      "minimum": 209877.6832861808,
      "lower_outlier_bound": 195350.68270061203,
      "upper_outlier_bound": 244010.63402404418,
      "outliers": "removed",
      "sample_size": 33
    },
    {
      "maximum": 195669.44386830664,
      "total": 6523873.656663366,
      "mode": null,
      "n": 500,
      "percentiles": {
        "25": 183267.99829194226,
        "50": 186202.40201098594,
        "75": 189572.02220267523
      },
      "average": 186396.39019038188,
      "variance": 22000782.49493547,
      "standard_deviation": 4690.499173322118,
      "standard_deviation_ratio": 0.025164109500893914,
      "median": 186202.40201098594,
      "frequency_distribution": "removed",
      "minimum": 172913.4533583251,
      "lower_outlier_bound": 170884.21238371733,
      "upper_outlier_bound": 200343.7302835833,
      "outliers": "removed",
      "sample_size": 35
    },
    {
      "maximum": 165905.98771300254,
      "total": 5863891.054514652,
      "mode": null,
      "n": 600,
      "percentiles": {
        "25": 140754.86835900936,
        "50": 152569.2664469669,
        "75": 157954.17749310925
      },
      "average": 150356.18088499107,
      "variance": 87153896.17673941,
      "standard_deviation": 9335.625109050781,
      "standard_deviation_ratio": 0.062090065430643604,
      "median": 152569.2664469669,
      "frequency_distribution": "removed",
      "minimum": 133321.77877917248,
      "lower_outlier_bound": 114955.90465785952,
      "upper_outlier_bound": 183753.1411942591,
      "outliers": "removed",
      "sample_size": 39
    },
    {
      "maximum": 144389.73677750985,
      "total": 5316259.325232101,
      "mode": null,
      "n": 700,
      "percentiles": {
        "25": 125008.23840785409,
        "50": 137133.0378116956,
        "75": 140322.04966804213
      },
      "average": 132906.48313080252,
      "variance": 89562416.68258408,
      "standard_deviation": 9463.742213447284,
      "standard_deviation_ratio": 0.07120602389375812,
      "median": 137133.0378116956,
      "frequency_distribution": "removed",
      "minimum": 112158.16993757276,
      "lower_outlier_bound": 102037.52151757202,
      "upper_outlier_bound": 163292.7665583242,
      "outliers": "removed",
      "sample_size": 40
    },
    {
      "maximum": 128325.88615440683,
      "total": 4625796.828379882,
      "mode": null,
      "n": 800,
      "percentiles": {
        "25": 112643.56422260171,
        "50": 121695.3624331284,
        "75": 123614.89510040001
      },
      "average": 118610.17508666363,
      "variance": 47587582.89989223,
      "standard_deviation": 6898.375381196085,
      "standard_deviation_ratio": 0.05816006405989809,
      "median": 121695.3624331284,
      "frequency_distribution": "removed",
      "minimum": 104491.02422101941,
      "lower_outlier_bound": 96127.30141431018,
      "upper_outlier_bound": 140021.29662243737,
      "outliers": "removed",
      "sample_size": 39
    },
    {
      "maximum": 112809.90290451657,
      "total": 4239794.3154702615,
      "mode": null,
      "n": 900,
      "percentiles": {
        "25": 101016.16424630737,
        "50": 108176.47292924993,
        "75": 110439.42873092933
      },
      "average": 105994.85788675654,
      "variance": 33696154.84260663,
      "standard_deviation": 5804.838916163533,
      "standard_deviation_ratio": 0.05476528797618979,
      "median": 108176.47292924993,
      "frequency_distribution": "removed",
      "minimum": 92493.93239803468,
      "lower_outlier_bound": 86881.26751937442,
      "upper_outlier_bound": 124574.32545786227,
      "outliers": "removed",
      "sample_size": 40
    },
    {
      "maximum": 101186.51305204832,
      "total": 3849523.6854284694,
      "mode": null,
      "n": 1000,
      "percentiles": {
        "25": 93096.63252813657,
        "50": 98812.7200073617,
        "75": 100559.46426293267
      },
      "average": 96238.09213571173,
      "variance": 28573550.9066914,
      "standard_deviation": 5345.42336084724,
      "standard_deviation_ratio": 0.05554373785080135,
      "median": 98812.7200073617,
      "frequency_distribution": "removed",
      "minimum": 83577.72854120925,
      "lower_outlier_bound": 81902.38492594243,
      "upper_outlier_bound": 111753.71186512682,
      "outliers": "removed",
      "sample_size": 40
    },
    {
      "maximum": 52132.07138965856,
      "total": 1901072.2945715014,
      "mode": null,
      "n": 2000,