{
  "build_type": "random",
  "name": "runtime",
  "timestamp": "2026-04-02T21:43:42.116210Z",
  "impl_mod": "xb5_sets",
  "impl_description": ":xb5_sets.difference/2",
  "tweaks": "none",
  "group_id": "difference_050_0100",
  "measurements": [
    {
      "maximum": 11991845.54502938,
      "total": 495767119.68356436,
      "mode": 10656436.487638533,
      "n": 0,
      "percentiles": {
        "25": 10413415.522263836,
        "50": 10766095.338610476,
        "75": 11207935.455760268
      },
      "frequency_distribution": "removed",
      "outliers": "removed",
      "median": 10766095.338610476,
      "average": 10777546.080077486,
      "sample_size": 46,
      "variance": 362424132223.7225,
      "standard_deviation": 602016.7208838327,
      "lower_outlier_bound": 9198665.477037117,
      "minimum": 9371192.9528629,
      "standard_deviation_ratio": 0.055858422354293884,
      "upper_outlier_bound": 12411989.775752403
    },
    {
      "maximum": 559587.695785745,
      "total": 21659471.018948488,
      "mode": null,
      "n": 100,
      "percentiles": {
        "25": 504044.184842053,
        "50": 512514.8868840513,
        "75": 534034.9118909577
      },
      "frequency_distribution": "removed",
      "outliers": "removed",
      "median": 512514.8868840513,
      "average": 515701.69092734496,
      "sample_size": 42,
      "variance": 537020643.5431327,
      "standard_deviation": 23173.705865552292,
      "lower_outlier_bound": 453434.4026518975,
      "minimum": 459343.506260852,
      "standard_deviation_ratio": 0.04493626116269054,
      "upper_outlier_bound": 582395.2174343938
    },
    {
      "maximum": 362613.13529821305,
      "total": 13574773.131499121,
      "mode": null,
      "n": 200,
      "percentiles": {
        "25": 343725.29474444024,
        "50": 347313.8744946583,
        "75": 354334.75421569776
      },
      "frequency_distribution": "removed",
      "outliers": "removed",
      "median": 347313.8744946583,
      "average": 348071.1059358749,
      "sample_size": 39,
      "variance": 51963455.87095381,
      "standard_deviation": 7208.568226142679,
      "lower_outlier_bound": 325216.7806510498,
      "minimum": 328312.3432308561,
      "standard_deviation_ratio": 0.020710044882239414,
      "upper_outlier_bound": 371436.1508067582
    },
    {
      "maximum": 281082.05347304983,
      "total": 10930085.397799801,
      "mode": null,
      "n": 300,
      "percentiles": {
        "25": 262182.6517932508,
        "50": 267139.68199692253,
        "75": 272068.49864754296
      },
      "frequency_distribution": "removed",
      "outliers": "removed",
      "median": 267139.68199692253,
      "average": 266587.4487268244,
      "sample_size": 41,
      "variance": 52879886.796701394,
      "standard_deviation": 7271.855801423829,
      "lower_outlier_bound": 240384.84766089692,
      "minimum": 249232.36431790088,
      "standard_deviation_ratio": 0.02727756252649161,
      "upper_outlier_bound": 290131.5016804765
    },
    {
      "maximum": 228712.57690460398,
      "total": 9587247.77672079,
      "mode": null,
      "n": 400,
      "percentiles": {
        "25": 185325.5521311512,
        "50": 208655.00980678547,
        "75": 215349.23184929
      },
      "frequency_distribution": "removed",
      "outliers": "removed",
      "median": 208655.00980678547,
      "average": 203983.99524937852,
      "sample_size": 47,
      "variance": 232192205.5831101,
      "standard_deviation": 15237.85436283961,
      "lower_outlier_bound": 140189.7326438562,
      "minimum": 174387.98536536028,
      "standard_deviation_ratio": 0.0747012251829401,
      "upper_outlier_bound": 260310.2828286764
    },
    {
      "maximum": 188138.61300451722,
      "total": 6573167.903424806,
      "mode": null,
      "n": 500,
      "percentiles": {
        "25": 174919.8459818717,
        "50": 177493.47267754228,
        "75": 180347.2313010671
      },
      "frequency_distribution": "removed",
      "outliers": "removed",
      "median": 177493.47267754228,
      "average": 177653.1865790488,
      "sample_size": 37,
      "variance": 17985732.995142296,
      "standard_deviation": 4240.95897116941,
      "lower_outlier_bound": 162206.07653485396,
      "minimum": 168595.6822645772,
      "standard_deviation_ratio": 0.02387212440618028,
      "upper_outlier_bound": 190916.64625533315
    },
    {
      "maximum": 162661.4007749189,
      "total": 6748436.292114016,
      "mode": null,
      "n": 600,
      "percentiles": {
        "25": 138037.983947604,
        "50": 148418.379669223,
        "75": 153577.53882380074
      },
      "frequency_distribution": "removed",
      "outliers": "removed",
      "median": 148418.379669223,
      "average": 146705.1367850873,
      "sample_size": 46,
      "variance": 75682086.70199378,
      "standard_deviation": 8699.545200870778,
      "lower_outlier_bound": 113682.96004123225,
      "minimum": 129675.44828802474,
      "standard_deviation_ratio": 0.059299526870793894,
      "upper_outlier_bound": 177454.25384800666
    },
    {
      "maximum": 135755.75909869035,
      "total": 5797202.392457596,
      "mode": null,
      "n": 700,
      "percentiles": {
        "25": 118990.0484892409,
        "50": 129157.00484437164,
        "75": 132466.32803163395
      },
      "frequency_distribution": "removed",
      "outliers": "removed",
      "median": 129157.00484437164,
      "average": 126026.13896646947,
      "sample_size": 46,
      "variance": 46913154.18929538,
      "standard_deviation": 6849.317790064598,
      "lower_outlier_bound": 98775.62917565132,
      "minimum": 111056.07665534635,
      "standard_deviation_ratio": 0.05434839031200447,
      "upper_outlier_bound": 152680.74734522353
    },
    {
      "maximum": 119952.11511564584,
      "total": 5323553.533120582,
      "mode": null,
      "n": 800,
      "percentiles": {
        "25": 108557.71307979317,
        "50": 114201.40102278774,
        "75": 117630.86728062137
      },
      "frequency_distribution": "removed",
      "outliers": "removed",
      "median": 114201.40102278774,
      "average": 113267.09644937408,
      "sample_size": 47,
      "variance": 22471572.231739745,
      "standard_deviation": 4740.418993268395,
      "lower_outlier_bound": 94947.98177855088,
      "minimum": 105716.17954413069,
      "standard_deviation_ratio": 0.0418516863402354,
      "upper_outlier_bound": 131240.59858186368
    },
    {
      "maximum": 108694.7070025478,
      "total": 4880719.799971419,
      "mode": null,
      "n": 900,
      "percentiles": {
        "25": 97445.84222618716,
        "50": 102839.62841012329,
        "75": 105228.42304727518
      },
      "frequency_distribution": "removed",
      "outliers": "removed",
      "median": 102839.62841012329,
      "average": 101681.66249940457,
      "sample_size": 48,
      "variance": 22426104.02588924,
      "standard_deviation": 4735.620764576619,
      "lower_outlier_bound": 85771.97099455513,
      "minimum": 90576.34634945623,
      "standard_deviation_ratio": 0.04657300685464648,
      "upper_outlier_bound": 116902.29427890721
    },
    {
      "maximum": 97158.31364258176,
      "total": 3935747.9919547895,
      "mode": null,
      "n": 1000,
      "percentiles": {
        "25": 90753.71000807248,
        "50": 94827.71789091633,
        "75": 96028.4003268138
      },
      "frequency_distribution": "removed",
      "outliers": "removed",
      "median": 94827.71789091633,
      "average": 93708.28552273309,
      "sample_size": 42,
      "variance": 11555762.981991751,
      "standard_deviation": 3399.37685201152,
      "lower_outlier_bound": 82684.9321523433,
      "minimum": 82913.03334845115,
      "standard_deviation_ratio": 0.036276160993115716,
      "upper_outlier_bound": 103946.5921754785
    },
    {
      "maximum": 49854.25109691816,
      "total": 2184976.3065201975,
      "mode": null,
      "n": 2000,