{
  "build_type": "random",
  "name": "runtime",
  "timestamp": "2026-03-05T19:10:41.437068Z",
  "impl_mod": "xb5_sets",
  "group_id": "difference_050_0500",
  "impl_description": ":xb5_sets.difference/2",
  "tweaks": "none",
  "measurements": [
    {
      "maximum": 12457954.403886883,
      "total": 508550357.4353091,
      "mode": null,
      "n": 0,
      "percentiles": {
        "25": 10077344.552788787,
        "50": 10499259.898356538,
        "75": 11097886.673260147
      },
      "average": 10594799.113235606,
      "sample_size": 48,
      "variance": 546884143462.86633,
      "standard_deviation": 739516.1549708474,
      "frequency_distribution": "removed",
      "lower_outlier_bound": 8546531.372081745,
      "median": 10499259.898356538,
      "minimum": 8813678.82954345,
      "outliers": "removed",
      "standard_deviation_ratio": 0.06979992230782396,
      "upper_outlier_bound": 12628699.853967186
    },
    {
      "maximum": 279160.39718941314,
      "total": 10990182.999977855,
      "mode": null,
      "n": 100,
      "percentiles": {
        "25": 257391.83434983136,
        "50": 261023.10378438345,
        "75": 267125.79211474326
      },
      "average": 261671.02380899654,
      "sample_size": 42,
      "variance": 53897922.145169444,
      "standard_deviation": 7341.52042462387,
      "frequency_distribution": "removed",
      "lower_outlier_bound": 240508.83855877558,
      "median": 261023.10378438345,
      "minimum": 246093.8749695459,
      "outliers": "removed",
      "standard_deviation_ratio": 0.02805629877453577,
      "upper_outlier_bound": 279165.5700087412
    },
    {
      "maximum": 214719.9086152069,
      "total": 7574075.145558656,
      "mode": null,
      "n": 200,
      "percentiles": {
        "25": 201866.68966364255,
        "50": 205564.63466025304,
        "75": 208640.76001735282
      },
      "average": 204704.73366374747,
      "sample_size": 37,
      "variance": 28739491.865389496,
      "standard_deviation": 5360.922669223041,
      "frequency_distribution": "removed",
      "lower_outlier_bound": 177218.990706658,
      "median": 205564.63466025304,
      "minimum": 187883.39956223167,
      "outliers": "removed",
      "standard_deviation_ratio": 0.02618856229299031,
      "upper_outlier_bound": 225136.20822782523
    },
    {
      "maximum": 176796.20524625058,
      "total": 6771264.212402836,
      "mode": null,
      "n": 300,
      "percentiles": {
        "25": 166439.6157672661,
        "50": 169406.713048654,
        "75": 172626.04270971156
      },
      "average": 169281.6053100709,
      "sample_size": 40,
      "variance": 20347767.58677959,
      "standard_deviation": 4510.849984956227,
      "frequency_distribution": "removed",
      "lower_outlier_bound": 153756.63601093862,
      "median": 169406.713048654,
      "minimum": 154668.2752167289,
      "outliers": "removed",
      "standard_deviation_ratio": 0.02664701800702895,
      "upper_outlier_bound": 182222.9254504097
    },
    {
      "maximum": 150147.21934857126,
      "total": 5615011.900945002,
      "mode": null,
      "n": 400,
      "percentiles": {
        "25": 142577.690583599,
        "50": 143915.9530833993,
        "75": 146375.379661141
      },
      "average": 143974.66412679493,
      "sample_size": 39,
      "variance": 12728732.361910254,
      "standard_deviation": 3567.73490633907,
      "frequency_distribution": "removed",
      "lower_outlier_bound": 131182.97193554166,
      "median": 143915.9530833993,
      "minimum": 133867.19570982413,
      "outliers": "removed",
      "standard_deviation_ratio": 0.02478029678330803,
      "upper_outlier_bound": 153842.43897959305
    },
    {
      "maximum": 133034.09530828657,
      "total": 5884352.406523104,
      "mode": null,
      "n": 500,
      "percentiles": {
        "25": 116471.92382211651,
        "50": 125903.33853679284,
        "75": 128023.85646317592
      },
      "average": 122590.675135898,
      "sample_size": 48,
      "variance": 55194917.28656637,
      "standard_deviation": 7429.32818541262,
      "frequency_distribution": "removed",
      "lower_outlier_bound": 99144.0248605274,
      "median": 125903.33853679284,
      "minimum": 101381.83440291169,
      "outliers": "removed",
      "standard_deviation_ratio": 0.06060271857689691,
      "upper_outlier_bound": 145351.75542476503
    },
    {
      "maximum": 118859.84878650037,
      "total": 4989300.375856679,
      "mode": null,
      "n": 600,
      "percentiles": {
        "25": 106033.03549625039,
        "50": 112301.8854363546,
        "75": 115305.79149612764
      },
      "average": 110873.34168570397,
      "sample_size": 45,
      "variance": 32771225.984763667,
      "standard_deviation": 5724.615793637479,
      "frequency_distribution": "removed",
      "lower_outlier_bound": 92123.90149643453,
      "median": 112301.8854363546,
      "minimum": 97779.23794773113,
      "outliers": "removed",
      "standard_deviation_ratio": 0.05163203080741646,
      "upper_outlier_bound": 129214.92549594352
    },
    {
      "maximum": 106146.97109617977,
      "total": 4624706.8622992765,
      "mode": null,
      "n": 700,
      "percentiles": {
        "25": 95924.8543375523,
        "50": 103190.65946102262,
        "75": 104143.91762396696
      },
      "average": 100537.10570215818,
      "sample_size": 46,
      "variance": 21897454.196543567,
      "standard_deviation": 4679.471572361945,
      "frequency_distribution": "removed",
      "lower_outlier_bound": 83596.25940793031,
      "median": 103190.65946102262,
      "minimum": 90394.58138721333,
      "outliers": "removed",
      "standard_deviation_ratio": 0.04654472137108173,
      "upper_outlier_bound": 116472.51255358895
    },
    {
      "maximum": 99162.47374673508,
      "total": 4156082.6945839035,
      "mode": null,
      "n": 800,
      "percentiles": {
        "25": 89476.16262178641,
        "50": 93048.01091267072,
        "75": 96461.5068621867
      },
      "average": 92357.39321297563,
      "sample_size": 45,
      "variance": 19858786.462879088,
      "standard_deviation": 4456.319833997453,
      "frequency_distribution": "removed",
      "lower_outlier_bound": 78998.14626118599,
      "median": 93048.01091267072,
      "minimum": 79642.75446059158,
      "outliers": "removed",
      "standard_deviation_ratio": 0.04825081868347242,
      "upper_outlier_bound": 106939.52322278713
    },
    {
      "maximum": 91420.04585629501,
      "total": 3958272.381495554,
      "mode": null,
      "n": 900,
      "percentiles": {
        "25": 82465.95272043665,
        "50": 87298.36215280552,
        "75": 89542.70188953227
      },
      "average": 86049.39959772944,
      "sample_size": 46,
      "variance": 16620742.749803381,
      "standard_deviation": 4076.8545166345316,
      "frequency_distribution": "removed",
      "lower_outlier_bound": 71850.82896679321,
      "median": 87298.36215280552,
      "minimum": 75527.67409506517,
      "outliers": "removed",
      "standard_deviation_ratio": 0.04737807045363866,
      "upper_outlier_bound": 100157.8256431757
    },
    {
      "maximum": 86380.55124612583,
      "total": 3747114.2556884172,
      "mode": null,
      "n": 1000,
      "percentiles": {
        "25": 76503.83590233214,
        "50": 80216.26304516978,
        "75": 84214.71045719324
      },
      "average": 79725.83522741313,
      "sample_size": 47,
      "variance": 21156746.930395912,
      "standard_deviation": 4599.646391886654,
      "frequency_distribution": "removed",
      "lower_outlier_bound": 64937.52407004048,
      "median": 80216.26304516978,
      "minimum": 70416.28700551923,
      "outliers": "removed",
      "standard_deviation_ratio": 0.057693298273595255,
      "upper_outlier_bound": 95781.0222894849
    },
    {
      "maximum": 48351.83113219681,
      "total": 2159126.7654510336,
      "mode": null,
      "n": 2000,