{
  "build_type": "random",
  "name": "runtime",
  "timestamp": "2026-04-02T21:43:42.110176Z",
  "impl_mod": "xb5_sets",
  "impl_description": ":xb5_sets.difference/2",
  "tweaks": "none",
  "group_id": "difference_050_0500",
  "measurements": [
    {
      "maximum": 12058362.47437598,
      "total": 376943742.924335,
      "mode": null,
      "n": 0,
      "percentiles": {
        "25": 10253255.408592228,
        "50": 10786322.942508899,
        "75": 11171936.096525528
      },
      "frequency_distribution": "removed",
      "outliers": "removed",
      "median": 10786322.942508899,
      "average": 10769821.226409571,
      "sample_size": 35,
      "variance": 299944767905.49286,
      "standard_deviation": 547672.1354108613,
      "lower_outlier_bound": 8845638.6111621,
      "minimum": 9871668.31194472,
      "standard_deviation_ratio": 0.05085248156839123,
      "upper_outlier_bound": 12565718.03935149
    },
    {
      "maximum": 264995.4288288527,
      "total": 8262563.510145323,
      "mode": null,
      "n": 100,
      "percentiles": {
        "25": 244875.10821627622,
        "50": 250852.89985952238,
        "75": 255146.7814091082
      },
      "frequency_distribution": "removed",
      "outliers": "removed",
      "median": 250852.89985952238,
      "average": 250380.71242864616,
      "sample_size": 33,
      "variance": 49921387.95228584,
      "standard_deviation": 7065.506914035669,
      "lower_outlier_bound": 224942.08480882825,
      "minimum": 235994.3266963862,
      "standard_deviation_ratio": 0.028219054277390503,
      "upper_outlier_bound": 270741.0076408736
    },
    {
      "maximum": 207248.3021182849,
      "total": 6968118.570538355,
      "mode": null,
      "n": 200,
      "percentiles": {
        "25": 196758.59884266593,
        "50": 198282.87034283107,
        "75": 202496.37531488185
      },
      "frequency_distribution": "removed",
      "outliers": "removed",
      "median": 198282.87034283107,
      "average": 199089.10201538156,
      "sample_size": 35,
      "variance": 13069781.672683163,
      "standard_deviation": 3615.2153010136426,
      "lower_outlier_bound": 184222.43710914458,
      "minimum": 193700.47321025605,
      "standard_deviation_ratio": 0.018158780487815614,
      "upper_outlier_bound": 212526.91472712375
    },
    {
      "maximum": 167425.94331962115,
      "total": 6310212.886538382,
      "mode": null,
      "n": 300,
      "percentiles": {
        "25": 152939.51961373692,
        "50": 161660.708397122,
        "75": 164349.69131467817
      },
      "frequency_distribution": "removed",
      "outliers": "removed",
      "median": 161660.708397122,
      "average": 157755.32216345955,
      "sample_size": 40,
      "variance": 85068297.22718382,
      "standard_deviation": 9223.24765075642,
      "lower_outlier_bound": 135824.26206232503,
      "minimum": 138950.83780407655,
      "standard_deviation_ratio": 0.058465524486075164,
      "upper_outlier_bound": 181464.94886609004
    },
    {
      "maximum": 144209.83107260388,
      "total": 5290064.876614735,
      "mode": null,
      "n": 400,
      "percentiles": {
        "25": 132220.56505780685,
        "50": 137462.90219926898,
        "75": 140785.78176232826
      },
      "frequency_distribution": "removed",
      "outliers": "removed",
      "median": 137462.90219926898,
      "average": 135642.68914396758,
      "sample_size": 39,
      "variance": 45188654.046162434,
      "standard_deviation": 6722.250668203503,
      "lower_outlier_bound": 119372.74000102472,
      "minimum": 122259.40266501046,
      "standard_deviation_ratio": 0.04955851812307173,
      "upper_outlier_bound": 153633.6068191104
    },
    {
      "maximum": 128239.48981201374,
      "total": 4471729.896404815,
      "mode": null,
      "n": 500,
      "percentiles": {
        "25": 117747.5380473529,
        "50": 122838.50299173174,
        "75": 125640.12486229427
      },
      "frequency_distribution": "removed",
      "outliers": "removed",
      "median": 122838.50299173174,
      "average": 120857.5647676977,
      "sample_size": 37,
      "variance": 38698773.376300685,
      "standard_deviation": 6220.83381680468,
      "lower_outlier_bound": 105908.65782494083,
      "minimum": 107048.27234793258,
      "standard_deviation_ratio": 0.0514724405440557,
      "upper_outlier_bound": 137479.00508470632
    },
    {
      "maximum": 113833.24340507104,
      "total": 4177380.0357248303,
      "mode": null,
      "n": 600,
      "percentiles": {
        "25": 102153.91530418882,
        "50": 108780.66662968125,
        "75": 111076.3072015213
      },
      "frequency_distribution": "removed",
      "outliers": "removed",
      "median": 108780.66662968125,
      "average": 107112.30860832898,
      "sample_size": 39,
      "variance": 22661763.528731298,
      "standard_deviation": 4760.4373253653175,
      "lower_outlier_bound": 88770.3274581901,
      "minimum": 95514.99776494905,
      "standard_deviation_ratio": 0.04444342006269809,
      "upper_outlier_bound": 124459.89504752001
    },
    {
      "maximum": 103452.09288756516,
      "total": 3613480.3893049285,
      "mode": null,
      "n": 700,
      "percentiles": {
        "25": 95015.84654154233,
        "50": 98780.26133305939,
        "75": 100345.99782682725
      },
      "frequency_distribution": "removed",
      "outliers": "removed",
      "median": 98780.26133305939,
      "average": 97661.63214337644,
      "sample_size": 37,
      "variance": 14833405.96348648,
      "standard_deviation": 3851.4160984612504,
      "lower_outlier_bound": 87020.61961361494,
      "minimum": 90172.21992283061,
      "standard_deviation_ratio": 0.039436327388088395,
      "upper_outlier_bound": 108341.22475475464
    },
    {
      "maximum": 94342.82673751184,
      "total": 3440206.013765249,
      "mode": null,
      "n": 800,
      "percentiles": {
        "25": 88294.83742396464,
        "50": 91300.68924642459,
        "75": 92861.47651835554
      },
      "frequency_distribution": "removed",
      "outliers": "removed",
      "median": 91300.68924642459,
      "average": 90531.73720434865,
      "sample_size": 38,
      "variance": 8933765.85093182,
      "standard_deviation": 2988.9405900639476,
      "lower_outlier_bound": 81444.87878237828,
      "minimum": 83982.80032249396,
      "standard_deviation_ratio": 0.03301538976676541,
      "upper_outlier_bound": 99711.4351599419
    },
    {
      "maximum": 88103.86388305445,
      "total": 2950505.819792347,
      "mode": null,
      "n": 900,
      "percentiles": {
        "25": 83136.4385347369,
        "50": 84857.01169244765,
        "75": 86334.4631636746
      },
      "frequency_distribution": "removed",
      "outliers": "removed",
      "median": 84857.01169244765,
      "average": 84300.16627978135,
      "sample_size": 35,
      "variance": 6282283.831505924,
      "standard_deviation": 2506.44844980022,
      "lower_outlier_bound": 76360.8787036853,
      "minimum": 78321.59945237538,
      "standard_deviation_ratio": 0.029732425929999255,
      "upper_outlier_bound": 92317.00387854886
    },
    {
      "maximum": 82353.53218417215,
      "total": 3091022.806793703,
      "mode": null,
      "n": 1000,
      "percentiles": {
        "25": 74939.0122564125,
        "50": 78360.42169078885,
        "75": 79816.3239889105
      },
      "frequency_distribution": "removed",
      "outliers": "removed",
      "median": 78360.42169078885,
      "average": 77275.57016984258,
      "sample_size": 40,
      "variance": 12453679.397795929,
      "standard_deviation": 3528.9771036089096,
      "lower_outlier_bound": 67623.04465766551,
      "minimum": 67829.6742615553,
      "standard_deviation_ratio": 0.04566743533373658,
      "upper_outlier_bound": 87132.2915876575
    },
    {
      "maximum": 46433.53318326015,
      "total": 1420594.6389182596,
      "mode": null,
      "n": 2000,