{
  "build_type": "random",
  "name": "runtime",
  "timestamp": "2026-03-05T19:10:41.597388Z",
  "impl_mod": "xb5_sets",
  "group_id": "filtermap_none",
  "impl_description": ":xb5_sets.filtermap/2",
  "tweaks": "none",
  "measurements": [
    {
      "maximum": 5567308.762943993,
      "total": 214535714.6227246,
      "mode": null,
      "n": 0,
      "percentiles": {
        "25": 4816491.667469415,
        "50": 4987531.172069825,
        "75": 5158361.704322707
      },
      "average": 4989202.665644758,
      "sample_size": 43,
      "variance": 80018567139.06311,
      "standard_deviation": 282875.53294525685,
      "frequency_distribution": "removed",
      "lower_outlier_bound": 4116737.5892002275,
      "median": 4987531.172069825,
      "minimum": 4301075.268817204,
      "outliers": "removed",
      "standard_deviation_ratio": 0.05669754305494837,
      "upper_outlier_bound": 6039298.336280472
    },
    {
      "maximum": 682379.5941206174,
      "total": 25439300.85477157,
      "mode": null,
      "n": 100,
      "percentiles": {
        "25": 556390.1407667056,
        "50": 599577.8971603991,
        "75": 620979.1599393925
      },
      "average": 591611.6477853854,
      "sample_size": 43,
      "variance": 1531180205.5483358,
      "standard_deviation": 39130.2977952933,
      "frequency_distribution": "removed",
      "lower_outlier_bound": 462432.42785960936,
      "median": 599577.8971603991,
      "minimum": 514636.2550948989,
      "outliers": "removed",
      "standard_deviation_ratio": 0.0661418650930421,
      "upper_outlier_bound": 716755.5962814711
    },
    {
      "maximum": 404056.7295648309,
      "total": 16213519.696243964,
      "mode": null,
      "n": 200,
      "percentiles": {
        "25": 322079.86292281037,
        "50": 333404.4596180518,
        "75": 370244.2130829495
      },
      "average": 344968.5041754035,
      "sample_size": 47,
      "variance": 759813368.0764183,
      "standard_deviation": 27564.71237064552,
      "frequency_distribution": "removed",
      "lower_outlier_bound": 249833.33768260165,
      "median": 333404.4596180518,
      "minimum": 308139.82152541535,
      "outliers": "removed",
      "standard_deviation_ratio": 0.07990501172428745,
      "upper_outlier_bound": 442490.73832315824
    },
    {
      "maximum": 304064.1210418453,
      "total": 12103700.306410734,
      "mode": null,
      "n": 300,
      "percentiles": {
        "25": 256047.53002866043,
        "50": 269293.5353393906,
        "75": 278122.5418974761
      },
      "average": 268971.1179202385,
      "sample_size": 45,
      "variance": 237349726.3025526,
      "standard_deviation": 15406.158713402658,
      "frequency_distribution": "removed",
      "lower_outlier_bound": 219753.91223418675,
      "median": 269293.5353393906,
      "minimum": 242554.78099728824,
      "outliers": "removed",
      "standard_deviation_ratio": 0.05727811533270737,
      "upper_outlier_bound": 317318.371220345
    },
    {
      "maximum": 230546.48739371807,
      "total": 10006310.750832949,
      "mode": null,
      "n": 400,
      "percentiles": {
        "25": 201490.2216795419,
        "50": 213783.93285474236,
        "75": 225308.44726430482
      },
      "average": 212900.22874112657,
      "sample_size": 47,
      "variance": 171319609.232287,
      "standard_deviation": 13088.911690140132,
      "frequency_distribution": "removed",
      "lower_outlier_bound": 165696.33383932797,
      "median": 213783.93285474236,
      "minimum": 185152.26922621165,
      "outliers": "removed",
      "standard_deviation_ratio": 0.06147908702369425,
      "upper_outlier_bound": 261319.6018208083
    },
    {
      "maximum": 189577.05359343305,
      "total": 7759009.60371452,
      "mode": null,
      "n": 500,
      "percentiles": {
        "25": 170940.33100195552,
        "50": 176361.1899185327,
        "75": 180901.18503931537
      },
      "average": 176341.1273571482,
      "sample_size": 44,
      "variance": 51400825.69727718,
      "standard_deviation": 7169.436916332913,
      "frequency_distribution": "removed",
      "lower_outlier_bound": 154832.47442532043,
      "median": 176361.1899185327,
      "minimum": 163472.95013094184,
      "outliers": "removed",
      "standard_deviation_ratio": 0.04065663537362143,
      "upper_outlier_bound": 197861.9777751208
    },
    {
      "maximum": 163811.4333828044,
      "total": 6892553.778315736,
      "mode": null,
      "n": 600,
      "percentiles": {
        "25": 148684.29559831484,
        "50": 152896.31489301845,
        "75": 157365.32680948084
      },
      "average": 153167.86174034968,
      "sample_size": 45,
      "variance": 29080580.276452623,
      "standard_deviation": 5392.641307972617,
      "frequency_distribution": "removed",
      "lower_outlier_bound": 135427.95755960338,
      "median": 152896.31489301845,
      "minimum": 144108.00029974463,
      "outliers": "removed",
      "standard_deviation_ratio": 0.035207394336510545,
      "upper_outlier_bound": 170805.8997937222
    },
    {
      "maximum": 144636.1677201001,
      "total": 5905505.52080915,
      "mode": null,
      "n": 700,
      "percentiles": {
        "25": 135290.53642697693,
        "50": 138260.95372405878,
        "75": 139971.7257114063
      },
      "average": 137337.33769323604,
      "sample_size": 43,
      "variance": 15083237.199552054,
      "standard_deviation": 3883.714356071009,
      "frequency_distribution": "removed",
      "lower_outlier_bound": 127340.9755362751,
      "median": 138260.95372405878,
      "minimum": 128469.97399767727,
      "outliers": "removed",
      "standard_deviation_ratio": 0.028278648918809535,
      "upper_outlier_bound": 147746.13222203255
    },
    {
      "maximum": 126922.88165710514,
      "total": 5588331.336402009,
      "mode": null,
      "n": 800,
      "percentiles": {
        "25": 119844.28619275439,
        "50": 121550.8515074735,
        "75": 123597.88097115624
      },
      "average": 121485.46383482628,
      "sample_size": 46,
      "variance": 7385699.977693091,
      "standard_deviation": 2717.664434343043,
      "frequency_distribution": "removed",
      "lower_outlier_bound": 113715.15723344032,
      "median": 121550.8515074735,
      "minimum": 116748.77997524926,
      "outliers": "removed",
      "standard_deviation_ratio": 0.022370284876534908,
      "upper_outlier_bound": 129479.95208449126
    },
    {
      "maximum": 118011.36685485546,
      "total": 4872157.597235092,
      "mode": null,
      "n": 900,
      "percentiles": {
        "25": 108460.85065484494,
        "50": 110631.62399188348,
        "75": 112562.48801888301
      },
      "average": 110730.85448261573,
      "sample_size": 44,
      "variance": 6219603.40115479,
      "standard_deviation": 2493.9132705759416,
      "frequency_distribution": "removed",
      "lower_outlier_bound": 102034.01921425202,
      "median": 110631.62399188348,
      "minimum": 107047.35560917438,
      "outliers": "removed",
      "standard_deviation_ratio": 0.022522297712129328,
      "upper_outlier_bound": 118850.48765861233
    },
    {
      "maximum": 104708.31404955217,
      "total": 4226872.158158182,
      "mode": null,
      "n": 1000,
      "percentiles": {
        "25": 99113.3675902591,
        "50": 100818.44775133641,
        "75": 102038.92727873754
      },
      "average": 100639.81328948053,
      "sample_size": 42,
      "variance": 3325887.064001696,
      "standard_deviation": 1823.7014733781668,
      "frequency_distribution": "removed",
      "lower_outlier_bound": 93856.8978605522,
      "median": 100818.44775133641,
      "minimum": 96797.54986041793,
      "outliers": "removed",
      "standard_deviation_ratio": 0.018121073696077603,
      "upper_outlier_bound": 106948.14492964874
    },
    {
      "maximum": 56353.33087632811,
      "total": 2533808.5355646424,
      "mode": null,
      "n": 2000,