{
  "build_type": "random",
  "name": "runtime",
  "timestamp": "2026-04-02T21:43:42.042826Z",
  "impl_mod": "xb5_sets",
  "impl_description": ":xb5_sets.filtermap/2",
  "tweaks": "none",
  "group_id": "filtermap_all",
  "measurements": [
    {
      "maximum": 7544892.108042855,
      "total": 277450084.09521776,
      "mode": null,
      "n": 0,
      "percentiles": {
        "25": 4893804.584245933,
        "50": 5102302.745064389,
        "75": 5488859.094763879
      },
      "frequency_distribution": "removed",
      "outliers": "removed",
      "median": 5102302.745064389,
      "average": 5335578.5402926495,
      "sample_size": 52,
      "variance": 690180895319.9479,
      "standard_deviation": 830771.2653432038,
      "lower_outlier_bound": 2830176.8152504778,
      "minimum": 3905639.743790033,
      "standard_deviation_ratio": 0.15570406453011132,
      "upper_outlier_bound": 8337016.841105609
    },
    {
      "maximum": 326334.5451222776,
      "total": 14155898.622629896,
      "mode": null,
      "n": 100,
      "percentiles": {
        "25": 280678.9067772057,
        "50": 286283.5810640588,
        "75": 298289.12919768033
      },
      "frequency_distribution": "removed",
      "outliers": "removed",
      "median": 286283.5810640588,
      "average": 288895.89025775297,
      "sample_size": 49,
      "variance": 203888211.95130906,
      "standard_deviation": 14278.942956371422,
      "lower_outlier_bound": 249260.44714821642,
      "minimum": 256590.5277040793,
      "standard_deviation_ratio": 0.04942591237151815,
      "upper_outlier_bound": 329511.4659003378
    },
    {
      "maximum": 184006.18260773562,
      "total": 8073781.635450929,
      "mode": null,
      "n": 200,
      "percentiles": {
        "25": 156302.26666238747,
        "50": 165419.4043578088,
        "75": 170967.5284752461
      },
      "frequency_distribution": "removed",
      "outliers": "removed",
      "median": 165419.4043578088,
      "average": 164771.05378471286,
      "sample_size": 49,
      "variance": 85626618.48510394,
      "standard_deviation": 9253.465214994,
      "lower_outlier_bound": 132080.8303697101,
      "minimum": 149051.2885483895,
      "standard_deviation_ratio": 0.05615953168014829,
      "upper_outlier_bound": 194015.44317868864
    },
    {
      "maximum": 124050.70200292264,
      "total": 5730486.833177272,
      "mode": null,
      "n": 300,
      "percentiles": {
        "25": 109993.33440393512,
        "50": 112636.71281017335,
        "75": 116837.99010615899
      },
      "frequency_distribution": "removed",
      "outliers": "removed",
      "median": 112636.71281017335,
      "average": 112362.48692504455,
      "sample_size": 51,
      "variance": 38773325.60000516,
      "standard_deviation": 6226.823074410028,
      "lower_outlier_bound": 94977.35645286058,
      "minimum": 95889.96434811126,
      "standard_deviation_ratio": 0.055417277107473205,
      "upper_outlier_bound": 129695.9107714002
    },
    {
      "maximum": 103792.7963647611,
      "total": 4504078.308169377,
      "mode": null,
      "n": 400,
      "percentiles": {
        "25": 77323.1389168353,
        "50": 87052.96128058388,
        "75": 89744.45270925581
      },
      "frequency_distribution": "removed",
      "outliers": "removed",
      "median": 87052.96128058388,
      "average": 84982.60958810145,
      "sample_size": 53,
      "variance": 50449559.26124705,
      "standard_deviation": 7102.785317130671,
      "lower_outlier_bound": 59742.0716622652,
      "minimum": 72230.95414201183,
      "standard_deviation_ratio": 0.08357927994394213,
      "upper_outlier_bound": 108006.53213354599
    },
    {
      "maximum": 78602.88095279268,
      "total": 3658655.4242837443,
      "mode": null,
      "n": 500,
      "percentiles": {
        "25": 68806.33873771326,
        "50": 71073.70709977168,
        "75": 72673.06998242013
      },
      "frequency_distribution": "removed",
      "outliers": "removed",
      "median": 71073.70709977168,
      "average": 70358.75815930277,
      "sample_size": 52,
      "variance": 10606968.362676546,
      "standard_deviation": 3256.8341011903794,
      "lower_outlier_bound": 62167.969489167044,
      "minimum": 63328.25440732986,
      "standard_deviation_ratio": 0.04628896510390958,
      "upper_outlier_bound": 79028.67968448927
    },
    {
      "maximum": 63236.14780564244,
      "total": 3331612.425052551,
      "mode": null,
      "n": 600,
      "percentiles": {
        "25": 57284.365928822954,
        "50": 60502.900963857035,
        "75": 61839.01830777898
      },
      "frequency_distribution": "removed",
      "outliers": "removed",
      "median": 60502.900963857035,
      "average": 59493.07901879556,
      "sample_size": 56,
      "variance": 7303203.304179742,
      "standard_deviation": 2702.4439502383284,
      "lower_outlier_bound": 50452.38736038892,
      "minimum": 52704.03312343074,
      "standard_deviation_ratio": 0.04542450978851757,
      "upper_outlier_bound": 68670.99687621302
    },
    {
      "maximum": 57788.50332399471,
      "total": 2676206.285488814,
      "mode": null,
      "n": 700,
      "percentiles": {
        "25": 49622.60967908327,
        "50": 52044.71686877849,
        "75": 53197.43914293473
      },
      "frequency_distribution": "removed",
      "outliers": "removed",
      "median": 52044.71686877849,
      "average": 51465.505490169504,
      "sample_size": 52,
      "variance": 5974384.854625752,
      "standard_deviation": 2444.255480637356,
      "lower_outlier_bound": 43980.7799030067,
      "minimum": 44297.61262446522,
      "standard_deviation_ratio": 0.047493082159743606,
      "upper_outlier_bound": 58776.31716902044
    },
    {
      "maximum": 48375.736278706165,
      "total": 2175078.3834479605,
      "mode": null,
      "n": 800,
      "percentiles": {
        "25": 45495.325810226255,
        "50": 46826.73919192033,
        "75": 47444.67713422763
      },
      "frequency_distribution": "removed",
      "outliers": "removed",
      "median": 46826.73919192033,
      "average": 46278.26347761618,
      "sample_size": 47,
      "variance": 3012699.516876781,
      "standard_deviation": 1735.7129707635363,
      "lower_outlier_bound": 41254.05282801985,
      "minimum": 41434.52971394429,
      "standard_deviation_ratio": 0.03750600909221808,
      "upper_outlier_bound": 51137.99379523749
    },
    {
      "maximum": 43622.82311206965,
      "total": 2014868.747473391,
      "mode": null,
      "n": 900,
      "percentiles": {
        "25": 41372.75902296259,
        "50": 42272.39496676188,
        "75": 42724.56700553644
      },
      "frequency_distribution": "removed",
      "outliers": "removed",
      "median": 42272.39496676188,
      "average": 41976.43223902898,
      "sample_size": 48,
      "variance": 1000379.0101403832,
      "standard_deviation": 1000.1894871175077,
      "lower_outlier_bound": 38288.887624623414,
      "minimum": 38875.80502073247,
      "standard_deviation_ratio": 0.02382740585055126,
      "upper_outlier_bound": 45318.55041595212
    },
    {
      "maximum": 38814.02956387004,
      "total": 1747416.9463067567,
      "mode": null,
      "n": 1000,
      "percentiles": {
        "25": 37578.232773351265,
        "50": 38242.073118944376,
        "75": 38560.122641109454
      },
      "frequency_distribution": "removed",
      "outliers": "removed",
      "median": 38242.073118944376,
      "average": 37987.324919712104,
      "sample_size": 46,
      "variance": 642373.2675731026,
      "standard_deviation": 801.4819196794789,
      "lower_outlier_bound": 35189.51499121784,
      "minimum": 35331.99354413814,
      "standard_deviation_ratio": 0.021098667025736782,
      "upper_outlier_bound": 40549.563297275476
    },
    {
      "maximum": 20144.15966422103,
      "total": 1006751.0874145376,
      "mode": null,
      "n": 2000,