{
  "build_type": "random",
  "name": "runtime",
  "timestamp": "2026-03-19T20:17:22.902392Z",
  "impl_mod": "xb5_sets",
  "tweaks": "none",
  "impl_description": ":xb5_sets.from_list/1",
  "group_id": "from_list",
  "measurements": [
    {
      "maximum": 147775.09812266516,
      "total": 5531839.757757869,
      "mode": null,
      "n": 100,
      "percentiles": {
        "25": 139933.33575884448,
        "50": 141484.340513192,
        "75": 144146.63749138723
      },
      "average": 141842.04507071458,
      "variance": 9826754.893548781,
      "standard_deviation": 3134.765524492826,
      "standard_deviation_ratio": 0.022100397120825534,
      "median": 141484.340513192,
      "frequency_distribution": "removed",
      "minimum": 133998.3223410043,
      "lower_outlier_bound": 133019.16600925356,
      "upper_outlier_bound": 149863.53413155672,
      "outliers": "removed",
      "sample_size": 39
    },
    {
      "maximum": 67637.58160474221,
      "total": 2644042.48954797,
      "mode": null,
      "n": 200,
      "percentiles": {
        "25": 63608.59689907187,
        "50": 65678.42529407515,
        "75": 66525.88719465703
      },
      "average": 64488.841208487065,
      "variance": 9951676.114497937,
      "standard_deviation": 3154.6277299386593,
      "standard_deviation_ratio": 0.048917419988056696,
      "median": 65678.42529407515,
      "frequency_distribution": "removed",
      "minimum": 57081.144271450525,
      "lower_outlier_bound": 57023.27795653492,
      "upper_outlier_bound": 72063.46362731331,
      "outliers": "removed",
      "sample_size": 41
    },
    {
      "maximum": 44366.438386552356,
      "total": 1820594.8089215239,
      "mode": null,
      "n": 300,
      "percentiles": {
        "25": 39898.911382115235,
        "50": 42167.53365446717,
        "75": 42623.675690020274
      },
      "average": 41377.15474821645,
      "variance": 3550814.344808659,
      "standard_deviation": 1884.360460423817,
      "standard_deviation_ratio": 0.045541083525204,
      "median": 42167.53365446717,
      "frequency_distribution": "removed",
      "minimum": 36724.60585316768,
      "lower_outlier_bound": 35811.76492025767,
      "upper_outlier_bound": 46710.82215187783,
      "outliers": "removed",
      "sample_size": 44
    },
    {
      "maximum": 30831.34882218081,
      "total": 1281588.0216572962,
      "mode": null,
      "n": 400,
      "percentiles": {
        "25": 29315.48919049967,
        "50": 30100.644515000356,
        "75": 30474.444435640715
      },
      "average": 29804.372596681307,
      "variance": 689628.4647814797,
      "standard_deviation": 830.4387182576928,
      "standard_deviation_ratio": 0.0278629827071133,
      "median": 30100.644515000356,
      "frequency_distribution": "removed",
      "minimum": 27703.747208847468,
      "lower_outlier_bound": 27163.263875949408,
      "upper_outlier_bound": 32449.71665596989,
      "outliers": "removed",
      "sample_size": 43
    },
    {
      "maximum": 24274.543140960817,
      "total": 886249.9144917899,
      "mode": null,
      "n": 500,
      "percentiles": {
        "25": 23860.875832806585,
        "50": 24043.455179152592,
        "75": 24145.942677841176
      },
      "average": 23952.700391669998,
      "variance": 90920.83307477868,
      "standard_deviation": 301.5308161279352,
      "standard_deviation_ratio": 0.012588593820210695,
      "median": 24043.455179152592,
      "frequency_distribution": "removed",
      "minimum": 22829.44487008676,
      "lower_outlier_bound": 22811.637555927995,
      "upper_outlier_bound": 24915.247695391325,
      "outliers": "removed",
      "sample_size": 37
    },
    {
      "maximum": 19723.414612210057,
      "total": 698327.8168406531,
      "mode": null,
      "n": 600,
      "percentiles": {
        "25": 19228.626824540148,
        "50": 19424.97526510231,
        "75": 19556.488804619847
      },
      "average": 19397.994912240363,
      "variance": 40318.67433465101,
      "standard_deviation": 200.79510535531242,
      "standard_deviation_ratio": 0.010351333025075099,
      "median": 19424.97526510231,
      "frequency_distribution": "removed",
      "minimum": 18751.038338748007,
      "lower_outlier_bound": 18591.424927541328,
      "upper_outlier_bound": 20106.565226859104,
      "outliers": "removed",
      "sample_size": 36
    },
    {
      "maximum": 16826.21281659361,
      "total": 675540.1163819308,
      "mode": null,
      "n": 700,
      "percentiles": {
        "25": 15703.966954087175,
        "50": 16303.954119185553,
        "75": 16420.819042967632
      },
      "average": 16084.288485284065,
      "variance": 230065.27351513496,
      "standard_deviation": 479.6511998474881,
      "standard_deviation_ratio": 0.0298211015231624,
      "median": 16303.954119185553,
      "frequency_distribution": "removed",
      "minimum": 14942.36282387945,
      "lower_outlier_bound": 14489.618541945894,
      "upper_outlier_bound": 17571.540105143475,
      "outliers": "removed",
      "sample_size": 42
    },
    {
      "maximum": 14635.215783085026,
      "total": 615482.2347146329,
      "mode": null,
      "n": 800,
      "percentiles": {
        "25": 13673.074627255006,
        "50": 14214.63910732972,
        "75": 14374.037171477787
      },
      "average": 13988.232607150747,
      "variance": 271840.7644946713,
      "standard_deviation": 521.3835099949665,
      "standard_deviation_ratio": 0.03727300829473172,
      "median": 14214.63910732972,
      "frequency_distribution": "removed",
      "minimum": 12707.271481960122,
      "lower_outlier_bound": 12621.630810920835,
      "upper_outlier_bound": 15425.480987811958,
      "outliers": "removed",
      "sample_size": 44
    },
    {
      "maximum": 12830.487702234148,
      "total": 542448.0716049641,
      "mode": null,
      "n": 900,
      "percentiles": {
        "25": 11892.322673393579,
        "50": 12586.440532033263,
        "75": 12675.857073489336
      },
      "average": 12328.365263749183,
      "variance": 204265.38589436287,
      "standard_deviation": 451.9572832628797,
      "standard_deviation_ratio": 0.03665995236139157,
      "median": 12586.440532033263,
      "frequency_distribution": "removed",
      "minimum": 11357.978025492754,
      "lower_outlier_bound": 10717.021073249944,
      "upper_outlier_bound": 13851.158673632974,
      "outliers": "removed",
      "sample_size": 44
    },
    {
      "maximum": 11427.876613673317,
      "total": 480111.11106250784,
      "mode": null,
      "n": 1000,
      "percentiles": {
        "25": 10598.910938161105,
        "50": 11104.338600955602,
        "75": 11212.970873539904
      },
      "average": 10911.616160511541,
      "variance": 141931.08846380142,
      "standard_deviation": 376.73742641765955,
      "standard_deviation_ratio": 0.034526271899212216,
      "median": 11104.338600955602,
      "frequency_distribution": "removed",
      "minimum": 10080.167572705728,
      "lower_outlier_bound": 9677.821035092908,
      "upper_outlier_bound": 12134.060776608101,
      "outliers": "removed",
      "sample_size": 44
    },
    {
      "maximum": 5271.678592082255,
      "total": 217708.35294930433,
      "mode": null,
      "n": 2000,
      "percentiles": {
        "25": 4833.229886103004,
        "50": 5165.3708989408615,
        "75": 5241.2610096618455
      },
      "average": 5062.984952309403,
      "variance": 39956.063489653585,
      "standard_deviation": 199.89012854479228,
      "standard_deviation_ratio": 0.03948068786055062,
      "median": 5165.3708989408615,
      "frequency_distribution": "removed",
      "minimum": 4645.726642285274,
      "lower_outlier_bound": 4221.183200764742,
      "upper_outlier_bound": 5853.307695000108,
      "outliers": "removed",
      "sample_size": 43
    },
    {
      "maximum": 3466.2129162878387,
      "total": 146754.2012786204,
      "mode": null,
      "n": 3000,