{
  "build_type": "random",
  "name": "runtime",
  "timestamp": "2026-03-05T19:10:41.283837Z",
  "impl_mod": "xb5_sets",
  "group_id": "intersection_000_1000",
  "impl_description": ":xb5_sets.intersection/2",
  "tweaks": "none",
  "measurements": [
    {
      "maximum": 8751203.290452437,
      "total": 333291506.5985616,
      "mode": null,
      "n": 0,
      "percentiles": {
        "25": 6792471.249949282,
        "50": 7291021.349745682,
        "75": 7575480.061248561
      },
      "average": 7245467.534751339,
      "sample_size": 46,
      "variance": 319622599158.31323,
      "standard_deviation": 565351.7481695031,
      "frequency_distribution": "removed",
      "lower_outlier_bound": 5616977.03757694,
      "median": 7291021.349745682,
      "minimum": 6099420.555047271,
      "outliers": "removed",
      "standard_deviation_ratio": 0.07802833225846559,
      "upper_outlier_bound": 8774026.301173002
    },
    {
      "maximum": 221032.0872281029,
      "total": 9963794.422527405,
      "mode": null,
      "n": 100,
      "percentiles": {
        "25": 208783.52280438028,
        "50": 211696.21593014026,
        "75": 215464.76827841497
      },
      "average": 211995.62601122138,
      "sample_size": 47,
      "variance": 27132098.484968394,
      "standard_deviation": 5208.848095785515,
      "frequency_distribution": "removed",
      "lower_outlier_bound": 198761.65459332825,
      "median": 211696.21593014026,
      "minimum": 198990.32310058762,
      "outliers": "removed",
      "standard_deviation_ratio": 0.024570545127708437,
      "upper_outlier_bound": 225486.636489467
    },
    {
      "maximum": 144202.76061764927,
      "total": 5532632.18828973,
      "mode": null,
      "n": 200,
      "percentiles": {
        "25": 132831.07195995108,
        "50": 135503.3747115472,
        "75": 138542.05730661412
      },
      "average": 134942.24849487146,
      "sample_size": 41,
      "variance": 29118188.99131198,
      "standard_deviation": 5396.127221564738,
      "frequency_distribution": "removed",
      "lower_outlier_bound": 120149.13147009558,
      "median": 135503.3747115472,
      "minimum": 120842.56268405833,
      "outliers": "removed",
      "standard_deviation_ratio": 0.03998841935533496,
      "upper_outlier_bound": 149356.77301694814
    },
    {
      "maximum": 125634.61183302155,
      "total": 5266909.955226401,
      "mode": null,
      "n": 300,
      "percentiles": {
        "25": 114207.80009759674,
        "50": 117389.21686131756,
        "75": 122211.06375885778
      },
      "average": 117042.44344947557,
      "sample_size": 45,
      "variance": 32379256.320331037,
      "standard_deviation": 5690.277350035852,
      "frequency_distribution": "removed",
      "lower_outlier_bound": 102202.90460570519,
      "median": 117389.21686131756,
      "minimum": 104134.4500711759,
      "outliers": "removed",
      "standard_deviation_ratio": 0.04861721254556864,
      "upper_outlier_bound": 134215.95925074932
    },
    {
      "maximum": 112250.57921298874,
      "total": 4741236.78605848,
      "mode": null,
      "n": 400,
      "percentiles": {
        "25": 101731.72713915104,
        "50": 106284.2700343192,
        "75": 109903.03166277369
      },
      "average": 105360.81746796622,
      "sample_size": 45,
      "variance": 23170432.47303501,
      "standard_deviation": 4813.567541131527,
      "frequency_distribution": "removed",
      "lower_outlier_bound": 88350.02212471628,
      "median": 106284.2700343192,
      "minimum": 94391.2706952861,
      "outliers": "removed",
      "standard_deviation_ratio": 0.045686505256994976,
      "upper_outlier_bound": 122770.14403000267
    },
    {
      "maximum": 100642.90688920826,
      "total": 4102168.869918785,
      "mode": null,
      "n": 500,
      "percentiles": {
        "25": 93942.49404169731,
        "50": 95117.25103535128,
        "75": 98170.68741078739
      },
      "average": 95399.27604462291,
      "sample_size": 43,
      "variance": 10416347.308229474,
      "standard_deviation": 3227.436646663955,
      "frequency_distribution": "removed",
      "lower_outlier_bound": 86664.03318085195,
      "median": 95117.25103535128,
      "minimum": 87059.63062339919,
      "outliers": "removed",
      "standard_deviation_ratio": 0.03383082954585866,
      "upper_outlier_bound": 104709.66715210443
    },
    {
      "maximum": 92901.31743358253,
      "total": 4089949.1715645897,
      "mode": null,
      "n": 600,
      "percentiles": {
        "25": 84125.9398970635,
        "50": 88297.88173381721,
        "75": 90401.0370806974
      },
      "average": 87020.19513967213,
      "sample_size": 47,
      "variance": 16657522.707489774,
      "standard_deviation": 4081.362849280835,
      "frequency_distribution": "removed",
      "lower_outlier_bound": 74108.89836276906,
      "median": 88297.88173381721,
      "minimum": 76587.91641807505,
      "outliers": "removed",
      "standard_deviation_ratio": 0.04690132954459624,
      "upper_outlier_bound": 100127.90685143149
    },
    {
      "maximum": 87426.9547792819,
      "total": 3768382.4266234627,
      "mode": null,
      "n": 700,
      "percentiles": {
        "25": 79256.48989980094,
        "50": 82584.38054779108,
        "75": 85235.11909455791
      },
      "average": 81921.35710051005,
      "sample_size": 46,
      "variance": 14218892.752870044,
      "standard_deviation": 3770.794711048328,
      "frequency_distribution": "removed",
      "lower_outlier_bound": 70288.54610766549,
      "median": 82584.38054779108,
      "minimum": 71550.36036338998,
      "outliers": "removed",
      "standard_deviation_ratio": 0.04602944634354514,
      "upper_outlier_bound": 94203.06288669337
    },
    {
      "maximum": 82538.14706812121,
      "total": 3692174.3673640112,
      "mode": null,
      "n": 800,
      "percentiles": {
        "25": 74920.16567502475,
        "50": 76831.40474175602,
        "75": 79821.09829175794
      },
      "average": 76920.29932008356,
      "sample_size": 48,
      "variance": 9724749.48122732,
      "standard_deviation": 3118.4530590065515,
      "frequency_distribution": "removed",
      "lower_outlier_bound": 67568.76674992497,
      "median": 76831.40474175602,
      "minimum": 70192.28474482999,
      "outliers": "removed",
      "standard_deviation_ratio": 0.040541353668294124,
      "upper_outlier_bound": 87172.49721685772
    },
    {
      "maximum": 77574.76461877045,
      "total": 3514868.67748747,
      "mode": null,
      "n": 900,
      "percentiles": {
        "25": 70748.07332726991,
        "50": 73503.0303858232,
        "75": 76461.71882196353
      },
      "average": 73226.43078098896,
      "sample_size": 48,
      "variance": 11964129.299679847,
      "standard_deviation": 3458.9202505521644,
      "frequency_distribution": "removed",
      "lower_outlier_bound": 62177.605085229494,
      "median": 73503.0303858232,
      "minimum": 64185.05836026432,
      "outliers": "removed",
      "standard_deviation_ratio": 0.04723595310684143,
      "upper_outlier_bound": 85032.18706400396
    },
    {
      "maximum": 74401.16363419924,
      "total": 3350189.068192757,
      "mode": null,
      "n": 1000,
      "percentiles": {
        "25": 68342.288411744,
        "50": 69643.96799283377,
        "75": 72379.41117306467
      },
      "average": 69795.60558734911,
      "sample_size": 48,
      "variance": 6150640.955603221,
      "standard_deviation": 2480.048579282918,
      "frequency_distribution": "removed",
      "lower_outlier_bound": 62286.60426976299,
      "median": 69643.96799283377,
      "minimum": 65195.89083339255,
      "outliers": "removed",
      "standard_deviation_ratio": 0.035533018997580594,
      "upper_outlier_bound": 78435.09531504568
    },
    {
      "maximum": 50948.92370398675,
      "total": 2311460.07499846,
      "mode": null,
      "n": 2000,