{
  "build_type": "random",
  "name": "runtime",
  "timestamp": "2026-03-05T19:10:41.459333Z",
  "impl_mod": "xb5_sets",
  "group_id": "is_disjoint_100_1000",
  "impl_description": ":xb5_sets.is_disjoint/2",
  "tweaks": "none",
  "measurements": [
    {
      "maximum": 12207031.25,
      "total": 476451404.59361947,
      "mode": null,
      "n": 0,
      "percentiles": {
        "25": 10147141.897632297,
        "50": 10583130.489998942,
        "75": 11006135.72079505
      },
      "average": 10587808.99096932,
      "sample_size": 45,
      "variance": 341741673750.26117,
      "standard_deviation": 584586.7546825374,
      "frequency_distribution": "removed",
      "lower_outlier_bound": 8786017.459706886,
      "median": 10583130.489998942,
      "minimum": 9558401.835213153,
      "outliers": "removed",
      "standard_deviation_ratio": 0.05521319426721336,
      "upper_outlier_bound": 12428038.355846046
    },
    {
      "maximum": 2179503.94490214,
      "total": 84795803.58699614,
      "mode": null,
      "n": 100,
      "percentiles": {
        "25": 1853636.8660471197,
        "50": 1919366.8324127845,
        "75": 1988996.568944182
      },
      "average": 1927177.3542499123,
      "sample_size": 44,
      "variance": 9865638773.32821,
      "standard_deviation": 99325.92196062522,
      "frequency_distribution": "removed",
      "lower_outlier_bound": 1636551.4743948851,
      "median": 1919366.8324127845,
      "minimum": 1736533.1851491681,
      "outliers": "removed",
      "standard_deviation_ratio": 0.05153958546762004,
      "upper_outlier_bound": 2215812.409912656
    },
    {
      "maximum": 2099958.000839983,
      "total": 78714544.7960709,
      "mode": null,
      "n": 200,
      "percentiles": {
        "25": 1807861.9661231625,
        "50": 1856941.7131695906,
        "75": 1942728.6846198903
      },
      "average": 1874155.8284778786,
      "sample_size": 42,
      "variance": 10669873306.840437,
      "standard_deviation": 103295.07881230566,
      "frequency_distribution": "removed",
      "lower_outlier_bound": 1605808.4126292048,
      "median": 1856941.7131695906,
      "minimum": 1667111.229661243,
      "outliers": "removed",
      "standard_deviation_ratio": 0.05511552307590035,
      "upper_outlier_bound": 2147055.7977119517
    },
    {
      "maximum": 2013977.0003826555,
      "total": 85723347.91553703,
      "mode": null,
      "n": 300,
      "percentiles": {
        "25": 1812152.7960066332,
        "50": 1871993.2055312917,
        "75": 1932311.6610666504
      },
      "average": 1863551.0416421094,
      "sample_size": 46,
      "variance": 7646122617.538294,
      "standard_deviation": 87442.11009312558,
      "frequency_distribution": "removed",
      "lower_outlier_bound": 1631914.4984166073,
      "median": 1871993.2055312917,
      "minimum": 1648206.7510548523,
      "outliers": "removed",
      "standard_deviation_ratio": 0.04692230485732981,
      "upper_outlier_bound": 2112549.958656676
    },
    {
      "maximum": 1993938.4271813687,
      "total": 75876627.0330967,
      "mode": null,
      "n": 400,
      "percentiles": {
        "25": 1747116.1868628461,
        "50": 1816563.9648155812,
        "75": 1855521.7541626561
      },
      "average": 1806586.3579308738,
      "sample_size": 42,
      "variance": 6165243912.230667,
      "standard_deviation": 78519.06718899982,
      "frequency_distribution": "removed",
      "lower_outlier_bound": 1591281.7981057474,
      "median": 1816563.9648155812,
      "minimum": 1607768.7385446478,
      "outliers": "removed",
      "standard_deviation_ratio": 0.043462670269983426,
      "upper_outlier_bound": 2036209.0060861576
    },
    {
      "maximum": 1964983.9853805192,
      "total": 82275719.9719119,
      "mode": null,
      "n": 500,
      "percentiles": {
        "25": 1779171.400192486,
        "50": 1844269.8535649737,
        "75": 1870506.4194136583
      },
      "average": 1828349.3327091534,
      "sample_size": 45,
      "variance": 5117610445.310493,
      "standard_deviation": 71537.47581030864,
      "frequency_distribution": "removed",
      "lower_outlier_bound": 1642744.1348288148,
      "median": 1844269.8535649737,
      "minimum": 1670871.693762636,
      "outliers": "removed",
      "standard_deviation_ratio": 0.03912680937417365,
      "upper_outlier_bound": 2021533.160496539
    },
    {
      "maximum": 2032313.78924906,
      "total": 78270104.86852022,
      "mode": null,
      "n": 600,
      "percentiles": {
        "25": 1800901.5535399278,
        "50": 1860638.2401277092,
        "75": 1905443.31422315
      },
      "average": 1863573.9254409575,
      "sample_size": 42,
      "variance": 6472572773.893368,
      "standard_deviation": 80452.30123429265,
      "frequency_distribution": "removed",
      "lower_outlier_bound": 1589655.226165436,
      "median": 1860638.2401277092,
      "minimum": 1723157.513828339,
      "outliers": "removed",
      "standard_deviation_ratio": 0.043170973866924055,
      "upper_outlier_bound": 2153908.136515947
    },
    {
      "maximum": 1962130.8741293044,
      "total": 82259613.79844858,
      "mode": null,
      "n": 700,
      "percentiles": {
        "25": 1776909.3024565727,
        "50": 1815442.1509358604,
        "75": 1877987.3536683936
      },
      "average": 1827991.4177433017,
      "sample_size": 45,
      "variance": 4496508001.777224,
      "standard_deviation": 67056.006455628,
      "frequency_distribution": "removed",
      "lower_outlier_bound": 1619531.8769284298,
      "median": 1815442.1509358604,
      "minimum": 1692992.7032014492,
      "outliers": "removed",
      "standard_deviation_ratio": 0.036682889101531016,
      "upper_outlier_bound": 2040068.036045199
    },
    {
      "maximum": 1956258.069564537,
      "total": 74381531.30290733,
      "mode": null,
      "n": 800,
      "percentiles": {
        "25": 1825950.4364130918,
        "50": 1859185.3692633929,
        "75": 1890958.0500234046
      },
      "average": 1859538.2825726834,
      "sample_size": 40,
      "variance": 2480953499.9263077,
      "standard_deviation": 49809.17084158607,
      "frequency_distribution": "removed",
      "lower_outlier_bound": 1717054.1495893968,
      "median": 1859185.3692633929,
      "minimum": 1749873.1341977706,
      "outliers": "removed",
      "standard_deviation_ratio": 0.02678577327952332,
      "upper_outlier_bound": 1997863.9995350854
    },
    {
      "maximum": 2011303.5258150809,
      "total": 84342973.76503034,
      "mode": null,
      "n": 900,
      "percentiles": {
        "25": 1777761.9758704875,
        "50": 1825252.5870732886,
        "75": 1889829.6648238543
      },
      "average": 1833542.9079354422,
      "sample_size": 46,
      "variance": 5971694999.567419,
      "standard_deviation": 77276.74294098723,
      "frequency_distribution": "removed",
      "lower_outlier_bound": 1603568.6801495901,
      "median": 1825252.5870732886,
      "minimum": 1673696.19066747,
      "outliers": "removed",
      "standard_deviation_ratio": 0.04214613282652892,
      "upper_outlier_bound": 2067999.8585664355
    },
    {
      "maximum": 1887754.1389009496,
      "total": 73271878.07641551,
      "mode": null,
      "n": 1000,
      "percentiles": {
        "25": 1589896.4423487275,
        "50": 1648478.4705135545,
        "75": 1737483.6028918847
      },
      "average": 1665269.9562821707,
      "sample_size": 44,
      "variance": 9223350667.764074,
      "standard_deviation": 96038.2770970204,
      "frequency_distribution": "removed",
      "lower_outlier_bound": 1356694.081795564,
      "median": 1648478.4705135545,
      "minimum": 1503465.487949724,
      "outliers": "removed",
      "standard_deviation_ratio": 0.05767129631728446,
      "upper_outlier_bound": 1968332.0569088412
    },
    {
      "maximum": 1767408.9784376104,
      "total": 65917584.00463695,
      "mode": null,
      "n": 2000,