{
  "build_type": "random",
  "name": "runtime",
  "timestamp": "2026-04-02T21:43:42.026403Z",
  "impl_mod": "xb5_sets",
  "impl_description": ":xb5_sets.is_disjoint/2",
  "tweaks": "none",
  "group_id": "is_disjoint_000_1000",
  "measurements": [
    {
      "maximum": 12442453.651860148,
      "total": 416205860.86014044,
      "mode": null,
      "n": 0,
      "percentiles": {
        "25": 10470135.680441085,
        "50": 10927220.022091575,
        "75": 11357437.948760329
      },
      "frequency_distribution": "removed",
      "outliers": "removed",
      "median": 10927220.022091575,
      "average": 10952785.812108958,
      "sample_size": 38,
      "variance": 301224573633.84796,
      "standard_deviation": 548839.2967288767,
      "lower_outlier_bound": 9112016.033458713,
      "minimum": 10049241.282283187,
      "standard_deviation_ratio": 0.050109561726488075,
      "upper_outlier_bound": 12654888.012725767
    },
    {
      "maximum": 198184.23602949776,
      "total": 7445919.88102358,
      "mode": null,
      "n": 100,
      "percentiles": {
        "25": 187749.00211405376,
        "50": 191036.19944943368,
        "75": 193109.09505215878
      },
      "frequency_distribution": "removed",
      "outliers": "removed",
      "median": 191036.19944943368,
      "average": 190921.0225903482,
      "sample_size": 39,
      "variance": 14274559.862397404,
      "standard_deviation": 3778.16885043501,
      "lower_outlier_bound": 179609.05317021243,
      "minimum": 181488.53264706468,
      "standard_deviation_ratio": 0.019789171455160702,
      "upper_outlier_bound": 201173.93339753547
    },
    {
      "maximum": 111082.59991046743,
      "total": 3777993.4560959153,
      "mode": null,
      "n": 200,
      "percentiles": {
        "25": 106956.79052619533,
        "50": 107791.3762587338,
        "75": 108808.8370185073
      },
      "frequency_distribution": "removed",
      "outliers": "removed",
      "median": 107791.3762587338,
      "average": 107942.670174169,
      "sample_size": 35,
      "variance": 1811174.2852055344,
      "standard_deviation": 1345.7987536052835,
      "lower_outlier_bound": 103743.99850057316,
      "minimum": 105710.0331506664,
      "standard_deviation_ratio": 0.012467717830527941,
      "upper_outlier_bound": 111813.08827413147
    },
    {
      "maximum": 77205.11314023305,
      "total": 2580477.87418179,
      "mode": null,
      "n": 300,
      "percentiles": {
        "25": 75427.19329293023,
        "50": 75883.25593808129,
        "75": 76338.90361923848
      },
      "frequency_distribution": "removed",
      "outliers": "removed",
      "median": 75883.25593808129,
      "average": 75896.40806417029,
      "sample_size": 34,
      "variance": 418435.1518234299,
      "standard_deviation": 646.8656366073483,
      "lower_outlier_bound": 73665.0054123054,
      "minimum": 74600.6997545637,
      "standard_deviation_ratio": 0.008523007255632235,
      "upper_outlier_bound": 77881.90744677353
    },
    {
      "maximum": 60202.01387776824,
      "total": 2020435.0572719022,
      "mode": null,
      "n": 400,
      "percentiles": {
        "25": 59097.64056538856,
        "50": 59444.4090500093,
        "75": 59877.748716597285
      },
      "frequency_distribution": "removed",
      "outliers": "removed",
      "median": 59444.4090500093,
      "average": 59424.56050799712,
      "sample_size": 34,
      "variance": 301699.15574702376,
      "standard_deviation": 549.271477274238,
      "lower_outlier_bound": 57283.53126378388,
      "minimum": 57502.29577915898,
      "standard_deviation_ratio": 0.009243172731589984,
      "upper_outlier_bound": 61410.21861599553
    },
    {
      "maximum": 49701.29521575332,
      "total": 1664228.5873447626,
      "mode": null,
      "n": 500,
      "percentiles": {
        "25": 48648.74510005429,
        "50": 48870.660440872685,
        "75": 49115.004900751315
      },
      "frequency_distribution": "removed",
      "outliers": "removed",
      "median": 48870.660440872685,
      "average": 48947.899627787134,
      "sample_size": 34,
      "variance": 131928.93719636166,
      "standard_deviation": 363.22023236097635,
      "lower_outlier_bound": 47793.806840586294,
      "minimum": 48446.23243339612,
      "standard_deviation_ratio": 0.007420547870756453,
      "upper_outlier_bound": 49882.284008627226
    },
    {
      "maximum": 42158.01837077809,
      "total": 1249479.9488238485,
      "mode": null,
      "n": 600,
      "percentiles": {
        "25": 41488.146830626196,
        "50": 41655.15989886244,
        "75": 41788.851367780895
      },
      "frequency_distribution": "removed",
      "outliers": "removed",
      "median": 41655.15989886244,
      "average": 41649.331627461615,
      "sample_size": 30,
      "variance": 48444.087957404816,
      "standard_deviation": 220.10017709535086,
      "lower_outlier_bound": 40662.59556812523,
      "minimum": 41298.72940329118,
      "standard_deviation_ratio": 0.005284602861435287,
      "upper_outlier_bound": 42358.9524619011
    },
    {
      "maximum": 36723.702248629015,
      "total": 1325469.8164100766,
      "mode": null,
      "n": 700,
      "percentiles": {
        "25": 35277.36535204273,
        "50": 36074.229219981375,
        "75": 36219.06791982983
      },
      "frequency_distribution": "removed",
      "outliers": "removed",
      "median": 36074.229219981375,
      "average": 35823.508551623694,
      "sample_size": 37,
      "variance": 325398.0159122422,
      "standard_deviation": 570.4366887852167,
      "lower_outlier_bound": 33629.290646831374,
      "minimum": 34533.3917177876,
      "standard_deviation_ratio": 0.0159235293205071,
      "upper_outlier_bound": 37751.65130452653
    },
    {
      "maximum": 32481.87511368656,
      "total": 1061560.7063901152,
      "mode": null,
      "n": 800,
      "percentiles": {
        "25": 32093.293036626215,
        "50": 32189.096780382162,
        "75": 32253.08835499165
      },
      "frequency_distribution": "removed",
      "outliers": "removed",
      "median": 32189.096780382162,
      "average": 32168.506254245916,
      "sample_size": 33,
      "variance": 22219.39167639247,
      "standard_deviation": 149.061704258312,
      "lower_outlier_bound": 31594.5738279516,
      "minimum": 31719.45788908911,
      "standard_deviation_ratio": 0.004633777617157383,
      "upper_outlier_bound": 32620.046860768307
    },
    {
      "maximum": 29418.600204165086,
      "total": 1120956.6629963364,
      "mode": null,
      "n": 900,
      "percentiles": {
        "25": 28359.518149099033,
        "50": 28942.906643496906,
        "75": 29073.52840701777
      },
      "frequency_distribution": "removed",
      "outliers": "removed",
      "median": 28942.906643496906,
      "average": 28742.4785383676,
      "sample_size": 39,
      "variance": 210177.636851948,
      "standard_deviation": 458.45134622110993,
      "lower_outlier_bound": 27288.502762220927,
      "minimum": 27494.64404334036,
      "standard_deviation_ratio": 0.01595030663793086,
      "upper_outlier_bound": 30144.543793895875
    },
    {
      "maximum": 26286.673523983565,
      "total": 1035315.8324374501,
      "mode": null,
      "n": 1000,
      "percentiles": {
        "25": 25606.39834463785,
        "50": 26067.195360665413,
        "75": 26162.035705155497
      },
      "frequency_distribution": "removed",
      "outliers": "removed",
      "median": 26067.195360665413,
      "average": 25882.89581093625,
      "sample_size": 40,
      "variance": 119334.51737936006,
      "standard_deviation": 345.44828466698175,
      "lower_outlier_bound": 24772.942303861382,
      "minimum": 24884.44286842973,
      "standard_deviation_ratio": 0.01334658560581232,
      "upper_outlier_bound": 26995.491745931962
    },
    {
      "maximum": 23771.461172289608,
      "total": 888988.0966955703,
      "mode": null,
      "n": 2000,