{
  "build_type": "random",
  "name": "runtime",
  "timestamp": "2026-03-19T20:17:22.645448Z",
  "impl_mod": "xb5_sets",
  "tweaks": "none",
  "impl_description": ":xb5_sets.smaller/2",
  "group_id": "smaller_x100",
  "measurements": [
    {
      "maximum": 233027.44597258666,
      "total": 8806146.101608012,
      "mode": null,
      "n": 100,
      "percentiles": {
        "25": 223483.16389584792,
        "50": 225912.12018524794,
        "75": 230122.58630172294
      },
      "average": 225798.617989949,
      "variance": 22409886.174902875,
      "standard_deviation": 4733.90812911519,
      "standard_deviation_ratio": 0.02096517760496617,
      "median": 225912.12018524794,
      "frequency_distribution": "removed",
      "minimum": 213338.33967303767,
      "lower_outlier_bound": 211233.08765838575,
      "upper_outlier_bound": 241145.11003475008,
      "outliers": "removed",
      "sample_size": 39
    },
    {
      "maximum": 193425.09419802087,
      "total": 6738575.4889731575,
      "mode": null,
      "n": 200,
      "percentiles": {
        "25": 185124.2123703235,
        "50": 187763.6418079778,
        "75": 189940.20436262467
      },
      "average": 187182.65247147658,
      "variance": 12748770.211980905,
      "standard_deviation": 3570.5420053516955,
      "standard_deviation_ratio": 0.019075175814680715,
      "median": 187763.6418079778,
      "frequency_distribution": "removed",
      "minimum": 179304.97804410543,
      "lower_outlier_bound": 177276.59425621148,
      "upper_outlier_bound": 198203.5758938436,
      "outliers": "removed",
      "sample_size": 36
    },
    {
      "maximum": 177517.10377294853,
      "total": 6554870.520892341,
      "mode": null,
      "n": 300,
      "percentiles": {
        "25": 170768.05305852264,
        "50": 172341.30093805084,
        "75": 174411.27575253852
      },
      "average": 172496.5926550616,
      "variance": 6382991.823399415,
      "standard_deviation": 2526.4583557619576,
      "standard_deviation_ratio": 0.014646424702510338,
      "median": 172341.30093805084,
      "frequency_distribution": "removed",
      "minimum": 165963.2590537107,
      "lower_outlier_bound": 164760.94604606414,
      "upper_outlier_bound": 180115.68936439836,
      "outliers": "removed",
      "sample_size": 38
    },
    {
      "maximum": 166291.678930678,
      "total": 5920791.0055681765,
      "mode": null,
      "n": 400,
      "percentiles": {
        "25": 157814.61901966142,
        "50": 159392.523215521,
        "75": 162292.74211501135
      },
      "average": 160021.37852886962,
      "variance": 11936171.463114927,
      "standard_deviation": 3454.8764758113894,
      "standard_deviation_ratio": 0.021590093196129364,
      "median": 159392.523215521,
      "frequency_distribution": "removed",
      "minimum": 153062.70826094743,
      "lower_outlier_bound": 150738.52379489088,
      "upper_outlier_bound": 169228.32842344258,
      "outliers": "removed",
      "sample_size": 37
    },
    {
      "maximum": 163647.10483724478,
      "total": 5684312.553437636,
      "mode": null,
      "n": 500,
      "percentiles": {
        "25": 150934.0471562387,
        "50": 153601.8088149006,
        "75": 155783.07580404906
      },
      "average": 153630.06901182802,
      "variance": 14545160.052750329,
      "standard_deviation": 3813.8117484677095,
      "standard_deviation_ratio": 0.02482464385389349,
      "median": 153601.8088149006,
      "frequency_distribution": "removed",
      "minimum": 146436.0396665944,
      "lower_outlier_bound": 142616.03866059496,
      "upper_outlier_bound": 164057.1712234863,
      "outliers": "removed",
      "sample_size": 37
    },
    {
      "maximum": 149838.9979966526,
      "total": 4880039.161161583,
      "mode": null,
      "n": 600,
      "percentiles": {
        "25": 142071.03492108965,
        "50": 143359.15649430547,
        "75": 145012.70486328364
      },
      "average": 143530.56356357597,
      "variance": 6926059.5331612155,
      "standard_deviation": 2631.740780008779,
      "standard_deviation_ratio": 0.018335751735852873,
      "median": 143359.15649430547,
      "frequency_distribution": "removed",
      "minimum": 137361.50526231926,
      "lower_outlier_bound": 136253.0632769998,
      "upper_outlier_bound": 151722.17810455483,
      "outliers": "removed",
      "sample_size": 34
    },
    {
      "maximum": 146818.7317210679,
      "total": 5004124.568467513,
      "mode": null,
      "n": 700,
      "percentiles": {
        "25": 136394.60747166857,
        "50": 138962.92318128463,
        "75": 140902.87306995713
      },
      "average": 139003.46023520868,
      "variance": 9826731.615805354,
      "standard_deviation": 3134.761811654173,
      "standard_deviation_ratio": 0.02255168185273821,
      "median": 138962.92318128463,
      "frequency_distribution": "removed",
      "minimum": 132486.3042283004,
      "lower_outlier_bound": 129036.72801502881,
      "upper_outlier_bound": 148657.7398994015,
      "outliers": "removed",
      "sample_size": 36
    },
    {
      "maximum": 139015.35424587646,
      "total": 4880265.149519565,
      "mode": null,
      "n": 800,
      "percentiles": {
        "25": 133904.28675484713,
        "50": 135509.34352042113,
        "75": 137441.738469419
      },
      "average": 135562.9208199879,
      "variance": 3948634.79142508,
      "standard_deviation": 1987.1172062626501,
      "standard_deviation_ratio": 0.01465826491671211,
      "median": 135509.34352042113,
      "frequency_distribution": "removed",
      "minimum": 131586.9118394008,
      "lower_outlier_bound": 128475.26464107598,
      "upper_outlier_bound": 142952.6569444657,
      "outliers": "removed",
      "sample_size": 36
    },
    {
      "maximum": 138535.6230501111,
      "total": 4966938.0467082895,
      "mode": null,
      "n": 900,
      "percentiles": {
        "25": 128759.02713340786,
        "50": 130517.37867727867,
        "75": 132414.593254249
      },
      "average": 130708.89596600762,
      "variance": 7648139.87443147,
      "standard_deviation": 2765.527051835051,
      "standard_deviation_ratio": 0.021157909960116707,
      "median": 130517.37867727867,
      "frequency_distribution": "removed",
      "minimum": 126309.19480414497,
      "lower_outlier_bound": 122593.30693801265,
      "upper_outlier_bound": 138548.0590083378,
      "outliers": "removed",
      "sample_size": 38
    },
    {
      "maximum": 134610.1555285737,
      "total": 5063626.122889629,
      "mode": null,
      "n": 1000,
      "percentiles": {
        "25": 128051.95836262521,
        "50": 129991.1735993126,
        "75": 131270.80642281802
      },
      "average": 129836.56725358022,
      "variance": 5045102.208555092,
      "standard_deviation": 2246.130496777757,
      "standard_deviation_ratio": 0.017299675617508444,
      "median": 129991.1735993126,
      "frequency_distribution": "removed",
      "minimum": 125536.35407277594,
      "lower_outlier_bound": 123138.54339258478,
      "upper_outlier_bound": 136287.79594312992,
      "outliers": "removed",
      "sample_size": 39
    },
    {
      "maximum": 109382.9815394342,
      "total": 3874395.956359484,
      "mode": null,
      "n": 2000,
      "percentiles": {
        "25": 103300.78294006703,
        "50": 104850.26857396295,
        "75": 106139.73493721054
      },
      "average": 104713.404225932,
      "variance": 3272907.462883202,
      "standard_deviation": 1809.1178687092784,
      "standard_deviation_ratio": 0.017276850868164738,
      "median": 104850.26857396295,
      "frequency_distribution": "removed",
      "minimum": 101916.54054494774,
      "lower_outlier_bound": 98690.52594558112,
      "upper_outlier_bound": 110763.01370635946,
      "outliers": "removed",
      "sample_size": 37
    },
    {
      "maximum": 91718.04405767964,
      "total": 3134704.954956018,
      "mode": null,
      "n": 3000,