{
  "build_type": "random",
  "name": "runtime",
  "timestamp": "2026-03-19T20:17:22.738381Z",
  "impl_mod": "xb5_sets",
  "tweaks": "none",
  "impl_description": ":xb5_sets.take_largest/1",
  "group_id": "take_largest_x300",
  "measurements": [
    {
      "maximum": 82338.07188937056,
      "total": 2977319.3701487896,
      "mode": null,
      "n": 300,
      "percentiles": {
        "25": 72273.29133291462,
        "50": 78895.96147352409,
        "75": 80781.70843619537
      },
      "average": 76341.52231150742,
      "variance": 30366281.03687136,
      "standard_deviation": 5510.560864092816,
      "standard_deviation_ratio": 0.07218300994322949,
      "median": 78895.96147352409,
      "frequency_distribution": "removed",
      "minimum": 63447.83128967869,
      "lower_outlier_bound": 59510.6656779935,
      "upper_outlier_bound": 93544.3340911165,
      "outliers": "removed",
      "sample_size": 39
    },
    {
      "maximum": 73802.0996697356,
      "total": 2673020.0005843034,
      "mode": null,
      "n": 400,
      "percentiles": {
        "25": 62851.93153413394,
        "50": 71878.58269810636,
        "75": 72530.35939518384
      },
      "average": 68538.9743739565,
      "variance": 33595394.84901889,
      "standard_deviation": 5796.1534528529255,
      "standard_deviation_ratio": 0.08456726272599949,
      "median": 71878.58269810636,
      "frequency_distribution": "removed",
      "minimum": 54143.40530616201,
      "lower_outlier_bound": 48172.47430510888,
      "upper_outlier_bound": 87129.77951209043,
      "outliers": "removed",
      "sample_size": 39
    },
    {
      "maximum": 70200.85869690358,
      "total": 2609242.5419158796,
      "mode": null,
      "n": 500,
      "percentiles": {
        "25": 60269.53831700272,
        "50": 68498.1160848771,
        "75": 69310.28815786868
      },
      "average": 65231.06354789699,
      "variance": 31578208.999158565,
      "standard_deviation": 5619.449172219513,
      "standard_deviation_ratio": 0.08614682739448727,
      "median": 68498.1160848771,
      "frequency_distribution": "removed",
      "minimum": 51347.011834972756,
      "lower_outlier_bound": 46708.41355570378,
      "upper_outlier_bound": 82871.41291916762,
      "outliers": "removed",
      "sample_size": 40
    },
    {
      "maximum": 66635.0372356588,
      "total": 2489805.9347160654,
      "mode": null,
      "n": 600,
      "percentiles": {
        "25": 57398.1348532493,
        "50": 65013.577493698394,
        "75": 65711.88467712447
      },
      "average": 62245.14836790164,
      "variance": 22819514.61159686,
      "standard_deviation": 4776.977560298652,
      "standard_deviation_ratio": 0.07674457665462048,
      "median": 65013.577493698394,
      "frequency_distribution": "removed",
      "minimum": 52528.153777220745,
      "lower_outlier_bound": 44927.51011743654,
      "upper_outlier_bound": 78182.50941293723,
      "outliers": "removed",
      "sample_size": 40
    },
    {
      "maximum": 65691.28250404658,
      "total": 2001724.1315324917,
      "mode": null,
      "n": 700,
      "percentiles": {
        "25": 64210.81695422411,
        "50": 64649.09762789531,
        "75": 64974.97813591986
      },
      "average": 64571.746178467474,
      "variance": 343014.11782470957,
      "standard_deviation": 585.6740713269706,
      "standard_deviation_ratio": 0.009070129057811873,
      "median": 64649.09762789531,
      "frequency_distribution": "removed",
      "minimum": 63378.54547505706,
      "lower_outlier_bound": 61131.24965962722,
      "upper_outlier_bound": 67127.3593495122,
      "outliers": "removed",
      "sample_size": 31
    },
    {
      "maximum": 65596.09467090767,
      "total": 2358091.5844425196,
      "mode": null,
      "n": 800,
      "percentiles": {
        "25": 54064.6039578534,
        "50": 63888.00687946058,
        "75": 64517.58588097151
      },
      "average": 60463.88678057743,
      "variance": 29276776.457084786,
      "standard_deviation": 5410.801831252443,
      "standard_deviation_ratio": 0.08948815763181359,
      "median": 63888.00687946058,
      "frequency_distribution": "removed",
      "minimum": 49997.55012004412,
      "lower_outlier_bound": 37908.83827670234,
      "upper_outlier_bound": 80470.07015199309,
      "outliers": "removed",
      "sample_size": 39
    },
    {
      "maximum": 65255.6225875812,
      "total": 2363738.198790279,
      "mode": null,
      "n": 900,
      "percentiles": {
        "25": 56915.487899482694,
        "50": 63160.14190820684,
        "75": 63803.22065897242
      },
      "average": 60608.671763853315,
      "variance": 18108604.315662175,
      "standard_deviation": 4255.4205803495115,
      "standard_deviation_ratio": 0.0702114145799087,
      "median": 63160.14190820684,
      "frequency_distribution": "removed",
      "minimum": 49066.268902780095,
      "lower_outlier_bound": 46300.78648917728,
      "upper_outlier_bound": 74304.19266808375,
      "outliers": "removed",
      "sample_size": 39
    },
    {
      "maximum": 65097.300935708605,
      "total": 2384605.904119727,
      "mode": null,
      "n": 1000,
      "percentiles": {
        "25": 55149.76643695195,
        "50": 62337.10562891493,
        "75": 63736.4434477093
      },
      "average": 59615.14760299318,
      "variance": 25867139.02142694,
      "standard_deviation": 5085.9747366091915,
      "standard_deviation_ratio": 0.0853134637941219,
      "median": 62337.10562891493,
      "frequency_distribution": "removed",
      "minimum": 47542.75282047381,
      "lower_outlier_bound": 42269.75092081592,
      "upper_outlier_bound": 76616.45896384533,
      "outliers": "removed",
      "sample_size": 40
    },
    {
      "maximum": 57029.77524565576,
      "total": 2120002.431769384,
      "mode": null,
      "n": 2000,
      "percentiles": {
        "25": 47664.49926724269,
        "50": 55634.41984836118,
        "75": 56228.70935958085
      },
      "average": 53000.0607942346,
      "variance": 19314874.435764972,
      "standard_deviation": 4394.869103370995,
      "standard_deviation_ratio": 0.0829219634376169,
      "median": 55634.41984836118,
      "frequency_distribution": "removed",
      "minimum": 44301.85155158375,
      "lower_outlier_bound": 34818.18412873545,
      "upper_outlier_bound": 69075.02449808808,
      "outliers": "removed",
      "sample_size": 40
    },
    {
      "maximum": 56848.89960427481,
      "total": 2079488.2571423303,
      "mode": null,
      "n": 3000,
      "percentiles": {
        "25": 47779.01159450352,
        "50": 54363.784138118484,
        "75": 55177.94210307604
      },
      "average": 51987.20642855826,
      "variance": 20781215.812989306,
      "standard_deviation": 4558.641882511644,
      "standard_deviation_ratio": 0.08768776388814449,
      "median": 54363.784138118484,
      "frequency_distribution": "removed",
      "minimum": 41647.560848127585,
      "lower_outlier_bound": 36680.61583164474,
      "upper_outlier_bound": 66276.33786593482,
      "outliers": "removed",
      "sample_size": 40
    },
    {
      "maximum": 55417.0437334684,
      "total": 2028762.2092061494,
      "mode": null,
      "n": 4000,
      "percentiles": {
        "25": 46761.35314372572,
        "50": 53273.10314431518,
        "75": 54398.20498212824
      },
      "average": 50719.05523015374,
      "variance": 19607090.406162314,
      "standard_deviation": 4427.989431577532,
      "standard_deviation_ratio": 0.08730425697963282,
      "median": 53273.10314431518,
      "frequency_distribution": "removed",
      "minimum": 39723.69784725364,
      "lower_outlier_bound": 35306.075386121935,
      "upper_outlier_bound": 65853.48273973202,
      "outliers": "removed",
      "sample_size": 40
    },
    {
      "maximum": 51776.905739625334,
      "total": 1919795.4126742608,
      "mode": null,
      "n": 5000,
      "percentiles": {
        "25": 44187.992682893426,