{
  "build_type": "sequential",
  "name": "runtime",
  "impl_mod": "gb_sets",
  "group_id": "from_ordset / from_orddict",
  "impl_description": ":gb_sets.from_ordset/1",
  "tweaks": [
    "duplicate_variants",
    10
  ],
  "measurements": [
    {
      "maximum": 12437.656248056615,
      "total": 2959616.3934361655,
      "mode": [
        6076.810889645114,
        6431.984974883098,
        5930.951858463764,
        6000.1320029040635,
        5893.863309522126,
        5980.682395861368,
        6009.868203590296,
        6004.419252569892,
        5952.522679111407,
        5955.003989852673
      ],
      "n": 100,
      "frequency_distribution": "removed",
      "outliers": "removed",
      "median": 5964.060570999159,
      "average": 5511.389931910922,
      "sample_size": 537,
      "percentiles": {
        "25": 3762.00823899979,
        "50": 5964.060570999159,
        "75": 6230.297000151471
      },
      "variance": 2331640.8471102235,
      "standard_deviation": 1526.9711349957547,
      "lower_outlier_bound": 59.57509727226852,
      "minimum": 2057.147559194421,
      "standard_deviation_ratio": 0.27705735828172834,
      "upper_outlier_bound": 9932.730141878994
    },
    {
      "maximum": 5230.946278181723,
      "total": 1510008.1584833104,
      "mode": [
        3050.8546969433487,
        3061.6150019135093,
        3067.823440625345,
        3073.8775736039984
      ],
      "n": 200,
      "frequency_distribution": "removed",
      "outliers": "removed",
      "median": 3066.271328570763,
      "average": 2817.17940015543,
      "sample_size": 536,
      "percentiles": {
        "25": 1914.3385847729287,
        "50": 3066.271328570763,
        "75": 3172.1586831513887
      },
      "variance": 564058.1431801013,
      "standard_deviation": 751.0380437634976,
      "lower_outlier_bound": 27.608437205238715,
      "minimum": 191.2610529762515,
      "standard_deviation_ratio": 0.2665921963372518,
      "upper_outlier_bound": 5058.888830719079
    },
    {
      "maximum": 4101.335805071712,
      "total": 1050471.580600382,
      "mode": 2157.8557818666745,
      "n": 300,
      "frequency_distribution": "removed",
      "outliers": "removed",
      "median": 2117.7063546014583,
      "average": 1956.1854387344172,
      "sample_size": 537,
      "percentiles": {
        "25": 1337.456233494842,
        "50": 2117.7063546014583,
        "75": 2195.4113707602464
      },
      "variance": 254954.22324459194,
      "standard_deviation": 504.92991914184677,
      "lower_outlier_bound": 50.52352759673545,
      "minimum": 977.2897409986729,
      "standard_deviation_ratio": 0.2581196593859315,
      "upper_outlier_bound": 3482.344076658353
    },
    {
      "maximum": 2835.439592377204,
      "total": 755242.7023711391,
      "mode": 1563.5138410062775,
      "n": 400,
      "frequency_distribution": "removed",
      "outliers": "removed",
      "median": 1580.8914489591161,
      "average": 1414.3121767249795,
      "sample_size": 534,
      "percentiles": {
        "25": 987.4586658285739,
        "50": 1580.8914489591161,
        "75": 1642.4453923376286
      },
      "variance": 149907.55108968783,
      "standard_deviation": 387.17896519528,
      "lower_outlier_bound": 4.978576064991785,
      "minimum": 702.5970093255701,
      "standard_deviation_ratio": 0.2737577824521333,
      "upper_outlier_bound": 2624.925482101211
    },
    {
      "maximum": 2082.2314858387435,
      "total": 667626.7508406357,
      "mode": 1325.4003703168635,
      "n": 500,
      "frequency_distribution": "removed",
      "outliers": "removed",
      "median": 1360.3517325439666,
      "average": 1243.252794861519,
      "sample_size": 537,
      "percentiles": {
        "25": 880.1592790230259,
        "50": 1360.3517325439666,
        "75": 1444.3113293622919
      },
      "variance": 89518.79235491769,
      "standard_deviation": 299.19691234188514,
      "lower_outlier_bound": 33.93120351412688,
      "minimum": 659.0841235202738,
      "standard_deviation_ratio": 0.2406565370924515,
      "upper_outlier_bound": 2290.539404871191
    },
    {
      "maximum": 1678.4916402723857,
      "total": 547041.3188370953,
      "mode": [
        1205.4626746564734,
        1159.0104368889843
      ],
      "n": 600,
      "frequency_distribution": "removed",
      "outliers": "removed",
      "median": 1132.8518063007255,
      "average": 1020.5994754423419,
      "sample_size": 536,
      "percentiles": {
        "25": 698.1676460518931,
        "50": 1132.8518063007255,
        "75": 1216.0320809214863
      },
      "variance": 71522.38048751965,
      "standard_deviation": 267.4366850069744,
      "lower_outlier_bound": -78.62900625249665,
      "minimum": 33.276070761564476,
      "standard_deviation_ratio": 0.2620388227135465,
      "upper_outlier_bound": 1992.828733225876
    },
    {
      "maximum": 1369.1221873096065,
      "total": 466077.22350466676,
      "mode": null,
      "n": 700,
      "frequency_distribution": "removed",
      "outliers": "removed",
      "median": 984.972766538377,
      "average": 869.5470587773634,
      "sample_size": 536,
      "percentiles": {
        "25": 568.2037754859674,
        "50": 984.972766538377,
        "75": 1048.1378453596753
      },
      "variance": 60117.21382301516,
      "standard_deviation": 245.18811925339116,
      "lower_outlier_bound": -151.69732932459453,
      "minimum": 33.237307428441824,
      "standard_deviation_ratio": 0.2819722253999004,
      "upper_outlier_bound": 1768.0389501702373
    },
    {
      "maximum": 1171.6777370684858,
      "total": 417134.2716406128,
      "mode": 972.0279516357772,
      "n": 800,
      "frequency_distribution": "removed",
      "outliers": "removed",
      "median": 880.8485368254353,
      "average": 781.1503214243686,
      "sample_size": 534,
      "percentiles": {
        "25": 494.00741901915035,
        "50": 880.8485368254353,
        "75": 951.6201283481441
      },
      "variance": 50869.21026180309,
      "standard_deviation": 225.54203657367975,
      "lower_outlier_bound": -192.41164497434033,
      "minimum": 354.05486646643686,
      "standard_deviation_ratio": 0.2887306455464563,
      "upper_outlier_bound": 1638.0391923416348
    },
    {
      "maximum": 1102.794812894318,
      "total": 391984.53462156036,
      "mode": 890.840820108059,
      "n": 900,
      "frequency_distribution": "removed",
      "outliers": "removed",
      "median": 834.0781628412758,
      "average": 734.0534356208996,
      "sample_size": 534,
      "percentiles": {
        "25": 468.89458807620696,
        "50": 834.0781628412758,
        "75": 895.2618497447033
      },
      "variance": 45801.00315412034,
      "standard_deviation": 214.01168929317936,
      "lower_outlier_bound": -170.6563044265376,
      "minimum": 300.46208063380675,
      "standard_deviation_ratio": 0.29154783413302526,
      "upper_outlier_bound": 1534.8127422474479
    },
    {
      "maximum": 1010.9148476096412,
      "total": 361382.04587595933,
      "mode": 823.7456207623436,
      "n": 1000,
      "frequency_distribution": "removed",
      "outliers": "removed",
      "median": 747.5517679599312,
      "average": 672.9647036796263,
      "sample_size": 537,
      "percentiles": {
        "25": 436.30901790949605,
        "50": 747.5517679599312,
        "75": 819.4665930965159
      },
      "variance": 37540.455635148675,
      "standard_deviation": 193.75359515412526,
      "lower_outlier_bound": -138.42734487103377,
      "minimum": 55.848019221547865,
      "standard_deviation_ratio": 0.2879104863817111,
      "upper_outlier_bound": 1394.2029558770457
    },
    {
      "maximum": 461.27929354153633,
      "total": 147053.9381363441,
      "mode": null,
      "n": 2000,
      "frequency_distribution": "removed",
      "outliers": "removed",
      "median": 288.32211808347677,
      "average": 275.89857061227787,
      "sample_size": 533,