{
  "build_type": "sequential",
  "name": "runtime",
  "timestamp": "2026-03-19T20:33:21.875919Z",
  "impl_mod": "gb_sets",
  "tweaks": "none",
  "impl_description": ":gb_sets.from_ordset/1",
  "group_id": "from_ordset / from_orddict",
  "measurements": [
    {
      "maximum": 359500.15099006344,
      "total": 12912166.830798509,
      "mode": null,
      "n": 100,
      "percentiles": {
        "25": 263340.84732551035,
        "50": 273171.79774360097,
        "75": 296669.00046280364
      },
      "frequency_distribution": "removed",
      "average": 274726.9538467768,
      "variance": 1276879532.5376525,
      "standard_deviation": 35733.451170264154,
      "standard_deviation_ratio": 0.13006896727793857,
      "median": 273171.79774360097,
      "minimum": 183221.32403057598,
      "lower_outlier_bound": 182716.15136842185,
      "upper_outlier_bound": 362516.6273229397,
      "outliers": "removed",
      "sample_size": 47
    },
    {
      "maximum": 217113.776303334,
      "total": 6996321.6310720965,
      "mode": null,
      "n": 200,
      "percentiles": {
        "25": 91531.67270470601,
        "50": 136537.4112506827,
        "75": 143386.85486669323
      },
      "frequency_distribution": "removed",
      "average": 127205.84783767448,
      "variance": 928368196.2820365,
      "standard_deviation": 30469.135141681272,
      "standard_deviation_ratio": 0.23952621408225266,
      "median": 136537.4112506827,
      "minimum": 36486.443097202806,
      "lower_outlier_bound": 13748.899461725188,
      "upper_outlier_bound": 221169.62810967406,
      "outliers": "removed",
      "sample_size": 55
    },
    {
      "maximum": 101038.26925486297,
      "total": 4019890.6934217904,
      "mode": null,
      "n": 300,
      "percentiles": {
        "25": 94133.4175751804,
        "50": 95318.68345487029,
        "75": 97429.18635747931
      },
      "frequency_distribution": "removed",
      "average": 95711.6831767093,
      "variance": 4704217.70439187,
      "standard_deviation": 2168.920861717151,
      "standard_deviation_ratio": 0.022660983379769267,
      "median": 95318.68345487029,
      "minimum": 89824.82362895881,
      "lower_outlier_bound": 87609.91958694033,
      "upper_outlier_bound": 103752.74298673474,
      "outliers": "removed",
      "sample_size": 42
    },
    {
      "maximum": 83248.55855120868,
      "total": 3740928.7876621303,
      "mode": null,
      "n": 400,
      "percentiles": {
        "25": 49863.4533215558,
        "50": 71608.00061869313,
        "75": 73463.83496865969
      },
      "frequency_distribution": "removed",
      "average": 65630.32960810755,
      "variance": 203813339.11424446,
      "standard_deviation": 14276.3209236219,
      "standard_deviation_ratio": 0.2175262719061264,
      "median": 71608.00061869313,
      "minimum": 24336.679464515175,
      "lower_outlier_bound": 14462.880850899957,
      "upper_outlier_bound": 108864.40743931553,
      "outliers": "removed",
      "sample_size": 57
    },
    {
      "maximum": 74374.10472171441,
      "total": 2796760.275087996,
      "mode": null,
      "n": 500,
      "percentiles": {
        "25": 40330.034146794555,
        "50": 59751.71965449166,
        "75": 62872.794424797125
      },
      "frequency_distribution": "removed",
      "average": 52769.06179411313,
      "variance": 166224148.04037094,
      "standard_deviation": 12892.79442325716,
      "standard_deviation_ratio": 0.24432487493449181,
      "median": 59751.71965449166,
      "minimum": 19408.39335378978,
      "lower_outlier_bound": 6515.893729790696,
      "upper_outlier_bound": 96686.93484180098,
      "outliers": "removed",
      "sample_size": 53
    },
    {
      "maximum": 70937.28009443171,
      "total": 2615041.2065852545,
      "mode": null,
      "n": 600,
      "percentiles": {
        "25": 33453.25232330004,
        "50": 50637.98801094996,
        "75": 53076.86774891107
      },
      "frequency_distribution": "removed",
      "average": 45877.91590500446,
      "variance": 119701969.07115868,
      "standard_deviation": 10940.839504862444,
      "standard_deviation_ratio": 0.2384772561926466,
      "median": 50637.98801094996,
      "minimum": 17147.099825271052,
      "lower_outlier_bound": 4017.8291848834924,
      "upper_outlier_bound": 82512.29088732762,
      "outliers": "removed",
      "sample_size": 57
    },
    {
      "maximum": 53781.830776545095,
      "total": 2244152.714095106,
      "mode": 47602.31880415359,
      "n": 700,
      "percentiles": {
        "25": 26968.32755078398,
        "50": 44096.89002622609,
        "75": 46270.51601973078
      },
      "frequency_distribution": "removed",
      "average": 40074.155608841174,
      "variance": 99851657.19623812,
      "standard_deviation": 9992.580107071351,
      "standard_deviation_ratio": 0.24935223101411486,
      "median": 44096.89002622609,
      "minimum": 20241.972539740054,
      "lower_outlier_bound": -1984.9551526362193,
      "upper_outlier_bound": 75223.79872315098,
      "outliers": "removed",
      "sample_size": 56
    },
    {
      "maximum": 45873.07470705455,
      "total": 1933257.9827415165,
      "mode": null,
      "n": 800,
      "percentiles": {
        "25": 24719.449307115985,
        "50": 39560.04554935427,
        "75": 40895.68115306611
      },
      "frequency_distribution": "removed",
      "average": 35801.07375447253,
      "variance": 68365202.08826238,
      "standard_deviation": 8268.32522874266,
      "standard_deviation_ratio": 0.23095187829973177,
      "median": 39560.04554935427,
      "minimum": 17693.38426668884,
      "lower_outlier_bound": 455.1015381908037,
      "upper_outlier_bound": 65160.02892199129,
      "outliers": "removed",
      "sample_size": 54
    },
    {
      "maximum": 45438.27029227713,
      "total": 1709925.9081639897,
      "mode": null,
      "n": 900,
      "percentiles": {
        "25": 36433.265543427464,
        "50": 37930.94292531018,
        "75": 39838.15773994055
      },
      "frequency_distribution": "removed",
      "average": 37998.35351475533,
      "variance": 14398529.757859444,
      "standard_deviation": 3794.5394658455516,
      "standard_deviation_ratio": 0.0998606285499206,
      "median": 37930.94292531018,
      "minimum": 24240.69654187071,
      "lower_outlier_bound": 23554.102022384857,
      "upper_outlier_bound": 49434.82928573743,
      "outliers": "removed",
      "sample_size": 45
    },
    {
      "maximum": 38546.815878821144,
      "total": 1596518.2030751433,
      "mode": null,
      "n": 1000,
      "percentiles": {
        "25": 32353.425502482798,
        "50": 33206.21074789989,
        "75": 34007.49856241342
      },
      "frequency_distribution": "removed",
      "average": 33260.79589739882,
      "variance": 3371337.1144546377,
      "standard_deviation": 1836.1201252790183,
      "standard_deviation_ratio": 0.05520373387765544,
      "median": 33206.21074789989,
      "minimum": 29736.805482039563,
      "lower_outlier_bound": 25272.711274310313,
      "upper_outlier_bound": 38878.7424528803,
      "outliers": "removed",
      "sample_size": 48
    },
    {
      "maximum": 13415.925347351724,
      "total": 533179.8248425974,
      "mode": null,
      "n": 2000,
      "percentiles": {
        "25": 12283.000762796275,
        "50": 12641.095426392698,
        "75": 13088.124698261654
      },
      "frequency_distribution": "removed",
      "average": 12694.757734347557,
      "variance": 179964.15186830837,
      "standard_deviation": 424.2218191799054,
      "standard_deviation_ratio": 0.0334170866476727,
      "median": 12641.095426392698,
      "minimum": 12046.474334263643,
      "lower_outlier_bound": 10805.417501726759,
      "upper_outlier_bound": 14248.015618465604,
      "outliers": "removed",
      "sample_size": 42
    },
    {
      "maximum": 7181.813350416473,
      "total": 320819.93115257117,
      "mode": null,
      "n": 3000,