{
  "build_type": "sequential",
  "name": "runtime",
  "impl_mod": "gb_sets",
  "impl_description": ":gb_sets.insert/2",
  "group_id": "insert",
  "measurements": [
    {
      "maximum": 260878.63925701764,
      "total": 15337752.027099838,
      "mode": [
        229084.57802620728,
        244816.02076039856
      ],
      "n": 0,
      "frequency_distribution": "removed",
      "outliers": "removed",
      "average": 232390.18222878544,
      "sample_size": 66,
      "percentiles": {
        "25": 215114.6625031519,
        "50": 237534.14868998446,
        "75": 248595.48190009722
      },
      "variance": 424502504.7551075,
      "standard_deviation": 20603.458562947813,
      "lower_outlier_bound": 164893.43340773392,
      "median": 237534.14868998446,
      "minimum": 166104.67916881217,
      "standard_deviation_ratio": 0.08865890273567559,
      "upper_outlier_bound": 298816.7109955152
    },
    {
      "maximum": 71760.2060953119,
      "total": 4097604.0446061473,
      "mode": [
        58417.35696510147,
        66656.44601161155
      ],
      "n": 100,
      "frequency_distribution": "removed",
      "outliers": "removed",
      "average": 63040.06222470996,
      "sample_size": 65,
      "percentiles": {
        "25": 57826.53201773985,
        "50": 65510.622547446066,
        "75": 68703.4638058964
      },
      "variance": 36823565.33613884,
      "standard_deviation": 6068.242359706708,
      "lower_outlier_bound": 41476.69819971686,
      "median": 65510.622547446066,
      "minimum": 49231.25396926985,
      "standard_deviation_ratio": 0.09626009470098723,
      "upper_outlier_bound": 84944.93132436028
    },
    {
      "maximum": 56888.969797645936,
      "total": 3505052.205812968,
      "mode": 56480.2629721044,
      "n": 200,
      "frequency_distribution": "removed",
      "outliers": "removed",
      "average": 53106.85160322679,
      "sample_size": 66,
      "percentiles": {
        "25": 50259.741596379274,
        "50": 55452.5530192805,
        "75": 56054.05484528023
      },
      "variance": 20630386.384331986,
      "standard_deviation": 4542.0685138306735,
      "lower_outlier_bound": 41568.271723027836,
      "median": 55452.5530192805,
      "minimum": 43311.6053446521,
      "standard_deviation_ratio": 0.08552697771966389,
      "upper_outlier_bound": 64745.52471863167
    },
    {
      "maximum": 60653.84848668648,
      "total": 3224425.358298473,
      "mode": null,
      "n": 300,
      "frequency_distribution": "removed",
      "outliers": "removed",
      "average": 57579.024255329874,
      "sample_size": 56,
      "percentiles": {
        "25": 56307.229409895765,
        "50": 57068.152507655475,
        "75": 59236.31497602014
      },
      "variance": 2676657.894251948,
      "standard_deviation": 1636.0494779351718,
      "lower_outlier_bound": 51792.40470748216,
      "median": 57068.152507655475,
      "minimum": 54823.359136861036,
      "standard_deviation_ratio": 0.028413984069619397,
      "upper_outlier_bound": 62255.480412833465
    },
    {
      "maximum": 64269.83045618726,
      "total": 3802735.4435175806,
      "mode": [
        60192.73714433616,
        58875.4783632617
      ],
      "n": 400,
      "frequency_distribution": "removed",
      "outliers": "removed",
      "average": 57617.20368966031,
      "sample_size": 66,
      "percentiles": {
        "25": 51687.83059707524,
        "50": 59751.441799482636,
        "75": 61378.23649242483
      },
      "variance": 24548990.190748364,
      "standard_deviation": 4954.69375347744,
      "lower_outlier_bound": 37152.22175405086,
      "median": 59751.441799482636,
      "minimum": 46892.87790970307,
      "standard_deviation_ratio": 0.0859933047109432,
      "upper_outlier_bound": 75913.84533544922
    },
    {
      "maximum": 56979.73230921761,
      "total": 2875568.2613745895,
      "mode": null,
      "n": 500,
      "frequency_distribution": "removed",
      "outliers": "removed",
      "average": 55299.38964181903,
      "sample_size": 52,
      "percentiles": {
        "25": 54864.80387935647,
        "50": 55231.5953014478,
        "75": 55789.42986652853
      },
      "variance": 589904.8717387387,
      "standard_deviation": 768.0526490669365,
      "lower_outlier_bound": 51584.449704969826,
      "median": 55231.5953014478,
      "minimum": 53475.36389985134,
      "standard_deviation_ratio": 0.013888989626137075,
      "upper_outlier_bound": 58109.913244181225
    },
    {
      "maximum": 54470.38445197346,
      "total": 2975170.027271885,
      "mode": 53526.88655511664,
      "n": 600,
      "frequency_distribution": "removed",
      "outliers": "removed",
      "average": 53128.03620128366,
      "sample_size": 56,
      "percentiles": {
        "25": 52699.4942704751,
        "50": 53526.88655511664,
        "75": 53806.833935140785
      },
      "variance": 1127428.4514341424,
      "standard_deviation": 1061.8043376414237,
      "lower_outlier_bound": 48113.60632573585,
      "median": 53526.88655511664,
      "minimum": 50008.25136147464,
      "standard_deviation_ratio": 0.01998576295232551,
      "upper_outlier_bound": 57144.90333927765
    },
    {
      "maximum": 51614.23520606983,
      "total": 2926601.2665361185,
      "mode": [
        51264.4373471679,
        41441.32943784837
      ],
      "n": 700,
      "frequency_distribution": "removed",
      "outliers": "removed",
      "average": 45728.14478962685,
      "sample_size": 64,
      "percentiles": {
        "25": 41589.46688100974,
        "50": 44578.68003505734,
        "75": 50066.71504910543
      },
      "variance": 18672003.576815378,
      "standard_deviation": 4321.111382134853,
      "lower_outlier_bound": 28762.371819437903,
      "median": 44578.68003505734,
      "minimum": 37755.9380651592,
      "standard_deviation_ratio": 0.09449566349158058,
      "upper_outlier_bound": 62842.30352408586
    },
    {
      "maximum": 52290.31583350764,
      "total": 2902891.0332481153,
      "mode": 50166.80462537939,
      "n": 800,
      "frequency_distribution": "removed",
      "outliers": "removed",
      "average": 50049.845400829574,
      "sample_size": 58,
      "percentiles": {
        "25": 49409.07080785705,
        "50": 49968.28158475474,
        "75": 50661.925901728304
      },
      "variance": 1357876.2385524425,
      "standard_deviation": 1165.2794680043248,
      "lower_outlier_bound": 46996.42861503831,
      "median": 49968.28158475474,
      "minimum": 47063.031518112206,
      "standard_deviation_ratio": 0.023282378969846137,
      "upper_outlier_bound": 52612.06212229974
    },
    {
      "maximum": 50668.31507585047,
      "total": 3098549.0583549705,
      "mode": null,
      "n": 900,
      "frequency_distribution": "removed",
      "outliers": "removed",
      "average": 46947.71300537834,
      "sample_size": 66,
      "percentiles": {
        "25": 41737.622584352095,
        "50": 49469.19701494053,
        "75": 50214.48014960966
      },
      "variance": 16750486.122067895,
      "standard_deviation": 4092.735774768253,
      "lower_outlier_bound": 29022.336236465744,
      "median": 49469.19701494053,
      "minimum": 38433.452477036015,
      "standard_deviation_ratio": 0.08717646745219279,
      "upper_outlier_bound": 62929.76649749601
    },
    {
      "maximum": 49519.65930474398,
      "total": 3034753.87533334,
      "mode": 47394.038777802525,
      "n": 1000,
      "frequency_distribution": "removed",
      "outliers": "removed",
      "average": 45981.11932323242,
      "sample_size": 66,
      "percentiles": {
        "25": 42494.94433116404,
        "50": 47465.03499123511,
        "75": 48255.56280213222
      },
      "variance": 10728339.489532733,
      "standard_deviation": 3275.414399664985,
      "lower_outlier_bound": 33854.016624711774,
      "median": 47465.03499123511,
      "minimum": 39151.04866083838,
      "standard_deviation_ratio": 0.07123389878005969,