{
  "build_type": "sequential",
  "name": "runtime",
  "timestamp": "2026-03-19T20:33:21.707302Z",
  "impl_mod": "gb_sets",
  "tweaks": "none",
  "impl_description": ":gb_sets.intersection/2",
  "group_id": "intersection_000_0100",
  "measurements": [
    {
      "maximum": 4435966.818968195,
      "total": 163379767.72068763,
      "mode": null,
      "n": 0,
      "percentiles": {
        "25": 3876912.6904848055,
        "50": 3989149.513323759,
        "75": 4076316.792351966
      },
      "frequency_distribution": "removed",
      "average": 3984872.3834314058,
      "variance": 28627225218.85388,
      "standard_deviation": 169195.81915299763,
      "standard_deviation_ratio": 0.042459532670730535,
      "median": 3989149.513323759,
      "minimum": 3668244.011591651,
      "lower_outlier_bound": 3466500.9716696036,
      "upper_outlier_bound": 4485280.172633417,
      "outliers": "removed",
      "sample_size": 41
    },
    {
      "maximum": 433794.3120889799,
      "total": 14186561.126265958,
      "mode": null,
      "n": 100,
      "percentiles": {
        "25": 270328.64714977593,
        "50": 319565.9452148385,
        "75": 336955.653797942
      },
      "frequency_distribution": "removed",
      "average": 308403.5027449121,
      "variance": 2526179192.9656677,
      "standard_deviation": 50261.11014458065,
      "standard_deviation_ratio": 0.1629719173006696,
      "median": 319565.9452148385,
      "minimum": 175458.6049286322,
      "lower_outlier_bound": 168567.6685839054,
      "upper_outlier_bound": 441441.95617689507,
      "outliers": "removed",
      "sample_size": 46
    },
    {
      "maximum": 296229.5897812641,
      "total": 11018879.31597311,
      "mode": 265767.31008932437,
      "n": 200,
      "percentiles": {
        "25": 232076.717727067,
        "50": 250298.48093851918,
        "75": 263432.38540236076
      },
      "frequency_distribution": "removed",
      "average": 244863.98479940245,
      "variance": 700923187.5219935,
      "standard_deviation": 26474.95396638101,
      "standard_deviation_ratio": 0.10812106152756532,
      "median": 250298.48093851918,
      "minimum": 168370.29341891035,
      "lower_outlier_bound": 145863.34223900695,
      "upper_outlier_bound": 333306.49505900923,
      "outliers": "removed",
      "sample_size": 45
    },
    {
      "maximum": 228768.56170917567,
      "total": 7972936.778651763,
      "mode": null,
      "n": 300,
      "percentiles": {
        "25": 209472.77166672336,
        "50": 214004.4512925869,
        "75": 222875.8752366514
      },
      "frequency_distribution": "removed",
      "average": 215484.777801399,
      "variance": 61594427.28403906,
      "standard_deviation": 7848.2117252300895,
      "standard_deviation_ratio": 0.03642118856517732,
      "median": 214004.4512925869,
      "minimum": 198934.9025318445,
      "lower_outlier_bound": 177195.62159322653,
      "upper_outlier_bound": 249612.30423809247,
      "outliers": "removed",
      "sample_size": 37
    },
    {
      "maximum": 232992.15515413595,
      "total": 8547718.838546723,
      "mode": null,
      "n": 400,
      "percentiles": {
        "25": 214344.35277650956,
        "50": 218563.94743974193,
        "75": 224866.65407413404
      },
      "frequency_distribution": "removed",
      "average": 219172.27791145444,
      "variance": 39698195.32030622,
      "standard_deviation": 6300.650388674666,
      "standard_deviation_ratio": 0.028747478689892192,
      "median": 218563.94743974193,
      "minimum": 208261.74335905365,
      "lower_outlier_bound": 195224.87848861472,
      "upper_outlier_bound": 237923.14568983603,
      "outliers": "removed",
      "sample_size": 39
    },
    {
      "maximum": 203605.85977664439,
      "total": 7062473.659248542,
      "mode": null,
      "n": 500,
      "percentiles": {
        "25": 188457.01200994584,
        "50": 190425.41036675934,
        "75": 193737.29920320853
      },
      "frequency_distribution": "removed",
      "average": 190877.6664661768,
      "variance": 22001211.628119275,
      "standard_deviation": 4690.544918036632,
      "standard_deviation_ratio": 0.02457356591200673,
      "median": 190425.41036675934,
      "minimum": 180595.71301896436,
      "lower_outlier_bound": 165296.11548579508,
      "upper_outlier_bound": 210378.52603623853,
      "outliers": "removed",
      "sample_size": 37
    },
    {
      "maximum": 176040.53157198912,
      "total": 5745240.925062386,
      "mode": null,
      "n": 600,
      "percentiles": {
        "25": 156894.10929497515,
        "50": 160157.49193338904,
        "75": 162770.52400311755
      },
      "frequency_distribution": "removed",
      "average": 159590.02569617738,
      "variance": 66782743.94312145,
      "standard_deviation": 8172.070970269498,
      "standard_deviation_ratio": 0.05120665238708111,
      "median": 160157.49193338904,
      "minimum": 127463.55179736354,
      "lower_outlier_bound": 123483.24418511803,
      "upper_outlier_bound": 186137.19847575508,
      "outliers": "removed",
      "sample_size": 36
    },
    {
      "maximum": 192263.3238483427,
      "total": 6586752.251335455,
      "mode": null,
      "n": 700,
      "percentiles": {
        "25": 121794.22378714268,
        "50": 146930.9072101935,
        "75": 152184.06967595447
      },
      "frequency_distribution": "removed",
      "average": 140143.66492203096,
      "variance": 409523275.5714022,
      "standard_deviation": 20236.681436722825,
      "standard_deviation_ratio": 0.144399544909729,
      "median": 146930.9072101935,
      "minimum": 89058.61481792857,
      "lower_outlier_bound": 76209.45495392499,
      "upper_outlier_bound": 197768.83850917214,
      "outliers": "removed",
      "sample_size": 47
    },
    {
      "maximum": 176948.87062383324,
      "total": 5524012.580715171,
      "mode": null,
      "n": 800,
      "percentiles": {
        "25": 100056.5004304287,
        "50": 133241.63371383573,
        "75": 136348.51003580308
      },
      "frequency_distribution": "removed",
      "average": 125545.74047079934,
      "variance": 412240132.46859455,
      "standard_deviation": 20303.697507316112,
      "standard_deviation_ratio": 0.16172350755331716,
      "median": 133241.63371383573,
      "minimum": 81040.2324233866,
      "lower_outlier_bound": 46804.49396730981,
      "upper_outlier_bound": 190177.07019881613,
      "outliers": "removed",
      "sample_size": 44
    },
    {
      "maximum": 140113.9126109527,
      "total": 4653035.970905325,
      "mode": null,
      "n": 900,
      "percentiles": {
        "25": 126792.7248071547,
        "50": 128507.27157814556,
        "75": 131177.47292560563
      },
      "frequency_distribution": "removed",
      "average": 129250.9991918146,
      "variance": 11619084.107261913,
      "standard_deviation": 3408.6777652429855,
      "standard_deviation_ratio": 0.02637254478926191,
      "median": 128507.27157814556,
      "minimum": 122879.86158812391,
      "lower_outlier_bound": 113432.54915292817,
      "upper_outlier_bound": 141331.69576848933,
      "outliers": "removed",
      "sample_size": 36
    },
    {
      "maximum": 209842.45028832354,
      "total": 7141979.67540367,
      "mode": null,
      "n": 1000,
      "percentiles": {
        "25": 181952.3615869142,
        "50": 188879.8897931595,
        "75": 192798.21631976785
      },
      "frequency_distribution": "removed",
      "average": 187946.83356325448,
      "variance": 75455913.80761604,
      "standard_deviation": 8686.536352748202,
      "standard_deviation_ratio": 0.04621805107360164,
      "median": 188879.8897931595,
      "minimum": 170696.81855269583,
      "lower_outlier_bound": 164706.02199375664,
      "upper_outlier_bound": 212461.6447230375,
      "outliers": "removed",
      "sample_size": 38
    },
    {
      "maximum": 123300.3052915559,
      "total": 4551885.181390691,
      "mode": null,