{
  "build_type": "sequential",
  "name": "runtime",
  "timestamp": "2026-03-19T20:33:21.758200Z",
  "impl_mod": "gb_sets",
  "tweaks": "none",
  "impl_description": ":gb_sets.is_disjoint/2",
  "group_id": "is_disjoint_000_0050",
  "measurements": [
    {
      "maximum": 5323112.956456936,
      "total": 225463245.6820598,
      "mode": [
        4506128.334534967,
        4543182.953977557,
        4580642.206037287
      ],
      "n": 0,
      "percentiles": {
        "25": 4454943.82503783,
        "50": 4580642.206037287,
        "75": 4697057.4446374895
      },
      "frequency_distribution": "removed",
      "average": 4601290.728205302,
      "variance": 56662244960.446236,
      "standard_deviation": 238038.32666284277,
      "standard_deviation_ratio": 0.0517329464108189,
      "median": 4580642.206037287,
      "minimum": 4014935.5602842574,
      "lower_outlier_bound": 3935651.236619821,
      "upper_outlier_bound": 5344289.8346569445,
      "outliers": "removed",
      "sample_size": 49
    },
    {
      "maximum": 700334.0593463082,
      "total": 29187955.644104775,
      "mode": null,
      "n": 100,
      "percentiles": {
        "25": 477349.7745544321,
        "50": 506272.7241788169,
        "75": 615272.5718056157
      },
      "frequency_distribution": "removed",
      "average": 540517.6971130514,
      "variance": 6521826421.637738,
      "standard_deviation": 80757.82576096102,
      "standard_deviation_ratio": 0.1494082917031118,
      "median": 506272.7241788169,
      "minimum": 390254.5630514785,
      "lower_outlier_bound": 272741.4148594324,
      "upper_outlier_bound": 817908.0905286589,
      "outliers": "removed",
      "sample_size": 54
    },
    {
      "maximum": 656223.9561117418,
      "total": 25037691.992113605,
      "mode": null,
      "n": 200,
      "percentiles": {
        "25": 356443.9723542055,
        "50": 402920.36681870196,
        "75": 486078.7058640535
      },
      "frequency_distribution": "removed",
      "average": 424367.66088328144,
      "variance": 5493206198.376025,
      "standard_deviation": 74116.16691637544,
      "standard_deviation_ratio": 0.17465083640471002,
      "median": 402920.36681870196,
      "minimum": 337988.56246704614,
      "lower_outlier_bound": 161991.87208943348,
      "upper_outlier_bound": 680530.8061288255,
      "outliers": "removed",
      "sample_size": 59
    },
    {
      "maximum": 422877.6826302992,
      "total": 18266666.534364503,
      "mode": null,
      "n": 300,
      "percentiles": {
        "25": 294525.86597895104,
        "50": 353854.5346322219,
        "75": 377431.0653953398
      },
      "frequency_distribution": "removed",
      "average": 338271.60248823155,
      "variance": 2154323684.714097,
      "standard_deviation": 46414.692552187575,
      "standard_deviation_ratio": 0.13721131839259945,
      "median": 353854.5346322219,
      "minimum": 201864.01228948106,
      "lower_outlier_bound": 170168.0668543679,
      "upper_outlier_bound": 501788.86451992294,
      "outliers": "removed",
      "sample_size": 54
    },
    {
      "maximum": 381046.73538209463,
      "total": 17524608.444908246,
      "mode": null,
      "n": 400,
      "percentiles": {
        "25": 332107.8553471025,
        "50": 341306.24726955005,
        "75": 353278.2454789216
      },
      "frequency_distribution": "removed",
      "average": 343619.77342957346,
      "variance": 281252666.86386466,
      "standard_deviation": 16770.58934157845,
      "standard_deviation_ratio": 0.04880565857487146,
      "median": 341306.24726955005,
      "minimum": 307841.9662482068,
      "lower_outlier_bound": 293774.9314598648,
      "upper_outlier_bound": 393946.49523884495,
      "outliers": "removed",
      "sample_size": 51
    },
    {
      "maximum": 316339.5715496843,
      "total": 14126722.403861916,
      "mode": 302669.8507534966,
      "n": 500,
      "percentiles": {
        "25": 280826.72000153,
        "50": 289645.18464880524,
        "75": 296198.45553077944
      },
      "frequency_distribution": "removed",
      "average": 288300.45722167176,
      "variance": 156717088.88752845,
      "standard_deviation": 12518.669613322672,
      "standard_deviation_ratio": 0.04342230232294489,
      "median": 289645.18464880524,
      "minimum": 253979.86447634432,
      "lower_outlier_bound": 252068.26809574675,
      "upper_outlier_bound": 323226.5909304406,
      "outliers": "removed",
      "sample_size": 49
    },
    {
      "maximum": 253347.9937372376,
      "total": 11701884.464129163,
      "mode": null,
      "n": 600,
      "percentiles": {
        "25": 229631.56795197437,
        "50": 232723.5990870099,
        "75": 239553.0084678632
      },
      "frequency_distribution": "removed",
      "average": 234037.68928258325,
      "variance": 71261487.44889762,
      "standard_deviation": 8441.651938388459,
      "standard_deviation_ratio": 0.03606962606862772,
      "median": 232723.5990870099,
      "minimum": 211676.05097159307,
      "lower_outlier_bound": 210981.19621192888,
      "upper_outlier_bound": 256808.86751803863,
      "outliers": "removed",
      "sample_size": 50
    },
    {
      "maximum": 228794.20876098785,
      "total": 9031790.362161344,
      "mode": null,
      "n": 700,
      "percentiles": {
        "25": 211604.28652542163,
        "50": 213848.39911130106,
        "75": 217996.16898776856
      },
      "frequency_distribution": "removed",
      "average": 215042.6276705082,
      "variance": 41257591.33770061,
      "standard_deviation": 6423.207246983442,
      "standard_deviation_ratio": 0.029869460378921634,
      "median": 213848.39911130106,
      "minimum": 198211.73373821384,
      "lower_outlier_bound": 196879.21750449826,
      "upper_outlier_bound": 231436.8994772557,
      "outliers": "removed",
      "sample_size": 42
    },
    {
      "maximum": 212284.02753748404,
      "total": 8686655.926558658,
      "mode": null,
      "n": 800,
      "percentiles": {
        "25": 175227.708407075,
        "50": 185371.586613947,
        "75": 191993.11896661622
      },
      "frequency_distribution": "removed",
      "average": 184822.46652252466,
      "variance": 105116241.14401722,
      "standard_deviation": 10252.621184068843,
      "standard_deviation_ratio": 0.05547280791655995,
      "median": 185371.586613947,
      "minimum": 163106.85945897453,
      "lower_outlier_bound": 147255.36716547317,
      "upper_outlier_bound": 219034.15295862476,
      "outliers": "removed",
      "sample_size": 47
    },
    {
      "maximum": 193560.99978127607,
      "total": 8028136.803915531,
      "mode": null,
      "n": 900,
      "percentiles": {
        "25": 179176.40067248073,
        "50": 182253.98822297543,
        "75": 185529.27357189578
      },
      "frequency_distribution": "removed",
      "average": 182457.6546344439,
      "variance": 18252404.430514842,
      "standard_deviation": 4272.283280696031,
      "standard_deviation_ratio": 0.023415204416913075,
      "median": 182253.98822297543,
      "minimum": 172962.50172962502,
      "lower_outlier_bound": 167665.61125575294,
      "upper_outlier_bound": 196436.7695490053,
      "outliers": "removed",
      "sample_size": 44
    },
    {
      "maximum": 176227.29091072502,
      "total": 9214504.58276587,
      "mode": null,
      "n": 1000,
      "percentiles": {
        "25": 164994.1757055976,
        "50": 167054.23248603428,
        "75": 170766.7769820046
      },
      "frequency_distribution": "removed",
      "average": 167536.44695937945,
      "variance": 19622733.506048325,
      "standard_deviation": 4429.755467974313,
      "standard_deviation_ratio": 0.026440548002360006,
      "median": 167054.23248603428,
      "minimum": 157446.3462213664,
      "lower_outlier_bound": 155640.52649271436,
      "upper_outlier_bound": 179918.49381229043,
      "outliers": "removed",