{
  "build_type": "sequential",
  "name": "runtime",
  "timestamp": "2026-03-19T20:33:21.732167Z",
  "impl_mod": "gb_sets",
  "tweaks": "none",
  "impl_description": ":gb_sets.is_subset/2",
  "group_id": "is_subset [no shared keys]",
  "measurements": [
    {
      "maximum": 4831151.2633460555,
      "total": 165634095.183437,
      "mode": null,
      "n": 0,
      "percentiles": {
        "25": 4369961.808899854,
        "50": 4461895.413171515,
        "75": 4559789.726640929
      },
      "frequency_distribution": "removed",
      "average": 4476597.167119918,
      "variance": 25153101128.377728,
      "standard_deviation": 158597.29231099036,
      "standard_deviation_ratio": 0.03542809111256847,
      "median": 4461895.413171515,
      "minimum": 4171011.470281543,
      "lower_outlier_bound": 3970622.9192104745,
      "upper_outlier_bound": 4991408.139999136,
      "outliers": "removed",
      "sample_size": 37
    },
    {
      "maximum": 507637.4047545319,
      "total": 17021942.021770258,
      "mode": null,
      "n": 100,
      "percentiles": {
        "25": 351783.5302892403,
        "50": 370977.67456354474,
        "75": 412497.70255639474
      },
      "frequency_distribution": "removed",
      "average": 378265.3782615613,
      "variance": 2020578396.1936114,
      "standard_deviation": 44950.84422114463,
      "standard_deviation_ratio": 0.11883414873370256,
      "median": 370977.67456354474,
      "minimum": 274229.55207344965,
      "lower_outlier_bound": 242502.1110813307,
      "upper_outlier_bound": 536210.1447940037,
      "outliers": "removed",
      "sample_size": 45
    },
    {
      "maximum": 293338.5743158611,
      "total": 9402633.672084304,
      "mode": null,
      "n": 200,
      "percentiles": {
        "25": 245720.20233862248,
        "50": 254161.25514994244,
        "75": 264513.6165435731
      },
      "frequency_distribution": "removed",
      "average": 254125.23438065685,
      "variance": 198664603.47767153,
      "standard_deviation": 14094.8431519358,
      "standard_deviation_ratio": 0.055464161936877886,
      "median": 254161.25514994244,
      "minimum": 206846.1953745054,
      "lower_outlier_bound": 202966.70596152643,
      "upper_outlier_bound": 300858.9831620553,
      "outliers": "removed",
      "sample_size": 37
    },
    {
      "maximum": 269666.0725024202,
      "total": 8362784.112632326,
      "mode": null,
      "n": 300,
      "percentiles": {
        "25": 141951.08933265953,
        "50": 185678.60889586215,
        "75": 199834.93634258103
      },
      "frequency_distribution": "removed",
      "average": 177931.57686451758,
      "variance": 1729988877.7587957,
      "standard_deviation": 41593.1349835378,
      "standard_deviation_ratio": 0.23375915459462293,
      "median": 185678.60889586215,
      "minimum": 65117.987281154725,
      "lower_outlier_bound": 55125.31881777727,
      "upper_outlier_bound": 286660.7068574633,
      "outliers": "removed",
      "sample_size": 47
    },
    {
      "maximum": 230857.84466499064,
      "total": 7105381.40449511,
      "mode": null,
      "n": 400,
      "percentiles": {
        "25": 198078.24486828787,
        "50": 201066.4564851975,
        "75": 207910.58181697215
      },
      "frequency_distribution": "removed",
      "average": 203010.89727128885,
      "variance": 88344997.3566499,
      "standard_deviation": 9399.201953179318,
      "standard_deviation_ratio": 0.04629900207090319,
      "median": 201066.4564851975,
      "minimum": 187513.47753119757,
      "lower_outlier_bound": 160069.30403285677,
      "upper_outlier_bound": 233253.7666950989,
      "outliers": "removed",
      "sample_size": 35
    },
    {
      "maximum": 174593.50267739137,
      "total": 6178850.959031265,
      "mode": null,
      "n": 500,
      "percentiles": {
        "25": 164351.611059623,
        "50": 166710.84504060243,
        "75": 169714.32176247696
      },
      "frequency_distribution": "removed",
      "average": 166995.97186570987,
      "variance": 13578853.968194904,
      "standard_deviation": 3684.9496561275982,
      "standard_deviation_ratio": 0.02206609904992713,
      "median": 166710.84504060243,
      "minimum": 159502.09825010248,
      "lower_outlier_bound": 146898.99510632822,
      "upper_outlier_bound": 182123.59663927677,
      "outliers": "removed",
      "sample_size": 37
    },
    {
      "maximum": 137899.27009916338,
      "total": 4927790.284500253,
      "mode": null,
      "n": 600,
      "percentiles": {
        "25": 126442.59140588068,
        "50": 129613.88545901049,
        "75": 131761.4352554354
      },
      "frequency_distribution": "removed",
      "average": 129678.69169737509,
      "variance": 13109300.661801083,
      "standard_deviation": 3620.676823716953,
      "standard_deviation_ratio": 0.02792036822954963,
      "median": 129613.88545901049,
      "minimum": 123275.83337545258,
      "lower_outlier_bound": 114429.6084843984,
      "upper_outlier_bound": 141861.43058293452,
      "outliers": "removed",
      "sample_size": 38
    },
    {
      "maximum": 125448.16356433358,
      "total": 3863384.4861774095,
      "mode": 118422.93804940842,
      "n": 700,
      "percentiles": {
        "25": 114634.27115473492,
        "50": 116915.03316879491,
        "75": 118422.93804940842
      },
      "frequency_distribution": "removed",
      "average": 117072.2571568912,
      "variance": 9693611.829109333,
      "standard_deviation": 3113.4565725426996,
      "standard_deviation_ratio": 0.026594315751256814,
      "median": 116915.03316879491,
      "minimum": 113179.14561062978,
      "lower_outlier_bound": 105313.45695246183,
      "upper_outlier_bound": 126288.62670757636,
      "outliers": "removed",
      "sample_size": 33
    },
    {
      "maximum": 103883.69181863985,
      "total": 3482770.3210366014,
      "mode": null,
      "n": 800,
      "percentiles": {
        "25": 97844.8689172291,
        "50": 99617.27044694284,
        "75": 101011.52945597211
      },
      "frequency_distribution": "removed",
      "average": 99507.72345818862,
      "variance": 4137329.494481985,
      "standard_deviation": 2034.0426481472764,
      "standard_deviation_ratio": 0.020441052990242965,
      "median": 99617.27044694284,
      "minimum": 95792.13872234362,
      "lower_outlier_bound": 88514.41621385125,
      "upper_outlier_bound": 108471.79516676994,
      "outliers": "removed",
      "sample_size": 35
    },
    {
      "maximum": 114883.10643919812,
      "total": 4201914.812774444,
      "mode": null,
      "n": 900,
      "percentiles": {
        "25": 71440.22119566143,
        "50": 95714.6013528051,
        "75": 98054.21956520638
      },
      "frequency_distribution": "removed",
      "average": 87539.89193280092,
      "variance": 286184771.62744266,
      "standard_deviation": 16916.996530928376,
      "standard_deviation_ratio": 0.19324899948373858,
      "median": 95714.6013528051,
      "minimum": 38232.74489315668,
      "lower_outlier_bound": 31519.22364134401,
      "upper_outlier_bound": 137975.2171195238,
      "outliers": "removed",
      "sample_size": 48
    },
    {
      "maximum": 97274.65596386052,
      "total": 3832721.681655861,
      "mode": null,
      "n": 1000,
      "percentiles": {
        "25": 92395.01273515206,
        "50": 93373.47147627194,
        "75": 94578.57109262046
      },
      "frequency_distribution": "removed",
      "average": 93481.0166257527,
      "variance": 1780303.7220413233,
      "standard_deviation": 1334.2802262048715,
      "standard_deviation_ratio": 0.01427327466438032,
      "median": 93373.47147627194,
      "minimum": 90834.3590046371,
      "lower_outlier_bound": 88144.27055475765,
      "upper_outlier_bound": 98380.0402660929,
      "outliers": "removed",
      "sample_size": 41
    },
    {
      "maximum": 53355.18761818174,
      "total": 1812373.1287903397,
      "mode": null,
      "n": 2000,