{
  "build_type": "sequential",
  "name": "runtime",
  "impl_mod": "gb_sets",
  "impl_description": ":gb_sets.smallest/1",
  "group_id": "smallest",
  "measurements": [
    {
      "maximum": 440664.5220993258,
      "total": 25111204.0885797,
      "mode": [
        394352.8669453427,
        382116.92777990067,
        352820.80231450446
      ],
      "n": 100,
      "frequency_distribution": "removed",
      "outliers": "removed",
      "average": 386326.21674738,
      "sample_size": 65,
      "percentiles": {
        "25": 358192.77817540406,
        "50": 394352.8669453427,
        "75": 408897.8855043653
      },
      "variance": 847800071.6905763,
      "standard_deviation": 29117.006571599635,
      "lower_outlier_bound": 279355.26143183606,
      "median": 394352.8669453427,
      "minimum": 325330.21016331576,
      "standard_deviation_ratio": 0.07536896360994146,
      "upper_outlier_bound": 486355.9441575627
    },
    {
      "maximum": 458274.13959030295,
      "total": 25925494.538985368,
      "mode": [
        425821.83614375745,
        336179.65440731525,
        411759.86164868646,
        427825.7893385813,
        423280.4232804233
      ],
      "n": 200,
      "frequency_distribution": "removed",
      "outliers": "removed",
      "average": 392810.5233179601,
      "sample_size": 66,
      "percentiles": {
        "25": 340974.6067843908,
        "50": 411759.86164868646,
        "75": 426322.8244424634
      },
      "variance": 2129823920.371581,
      "standard_deviation": 46150.01538863862,
      "lower_outlier_bound": 212952.28029728192,
      "median": 411759.86164868646,
      "minimum": 271149.67462039046,
      "standard_deviation_ratio": 0.11748670834687017,
      "upper_outlier_bound": 554345.1509295723
    },
    {
      "maximum": 373412.99477221805,
      "total": 20091673.4843887,
      "mode": null,
      "n": 300,
      "frequency_distribution": "removed",
      "outliers": "removed",
      "average": 304419.2952180106,
      "sample_size": 66,
      "percentiles": {
        "25": 263983.0671810455,
        "50": 315165.67764867004,
        "75": 336379.1599326176
      },
      "variance": 1881352360.626809,
      "standard_deviation": 43374.558909881824,
      "lower_outlier_bound": 155388.92805368727,
      "median": 315165.67764867004,
      "minimum": 179227.52934850793,
      "standard_deviation_ratio": 0.14248294898264918,
      "upper_outlier_bound": 444973.29905997583
    },
    {
      "maximum": 131226.70725946146,
      "total": 8152416.587530879,
      "mode": 125217.56552009116,
      "n": 400,
      "frequency_distribution": "removed",
      "outliers": "removed",
      "average": 125421.79365432123,
      "sample_size": 65,
      "percentiles": {
        "25": 122906.08018248773,
        "50": 125851.06784631067,
        "75": 128333.65241812878
      },
      "variance": 11920450.542344442,
      "standard_deviation": 3452.6005477530184,
      "lower_outlier_bound": 114608.29010114001,
      "median": 125851.06784631067,
      "minimum": 116998.74811339518,
      "standard_deviation_ratio": 0.02752791558115358,
      "upper_outlier_bound": 136443.701594162
    },
    {
      "maximum": 181643.14387953427,
      "total": 10912858.03740389,
      "mode": [
        162400.93542938808,
        170151.94568749893,
        166215.1156026129,
        171379.6058269066
      ],
      "n": 500,
      "frequency_distribution": "removed",
      "outliers": "removed",
      "average": 167890.12365236756,
      "sample_size": 65,
      "percentiles": {
        "25": 162744.52795719504,
        "50": 168401.199016537,
        "75": 172654.17146035534
      },
      "variance": 47490320.77901357,
      "standard_deviation": 6891.322135774351,
      "lower_outlier_bound": 148033.62965093215,
      "median": 168401.199016537,
      "minimum": 150452.86311798514,
      "standard_deviation_ratio": 0.041046620169531166,
      "upper_outlier_bound": 187139.13456724945
    },
    {
      "maximum": 266091.90814507334,
      "total": 15823251.96381981,
      "mode": 248348.48259077137,
      "n": 600,
      "frequency_distribution": "removed",
      "outliers": "removed",
      "average": 247238.31193468452,
      "sample_size": 64,
      "percentiles": {
        "25": 239103.1425830932,
        "50": 250849.7454110108,
        "75": 257707.1002947557
      },
      "variance": 192159349.9146754,
      "standard_deviation": 13862.155312745395,
      "lower_outlier_bound": 207046.63902403368,
      "median": 250849.7454110108,
      "minimum": 212228.61266155902,
      "standard_deviation_ratio": 0.05606799045128371,
      "upper_outlier_bound": 287896.27276970155
    },
    {
      "maximum": 272709.91845973436,
      "total": 15211802.42100763,
      "mode": 259652.5848414821,
      "n": 700,
      "frequency_distribution": "removed",
      "outliers": "removed",
      "average": 230481.85486375197,
      "sample_size": 66,
      "percentiles": {
        "25": 216253.99334849656,
        "50": 222005.8669835395,
        "75": 250909.73685278115
      },
      "variance": 422098387.9814816,
      "standard_deviation": 20545.0331706104,
      "lower_outlier_bound": 164270.37809206967,
      "median": 222005.8669835395,
      "minimum": 188928.7738522577,
      "standard_deviation_ratio": 0.08913948207660634,
      "upper_outlier_bound": 302893.352109208
    },
    {
      "maximum": 163385.34433461318,
      "total": 9565433.30545537,
      "mode": 151689.82464656272,
      "n": 800,
      "frequency_distribution": "removed",
      "outliers": "removed",
      "average": 154281.18234605435,
      "sample_size": 62,
      "percentiles": {
        "25": 151400.4776160391,
        "50": 154675.54290469596,
        "75": 157451.18644991488
      },
      "variance": 18255373.16569301,
      "standard_deviation": 4272.6307078535365,
      "lower_outlier_bound": 141170.17540632715,
      "median": 154675.54290469596,
      "minimum": 141940.61204791916,
      "standard_deviation_ratio": 0.027693790278778004,
      "upper_outlier_bound": 167188.0549149503
    },
    {
      "maximum": 322809.735941636,
      "total": 19030020.8305054,
      "mode": null,
      "n": 900,
      "frequency_distribution": "removed",
      "outliers": "removed",
      "average": 288333.64894705155,
      "sample_size": 66,
      "percentiles": {
        "25": 272431.3473616704,
        "50": 290832.90570505225,
        "75": 309708.2425023675
      },
      "variance": 584512902.8096834,
      "standard_deviation": 24176.701652824428,
      "lower_outlier_bound": 216516.0046506248,
      "median": 290832.90570505225,
      "minimum": 229768.85253435044,
      "standard_deviation_ratio": 0.08384974053883021,
      "upper_outlier_bound": 365623.5852134131
    },
    {
      "maximum": 248663.4340420241,
      "total": 14091870.729587536,
      "mode": 207895.8857404212,
      "n": 1000,
      "frequency_distribution": "removed",
      "outliers": "removed",
      "average": 216798.01122442362,
      "sample_size": 65,
      "percentiles": {
        "25": 205038.33680249884,
        "50": 212093.57568559248,
        "75": 231552.52997252793
      },
      "variance": 247401727.90539473,
      "standard_deviation": 15729.009120265482,
      "lower_outlier_bound": 164605.33307549308,
      "median": 212093.57568559248,
      "minimum": 191431.5249435277,
      "standard_deviation_ratio": 0.07255144561258554,
      "upper_outlier_bound": 271270.47155026323
    },
    {
      "maximum": 237478.9237455176,
      "total": 12933138.11605587,
      "mode": [
        193922.46979657531,
        226947.7793159794,
        197332.0704080827,
        198870.41603691035,
        181442.10182530753
      ],
      "n": 2000,
      "frequency_distribution": "removed",
      "outliers": "removed",
      "average": 198971.35563162877,
      "sample_size": 65,
      "percentiles": {
        "25": 186523.8235201866,
        "50": 197608.93192372296,