{
  "build_type": "sequential",
  "name": "runtime",
  "impl_mod": "gb_sets",
  "tweaks": [
    "duplicate_variants",
    10
  ],
  "impl_description": ":gb_sets.smallest/1",
  "group_id": "smallest",
  "measurements": [
    {
      "maximum": 532339.6326856534,
      "total": 10899969.104832048,
      "mode": null,
      "n": 100,
      "frequency_distribution": "removed",
      "outliers": "removed",
      "average": 495453.14112872945,
      "sample_size": 22,
      "percentiles": {
        "25": 477406.9101449728,
        "50": 489392.4430468362,
        "75": 512846.0262800746
      },
      "variance": 473858796.5732905,
      "standard_deviation": 21768.297971437514,
      "lower_outlier_bound": 424248.2359423201,
      "median": 489392.4430468362,
      "minimum": 459326.6271645767,
      "standard_deviation_ratio": 0.04393613878770755,
      "upper_outlier_bound": 566004.7004827274
    },
    {
      "maximum": 538647.9935362241,
      "total": 9870073.696200714,
      "mode": null,
      "n": 200,
      "frequency_distribution": "removed",
      "outliers": "removed",
      "average": 448639.71346366877,
      "sample_size": 22,
      "percentiles": {
        "25": 419069.2405148625,
        "50": 438731.52719730575,
        "75": 477415.7162357222
      },
      "variance": 1563240470.6224606,
      "standard_deviation": 39537.83593752269,
      "lower_outlier_bound": 339503.17293005803,
      "median": 438731.52719730575,
      "minimum": 395929.8412321337,
      "standard_deviation_ratio": 0.08812825693088022,
      "upper_outlier_bound": 547824.6345228483
    },
    {
      "maximum": 518510.83687649074,
      "total": 9227762.030765593,
      "mode": null,
      "n": 300,
      "frequency_distribution": "removed",
      "outliers": "removed",
      "average": 401207.0448158953,
      "sample_size": 23,
      "percentiles": {
        "25": 362686.7836936022,
        "50": 386264.4366333192,
        "75": 453494.1725998821
      },
      "variance": 3840073466.827138,
      "standard_deviation": 61968.32631939593,
      "lower_outlier_bound": 226475.7003341823,
      "median": 386264.4366333192,
      "minimum": 304210.2701387199,
      "standard_deviation_ratio": 0.15445473134159887,
      "upper_outlier_bound": 589705.255959302
    },
    {
      "maximum": 289645.18464880524,
      "total": 5326142.652921933,
      "mode": null,
      "n": 400,
      "frequency_distribution": "removed",
      "outliers": "removed",
      "average": 253625.84061533012,
      "sample_size": 21,
      "percentiles": {
        "25": 241999.56805250753,
        "50": 257512.94002523625,
        "75": 271422.980196108
      },
      "variance": 529419342.9048608,
      "standard_deviation": 23009.114344208487,
      "lower_outlier_bound": 188806.31917291455,
      "median": 257512.94002523625,
      "minimum": 192315.08904188624,
      "standard_deviation_ratio": 0.09072070215079546,
      "upper_outlier_bound": 319546.15372081095
    },
    {
      "maximum": 306635.59425978165,
      "total": 6185620.6559994025,
      "mode": 304210.2701387199,
      "n": 500,
      "frequency_distribution": "removed",
      "outliers": "removed",
      "average": 281164.5752727001,
      "sample_size": 22,
      "percentiles": {
        "25": 258995.34375147385,
        "50": 286380.07353334577,
        "75": 301910.30712498556
      },
      "variance": 437856631.46680135,
      "standard_deviation": 20925.024049372114,
      "lower_outlier_bound": 194622.8986912063,
      "median": 286380.07353334577,
      "minimum": 248849.07303720294,
      "standard_deviation_ratio": 0.07442269008845456,
      "upper_outlier_bound": 366282.75218525314
    },
    {
      "maximum": 328008.6594286089,
      "total": 6090461.078492084,
      "mode": null,
      "n": 600,
      "frequency_distribution": "removed",
      "outliers": "removed",
      "average": 276839.13993145834,
      "sample_size": 22,
      "percentiles": {
        "25": 261755.61216347507,
        "50": 268130.6208181314,
        "75": 309376.86228258803
      },
      "variance": 689282546.6490068,
      "standard_deviation": 26254.191030176626,
      "lower_outlier_bound": 190323.73698480564,
      "median": 268130.6208181314,
      "minimum": 239125.75623520408,
      "standard_deviation_ratio": 0.09483554614667858,
      "upper_outlier_bound": 380808.7374612575
    },
    {
      "maximum": 158130.26771454324,
      "total": 2996735.688130192,
      "mode": null,
      "n": 700,
      "frequency_distribution": "removed",
      "outliers": "removed",
      "average": 142701.69943477106,
      "sample_size": 21,
      "percentiles": {
        "25": 135018.4909198563,
        "50": 143511.14364030366,
        "75": 151678.78211320424
      },
      "variance": 108129352.3468163,
      "standard_deviation": 10398.526450743697,
      "lower_outlier_bound": 99168.56876476665,
      "median": 143511.14364030366,
      "minimum": 125722.90671360322,
      "standard_deviation_ratio": 0.07286897417431852,
      "upper_outlier_bound": 182973.25139917966
    },
    {
      "maximum": 320215.1846040539,
      "total": 6008930.346413073,
      "mode": null,
      "n": 800,
      "frequency_distribution": "removed",
      "outliers": "removed",
      "average": 273133.1975642306,
      "sample_size": 22,
      "percentiles": {
        "25": 256407.12387961318,
        "50": 269142.8241111984,
        "75": 289169.04039162653
      },
      "variance": 465492750.6613866,
      "standard_deviation": 21575.28101002132,
      "lower_outlier_bound": 209554.27923154022,
      "median": 269142.8241111984,
      "minimum": 243320.84286339968,
      "standard_deviation_ratio": 0.07899179302416226,
      "upper_outlier_bound": 333575.59953442164
    },
    {
      "maximum": 302828.4174186906,
      "total": 5780947.597188939,
      "mode": null,
      "n": 900,
      "frequency_distribution": "removed",
      "outliers": "removed",
      "average": 262770.34532677,
      "sample_size": 22,
      "percentiles": {
        "25": 246003.01097213317,
        "50": 261084.78760651304,
        "75": 275718.6738248227
      },
      "variance": 407536473.97892284,
      "standard_deviation": 20187.53263722248,
      "lower_outlier_bound": 201429.51669309888,
      "median": 261084.78760651304,
      "minimum": 233421.2553395112,
      "standard_deviation_ratio": 0.07682576438417404,
      "upper_outlier_bound": 320292.168103857
    },
    {
      "maximum": 267665.9528907923,
      "total": 4690126.779023007,
      "mode": null,
      "n": 1000,
      "frequency_distribution": "removed",
      "outliers": "removed",
      "average": 213187.58086468212,
      "sample_size": 22,
      "percentiles": {
        "25": 199812.63838251756,
        "50": 211448.8005309205,
        "75": 242421.90611043348
      },
      "variance": 715831393.4840095,
      "standard_deviation": 26755.02557434789,
      "lower_outlier_bound": 135898.73679064366,
      "median": 211448.8005309205,
      "minimum": 163412.04346760357,
      "standard_deviation_ratio": 0.1254999257734918,
      "upper_outlier_bound": 306335.80770230736
    },
    {
      "maximum": 253845.7633142103,
      "total": 4768253.882467422,
      "mode": null,
      "n": 2000,
      "frequency_distribution": "removed",
      "outliers": "removed",
      "average": 216738.81283942825,
      "sample_size": 22,
      "percentiles": {
        "25": 205545.2211034492,
        "50": 209140.3999329561,
        "75": 231893.10917099292
      },
      "variance": 321339642.6918457,
      "standard_deviation": 17925.948864477043,
      "lower_outlier_bound": 166023.38900213363,
      "median": 209140.3999329561,
      "minimum": 196363.3507442171,
      "standard_deviation_ratio": 0.08270760843263245,
      "upper_outlier_bound": 271414.94127230847
    },
    {
      "maximum": 246026.66929095113,
      "total": 4751795.553512292,
      "mode": null,
      "n": 3000,