{
  "build_type": "sequential",
  "name": "runtime",
  "impl_mod": "gb_sets",
  "tweaks": "none",
  "impl_description": ":gb_sets.take_smallest/1",
  "group_id": "take_smallest_x100",
  "measurements": [
    {
      "maximum": 41236.09312759272,
      "total": 736131.3137207911,
      "mode": null,
      "n": 100,
      "frequency_distribution": "removed",
      "outliers": "removed",
      "average": 33460.51426003596,
      "sample_size": 22,
      "percentiles": {
        "25": 17383.06427157254,
        "50": 40442.30725456112,
        "75": 40911.29065076016
      },
      "variance": 124418083.37603119,
      "standard_deviation": 11154.285426509006,
      "lower_outlier_bound": -17909.275297208886,
      "median": 40442.30725456112,
      "minimum": 12249.107652507515,
      "standard_deviation_ratio": 0.3333566645098245,
      "upper_outlier_bound": 76203.63021954158
    },
    {
      "maximum": 32504.575018933916,
      "total": 575963.3300050532,
      "mode": null,
      "n": 200,
      "frequency_distribution": "removed",
      "outliers": "removed",
      "average": 31997.96277805851,
      "sample_size": 18,
      "percentiles": {
        "25": 31858.785211699047,
        "50": 32036.652926321003,
        "75": 32223.892846419425
      },
      "variance": 110049.98995449007,
      "standard_deviation": 331.7378331672317,
      "lower_outlier_bound": 30346.674409783984,
      "median": 32036.652926321003,
      "minimum": 31109.61784945434,
      "standard_deviation_ratio": 0.010367467312472449,
      "upper_outlier_bound": 33262.195592917036
    },
    {
      "maximum": 28358.89888067426,
      "total": 527668.5637865241,
      "mode": null,
      "n": 300,
      "frequency_distribution": "removed",
      "outliers": "removed",
      "average": 22942.11146897931,
      "sample_size": 23,
      "percentiles": {
        "25": 11760.555098200635,
        "50": 27711.65469061323,
        "75": 28057.49541961387
      },
      "variance": 56323651.12434692,
      "standard_deviation": 7504.908468752095,
      "lower_outlier_bound": -12684.855383919221,
      "median": 27711.65469061323,
      "minimum": 8121.787832912083,
      "standard_deviation_ratio": 0.32712370345247854,
      "upper_outlier_bound": 52502.90590173373
    },
    {
      "maximum": 22529.372669618013,
      "total": 392119.4218383215,
      "mode": null,
      "n": 400,
      "frequency_distribution": "removed",
      "outliers": "removed",
      "average": 21784.412324351193,
      "sample_size": 18,
      "percentiles": {
        "25": 21949.703087288668,
        "50": 22088.887807354262,
        "75": 22215.592714470582
      },
      "variance": 1031745.4102453475,
      "standard_deviation": 1015.7486944344785,
      "lower_outlier_bound": 14969.301277190343,
      "median": 22088.887807354262,
      "minimum": 18645.61949138479,
      "standard_deviation_ratio": 0.04662731678554614,
      "upper_outlier_bound": 26533.094293183618
    },
    {
      "maximum": 25077.740997090983,
      "total": 444076.50324795535,
      "mode": null,
      "n": 500,
      "frequency_distribution": "removed",
      "outliers": "removed",
      "average": 24670.91684710863,
      "sample_size": 18,
      "percentiles": {
        "25": 24607.544563641404,
        "50": 24788.46672021609,
        "75": 24895.567617481494
      },
      "variance": 222611.59812895185,
      "standard_deviation": 471.8173355536567,
      "lower_outlier_bound": 22811.154892767696,
      "median": 24788.46672021609,
      "minimum": 22913.654475838695,
      "standard_deviation_ratio": 0.019124434591451047,
      "upper_outlier_bound": 26093.5299894588
    },
    {
      "maximum": 22889.52826971189,
      "total": 450512.9800166731,
      "mode": null,
      "n": 600,
      "frequency_distribution": "removed",
      "outliers": "removed",
      "average": 22525.649000833655,
      "sample_size": 20,
      "percentiles": {
        "25": 22407.636845450168,
        "50": 22528.35895357487,
        "75": 22755.666110700895
      },
      "variance": 71054.52258747208,
      "standard_deviation": 266.56054206778634,
      "lower_outlier_bound": 21645.36445363503,
      "median": 22528.35895357487,
      "minimum": 21759.281421490337,
      "standard_deviation_ratio": 0.011833645372789088,
      "upper_outlier_bound": 23373.360097331544
    },
    {
      "maximum": 22568.57461396453,
      "total": 418357.96759795607,
      "mode": null,
      "n": 700,
      "frequency_distribution": "removed",
      "outliers": "removed",
      "average": 18189.476852085045,
      "sample_size": 23,
      "percentiles": {
        "25": 9838.229984367052,
        "50": 21999.538009701795,
        "75": 22333.293133405692
      },
      "variance": 35424478.463578664,
      "standard_deviation": 5951.84664315023,
      "lower_outlier_bound": -8904.364739190907,
      "median": 21999.538009701795,
      "minimum": 8634.393032390199,
      "standard_deviation_ratio": 0.3272137341579439,
      "upper_outlier_bound": 41075.88785696365
    },
    {
      "maximum": 22387.391421151606,
      "total": 375303.2559566861,
      "mode": null,
      "n": 800,
      "frequency_distribution": "removed",
      "outliers": "removed",
      "average": 22076.66211509918,
      "sample_size": 17,
      "percentiles": {
        "25": 21941.98727396193,
        "50": 22068.088881434778,
        "75": 22198.420919315275
      },
      "variance": 27651.51947297209,
      "standard_deviation": 166.2874603599805,
      "lower_outlier_bound": 13674.418946846072,
      "median": 22068.088881434778,
      "minimum": 21777.28803076695,
      "standard_deviation_ratio": 0.007532273651379995,
      "upper_outlier_bound": 27282.990878420187
    },
    {
      "maximum": 23518.344308560678,
      "total": 450596.78700732574,
      "mode": null,
      "n": 900,
      "frequency_distribution": "removed",
      "outliers": "removed",
      "average": 19591.16465249242,
      "sample_size": 23,
      "percentiles": {
        "25": 9919.778749254776,
        "50": 23233.660927952416,
        "75": 23391.593996781317
      },
      "variance": 38255526.97250816,
      "standard_deviation": 6185.105251530338,
      "lower_outlier_bound": -10287.944122035038,
      "median": 23233.660927952416,
      "minimum": 8231.231762677126,
      "standard_deviation_ratio": 0.31570891068711726,
      "upper_outlier_bound": 43599.31686807113
    },
    {
      "maximum": 18254.137756675995,
      "total": 324843.05446415703,
      "mode": null,
      "n": 1000,
      "frequency_distribution": "removed",
      "outliers": "removed",
      "average": 18046.836359119836,
      "sample_size": 18,
      "percentiles": {
        "25": 17969.70585433938,
        "50": 18079.08356007057,
        "75": 18188.89275215872
      },
      "variance": 34333.49410385367,
      "standard_deviation": 185.29299529084653,
      "lower_outlier_bound": 17122.646494961547,
      "median": 18079.08356007057,
      "minimum": 17489.091179376865,
      "standard_deviation_ratio": 0.010267339471785595,
      "upper_outlier_bound": 18755.377997576215
    },
    {
      "maximum": 18215.832108318624,
      "total": 344064.77231857006,
      "mode": null,
      "n": 2000,
      "frequency_distribution": "removed",
      "outliers": "removed",
      "average": 14959.33792689435,
      "sample_size": 23,
      "percentiles": {
        "25": 8012.704944960729,
        "50": 17888.383641430926,
        "75": 18105.478898969617
      },
      "variance": 20960188.842269477,
      "standard_deviation": 4578.229880889499,
      "lower_outlier_bound": -7126.455986052602,
      "median": 17888.383641430926,
      "minimum": 7246.922956512664,
      "standard_deviation_ratio": 0.30604495354427547,
      "upper_outlier_bound": 33244.639829982945
    },
    {
      "maximum": 18290.63080727528,
      "total": 363211.04233953194,
      "mode": null,
      "n": 3000,
      "frequency_distribution": "removed",