{
  "build_type": "sequential",
  "name": "runtime",
  "impl_mod": "gb_sets",
  "group_id": "take_smallest_x100",
  "impl_description": ":gb_sets.take_smallest/1",
  "tweaks": "none",
  "measurements": [
    {
      "maximum": 4409.287723661119,
      "total": 1652477.568097183,
      "mode": [
        3728.4912660092095,
        3883.268935790148,
        3993.5783260517087,
        4062.167410043303,
        3931.296659577228,
        3772.0333900395685,
        3875.127879220014,
        3836.5477208988264,
        4003.3628247728093,
        3995.7485235709205,
        3893.413901044992
      ],
      "n": 100,
      "frequency_distribution": "removed",
      "outliers": "removed",
      "median": 3772.0333900395685,
      "average": 3082.9805374947446,
      "sample_size": 536,
      "percentiles": {
        "25": 1681.7881051173167,
        "50": 3772.0333900395685,
        "75": 3896.3227666407897
      },
      "variance": 1158907.831958696,
      "standard_deviation": 1076.5258157418689,
      "lower_outlier_bound": -1640.0138871678928,
      "minimum": 779.027337627332,
      "standard_deviation_ratio": 0.3491834614748047,
      "upper_outlier_bound": 7218.124758925999
    },
    {
      "maximum": 3399.071373700705,
      "total": 1268848.5570260826,
      "mode": [
        3068.9532414284135,
        1290.8572453880897,
        2996.003331555705,
        1277.3431262973015,
        3014.363441800178
      ],
      "n": 200,
      "frequency_distribution": "removed",
      "outliers": "removed",
      "median": 2914.9759805979197,
      "average": 2345.3762606766777,
      "sample_size": 541,
      "percentiles": {
        "25": 1293.257051402119,
        "50": 2914.9759805979197,
        "75": 3004.157755009806
      },
      "variance": 711510.1296830046,
      "standard_deviation": 843.5105984414213,
      "lower_outlier_bound": -1273.094004009411,
      "minimum": 717.0843922279525,
      "standard_deviation_ratio": 0.3596483057256047,
      "upper_outlier_bound": 5570.5088104213355
    },
    {
      "maximum": 3142.28255404726,
      "total": 1182146.162650155,
      "mode": [
        2610.0665044945345,
        2637.2420777247985,
        2692.224854619858,
        2741.4760655432096,
        2627.016234960332,
        2741.0251982446475,
        2698.7785328360383,
        2754.487059419795,
        2702.1403653834204
      ],
      "n": 300,
      "frequency_distribution": "removed",
      "outliers": "removed",
      "median": 2620.9812167426117,
      "average": 2189.15956046325,
      "sample_size": 540,
      "percentiles": {
        "25": 1170.1623965414155,
        "50": 2620.9812167426117,
        "75": 2697.4847245613505
      },
      "variance": 514804.68783204345,
      "standard_deviation": 717.4989113803891,
      "lower_outlier_bound": -1120.8210954884871,
      "minimum": 757.5550969822035,
      "standard_deviation_ratio": 0.3277508521254424,
      "upper_outlier_bound": 4988.468216591253
    },
    {
      "maximum": 2437.407378519616,
      "total": 910333.4276623579,
      "mode": null,
      "n": 400,
      "frequency_distribution": "removed",
      "outliers": "removed",
      "median": 2085.9277059175683,
      "average": 1701.5578087146878,
      "sample_size": 535,
      "percentiles": {
        "25": 951.0033560908437,
        "50": 2085.9277059175683,
        "75": 2135.574832677712
      },
      "variance": 333878.4933645845,
      "standard_deviation": 577.8221987467983,
      "lower_outlier_bound": -825.8538587894589,
      "minimum": 669.1178684581182,
      "standard_deviation_ratio": 0.33958423027852935,
      "upper_outlier_bound": 3912.4320475580143
    },
    {
      "maximum": 2482.781907471684,
      "total": 945662.5950711615,
      "mode": [
        2146.2589633139955,
        2143.3057061227814,
        2118.73833369705,
        2212.4823831090243
      ],
      "n": 500,
      "frequency_distribution": "removed",
      "outliers": "removed",
      "median": 2095.3839747050583,
      "average": 1764.2958863267938,
      "sample_size": 536,
      "percentiles": {
        "25": 956.8196855112112,
        "50": 2095.3839747050583,
        "75": 2142.3299915908174
      },
      "variance": 313910.4196449842,
      "standard_deviation": 560.2770918438341,
      "lower_outlier_bound": -821.4457736081979,
      "minimum": 485.6092137549781,
      "standard_deviation_ratio": 0.3175641320630819,
      "upper_outlier_bound": 3920.5954507102265
    },
    {
      "maximum": 2508.856262607003,
      "total": 918975.907058375,
      "mode": [
        2095.9175717537382,
        925.124151661153,
        2129.998040401803,
        2072.50020206877,
        2109.246303018542,
        2075.257124357708,
        2161.1715278618235
      ],
      "n": 600,
      "frequency_distribution": "removed",
      "outliers": "removed",
      "median": 2078.4532981936163,
      "average": 1711.3145382837522,
      "sample_size": 537,
      "percentiles": {
        "25": 955.2271812689521,
        "50": 2078.4532981936163,
        "75": 2128.2799593513582
      },
      "variance": 331383.9306599743,
      "standard_deviation": 575.6595614249574,
      "lower_outlier_bound": -804.3519858546572,
      "minimum": 487.92340773514735,
      "standard_deviation_ratio": 0.3363844276121656,
      "upper_outlier_bound": 3887.8591264749675
    },
    {
      "maximum": 2417.0586330083197,
      "total": 922746.5283087397,
      "mode": [
        2155.8507633867553,
        2115.3724113130115,
        2110.719924351798,
        2154.0350461502007,
        2116.4021164021165,
        2132.587212154041,
        2115.864753924929
      ],
      "n": 700,
      "frequency_distribution": "removed",
      "outliers": "removed",
      "median": 2091.9145411071668,
      "average": 1724.7598659976443,
      "sample_size": 535,
      "percentiles": {
        "25": 950.9400517881952,
        "50": 2091.9145411071668,
        "75": 2131.696190658907
      },
      "variance": 323582.76277839276,
      "standard_deviation": 568.8433552203917,
      "lower_outlier_bound": -820.1941565178729,
      "minimum": 748.3035957484383,
      "standard_deviation_ratio": 0.3298101761495699,
      "upper_outlier_bound": 3902.8303989649753
    },
    {
      "maximum": 2429.1596322252317,
      "total": 918744.1562181013,
      "mode": [
        2121.124705163666,
        2113.802921698398,
        2127.1843524319033
      ],
      "n": 800,
      "frequency_distribution": "removed",
      "outliers": "removed",
      "median": 2098.869339087034,
      "average": 1710.8829724731868,
      "sample_size": 537,
      "percentiles": {
        "25": 953.8235027044291,
        "50": 2098.869339087034,
        "75": 2139.218189038562
      },
      "variance": 334538.9893270863,
      "standard_deviation": 578.3934554670258,
      "lower_outlier_bound": -824.2685267967702,
      "minimum": 753.5346426248927,
      "standard_deviation_ratio": 0.33806722304969955,
      "upper_outlier_bound": 3917.310218539761
    },
    {
      "maximum": 2346.250222893771,
      "total": 944856.1189250473,
      "mode": [
        2142.662772734188,
        2140.777530399041,
        2152.875703721246,
        2078.5008189293226
      ],
      "n": 900,
      "frequency_distribution": "removed",
      "outliers": "removed",
      "median": 2104.729260112813,
      "average": 1756.2381392658872,
      "sample_size": 538,
      "percentiles": {
        "25": 959.6051804425189,
        "50": 2104.729260112813,
        "75": 2144.1145136071927
      },
      "variance": 317793.93767214817,
      "standard_deviation": 563.732150646163,
      "lower_outlier_bound": -817.1588193044921,
      "minimum": 52.95724650279612,
      "standard_deviation_ratio": 0.3209884457251365,
      "upper_outlier_bound": 3920.8785133542037
    },
    {
      "maximum": 2028.1425054049998,
      "total": 755355.0747228052,