{
  "build_type": "from_ordset_or_orddict",
  "name": "runtime",
  "timestamp": "2026-04-02T22:07:06.953491Z",
  "impl_mod": "xb5_sets",
  "impl_description": ":xb5_sets.difference/2",
  "tweaks": "none",
  "group_id": "difference_050_0050",
  "measurements": [
    {
      "maximum": 12748597.654258031,
      "total": 520019010.7932697,
      "mode": null,
      "n": 0,
      "percentiles": {
        "25": 10472300.764477955,
        "50": 10919414.719371041,
        "75": 11719207.781553967
      },
      "frequency_distribution": "removed",
      "outliers": "removed",
      "median": 10919414.719371041,
      "average": 11064234.272197228,
      "sample_size": 47,
      "variance": 577568442010.3004,
      "standard_deviation": 759979.2378810756,
      "lower_outlier_bound": 8474272.529808726,
      "minimum": 9400263.207369806,
      "standard_deviation_ratio": 0.06868791993954702,
      "upper_outlier_bound": 13665070.471414793
    },
    {
      "maximum": 696054.0694801172,
      "total": 28830913.097949658,
      "mode": null,
      "n": 100,
      "percentiles": {
        "25": 623018.6822816549,
        "50": 641185.9375100186,
        "75": 660921.5252353319
      },
      "frequency_distribution": "removed",
      "outliers": "removed",
      "median": 641185.9375100186,
      "average": 640686.9577322146,
      "sample_size": 45,
      "variance": 728428808.8050368,
      "standard_deviation": 26989.420312504615,
      "lower_outlier_bound": 556908.8085996789,
      "minimum": 574181.3609246616,
      "standard_deviation_ratio": 0.04212575265779841,
      "upper_outlier_bound": 721112.1058063247
    },
    {
      "maximum": 432613.89642358094,
      "total": 17157576.40137296,
      "mode": null,
      "n": 200,
      "percentiles": {
        "25": 401563.69157384365,
        "50": 407185.24515365425,
        "75": 414890.84904466174
      },
      "frequency_distribution": "removed",
      "outliers": "removed",
      "median": 407185.24515365425,
      "average": 408513.7238422134,
      "sample_size": 42,
      "variance": 101353836.56285049,
      "standard_deviation": 10067.464256844942,
      "lower_outlier_bound": 374415.1631526365,
      "minimum": 389324.716279613,
      "standard_deviation_ratio": 0.02464412740447725,
      "upper_outlier_bound": 438841.2550945622
    },
    {
      "maximum": 320023.5537335548,
      "total": 12357347.413392203,
      "mode": null,
      "n": 300,
      "percentiles": {
        "25": 285760.2340006648,
        "50": 292639.88094899274,
        "75": 302334.04749341327
      },
      "frequency_distribution": "removed",
      "outliers": "removed",
      "median": 292639.88094899274,
      "average": 294222.55746171915,
      "sample_size": 42,
      "variance": 120495836.4013652,
      "standard_deviation": 10977.059551690754,
      "lower_outlier_bound": 252075.25922759747,
      "minimum": 270521.78241392,
      "standard_deviation_ratio": 0.03730869463711654,
      "upper_outlier_bound": 330506.29848980217
    },
    {
      "maximum": 238778.59970677987,
      "total": 9987837.515538905,
      "mode": null,
      "n": 400,
      "percentiles": {
        "25": 222420.1773088773,
        "50": 226955.34778147787,
        "75": 230925.52704504936
      },
      "frequency_distribution": "removed",
      "outliers": "removed",
      "median": 226955.34778147787,
      "average": 226996.30717133873,
      "sample_size": 44,
      "variance": 25229164.40566667,
      "standard_deviation": 5022.864163569096,
      "lower_outlier_bound": 208435.76191958867,
      "minimum": 218032.60459569123,
      "standard_deviation_ratio": 0.022127514875287354,
      "upper_outlier_bound": 243938.3585877145
    },
    {
      "maximum": 196058.82549000002,
      "total": 8638285.23696322,
      "mode": null,
      "n": 500,
      "percentiles": {
        "25": 166863.5290962031,
        "50": 184666.5960957713,
        "75": 186915.57469280894
      },
      "frequency_distribution": "removed",
      "outliers": "removed",
      "median": 184666.5960957713,
      "average": 179964.2757700671,
      "sample_size": 48,
      "variance": 145537046.2371888,
      "standard_deviation": 12063.873600017068,
      "lower_outlier_bound": 136785.46070129436,
      "minimum": 156402.49243011937,
      "standard_deviation_ratio": 0.06703482426384767,
      "upper_outlier_bound": 216993.6430877177
    },
    {
      "maximum": 164485.8583283302,
      "total": 7505013.738661707,
      "mode": 156849.45902621583,
      "n": 600,
      "percentiles": {
        "25": 149406.7790175582,
        "50": 156138.50734709747,
        "75": 157739.32874433626
      },
      "frequency_distribution": "removed",
      "outliers": "removed",
      "median": 156138.50734709747,
      "average": 153163.5456869736,
      "sample_size": 49,
      "variance": 57353446.0230268,
      "standard_deviation": 7573.205795634158,
      "lower_outlier_bound": 132823.6010911684,
      "minimum": 136690.0771205415,
      "standard_deviation_ratio": 0.04944522380744448,
      "upper_outlier_bound": 172556.79296588124
    },
    {
      "maximum": 141632.82822345695,
      "total": 6514770.311153404,
      "mode": null,
      "n": 700,
      "percentiles": {
        "25": 126148.74812954363,
        "50": 134845.763415805,
        "75": 138180.97834915912
      },
      "frequency_distribution": "removed",
      "outliers": "removed",
      "median": 134845.763415805,
      "average": 132954.49614598785,
      "sample_size": 49,
      "variance": 37595639.0367073,
      "standard_deviation": 6131.5282790432675,
      "lower_outlier_bound": 108100.40280012038,
      "minimum": 122126.51574271852,
      "standard_deviation_ratio": 0.046117494757835595,
      "upper_outlier_bound": 156229.32367858235
    },
    {
      "maximum": 123261.7018496651,
      "total": 5823936.794736372,
      "mode": null,
      "n": 800,
      "percentiles": {
        "25": 111602.03896238486,
        "50": 118443.19776744246,
        "75": 120625.11567528939
      },
      "frequency_distribution": "removed",
      "outliers": "removed",
      "median": 118443.19776744246,
      "average": 116478.73589472745,
      "sample_size": 50,
      "variance": 27979436.413099937,
      "standard_deviation": 5289.559188921127,
      "lower_outlier_bound": 98067.42389302807,
      "minimum": 103591.62523864921,
      "standard_deviation_ratio": 0.045412230380846415,
      "upper_outlier_bound": 134159.73074464616
    },
    {
      "maximum": 110133.00763331876,
      "total": 5087774.414721404,
      "mode": null,
      "n": 900,
      "percentiles": {
        "25": 103093.6586349532,
        "50": 107619.99818680991,
        "75": 108799.63321421531
      },
      "frequency_distribution": "removed",
      "outliers": "removed",
      "median": 107619.99818680991,
      "average": 105995.30030669592,
      "sample_size": 48,
      "variance": 11308564.765709864,
      "standard_deviation": 3362.8209535611413,
      "lower_outlier_bound": 94534.69676606003,
      "minimum": 96890.02400934795,
      "standard_deviation_ratio": 0.03172613260994465,
      "upper_outlier_bound": 117358.59508310848
    },
    {
      "maximum": 100130.77078664736,
      "total": 4233507.53597611,
      "mode": null,
      "n": 1000,
      "percentiles": {
        "25": 94516.81905161297,
        "50": 96313.58774344847,
        "75": 98205.83430168463
      },
      "frequency_distribution": "removed",
      "outliers": "removed",
      "median": 96313.58774344847,
      "average": 96216.08036309341,
      "sample_size": 44,
      "variance": 7075374.893645787,
      "standard_deviation": 2659.9576864389755,
      "lower_outlier_bound": 86264.81463095435,
      "minimum": 90362.23509181254,
      "standard_deviation_ratio": 0.02764566667443754,
      "upper_outlier_bound": 105304.95963910728
    },
    {
      "maximum": 50665.876278996715,
      "total": 2173049.028558642,
      "mode": null,