{
  "build_type": "from_ordset_or_orddict",
  "name": "runtime",
  "timestamp": "2026-03-05T19:28:36.683515Z",
  "impl_mod": "xb5_sets",
  "group_id": "filtermap_all_mapped",
  "impl_description": ":xb5_sets.filtermap/2",
  "tweaks": "none",
  "measurements": [
    {
      "maximum": 5592841.163310962,
      "total": 288912267.1820074,
      "mode": [
        4989024.146876871,
        4621499.214345134,
        5020080.321285141
      ],
      "n": 0,
      "percentiles": {
        "25": 4809080.742667407,
        "50": 4994012.17341844,
        "75": 5172904.337516614
      },
      "average": 4981245.985896679,
      "sample_size": 58,
      "variance": 76744909414.70163,
      "standard_deviation": 277028.7158666077,
      "frequency_distribution": "removed",
      "lower_outlier_bound": 4254620.36991351,
      "median": 4994012.17341844,
      "minimum": 4306261.303935923,
      "outliers": "removed",
      "standard_deviation_ratio": 0.055614341602674235,
      "upper_outlier_bound": 5717471.451558783
    },
    {
      "maximum": 363013.3008073416,
      "total": 17696949.222516447,
      "mode": null,
      "n": 100,
      "percentiles": {
        "25": 304175.10752590053,
        "50": 321797.9495034658,
        "75": 340495.0798460962
      },
      "average": 321762.71313666267,
      "sample_size": 55,
      "variance": 529693705.8722257,
      "standard_deviation": 23015.07562169253,
      "frequency_distribution": "removed",
      "lower_outlier_bound": 233942.32029247392,
      "median": 321797.9495034658,
      "minimum": 267213.9207764168,
      "outliers": "removed",
      "standard_deviation_ratio": 0.07152810031135369,
      "upper_outlier_bound": 404045.9397463942
    },
    {
      "maximum": 216788.06798473813,
      "total": 10729423.358404314,
      "mode": null,
      "n": 200,
      "percentiles": {
        "25": 175225.98203032152,
        "50": 184137.89616839425,
        "75": 194924.76470101843
      },
      "average": 184990.05790352265,
      "sample_size": 58,
      "variance": 143908684.61426997,
      "standard_deviation": 11996.19458887984,
      "frequency_distribution": "removed",
      "lower_outlier_bound": 143634.2243207335,
      "median": 184137.89616839425,
      "minimum": 163013.0019170329,
      "outliers": "removed",
      "standard_deviation_ratio": 0.06484778006359769,
      "upper_outlier_bound": 225641.00993762532
    },
    {
      "maximum": 143578.72852421168,
      "total": 7267617.39502965,
      "mode": null,
      "n": 300,
      "percentiles": {
        "25": 112285.57611501536,
        "50": 122901.05808873233,
        "75": 130276.9046152644
      },
      "average": 121126.9565838275,
      "sample_size": 60,
      "variance": 169725147.9542889,
      "standard_deviation": 13027.860451904176,
      "frequency_distribution": "removed",
      "lower_outlier_bound": 85298.58336464179,
      "median": 122901.05808873233,
      "minimum": 86891.84398395629,
      "outliers": "removed",
      "standard_deviation_ratio": 0.10755541804509944,
      "upper_outlier_bound": 157263.89736563797
    },
    {
      "maximum": 106297.0364386241,
      "total": 5574725.714358662,
      "mode": null,
      "n": 400,
      "percentiles": {
        "25": 87597.70942569617,
        "50": 92825.7399530664,
        "75": 98598.2223366135
      },
      "average": 92912.09523931103,
      "sample_size": 60,
      "variance": 48244122.15199359,
      "standard_deviation": 6945.798885081081,
      "frequency_distribution": "removed",
      "lower_outlier_bound": 71096.94005932019,
      "median": 92825.7399530664,
      "minimum": 77656.15098840749,
      "outliers": "removed",
      "standard_deviation_ratio": 0.07475667045491746,
      "upper_outlier_bound": 115098.9917029895
    },
    {
      "maximum": 84303.8107008513,
      "total": 4255089.302561097,
      "mode": null,
      "n": 500,
      "percentiles": {
        "25": 73877.9583348136,
        "50": 75922.26214533136,
        "75": 79006.81695534855
      },
      "average": 75983.73754573388,
      "sample_size": 56,
      "variance": 15827499.717229782,
      "standard_deviation": 3978.37903136815,
      "frequency_distribution": "removed",
      "lower_outlier_bound": 65245.46126690737,
      "median": 75922.26214533136,
      "minimum": 65422.33387633871,
      "outliers": "removed",
      "standard_deviation_ratio": 0.05235829612847884,
      "upper_outlier_bound": 86831.81700924455
    },
    {
      "maximum": 73798.23267992378,
      "total": 3742068.2966262973,
      "mode": null,
      "n": 600,
      "percentiles": {
        "25": 60967.43119825389,
        "50": 64344.26756920226,
        "75": 67169.99382036057
      },
      "average": 63424.88638349657,
      "sample_size": 59,
      "variance": 25319662.521632623,
      "standard_deviation": 5031.864716149732,
      "frequency_distribution": "removed",
      "lower_outlier_bound": 48060.79654694653,
      "median": 64344.26756920226,
      "minimum": 51059.745007633435,
      "outliers": "removed",
      "standard_deviation_ratio": 0.07933580969660271,
      "upper_outlier_bound": 78614.62973239647
    },
    {
      "maximum": 62229.37998379547,
      "total": 3286454.0908236443,
      "mode": null,
      "n": 700,
      "percentiles": {
        "25": 53622.293146641954,
        "50": 55762.99389283691,
        "75": 58549.517669073444
      },
      "average": 55702.61170887533,
      "sample_size": 59,
      "variance": 11980773.066689886,
      "standard_deviation": 3461.3253338410545,
      "frequency_distribution": "removed",
      "lower_outlier_bound": 43956.73761166508,
      "median": 55762.99389283691,
      "minimum": 48582.55536468009,
      "outliers": "removed",
      "standard_deviation_ratio": 0.06213937242173417,
      "upper_outlier_bound": 67263.62938165528
    },
    {
      "maximum": 54165.78195889467,
      "total": 2957264.1114562545,
      "mode": null,
      "n": 800,
      "percentiles": {
        "25": 46139.0931892021,
        "50": 50113.3463886956,
        "75": 52429.18954143183
      },
      "average": 49287.73519093757,
      "sample_size": 60,
      "variance": 12344190.615776656,
      "standard_deviation": 3513.4300357025263,
      "frequency_distribution": "removed",
      "lower_outlier_bound": 36703.94866085752,
      "median": 50113.3463886956,
      "minimum": 42157.734004934144,
      "outliers": "removed",
      "standard_deviation_ratio": 0.07128406330888852,
      "upper_outlier_bound": 61864.334069776414
    },
    {
      "maximum": 48403.132263495034,
      "total": 2589666.5913585704,
      "mode": null,
      "n": 900,
      "percentiles": {
        "25": 41421.89776909943,
        "50": 44495.307524868425,
        "75": 46838.62687881442
      },
      "average": 43892.65409082323,
      "sample_size": 59,
      "variance": 10291157.09078831,
      "standard_deviation": 3207.983337049666,
      "frequency_distribution": "removed",
      "lower_outlier_bound": 33296.804104526935,
      "median": 44495.307524868425,
      "minimum": 36333.19575163208,
      "outliers": "removed",
      "standard_deviation_ratio": 0.07308702113140998,
      "upper_outlier_bound": 54963.72054338691
    },
    {
      "maximum": 45583.25599374233,
      "total": 2381733.910429676,
      "mode": null,
      "n": 1000,
      "percentiles": {
        "25": 38321.61558908026,
        "50": 39435.39198817451,
        "75": 42108.17254373946
      },
      "average": 39695.565173827934,
      "sample_size": 60,
      "variance": 7150524.759525241,
      "standard_deviation": 2674.0465140915635,
      "frequency_distribution": "removed",
      "lower_outlier_bound": 32641.78015709146,
      "median": 39435.39198817451,
      "minimum": 33850.478374960396,
      "outliers": "removed",
      "standard_deviation_ratio": 0.06736386048118581,
      "upper_outlier_bound": 47788.007975728266
    },
    {
      "maximum": 21716.073629650607,