{
  "build_type": "from_ordset_or_orddict",
  "name": "runtime",
  "timestamp": "2026-04-02T22:07:07.072145Z",
  "impl_mod": "xb5_sets",
  "impl_description": ":xb5_sets.insert/2",
  "tweaks": "none",
  "group_id": "insert_x300",
  "measurements": [
    {
      "maximum": 46945.95440890583,
      "total": 2171109.7299959534,
      "mode": null,
      "n": 0,
      "percentiles": {
        "25": 43849.94690050023,
        "50": 46040.46180178548,
        "75": 46452.23926853181
      },
      "frequency_distribution": "removed",
      "outliers": "removed",
      "median": 46040.46180178548,
      "average": 45231.45270824903,
      "sample_size": 48,
      "variance": 2143048.226328918,
      "standard_deviation": 1463.9153753987687,
      "lower_outlier_bound": 39835.55886489577,
      "minimum": 41888.711746181216,
      "standard_deviation_ratio": 0.03236498692273461,
      "upper_outlier_bound": 50407.614689846865
    },
    {
      "maximum": 43357.93317935486,
      "total": 2004973.2517245698,
      "mode": null,
      "n": 100,
      "percentiles": {
        "25": 40579.83546998843,
        "50": 42264.62472750259,
        "75": 42601.128191735144
      },
      "frequency_distribution": "removed",
      "outliers": "removed",
      "median": 42264.62472750259,
      "average": 41770.276077595205,
      "sample_size": 48,
      "variance": 1311702.403944258,
      "standard_deviation": 1145.295771381462,
      "lower_outlier_bound": 37547.89638736835,
      "minimum": 38787.111508291135,
      "standard_deviation_ratio": 0.02741891792273255,
      "upper_outlier_bound": 45633.06727435521
    },
    {
      "maximum": 42310.652426029344,
      "total": 1891627.3912522693,
      "mode": null,
      "n": 200,
      "percentiles": {
        "25": 39278.97934357755,
        "50": 40874.48508367416,
        "75": 41248.11857019172
      },
      "frequency_distribution": "removed",
      "outliers": "removed",
      "median": 40874.48508367416,
      "average": 40247.39130323977,
      "sample_size": 47,
      "variance": 2050400.1464385109,
      "standard_deviation": 1431.9218367070566,
      "lower_outlier_bound": 36325.2705036563,
      "minimum": 36830.48621398071,
      "standard_deviation_ratio": 0.03557800370012533,
      "upper_outlier_bound": 44201.82741011298
    },
    {
      "maximum": 39921.67367624721,
      "total": 1858101.1414058078,
      "mode": null,
      "n": 300,
      "percentiles": {
        "25": 37970.63444860336,
        "50": 39223.65494050695,
        "75": 39432.27509033862
      },
      "frequency_distribution": "removed",
      "outliers": "removed",
      "median": 39223.65494050695,
      "average": 38710.44044595433,
      "sample_size": 48,
      "variance": 1186094.5767604944,
      "standard_deviation": 1089.0796925663863,
      "lower_outlier_bound": 35730.76612577643,
      "minimum": 36143.189195499595,
      "standard_deviation_ratio": 0.028134004160632255,
      "upper_outlier_bound": 41626.80649569593
    },
    {
      "maximum": 39257.90006351928,
      "total": 1783892.6559724105,
      "mode": null,
      "n": 400,
      "percentiles": {
        "25": 37298.151727389304,
        "50": 38435.550116498154,
        "75": 38691.81428238679
      },
      "frequency_distribution": "removed",
      "outliers": "removed",
      "median": 38435.550116498154,
      "average": 37955.16289303001,
      "sample_size": 47,
      "variance": 1045098.579796625,
      "standard_deviation": 1022.3006308305913,
      "lower_outlier_bound": 35207.65789489308,
      "minimum": 35623.36978554019,
      "standard_deviation_ratio": 0.026934428755101564,
      "upper_outlier_bound": 40782.30811488302
    },
    {
      "maximum": 38413.55107158442,
      "total": 1859280.4230106727,
      "mode": null,
      "n": 500,
      "percentiles": {
        "25": 36036.63326667873,
        "50": 37873.88625756316,
        "75": 38112.89745087603
      },
      "frequency_distribution": "removed",
      "outliers": "removed",
      "median": 37873.88625756316,
      "average": 37185.60846021345,
      "sample_size": 50,
      "variance": 1637781.1336723368,
      "standard_deviation": 1279.7582325081314,
      "lower_outlier_bound": 32922.23699038278,
      "minimum": 34203.21222887969,
      "standard_deviation_ratio": 0.03441541729449989,
      "upper_outlier_bound": 41227.293727171986
    },
    {
      "maximum": 38088.549020533916,
      "total": 1737875.7060296345,
      "mode": null,
      "n": 600,
      "percentiles": {
        "25": 35024.76038453017,
        "50": 36758.644888176335,
        "75": 37113.70647237819
      },
      "frequency_distribution": "removed",
      "outliers": "removed",
      "median": 36758.644888176335,
      "average": 36205.74387561739,
      "sample_size": 48,
      "variance": 1430300.114930715,
      "standard_deviation": 1195.951552083409,
      "lower_outlier_bound": 31891.341252758146,
      "minimum": 33967.49514519575,
      "standard_deviation_ratio": 0.03303209447075656,
      "upper_outlier_bound": 40247.12560415021
    },
    {
      "maximum": 37921.04686358813,
      "total": 1767494.6573113988,
      "mode": null,
      "n": 700,
      "percentiles": {
        "25": 34981.58565747853,
        "50": 36681.51167444131,
        "75": 37107.818713121625
      },
      "frequency_distribution": "removed",
      "outliers": "removed",
      "median": 36681.51167444131,
      "average": 36071.31953696732,
      "sample_size": 49,
      "variance": 1952549.9740866097,
      "standard_deviation": 1397.3367432679245,
      "lower_outlier_bound": 31792.236074013883,
      "minimum": 32389.32486719567,
      "standard_deviation_ratio": 0.03873816542352653,
      "upper_outlier_bound": 40297.16829658627
    },
    {
      "maximum": 37166.50034657762,
      "total": 1771797.1438047865,
      "mode": null,
      "n": 800,
      "percentiles": {
        "25": 35498.33260251276,
        "50": 36632.666667643534,
        "75": 36804.18002215483
      },
      "frequency_distribution": "removed",
      "outliers": "removed",
      "median": 36632.666667643534,
      "average": 36159.125383771156,
      "sample_size": 49,
      "variance": 960372.5261758162,
      "standard_deviation": 979.9859826425153,
      "lower_outlier_bound": 33362.301294950455,
      "minimum": 33667.630458701264,
      "standard_deviation_ratio": 0.027102037791056473,
      "upper_outlier_bound": 38859.164406749864
    },
    {
      "maximum": 36335.53248087752,
      "total": 1741988.368655477,
      "mode": null,
      "n": 900,
      "percentiles": {
        "25": 33695.704284074425,
        "50": 35209.167677378486,
        "75": 35887.61985965226
      },
      "frequency_distribution": "removed",
      "outliers": "removed",
      "median": 35209.167677378486,
      "average": 34839.76737310954,
      "sample_size": 50,
      "variance": 1547652.0913661856,
      "standard_deviation": 1244.0466596419064,
      "lower_outlier_bound": 30407.830920707675,
      "minimum": 31222.524178722724,
      "standard_deviation_ratio": 0.035707662635029586,
      "upper_outlier_bound": 39175.49322301901
    },
    {
      "maximum": 35499.53886099019,
      "total": 1649741.7535168524,
      "mode": null,
      "n": 1000,
      "percentiles": {
        "25": 33214.13400018467,
        "50": 34921.38582032766,
        "75": 35131.89231968304
      },
      "frequency_distribution": "removed",
      "outliers": "removed",
      "median": 34921.38582032766,
      "average": 34369.61986493442,
      "sample_size": 48,
      "variance": 1148570.3992759285,
      "standard_deviation": 1071.7137674192343,
      "lower_outlier_bound": 29913.982274467544,
      "minimum": 31768.63285912295,
      "standard_deviation_ratio": 0.031182008169739737,
      "upper_outlier_bound": 38249.84747007825
    },
    {
      "maximum": 32058.423270568284,
      "total": 1454950.9522894346,
      "mode": null,
      "n": 2000,