{
  "build_type": "from_ordset_or_orddict",
  "name": "runtime",
  "timestamp": "2026-04-02T22:07:06.781683Z",
  "impl_mod": "xb5_sets",
  "impl_description": ":xb5_sets.intersection/2",
  "tweaks": "none",
  "group_id": "intersection_100_0100",
  "measurements": [
    {
      "maximum": 8391373.66786943,
      "total": 335793069.51897615,
      "mode": null,
      "n": 0,
      "percentiles": {
        "25": 6796248.470844094,
        "50": 7078142.695356739,
        "75": 7429420.505200595
      },
      "frequency_distribution": "removed",
      "outliers": "removed",
      "median": 7078142.695356739,
      "average": 7144533.394020769,
      "sample_size": 47,
      "variance": 245042480129.9531,
      "standard_deviation": 495017.6563820255,
      "lower_outlier_bound": 5816821.669786865,
      "minimum": 6137228.427642077,
      "standard_deviation_ratio": 0.06928621214036228,
      "upper_outlier_bound": 8442195.532081464
    },
    {
      "maximum": 686238.1795473573,
      "total": 29943628.835186217,
      "mode": null,
      "n": 100,
      "percentiles": {
        "25": 601410.9605787641,
        "50": 621800.1837519285,
        "75": 643704.2042558359
      },
      "frequency_distribution": "removed",
      "outliers": "removed",
      "median": 621800.1837519285,
      "average": 623825.6007330462,
      "sample_size": 48,
      "variance": 826973687.048029,
      "standard_deviation": 28757.150189961954,
      "lower_outlier_bound": 534089.8199719897,
      "minimum": 560004.4800358403,
      "standard_deviation_ratio": 0.04609806034919046,
      "upper_outlier_bound": 708903.3132858853
    },
    {
      "maximum": 426424.6848721579,
      "total": 16664873.018433413,
      "mode": null,
      "n": 200,
      "percentiles": {
        "25": 400460.53315567225,
        "50": 406973.9048332221,
        "75": 410554.53999777057
      },
      "frequency_distribution": "removed",
      "outliers": "removed",
      "median": 406973.9048332221,
      "average": 406460.3175227662,
      "sample_size": 41,
      "variance": 88569774.94551018,
      "standard_deviation": 9411.151626953535,
      "lower_outlier_bound": 383248.2491575113,
      "minimum": 384272.49531187554,
      "standard_deviation_ratio": 0.023153924802084544,
      "upper_outlier_bound": 427003.03963293775
    },
    {
      "maximum": 350113.0865269482,
      "total": 13873183.459182322,
      "mode": null,
      "n": 300,
      "percentiles": {
        "25": 325714.0980836141,
        "50": 329870.6690682281,
        "75": 336931.8275923423
      },
      "frequency_distribution": "removed",
      "outliers": "removed",
      "median": 329870.6690682281,
      "average": 330313.89188529336,
      "sample_size": 42,
      "variance": 77591370.94450259,
      "standard_deviation": 8808.59642306892,
      "lower_outlier_bound": 297877.31442624016,
      "minimum": 312652.41805380123,
      "standard_deviation_ratio": 0.02666735078198843,
      "upper_outlier_bound": 359054.4219868517
    },
    {
      "maximum": 302678.09579156374,
      "total": 12699404.706671711,
      "mode": null,
      "n": 400,
      "percentiles": {
        "25": 276330.5321863415,
        "50": 280630.8581691643,
        "75": 287357.76207468496
      },
      "frequency_distribution": "removed",
      "outliers": "removed",
      "median": 280630.8581691643,
      "average": 282208.99348159356,
      "sample_size": 45,
      "variance": 71087931.67548543,
      "standard_deviation": 8431.36594363484,
      "lower_outlier_bound": 257375.3681283155,
      "minimum": 263881.485547211,
      "standard_deviation_ratio": 0.02987631910527599,
      "upper_outlier_bound": 304652.5289041404
    },
    {
      "maximum": 266156.3562130209,
      "total": 10421442.925449884,
      "mode": null,
      "n": 500,
      "percentiles": {
        "25": 243671.57268940826,
        "50": 248466.6901932847,
        "75": 252638.3411525219
      },
      "frequency_distribution": "removed",
      "outliers": "removed",
      "median": 248466.6901932847,
      "average": 248129.59346309246,
      "sample_size": 42,
      "variance": 54928050.530743934,
      "standard_deviation": 7411.346067398549,
      "lower_outlier_bound": 226157.52452581364,
      "minimum": 230141.65218692104,
      "standard_deviation_ratio": 0.029868851852614408,
      "upper_outlier_bound": 268109.3173828784
    },
    {
      "maximum": 233155.12509938236,
      "total": 9644080.750576686,
      "mode": null,
      "n": 600,
      "percentiles": {
        "25": 212791.97658475395,
        "50": 217941.69870230643,
        "75": 224954.59055983849
      },
      "frequency_distribution": "removed",
      "outliers": "removed",
      "median": 217941.69870230643,
      "average": 219183.6534221974,
      "sample_size": 44,
      "variance": 51764154.88226135,
      "standard_deviation": 7194.731050029692,
      "lower_outlier_bound": 191872.2200976353,
      "minimum": 207904.09799767562,
      "standard_deviation_ratio": 0.03282512604245631,
      "upper_outlier_bound": 244255.6162331805
    },
    {
      "maximum": 209430.66274333224,
      "total": 8036150.388311712,
      "mode": null,
      "n": 700,
      "percentiles": {
        "25": 198307.44594941166,
        "50": 201341.59112346463,
        "75": 203887.8398313637
      },
      "frequency_distribution": "removed",
      "outliers": "removed",
      "median": 201341.59112346463,
      "average": 200903.7597077928,
      "sample_size": 40,
      "variance": 18342596.954254687,
      "standard_deviation": 4282.825814138918,
      "lower_outlier_bound": 185359.29265179744,
      "minimum": 191680.67532935532,
      "standard_deviation_ratio": 0.021317798235175548,
      "upper_outlier_bound": 214278.10677998027
    },
    {
      "maximum": 188551.52830441267,
      "total": 8289876.890609578,
      "mode": null,
      "n": 800,
      "percentiles": {
        "25": 177215.72526379832,
        "50": 180367.60496998986,
        "75": 183107.37103551885
      },
      "frequency_distribution": "removed",
      "outliers": "removed",
      "median": 180367.60496998986,
      "average": 180214.7150132517,
      "sample_size": 46,
      "variance": 15927133.734873502,
      "standard_deviation": 3990.8813230755813,
      "lower_outlier_bound": 166614.62289445245,
      "minimum": 172178.68014710947,
      "standard_deviation_ratio": 0.022145146819903806,
      "upper_outlier_bound": 192809.62683416883
    },
    {
      "maximum": 173802.71653645945,
      "total": 6995153.559726556,
      "mode": null,
      "n": 900,
      "percentiles": {
        "25": 164420.81775467144,
        "50": 166705.29108380538,
        "75": 169474.96613270772
      },
      "frequency_distribution": "removed",
      "outliers": "removed",
      "median": 166705.29108380538,
      "average": 166551.27523158467,
      "sample_size": 42,
      "variance": 17099594.04093671,
      "standard_deviation": 4135.165539725914,
      "lower_outlier_bound": 152469.74499620782,
      "minimum": 157316.55709568463,
      "standard_deviation_ratio": 0.02482818299635405,
      "upper_outlier_bound": 178781.18967249367
    },
    {
      "maximum": 185370.55574092612,
      "total": 8734383.444108108,
      "mode": null,
      "n": 1000,
      "percentiles": {
        "25": 176178.1006488268,
        "50": 178545.28444049263,
        "75": 179964.7897956739
      },
      "frequency_distribution": "removed",
      "outliers": "removed",
      "median": 178545.28444049263,
      "average": 178252.72334914506,
      "sample_size": 49,
      "variance": 8506889.765346525,
      "standard_deviation": 2916.657293091961,
      "lower_outlier_bound": 170348.1780186587,
      "minimum": 172429.25227779042,
      "standard_deviation_ratio": 0.016362483771869676,
      "upper_outlier_bound": 185973.47671368968
    },
    {
      "maximum": 153769.26921154806,
      "total": 6985073.410295934,
      "mode": null,
      "n": 2000,