{
  "build_type": "from_ordset_or_orddict",
  "name": "runtime",
  "timestamp": "2026-03-05T19:28:36.703747Z",
  "impl_mod": "xb5_sets",
  "group_id": "intersection_000_1000",
  "impl_description": ":xb5_sets.intersection/2",
  "tweaks": "none",
  "measurements": [
    {
      "maximum": 8643789.437289307,
      "total": 429948299.70099276,
      "mode": null,
      "n": 0,
      "percentiles": {
        "25": 6928566.4795953715,
        "50": 7208765.859284891,
        "75": 7686985.932815743
      },
      "average": 7287259.316965979,
      "sample_size": 59,
      "variance": 337118953480.6412,
      "standard_deviation": 580619.456684532,
      "frequency_distribution": "removed",
      "lower_outlier_bound": 5797455.188723139,
      "median": 7208765.859284891,
      "minimum": 6100536.847242557,
      "outliers": "removed",
      "standard_deviation_ratio": 0.07967597026947446,
      "upper_outlier_bound": 8807993.754135516
    },
    {
      "maximum": 226734.2334682402,
      "total": 12635651.59326652,
      "mode": null,
      "n": 100,
      "percentiles": {
        "25": 208796.60079133912,
        "50": 213675.67024715865,
        "75": 220446.40396803527
      },
      "average": 214163.5863265512,
      "sample_size": 59,
      "variance": 45679023.52421772,
      "standard_deviation": 6758.625860647837,
      "frequency_distribution": "removed",
      "lower_outlier_bound": 191433.11076357422,
      "median": 213675.67024715865,
      "minimum": 202438.1652624206,
      "outliers": "removed",
      "standard_deviation_ratio": 0.03155824001911537,
      "upper_outlier_bound": 236971.2558564611
    },
    {
      "maximum": 145420.7020911497,
      "total": 7418748.854445661,
      "mode": null,
      "n": 200,
      "percentiles": {
        "25": 134656.31158826477,
        "50": 136977.2048134799,
        "75": 140991.042078463
      },
      "average": 137384.23804529003,
      "sample_size": 54,
      "variance": 21662230.030391242,
      "standard_deviation": 4654.2700856730735,
      "frequency_distribution": "removed",
      "lower_outlier_bound": 121134.8539248643,
      "median": 136977.2048134799,
      "minimum": 121620.32324249511,
      "outliers": "removed",
      "standard_deviation_ratio": 0.033877758845514354,
      "upper_outlier_bound": 152344.44871313893
    },
    {
      "maximum": 126982.99824636479,
      "total": 6656290.369441434,
      "mode": null,
      "n": 300,
      "percentiles": {
        "25": 116339.5144014952,
        "50": 119408.6194808347,
        "75": 122261.42488533449
      },
      "average": 118862.32802573989,
      "sample_size": 56,
      "variance": 21819111.70087885,
      "standard_deviation": 4671.093201904545,
      "frequency_distribution": "removed",
      "lower_outlier_bound": 106057.07990015665,
      "median": 119408.6194808347,
      "minimum": 106525.4281523271,
      "outliers": "removed",
      "standard_deviation_ratio": 0.03929834859782495,
      "upper_outlier_bound": 131920.5471245919
    },
    {
      "maximum": 113191.05971733929,
      "total": 6274369.456459261,
      "mode": null,
      "n": 400,
      "percentiles": {
        "25": 100960.6969434056,
        "50": 106084.70943952119,
        "75": 108581.77283744817
      },
      "average": 104572.82427432101,
      "sample_size": 60,
      "variance": 25132424.59329788,
      "standard_deviation": 5013.224969348362,
      "frequency_distribution": "removed",
      "lower_outlier_bound": 89529.08310234174,
      "median": 106084.70943952119,
      "minimum": 92383.27604030498,
      "outliers": "removed",
      "standard_deviation_ratio": 0.04794003608621493,
      "upper_outlier_bound": 120013.38667851203
    },
    {
      "maximum": 102255.23930282379,
      "total": 5667566.498174354,
      "mode": null,
      "n": 500,
      "percentiles": {
        "25": 93458.11861330582,
        "50": 97347.00215039527,
        "75": 99411.48401463337
      },
      "average": 96060.44912159923,
      "sample_size": 59,
      "variance": 18234350.164344966,
      "standard_deviation": 4270.169805094988,
      "frequency_distribution": "removed",
      "lower_outlier_bound": 84039.1587129935,
      "median": 97347.00215039527,
      "minimum": 86404.95757084558,
      "outliers": "removed",
      "standard_deviation_ratio": 0.044452944413049165,
      "upper_outlier_bound": 108520.76659966169
    },
    {
      "maximum": 94994.54731298423,
      "total": 5068360.080475899,
      "mode": null,
      "n": 600,
      "percentiles": {
        "25": 86452.39396434421,
        "50": 89035.77813708661,
        "75": 92035.91219153069
      },
      "average": 88918.59790308596,
      "sample_size": 57,
      "variance": 13354338.733336223,
      "standard_deviation": 3654.358867617714,
      "frequency_distribution": "removed",
      "lower_outlier_bound": 77854.45769605316,
      "median": 89035.77813708661,
      "minimum": 79729.8751828804,
      "outliers": "removed",
      "standard_deviation_ratio": 0.04109780129012682,
      "upper_outlier_bound": 100521.77871665831
    },
    {
      "maximum": 89331.33707572082,
      "total": 4988765.095680292,
      "mode": null,
      "n": 700,
      "percentiles": {
        "25": 80671.19488889263,
        "50": 83449.15611759026,
        "75": 85841.86354184574
      },
      "average": 83146.08492800486,
      "sample_size": 60,
      "variance": 10660046.183089467,
      "standard_deviation": 3264.9726159784964,
      "frequency_distribution": "removed",
      "lower_outlier_bound": 72915.19190946296,
      "median": 83449.15611759026,
      "minimum": 75988.01517024735,
      "outliers": "removed",
      "standard_deviation_ratio": 0.03926790562424671,
      "upper_outlier_bound": 93597.86652127541
    },
    {
      "maximum": 84047.52719567862,
      "total": 4707845.512088616,
      "mode": null,
      "n": 800,
      "percentiles": {
        "25": 75543.40542248228,
        "50": 78667.37447331517,
        "75": 81370.62420952128
      },
      "average": 78464.0918681436,
      "sample_size": 60,
      "variance": 11058158.65808693,
      "standard_deviation": 3325.3809793897194,
      "frequency_distribution": "removed",
      "lower_outlier_bound": 66802.57724192378,
      "median": 78667.37447331517,
      "minimum": 72148.82281980687,
      "outliers": "removed",
      "standard_deviation_ratio": 0.042380927379850594,
      "upper_outlier_bound": 90111.4523900798
    },
    {
      "maximum": 79637.68040921025,
      "total": 4476176.281526211,
      "mode": null,
      "n": 900,
      "percentiles": {
        "25": 72849.5505026925,
        "50": 74787.10947878333,
        "75": 76800.4489826143
      },
      "average": 74602.93802543684,
      "sample_size": 60,
      "variance": 7028764.879702914,
      "standard_deviation": 2651.1817892598224,
      "frequency_distribution": "removed",
      "lower_outlier_bound": 66923.20278280979,
      "median": 74787.10947878333,
      "minimum": 68570.03366102952,
      "outliers": "removed",
      "standard_deviation_ratio": 0.03553723029454775,
      "upper_outlier_bound": 82726.796702497
    },
    {
      "maximum": 75796.79485673268,
      "total": 4143798.0070614247,
      "mode": null,
      "n": 1000,
      "percentiles": {
        "25": 68702.88270425539,
        "50": 70274.11825306976,
        "75": 72168.34855002962
      },
      "average": 70233.86452646482,
      "sample_size": 59,
      "variance": 6697674.411638037,
      "standard_deviation": 2587.9865555365695,
      "frequency_distribution": "removed",
      "lower_outlier_bound": 63504.68393559404,
      "median": 70274.11825306976,
      "minimum": 64670.963836643736,
      "outliers": "removed",
      "standard_deviation_ratio": 0.03684812978732489,
      "upper_outlier_bound": 77366.54731869098
    },
    {
      "maximum": 51879.16719410487,
      "total": 2712318.5845893547,
      "mode": null,
      "n": 2000,