{
  "build_type": "from_ordset_or_orddict",
  "name": "runtime",
  "timestamp": "2026-03-19T20:43:49.128629Z",
  "impl_mod": "xb5_sets",
  "tweaks": "none",
  "impl_description": ":xb5_sets.intersection/2",
  "group_id": "intersection_100_0500",
  "measurements": [
    {
      "maximum": 8611780.916293489,
      "total": 346250009.3980619,
      "mode": null,
      "n": 0,
      "percentiles": {
        "25": 6672227.754253992,
        "50": 6905600.441958428,
        "75": 7423076.4897261355
      },
      "average": 7066326.722409426,
      "variance": 370953740300.2425,
      "standard_deviation": 609059.7181723993,
      "standard_deviation_ratio": 0.08619184225389545,
      "median": 6905600.441958428,
      "frequency_distribution": "removed",
      "minimum": 6098304.671301378,
      "lower_outlier_bound": 5422478.981177138,
      "upper_outlier_bound": 8748612.97885804,
      "outliers": "removed",
      "sample_size": 49
    },
    {
      "maximum": 270457.39755073783,
      "total": 12357738.885575548,
      "mode": null,
      "n": 100,
      "percentiles": {
        "25": 251777.95902240503,
        "50": 258658.9813475678,
        "75": 262458.7914481313
      },
      "average": 257452.89344949057,
      "variance": 43595090.28086237,
      "standard_deviation": 6602.6578194589465,
      "standard_deviation_ratio": 0.02564608123448539,
      "median": 258658.9813475678,
      "frequency_distribution": "removed",
      "minimum": 242871.71516005247,
      "lower_outlier_bound": 234549.02269327638,
      "upper_outlier_bound": 279111.8372976242,
      "outliers": "removed",
      "sample_size": 48
    },
    {
      "maximum": 209871.95711896173,
      "total": 8831278.705707308,
      "mode": null,
      "n": 200,
      "percentiles": {
        "25": 197721.5408144821,
        "50": 201555.52599487014,
        "75": 204409.85414833363
      },
      "average": 200710.8796751661,
      "variance": 27348253.88511266,
      "standard_deviation": 5229.555801892992,
      "standard_deviation_ratio": 0.026055168560650994,
      "median": 201555.52599487014,
      "frequency_distribution": "removed",
      "minimum": 188512.4295670435,
      "lower_outlier_bound": 182963.89218033178,
      "upper_outlier_bound": 215226.7767981049,
      "outliers": "removed",
      "sample_size": 44
    },
    {
      "maximum": 185605.89187343162,
      "total": 7047503.425674315,
      "mode": null,
      "n": 300,
      "percentiles": {
        "25": 173527.98303536698,
        "50": 175576.11230430938,
        "75": 179081.09153101195
      },
      "average": 176187.58564185788,
      "variance": 18366478.85572387,
      "standard_deviation": 4285.613008161594,
      "standard_deviation_ratio": 0.02432414856329944,
      "median": 175576.11230430938,
      "frequency_distribution": "removed",
      "minimum": 165696.51357965777,
      "lower_outlier_bound": 160798.79614902256,
      "upper_outlier_bound": 187906.4017971269,
      "outliers": "removed",
      "sample_size": 40
    },
    {
      "maximum": 175534.98675588524,
      "total": 7961399.3067294,
      "mode": null,
      "n": 400,
      "percentiles": {
        "25": 154195.03366286404,
        "50": 166249.3807210568,
        "75": 169339.3350117255
      },
      "average": 162477.53687202858,
      "variance": 101533718.02751647,
      "standard_deviation": 10076.394098461833,
      "standard_deviation_ratio": 0.06201715198574346,
      "median": 166249.3807210568,
      "frequency_distribution": "removed",
      "minimum": 143390.3501162179,
      "lower_outlier_bound": 131478.58163957187,
      "upper_outlier_bound": 192055.78703501768,
      "outliers": "removed",
      "sample_size": 49
    },
    {
      "maximum": 163122.29115045257,
      "total": 7403930.329025407,
      "mode": null,
      "n": 500,
      "percentiles": {
        "25": 138853.35476006076,
        "50": 151495.3266648227,
        "75": 155672.47564585492
      },
      "average": 148078.60658050815,
      "variance": 93658646.62532224,
      "standard_deviation": 9677.739747757336,
      "standard_deviation_ratio": 0.06535542149699856,
      "median": 151495.3266648227,
      "frequency_distribution": "removed",
      "minimum": 126865.07518658681,
      "lower_outlier_bound": 113624.6734313695,
      "upper_outlier_bound": 180901.15697454617,
      "outliers": "removed",
      "sample_size": 50
    },
    {
      "maximum": 148283.91030602832,
      "total": 6655243.998767975,
      "mode": null,
      "n": 600,
      "percentiles": {
        "25": 127992.80215559062,
        "50": 139662.6588139009,
        "75": 142089.66103694838
      },
      "average": 135821.3060973056,
      "variance": 68273624.19112463,
      "standard_deviation": 8262.785498312578,
      "standard_deviation_ratio": 0.06083570932820306,
      "median": 139662.6588139009,
      "frequency_distribution": "removed",
      "minimum": 114456.81086698745,
      "lower_outlier_bound": 106649.57468484675,
      "upper_outlier_bound": 163331.74670373992,
      "outliers": "removed",
      "sample_size": 49
    },
    {
      "maximum": 131680.65334672964,
      "total": 6106483.958217188,
      "mode": null,
      "n": 700,
      "percentiles": {
        "25": 115569.31847092324,
        "50": 124842.94762480166,
        "75": 126335.30428562022
      },
      "average": 122129.67916434376,
      "variance": 41035868.18757171,
      "standard_deviation": 6405.924460026961,
      "standard_deviation_ratio": 0.0524518241909637,
      "median": 124842.94762480166,
      "frequency_distribution": "removed",
      "minimum": 107138.53333776172,
      "lower_outlier_bound": 99420.33974887777,
      "upper_outlier_bound": 142484.28300766568,
      "outliers": "removed",
      "sample_size": 50
    },
    {
      "maximum": 115774.64234318615,
      "total": 5415596.405287623,
      "mode": null,
      "n": 800,
      "percentiles": {
        "25": 103602.90446650005,
        "50": 109250.66653617482,
        "75": 113250.34153853038
      },
      "average": 108311.92810575246,
      "variance": 27983027.42603372,
      "standard_deviation": 5289.898621527044,
      "standard_deviation_ratio": 0.04883948346263533,
      "median": 109250.66653617482,
      "frequency_distribution": "removed",
      "minimum": 96518.66815820182,
      "lower_outlier_bound": 89131.74885845456,
      "upper_outlier_bound": 127721.49714657587,
      "outliers": "removed",
      "sample_size": 50
    },
    {
      "maximum": 104245.17631507896,
      "total": 4818992.169566565,
      "mode": null,
      "n": 900,
      "percentiles": {
        "25": 94077.33223428944,
        "50": 99091.72524639158,
        "75": 102880.02358515485
      },
      "average": 98346.77897074622,
      "variance": 21915301.24854039,
      "standard_deviation": 4681.3781356071195,
      "standard_deviation_ratio": 0.04760072657793521,
      "median": 99091.72524639158,
      "frequency_distribution": "removed",
      "minimum": 88360.06372527796,
      "lower_outlier_bound": 80873.29520799132,
      "upper_outlier_bound": 116084.06061145297,
      "outliers": "removed",
      "sample_size": 49
    },
    {
      "maximum": 97016.45302026771,
      "total": 4524509.8007959975,
      "mode": null,
      "n": 1000,
      "percentiles": {
        "25": 88933.00103533966,
        "50": 93960.05945792563,
        "75": 95473.39802133621
      },
      "average": 92336.9347101224,
      "variance": 13727997.838698484,
      "standard_deviation": 3705.131284947739,
      "standard_deviation_ratio": 0.04012621056329657,
      "median": 93960.05945792563,
      "frequency_distribution": "removed",
      "minimum": 82961.25211758596,
      "lower_outlier_bound": 79122.40555634485,
      "upper_outlier_bound": 105283.99350033102,
      "outliers": "removed",
      "sample_size": 49
    },
    {
      "maximum": 64779.971587504464,
      "total": 2952748.2193905166,
      "mode": null,
      "n": 2000,