{
  "build_type": "from_ordset_or_orddict",
  "name": "runtime",
  "timestamp": "2026-03-19T20:43:49.026859Z",
  "impl_mod": "xb5_sets",
  "tweaks": "none",
  "impl_description": ":xb5_sets.intersection/2",
  "group_id": "intersection_100_0100",
  "measurements": [
    {
      "maximum": 8067118.425298483,
      "total": 331846809.4048296,
      "mode": null,
      "n": 0,
      "percentiles": {
        "25": 6743088.334457181,
        "50": 7086167.800453515,
        "75": 7376263.185070443
      },
      "average": 7060570.412868715,
      "variance": 292473786979.67487,
      "standard_deviation": 540808.4568307664,
      "standard_deviation_ratio": 0.07659557588223748,
      "median": 7086167.800453515,
      "frequency_distribution": "removed",
      "minimum": 5970149.253731343,
      "lower_outlier_bound": 5640669.116231407,
      "upper_outlier_bound": 8440428.854687173,
      "outliers": "removed",
      "sample_size": 47
    },
    {
      "maximum": 704423.7813468582,
      "total": 30247820.615605205,
      "mode": null,
      "n": 100,
      "percentiles": {
        "25": 623468.6052383832,
        "50": 641333.974667308,
        "75": 658969.8982550477
      },
      "average": 643570.6513958555,
      "variance": 653219388.9016807,
      "standard_deviation": 25558.15699344694,
      "standard_deviation_ratio": 0.03971305549439406,
      "median": 641333.974667308,
      "frequency_distribution": "removed",
      "minimum": 584603.8724160509,
      "lower_outlier_bound": 565950.1217527126,
      "upper_outlier_bound": 713512.3466309279,
      "outliers": "removed",
      "sample_size": 47
    },
    {
      "maximum": 447729.7861194812,
      "total": 19210832.65678999,
      "mode": null,
      "n": 200,
      "percentiles": {
        "25": 409167.6175669349,
        "50": 418180.8372428591,
        "75": 425586.89075829025
      },
      "average": 417626.79688673886,
      "variance": 176238398.71796346,
      "standard_deviation": 13275.481110602488,
      "standard_deviation_ratio": 0.03178790539679575,
      "median": 418180.8372428591,
      "frequency_distribution": "removed",
      "minimum": 388943.12484685367,
      "lower_outlier_bound": 373428.16068466014,
      "upper_outlier_bound": 455921.92746994883,
      "outliers": "removed",
      "sample_size": 46
    },
    {
      "maximum": 356898.12699862954,
      "total": 15245931.398116237,
      "mode": null,
      "n": 300,
      "percentiles": {
        "25": 331741.1020306232,
        "50": 341463.58120174694,
        "75": 344985.2161753379
      },
      "average": 338798.47551369417,
      "variance": 89331565.13869196,
      "standard_deviation": 9451.537712916981,
      "standard_deviation_ratio": 0.02789722621563258,
      "median": 341463.58120174694,
      "frequency_distribution": "removed",
      "minimum": 312968.4746855449,
      "lower_outlier_bound": 299366.597064801,
      "upper_outlier_bound": 371726.49944648263,
      "outliers": "removed",
      "sample_size": 45
    },
    {
      "maximum": 306603.6289605524,
      "total": 13101000.698704502,
      "mode": null,
      "n": 400,
      "percentiles": {
        "25": 287718.4949371291,
        "50": 291838.7299178474,
        "75": 294800.49793898175
      },
      "average": 291133.3488601,
      "variance": 47718306.29927656,
      "standard_deviation": 6907.843824181071,
      "standard_deviation_ratio": 0.023727421991427498,
      "median": 291838.7299178474,
      "frequency_distribution": "removed",
      "minimum": 272630.36502479576,
      "lower_outlier_bound": 272108.71520568454,
      "upper_outlier_bound": 308837.93917707936,
      "outliers": "removed",
      "sample_size": 45
    },
    {
      "maximum": 273019.6519545477,
      "total": 10017170.147154503,
      "mode": null,
      "n": 500,
      "percentiles": {
        "25": 251969.13881987735,
        "50": 256885.82452643098,
        "75": 262156.18216708786
      },
      "average": 256850.5165937052,
      "variance": 50265910.74332424,
      "standard_deviation": 7089.845607862293,
      "standard_deviation_ratio": 0.027603003108135654,
      "median": 256885.82452643098,
      "frequency_distribution": "removed",
      "minimum": 242835.14893079683,
      "lower_outlier_bound": 220535.73770962638,
      "upper_outlier_bound": 284281.9232402397,
      "outliers": "removed",
      "sample_size": 39
    },
    {
      "maximum": 239044.0151745141,
      "total": 9584654.87399032,
      "mode": null,
      "n": 600,
      "percentiles": {
        "25": 223940.8368031304,
        "50": 228487.22844747774,
        "75": 232956.29327418882
      },
      "average": 228206.06842834095,
      "variance": 47444210.29982587,
      "standard_deviation": 6887.9757766578905,
      "standard_deviation_ratio": 0.030183140282357503,
      "median": 228487.22844747774,
      "frequency_distribution": "removed",
      "minimum": 208456.67019653294,
      "lower_outlier_bound": 201470.86023306666,
      "upper_outlier_bound": 250952.83415541233,
      "outliers": "removed",
      "sample_size": 42
    },
    {
      "maximum": 213749.66067241368,
      "total": 9145878.183326354,
      "mode": null,
      "n": 700,
      "percentiles": {
        "25": 198503.1168957756,
        "50": 203263.18720742804,
        "75": 208935.00991467625
      },
      "average": 203241.7374072523,
      "variance": 41848379.5686908,
      "standard_deviation": 6469.03235180431,
      "standard_deviation_ratio": 0.031829251384727995,
      "median": 203263.18720742804,
      "frequency_distribution": "removed",
      "minimum": 186675.82622720688,
      "lower_outlier_bound": 181754.74037206062,
      "upper_outlier_bound": 224680.89210005983,
      "outliers": "removed",
      "sample_size": 45
    },
    {
      "maximum": 193585.7304086401,
      "total": 7245114.163039453,
      "mode": null,
      "n": 800,
      "percentiles": {
        "25": 183597.7446853043,
        "50": 186108.83644755452,
        "75": 188652.54916757063
      },
      "average": 185772.15802665264,
      "variance": 18104041.449460316,
      "standard_deviation": 4254.884422573698,
      "standard_deviation_ratio": 0.022903778842700704,
      "median": 186108.83644755452,
      "frequency_distribution": "removed",
      "minimum": 171285.96362913848,
      "lower_outlier_bound": 165116.03791889476,
      "upper_outlier_bound": 201369.5988469119,
      "outliers": "removed",
      "sample_size": 39
    },
    {
      "maximum": 179420.14995936133,
      "total": 7325586.346473699,
      "mode": null,
      "n": 900,
      "percentiles": {
        "25": 168710.31089936092,
        "50": 170755.9879856087,
        "75": 173433.46225220695
      },
      "average": 170362.47317380697,
      "variance": 28752914.36510344,
      "standard_deviation": 5362.17440644217,
      "standard_deviation_ratio": 0.03147509135401891,
      "median": 170755.9879856087,
      "frequency_distribution": "removed",
      "minimum": 154559.74429635904,
      "lower_outlier_bound": 150924.7394724834,
      "upper_outlier_bound": 186530.3980358988,
      "outliers": "removed",
      "sample_size": 43
    },
    {
      "maximum": 193864.94979867124,
      "total": 8531887.10084914,
      "mode": null,
      "n": 1000,
      "percentiles": {
        "25": 182762.6264631682,
        "50": 186168.1317044482,
        "75": 188630.4629560848
      },
      "average": 185475.8065401987,
      "variance": 16927862.42203148,
      "standard_deviation": 4114.34835934337,
      "standard_deviation_ratio": 0.022182668651459164,
      "median": 186168.1317044482,
      "frequency_distribution": "removed",
      "minimum": 175952.56318896427,
      "lower_outlier_bound": 173087.10213656037,
      "upper_outlier_bound": 197956.4794477995,
      "outliers": "removed",
      "sample_size": 46
    },
    {
      "maximum": 160472.94586605646,
      "total": 6919280.716187961,
      "mode": null,
      "n": 2000,