{
  "build_type": "from_ordset_or_orddict",
  "name": "runtime",
  "timestamp": "2026-03-05T19:28:36.635547Z",
  "impl_mod": "xb5_sets",
  "group_id": "intersection_050_0100",
  "impl_description": ":xb5_sets.intersection/2",
  "tweaks": "none",
  "measurements": [
    {
      "maximum": 8793527.963418923,
      "total": 437795814.01464856,
      "mode": 7776049.766718507,
      "n": 0,
      "percentiles": {
        "25": 6907152.414384941,
        "50": 7246471.939612733,
        "75": 7672243.995477835
      },
      "average": 7296596.900244143,
      "sample_size": 60,
      "variance": 377257844100.8357,
      "standard_deviation": 614213.1910833857,
      "frequency_distribution": "removed",
      "lower_outlier_bound": 5693492.957854553,
      "median": 7246471.939612733,
      "minimum": 5862695.6674679015,
      "outliers": "removed",
      "standard_deviation_ratio": 0.0841780352513148,
      "upper_outlier_bound": 8855729.676971368
    },
    {
      "maximum": 585435.5347660893,
      "total": 29869894.370900225,
      "mode": null,
      "n": 100,
      "percentiles": {
        "25": 515568.75499187404,
        "50": 534494.3696176324,
        "75": 546059.6511312465
      },
      "average": 533390.9709089326,
      "sample_size": 56,
      "variance": 540861748.3803704,
      "standard_deviation": 23256.43455864141,
      "frequency_distribution": "removed",
      "lower_outlier_bound": 463567.8140913641,
      "median": 534494.3696176324,
      "minimum": 473877.5026655609,
      "outliers": "removed",
      "standard_deviation_ratio": 0.043601102806466605,
      "upper_outlier_bound": 593832.7352962631
    },
    {
      "maximum": 448106.97209637886,
      "total": 23829609.058280118,
      "mode": null,
      "n": 200,
      "percentiles": {
        "25": 399599.20243227633,
        "50": 412566.09615971043,
        "75": 419021.06201225345
      },
      "average": 410855.3285910365,
      "sample_size": 58,
      "variance": 211575090.76429266,
      "standard_deviation": 14545.621016797208,
      "frequency_distribution": "removed",
      "lower_outlier_bound": 368130.95902591123,
      "median": 412566.09615971043,
      "minimum": 373650.1886933453,
      "outliers": "removed",
      "standard_deviation_ratio": 0.03540326729284276,
      "upper_outlier_bound": 448941.3219931374
    },
    {
      "maximum": 368162.7573917878,
      "total": 19165875.18152438,
      "mode": null,
      "n": 300,
      "percentiles": {
        "25": 333807.3519101575,
        "50": 342256.9520951038,
        "75": 350216.7014803961
      },
      "average": 342247.77109864965,
      "sample_size": 56,
      "variance": 181198472.86051002,
      "standard_deviation": 13460.998211890157,
      "frequency_distribution": "removed",
      "lower_outlier_bound": 306019.8803734182,
      "median": 342256.9520951038,
      "minimum": 307927.27989358036,
      "outliers": "removed",
      "standard_deviation_ratio": 0.03933114938536781,
      "upper_outlier_bound": 376514.64982817054
    },
    {
      "maximum": 316043.63930571533,
      "total": 15451039.92982802,
      "mode": null,
      "n": 400,
      "percentiles": {
        "25": 284147.7453156612,
        "50": 292340.3894558668,
        "75": 298591.27989293047
      },
      "average": 291529.05527977395,
      "sample_size": 53,
      "variance": 111767508.495738,
      "standard_deviation": 10572.015346930688,
      "frequency_distribution": "removed",
      "lower_outlier_bound": 254054.6783496369,
      "median": 292340.3894558668,
      "minimum": 264768.1028571126,
      "outliers": "removed",
      "standard_deviation_ratio": 0.03626401950496824,
      "upper_outlier_bound": 325153.47193642374
    },
    {
      "maximum": 273598.5597771813,
      "total": 13921330.173278607,
      "mode": null,
      "n": 500,
      "percentiles": {
        "25": 250697.216654102,
        "50": 257098.77979004668,
        "75": 265401.0321302924
      },
      "average": 257802.4106162705,
      "sample_size": 54,
      "variance": 77306530.15155904,
      "standard_deviation": 8792.41321546929,
      "frequency_distribution": "removed",
      "lower_outlier_bound": 226415.99219576287,
      "median": 257098.77979004668,
      "minimum": 236997.15129424146,
      "outliers": "removed",
      "standard_deviation_ratio": 0.034105240499696016,
      "upper_outlier_bound": 287449.9928110715
    },
    {
      "maximum": 246259.32091529664,
      "total": 12771379.468798308,
      "mode": null,
      "n": 600,
      "percentiles": {
        "25": 222385.83572590802,
        "50": 226928.64240374317,
        "75": 235335.03204330828
      },
      "average": 228060.34765711264,
      "sample_size": 56,
      "variance": 86710635.98974663,
      "standard_deviation": 9311.854594534143,
      "frequency_distribution": "removed",
      "lower_outlier_bound": 197739.1173687544,
      "median": 226928.64240374317,
      "minimum": 206895.8382902128,
      "outliers": "removed",
      "standard_deviation_ratio": 0.040830660350191436,
      "upper_outlier_bound": 256965.6837545719
    },
    {
      "maximum": 219298.72653229503,
      "total": 11542520.886027645,
      "mode": null,
      "n": 700,
      "percentiles": {
        "25": 176361.55529728386,
        "50": 202001.4301701256,
        "75": 209989.62651245028
      },
      "average": 195635.94722080755,
      "sample_size": 59,
      "variance": 302766209.61908644,
      "standard_deviation": 17400.17843641514,
      "frequency_distribution": "removed",
      "lower_outlier_bound": 126243.48822506389,
      "median": 202001.4301701256,
      "minimum": 158253.63943807298,
      "outliers": "removed",
      "standard_deviation_ratio": 0.08894162184200309,
      "upper_outlier_bound": 259824.49653823965
    },
    {
      "maximum": 200879.4502331206,
      "total": 9531621.344336284,
      "mode": null,
      "n": 800,
      "percentiles": {
        "25": 183565.3905812598,
        "50": 185898.83013866193,
        "75": 192256.30071961533
      },
      "average": 186894.53616345656,
      "sample_size": 51,
      "variance": 38049609.64641386,
      "standard_deviation": 6168.436564188195,
      "frequency_distribution": "removed",
      "lower_outlier_bound": 167456.63612367387,
      "median": 185898.83013866193,
      "minimum": 169796.5836927361,
      "outliers": "removed",
      "standard_deviation_ratio": 0.03300490581914779,
      "upper_outlier_bound": 202862.66374808014
    },
    {
      "maximum": 184649.36009764258,
      "total": 9148447.33687987,
      "mode": null,
      "n": 900,
      "percentiles": {
        "25": 169789.61800438206,
        "50": 173820.23858565948,
        "75": 176193.13618287008
      },
      "average": 172612.21390339377,
      "sample_size": 53,
      "variance": 37401313.91857586,
      "standard_deviation": 6115.661363955322,
      "frequency_distribution": "removed",
      "lower_outlier_bound": 154759.82489514275,
      "median": 173820.23858565948,
      "minimum": 157090.68059537368,
      "outliers": "removed",
      "standard_deviation_ratio": 0.035430061556235445,
      "upper_outlier_bound": 188663.25276369468
    },
    {
      "maximum": 194489.71732864482,
      "total": 10288764.205705807,
      "mode": null,
      "n": 1000,
      "percentiles": {
        "25": 180645.3647526001,
        "50": 183004.38958401984,
        "75": 187897.34442817327
      },
      "average": 183727.93224474654,
      "sample_size": 56,
      "variance": 27179199.06185833,
      "standard_deviation": 5213.367343843932,
      "frequency_distribution": "removed",
      "lower_outlier_bound": 169110.24364031968,
      "median": 183004.38958401984,
      "minimum": 171828.68679926114,
      "outliers": "removed",
      "standard_deviation_ratio": 0.028375474976222628,
      "upper_outlier_bound": 199228.22590318893
    },
    {
      "maximum": 160071.9683569733,
      "total": 8502697.423618121,
      "mode": null,