{
  "build_type": "from_ordset_or_orddict",
  "name": "runtime",
  "timestamp": "2026-03-05T19:28:36.659427Z",
  "impl_mod": "xb5_sets",
  "group_id": "is_disjoint_000_0100",
  "impl_description": ":xb5_sets.is_disjoint/2",
  "tweaks": "none",
  "measurements": [
    {
      "maximum": 12658227.848101266,
      "total": 631539414.7917249,
      "mode": null,
      "n": 0,
      "percentiles": {
        "25": 9853187.506158242,
        "50": 10462439.840970915,
        "75": 11460004.584001834
      },
      "average": 10704057.877825847,
      "sample_size": 59,
      "variance": 829696801228.3883,
      "standard_deviation": 910876.9407710287,
      "frequency_distribution": "removed",
      "lower_outlier_bound": 7442961.889392855,
      "median": 10462439.840970915,
      "minimum": 9153318.077803204,
      "outliers": "removed",
      "standard_deviation_ratio": 0.08509641401117324,
      "upper_outlier_bound": 13870230.20076722
    },
    {
      "maximum": 365310.1483159202,
      "total": 19306222.952075385,
      "mode": null,
      "n": 100,
      "percentiles": {
        "25": 328643.7956212654,
        "50": 340023.86967565125,
        "75": 346334.8099114124
      },
      "average": 338705.6658258839,
      "sample_size": 57,
      "variance": 177465307.45267028,
      "standard_deviation": 13321.610542748585,
      "frequency_distribution": "removed",
      "lower_outlier_bound": 300640.8875788467,
      "median": 340023.86967565125,
      "minimum": 300919.3084874291,
      "outliers": "removed",
      "standard_deviation_ratio": 0.03933093504729482,
      "upper_outlier_bound": 373011.33055222995
    },
    {
      "maximum": 307283.85653531307,
      "total": 16161593.087958088,
      "mode": null,
      "n": 200,
      "percentiles": {
        "25": 281989.77298417804,
        "50": 288193.16421294666,
        "75": 294510.63834391604
      },
      "average": 288599.8765706801,
      "sample_size": 56,
      "variance": 84306190.05705656,
      "standard_deviation": 9181.840232603514,
      "frequency_distribution": "removed",
      "lower_outlier_bound": 263583.5492819601,
      "median": 288193.16421294666,
      "minimum": 271272.5122276085,
      "outliers": "removed",
      "standard_deviation_ratio": 0.03181512182786682,
      "upper_outlier_bound": 311216.657700096
    },
    {
      "maximum": 269649.34798787656,
      "total": 14006383.094657065,
      "mode": null,
      "n": 300,
      "percentiles": {
        "25": 250930.3241768858,
        "50": 254797.84339105352,
        "75": 257844.26721948478
      },
      "average": 254661.51081194665,
      "sample_size": 55,
      "variance": 38522937.2643199,
      "standard_deviation": 6206.684885212065,
      "frequency_distribution": "removed",
      "lower_outlier_bound": 237679.29573657573,
      "median": 254797.84339105352,
      "minimum": 238646.96715501792,
      "outliers": "removed",
      "standard_deviation_ratio": 0.024372292716803034,
      "upper_outlier_bound": 270826.5400921183
    },
    {
      "maximum": 260007.02018954512,
      "total": 14503055.189796679,
      "mode": null,
      "n": 400,
      "percentiles": {
        "25": 241422.84970703337,
        "50": 246888.58658753065,
        "75": 250409.4194007202
      },
      "average": 245814.4947423166,
      "sample_size": 59,
      "variance": 45029081.20913023,
      "standard_deviation": 6710.371167761901,
      "frequency_distribution": "removed",
      "lower_outlier_bound": 227520.686984349,
      "median": 246888.58658753065,
      "minimum": 230064.87829567937,
      "outliers": "removed",
      "standard_deviation_ratio": 0.027298517017054977,
      "upper_outlier_bound": 264048.18907911214
    },
    {
      "maximum": 242894.7221405826,
      "total": 13429354.225917153,
      "mode": null,
      "n": 500,
      "percentiles": {
        "25": 227024.85596585064,
        "50": 231603.7387520041,
        "75": 236564.61154114615
      },
      "average": 231540.5901020199,
      "sample_size": 58,
      "variance": 35139980.9909551,
      "standard_deviation": 5927.898530757346,
      "frequency_distribution": "removed",
      "lower_outlier_bound": 212362.94045147716,
      "median": 231603.7387520041,
      "minimum": 218631.8021819454,
      "outliers": "removed",
      "standard_deviation_ratio": 0.025601984205643746,
      "upper_outlier_bound": 251133.07661267763
    },
    {
      "maximum": 234504.52710989586,
      "total": 12299842.782183738,
      "mode": null,
      "n": 600,
      "percentiles": {
        "25": 211193.69822841452,
        "50": 216619.94896434003,
        "75": 220422.90649427546
      },
      "average": 215786.7154769077,
      "sample_size": 57,
      "variance": 38612282.19561489,
      "standard_deviation": 6213.878192853066,
      "frequency_distribution": "removed",
      "lower_outlier_bound": 196570.33968406043,
      "median": 216619.94896434003,
      "minimum": 202478.74479376528,
      "outliers": "removed",
      "standard_deviation_ratio": 0.028796388967318245,
      "upper_outlier_bound": 234536.60340128012
    },
    {
      "maximum": 221189.5129628114,
      "total": 11653240.415313175,
      "mode": null,
      "n": 700,
      "percentiles": {
        "25": 203917.49224227783,
        "50": 208263.61709878666,
        "75": 211498.1444277272
      },
      "average": 208093.57884487812,
      "sample_size": 56,
      "variance": 37606443.816303775,
      "standard_deviation": 6132.4092994763305,
      "frequency_distribution": "removed",
      "lower_outlier_bound": 190425.7952567524,
      "median": 208263.61709878666,
      "minimum": 193747.0090305481,
      "outliers": "removed",
      "standard_deviation_ratio": 0.029469478748537895,
      "upper_outlier_bound": 226403.65388482017
    },
    {
      "maximum": 214934.97142439554,
      "total": 10872074.48251878,
      "mode": null,
      "n": 800,
      "percentiles": {
        "25": 197601.7171104888,
        "50": 201547.69152508327,
        "75": 204999.29457353672
      },
      "average": 201334.71263923665,
      "sample_size": 54,
      "variance": 34398214.11902565,
      "standard_deviation": 5864.9990723806295,
      "frequency_distribution": "removed",
      "lower_outlier_bound": 183597.49466545775,
      "median": 201547.69152508327,
      "minimum": 190045.4208555845,
      "outliers": "removed",
      "standard_deviation_ratio": 0.02913059052509181,
      "upper_outlier_bound": 218328.64224167273
    },
    {
      "maximum": 204883.6056236452,
      "total": 11019243.332244271,
      "mode": null,
      "n": 900,
      "percentiles": {
        "25": 194340.71112079697,
        "50": 196522.6409475212,
        "75": 199485.13471650318
      },
      "average": 196772.20236150484,
      "sample_size": 56,
      "variance": 15851841.470280232,
      "standard_deviation": 3981.4371111798605,
      "frequency_distribution": "removed",
      "lower_outlier_bound": 186477.9797323108,
      "median": 196522.6409475212,
      "minimum": 187005.72050499025,
      "outliers": "removed",
      "standard_deviation_ratio": 0.020233737608248478,
      "upper_outlier_bound": 207289.42770701862
    },
    {
      "maximum": 202966.55922970132,
      "total": 10694128.356489189,
      "mode": null,
      "n": 1000,
      "percentiles": {
        "25": 190799.64129667435,
        "50": 194459.839181713,
        "75": 197364.00633143733
      },
      "average": 194438.69739071254,
      "sample_size": 55,
      "variance": 22987590.487432376,
      "standard_deviation": 4794.537567631771,
      "frequency_distribution": "removed",
      "lower_outlier_bound": 179661.20782535823,
      "median": 194459.839181713,
      "minimum": 182588.03938789185,
      "outliers": "removed",
      "standard_deviation_ratio": 0.024658350585415847,
      "upper_outlier_bound": 209142.48601249603
    },
    {
      "maximum": 171007.11218579582,
      "total": 9079705.08261974,
      "mode": null,