{
  "build_type": "from_ordset_or_orddict",
  "name": "runtime",
  "timestamp": "2026-03-05T19:28:36.574467Z",
  "impl_mod": "xb5_sets",
  "group_id": "is_disjoint_000_0500",
  "impl_description": ":xb5_sets.is_disjoint/2",
  "tweaks": "none",
  "measurements": [
    {
      "maximum": 12153621.77929023,
      "total": 630295010.3281918,
      "mode": [
        11877895.23696401,
        10587612.493382743
      ],
      "n": 0,
      "percentiles": {
        "25": 10167768.174885612,
        "50": 10624734.381640458,
        "75": 11272686.281140795
      },
      "average": 10682966.276749013,
      "sample_size": 59,
      "variance": 581728513711.9122,
      "standard_deviation": 762711.2911920947,
      "frequency_distribution": "removed",
      "lower_outlier_bound": 8391260.727154188,
      "median": 10624734.381640458,
      "minimum": 9240436.148586214,
      "outliers": "removed",
      "standard_deviation_ratio": 0.07139508554399361,
      "upper_outlier_bound": 12930008.703028962
    },
    {
      "maximum": 263289.5395065954,
      "total": 14129356.594948089,
      "mode": null,
      "n": 100,
      "percentiles": {
        "25": 243143.14766012138,
        "50": 248373.15582931796,
        "75": 253531.30469401757
      },
      "average": 247883.449034177,
      "sample_size": 57,
      "variance": 62196235.07095245,
      "standard_deviation": 7886.458969078103,
      "frequency_distribution": "removed",
      "lower_outlier_bound": 224063.2675807383,
      "median": 248373.15582931796,
      "minimum": 226486.71542170693,
      "outliers": "removed",
      "standard_deviation_ratio": 0.03181518975875939,
      "upper_outlier_bound": 270130.2116639154
    },
    {
      "maximum": 136858.8164449554,
      "total": 7270260.73983043,
      "mode": null,
      "n": 200,
      "percentiles": {
        "25": 130841.75736181148,
        "50": 132203.25986798183,
        "75": 133687.69484981525
      },
      "average": 132186.55890600782,
      "sample_size": 55,
      "variance": 4469427.873436745,
      "standard_deviation": 2114.102143567511,
      "frequency_distribution": "removed",
      "lower_outlier_bound": 124492.13646477819,
      "median": 132203.25986798183,
      "minimum": 128201.51226503868,
      "outliers": "removed",
      "standard_deviation_ratio": 0.015993321568123716,
      "upper_outlier_bound": 138828.28499151798
    },
    {
      "maximum": 92029.42364732853,
      "total": 4701635.466184539,
      "mode": null,
      "n": 300,
      "percentiles": {
        "25": 89964.24165002286,
        "50": 90610.8576474908,
        "75": 91041.84818753746
      },
      "average": 90416.06665739497,
      "sample_size": 52,
      "variance": 1001104.4069567902,
      "standard_deviation": 1000.5520510981876,
      "frequency_distribution": "removed",
      "lower_outlier_bound": 86646.4339099459,
      "median": 90610.8576474908,
      "minimum": 87536.9296421928,
      "outliers": "removed",
      "standard_deviation_ratio": 0.011066086903442554,
      "upper_outlier_bound": 93532.30256472925
    },
    {
      "maximum": 70420.99785145535,
      "total": 3378293.3545332868,
      "mode": null,
      "n": 400,
      "percentiles": {
        "25": 68615.84108028132,
        "50": 69026.78446317525,
        "75": 69395.72561673628
      },
      "average": 68944.76233741401,
      "sample_size": 49,
      "variance": 477654.7452295961,
      "standard_deviation": 691.1257087025457,
      "frequency_distribution": "removed",
      "lower_outlier_bound": 66106.12773687624,
      "median": 69026.78446317525,
      "minimum": 66218.80680332021,
      "outliers": "removed",
      "standard_deviation_ratio": 0.01002433956215837,
      "upper_outlier_bound": 71189.93204107262
    },
    {
      "maximum": 57614.2072025825,
      "total": 2779188.6063643815,
      "mode": null,
      "n": 500,
      "percentiles": {
        "25": 56563.64854565452,
        "50": 56731.408550104046,
        "75": 56952.13379274413
      },
      "average": 56718.134823762884,
      "sample_size": 49,
      "variance": 156082.79662573076,
      "standard_deviation": 395.07315351176516,
      "frequency_distribution": "removed",
      "lower_outlier_bound": 54986.304665290794,
      "median": 56731.408550104046,
      "minimum": 55411.66991933169,
      "outliers": "removed",
      "standard_deviation_ratio": 0.006965552635666777,
      "upper_outlier_bound": 57990.8721131879
    },
    {
      "maximum": 54439.21888431176,
      "total": 2680299.935698313,
      "mode": null,
      "n": 600,
      "percentiles": {
        "25": 53347.24275651945,
        "50": 53649.774551807786,
        "75": 53935.00373499829
      },
      "average": 53605.99871396626,
      "sample_size": 50,
      "variance": 238954.47282051816,
      "standard_deviation": 488.82969715486615,
      "frequency_distribution": "removed",
      "lower_outlier_bound": 51589.55729384784,
      "median": 53649.774551807786,
      "minimum": 51796.56381595645,
      "outliers": "removed",
      "standard_deviation_ratio": 0.00911893647879204,
      "upper_outlier_bound": 55287.734645363904
    },
    {
      "maximum": 52829.04836922011,
      "total": 2605318.703344306,
      "mode": null,
      "n": 700,
      "percentiles": {
        "25": 51935.445832473284,
        "50": 52132.46683279477,
        "75": 52327.26208693524
      },
      "average": 52106.37406688612,
      "sample_size": 50,
      "variance": 140791.8153382068,
      "standard_deviation": 375.22235452889373,
      "frequency_distribution": "removed",
      "lower_outlier_bound": 50609.8632795178,
      "median": 52132.46683279477,
      "minimum": 50787.92385061849,
      "outliers": "removed",
      "standard_deviation_ratio": 0.00720108357659355,
      "upper_outlier_bound": 53303.84917052099
    },
    {
      "maximum": 51523.65760262482,
      "total": 2690284.002173907,
      "mode": null,
      "n": 800,
      "percentiles": {
        "25": 50508.42686804662,
        "50": 50871.53107029632,
        "75": 51077.13323684642
      },
      "average": 50760.07551271523,
      "sample_size": 53,
      "variance": 225523.58549449738,
      "standard_deviation": 474.89323589044454,
      "frequency_distribution": "removed",
      "lower_outlier_bound": 49091.46405424579,
      "median": 50871.53107029632,
      "minimum": 49463.46974369019,
      "outliers": "removed",
      "standard_deviation_ratio": 0.009355644787634041,
      "upper_outlier_bound": 52239.086857040704
    },
    {
      "maximum": 51059.53644068056,
      "total": 2914892.58202729,
      "mode": null,
      "n": 900,
      "percentiles": {
        "25": 48178.166714764535,
        "50": 50006.32580021373,
        "75": 50378.97584580003
      },
      "average": 49404.9590174117,
      "sample_size": 59,
      "variance": 1780898.5730075531,
      "standard_deviation": 1334.5031183955896,
      "frequency_distribution": "removed",
      "lower_outlier_bound": 44860.21545414918,
      "median": 50006.32580021373,
      "minimum": 45518.02240579135,
      "outliers": "removed",
      "standard_deviation_ratio": 0.027011521615173756,
      "upper_outlier_bound": 53675.46136338482
    },
    {
      "maximum": 50308.592908903214,
      "total": 2905085.8446200844,
      "mode": null,
      "n": 1000,
      "percentiles": {
        "25": 47394.52053754074,
        "50": 48885.93848219029,
        "75": 49210.866887093085
      },
      "average": 48418.09741033474,
      "sample_size": 60,
      "variance": 1339580.901744959,
      "standard_deviation": 1157.402653247762,
      "frequency_distribution": "removed",
      "lower_outlier_bound": 44670.00101321222,
      "median": 48885.93848219029,
      "minimum": 45920.260386244496,
      "outliers": "removed",
      "standard_deviation_ratio": 0.023904339805816424,
      "upper_outlier_bound": 51935.386411421605
    },
    {
      "maximum": 45261.17736090222,
      "total": 2610822.4082754212,