{
  "build_type": "from_ordset_or_orddict",
  "name": "runtime",
  "timestamp": "2026-04-02T22:07:07.050492Z",
  "impl_mod": "xb5_sets",
  "impl_description": ":xb5_sets.union/2",
  "tweaks": "none",
  "group_id": "union_100_1000",
  "measurements": [
    {
      "maximum": 11889192.723814053,
      "total": 505714284.68121666,
      "mode": 10323113.451016827,
      "n": 0,
      "percentiles": {
        "25": 9811138.495773284,
        "50": 10312467.773538208,
        "75": 10867282.993485099
      },
      "frequency_distribution": "removed",
      "outliers": "removed",
      "median": 10312467.773538208,
      "average": 10320699.687371768,
      "sample_size": 49,
      "variance": 580492782430.5417,
      "standard_deviation": 761900.7694119633,
      "lower_outlier_bound": 8226921.749205561,
      "minimum": 8505571.149102662,
      "standard_deviation_ratio": 0.07382258882546618,
      "upper_outlier_bound": 12451499.740052821
    },
    {
      "maximum": 178886.07640224323,
      "total": 8177210.155259787,
      "mode": null,
      "n": 100,
      "percentiles": {
        "25": 168366.96722333351,
        "50": 170600.28432629711,
        "75": 172748.9865345742
      },
      "frequency_distribution": "removed",
      "outliers": "removed",
      "median": 170600.28432629711,
      "average": 170358.54490124556,
      "sample_size": 48,
      "variance": 11552802.17539664,
      "standard_deviation": 3398.941331561438,
      "lower_outlier_bound": 161793.93825647252,
      "minimum": 162555.37042305036,
      "standard_deviation_ratio": 0.019951692669902505,
      "upper_outlier_bound": 179322.0155014352
    },
    {
      "maximum": 92995.14100388254,
      "total": 3845795.984486268,
      "mode": null,
      "n": 200,
      "percentiles": {
        "25": 88211.5807691697,
        "50": 89405.21393326616,
        "75": 91481.43201374417
      },
      "frequency_distribution": "removed",
      "outliers": "removed",
      "median": 89405.21393326616,
      "average": 89437.1159182853,
      "sample_size": 43,
      "variance": 4400919.981965103,
      "standard_deviation": 2097.8369769753567,
      "lower_outlier_bound": 81113.69538338878,
      "minimum": 84242.73364300962,
      "standard_deviation_ratio": 0.023455999843421345,
      "upper_outlier_bound": 96200.4366258902
    },
    {
      "maximum": 88393.88314328648,
      "total": 4046575.8206971986,
      "mode": 85971.21683660311,
      "n": 300,
      "percentiles": {
        "25": 80328.9309454746,
        "50": 83635.46645590529,
        "75": 85762.79395844566
      },
      "frequency_distribution": "removed",
      "outliers": "removed",
      "median": 83635.46645590529,
      "average": 82583.18001422855,
      "sample_size": 49,
      "variance": 15231610.130730264,
      "standard_deviation": 3902.7695461979642,
      "lower_outlier_bound": 72178.136426018,
      "minimum": 73744.57239947139,
      "standard_deviation_ratio": 0.04725864934633835,
      "upper_outlier_bound": 93913.58847790226
    },
    {
      "maximum": 82439.55119908327,
      "total": 3840888.6065681744,
      "mode": null,
      "n": 400,
      "percentiles": {
        "25": 76412.73134020227,
        "50": 79477.48323422491,
        "75": 80733.16127230487
      },
      "frequency_distribution": "removed",
      "outliers": "removed",
      "median": 79477.48323422491,
      "average": 78385.48176669744,
      "sample_size": 49,
      "variance": 10968844.978894124,
      "standard_deviation": 3311.9246638313084,
      "lower_outlier_bound": 69932.08644204837,
      "minimum": 70307.2214656384,
      "standard_deviation_ratio": 0.042251761285192486,
      "upper_outlier_bound": 87213.80617045879
    },
    {
      "maximum": 78790.72002899498,
      "total": 3636383.1569374925,
      "mode": null,
      "n": 500,
      "percentiles": {
        "25": 72604.71488949508,
        "50": 75140.85152618584,
        "75": 76835.4141774659
      },
      "frequency_distribution": "removed",
      "outliers": "removed",
      "median": 75140.85152618584,
      "average": 74211.90116198965,
      "sample_size": 49,
      "variance": 10541276.43241245,
      "standard_deviation": 3246.7331939062146,
      "lower_outlier_bound": 66258.66595753886,
      "minimum": 66662.75578499395,
      "standard_deviation_ratio": 0.04374949493369331,
      "upper_outlier_bound": 83181.46310942211
    },
    {
      "maximum": 79184.08716584316,
      "total": 3174382.283322344,
      "mode": null,
      "n": 600,
      "percentiles": {
        "25": 74834.50693788334,
        "50": 75630.63817947972,
        "75": 76701.12166622332
      },
      "frequency_distribution": "removed",
      "outliers": "removed",
      "median": 75630.63817947972,
      "average": 75580.53055529391,
      "sample_size": 42,
      "variance": 3067351.5742505197,
      "standard_deviation": 1751.3856155200428,
      "lower_outlier_bound": 70014.21138219707,
      "minimum": 70606.21080472723,
      "standard_deviation_ratio": 0.023172444049446673,
      "upper_outlier_bound": 80569.8114193237
    },
    {
      "maximum": 79707.37827288458,
      "total": 3512098.7858666247,
      "mode": null,
      "n": 700,
      "percentiles": {
        "25": 75128.66629118325,
        "50": 76838.61303241615,
        "75": 77933.24189990509
      },
      "frequency_distribution": "removed",
      "outliers": "removed",
      "median": 76838.61303241615,
      "average": 76349.97360579619,
      "sample_size": 46,
      "variance": 4387987.7028817525,
      "standard_deviation": 2094.7524204262786,
      "lower_outlier_bound": 69933.57247609796,
      "minimum": 70925.657853208,
      "standard_deviation_ratio": 0.027436190498790865,
      "upper_outlier_bound": 82221.67662431684
    },
    {
      "maximum": 80886.84335049482,
      "total": 3592011.245501696,
      "mode": null,
      "n": 800,
      "percentiles": {
        "25": 75417.1131988244,
        "50": 77006.8366669593,
        "75": 77871.24923394159
      },
      "frequency_distribution": "removed",
      "outliers": "removed",
      "median": 77006.8366669593,
      "average": 76425.77118088715,
      "sample_size": 47,
      "variance": 6730864.051200889,
      "standard_deviation": 2594.390882500339,
      "lower_outlier_bound": 69966.0261567854,
      "minimum": 70165.6892586153,
      "standard_deviation_ratio": 0.03394654502549729,
      "upper_outlier_bound": 82479.37699771926
    },
    {
      "maximum": 79365.5202846365,
      "total": 3011563.433927109,
      "mode": null,
      "n": 900,
      "percentiles": {
        "25": 76724.41969485163,
        "50": 77179.72920720211,
        "75": 77937.15926848182
      },
      "frequency_distribution": "removed",
      "outliers": "removed",
      "median": 77179.72920720211,
      "average": 77219.57522890023,
      "sample_size": 39,
      "variance": 1260056.6028143982,
      "standard_deviation": 1122.522428646483,
      "lower_outlier_bound": 72187.34743638118,
      "minimum": 74666.53923577303,
      "standard_deviation_ratio": 0.01453675995133378,
      "upper_outlier_bound": 81259.76398342961
    },
    {
      "maximum": 77961.15975021245,
      "total": 3488917.2765449993,
      "mode": null,
      "n": 1000,
      "percentiles": {
        "25": 69660.77986636276,
        "50": 75911.69951112865,
        "75": 76596.42264067699
      },
      "frequency_distribution": "removed",
      "outliers": "removed",
      "median": 75911.69951112865,
      "average": 74232.28247968084,
      "sample_size": 47,
      "variance": 11936160.033359023,
      "standard_deviation": 3454.874821662722,
      "lower_outlier_bound": 59257.31570489142,
      "minimum": 67556.52116343139,
      "standard_deviation_ratio": 0.046541406329630296,
      "upper_outlier_bound": 86999.88680214834
    },
    {
      "maximum": 39230.23992430133,
      "total": 1863857.3960623506,
      "mode": null,
      "n": 2000,