{"build_type":"from_ordset_or_orddict","name":"runtime","timestamp":"2026-04-02T22:07:59.600201Z","impl_mod":"xb5_sets","impl_description":":xb5_sets.intersection/2","tweaks":"none","group_id":"intersection_000_0050","measurements":[{"maximum":7267970.055963369,"total":358038001.28976744,"mode":6016123.210203345,"n":0,"percentiles":{"25":6171410.943233144,"50":6392227.051904883,"75":6598373.506318408},"frequency_distribution":"removed","outliers":"removed","median":6392227.051904883,"average":6393535.737317276,"sample_size":56,"variance":109979450627.27646,"standard_deviation":331631.49824357225,"lower_outlier_bound":5415959.305029111,"minimum":5465078.150617554,"standard_deviation_ratio":0.05186981223987412,"upper_outlier_bound":7307822.027091986},{"maximum":1033805.4378166029,"total":52989703.44963117,"mode":[1007617.5889726331,1017635.6253879736,978684.2568850437,995005.07452588,984746.2801209268,983390.5338827209,992250.5234121511,1023457.649322471,997784.9174831873],"n":100,"percentiles":{"25":967281.7797328155,"50":984746.2801209268,"75":1007617.5889726331},"frequency_distribution":"removed","outliers":"removed","median":984746.2801209268,"average":981290.8046227994,"sample_size":54,"variance":1225130915.052997,"standard_deviation":35001.87016507828,"lower_outlier_bound":874566.1983568837,"minimum":879499.7405475766,"standard_deviation_ratio":0.03566921242937024,"upper_outlier_bound":1085737.7354217004},{"maximum":718421.77105335,"total":37325095.88115765,"mode":[689037.4147316199,696747.5822858894,713414.3296402252,694719.4375551434,676983.9013228265,699814.5491444768],"n":200,"percentiles":{"25":681979.4934538194,"50":693539.0316268026,"75":700669.0919830848},"frequency_distribution":"removed","outliers":"removed","median":693539.0316268026,"average":691205.4792806973,"sample_size":54,"variance":219612905.94243467,"standard_deviation":14819.342291155659,"lower_outlier_bound":645491.405872463,"minimum":647295.2766863661,"standard_deviation_ratio":0.021439850717875387,"upper_outlier_bound":734606.7797279332},{"maximum":583461.2085815475,"total":30800290.627374414,"mode":556260.1517477694,"n":300,"percentiles":{"25":539800.9236452046,"50":552187.213552883,"75":561771.8607539071},"frequency_distribution":"removed","outliers":"removed","median":552187.213552883,"average":550005.1897745432,"sample_size":56,"variance":232272903.5897229,"standard_deviation":15240.50207800658,"lower_outlier_bound":498682.1515704107,"minimum":513747.8936336361,"standard_deviation_ratio":0.027709742310347892,"upper_outlier_bound":600774.5015403212},{"maximum":488340.8619216213,"total":26013455.448691502,"mode":[475054.8688373507,472860.18942779186,465027.59938802366,471302.39704399137,469909.35448551975],"n":400,"percentiles":{"25":456429.29960031214,"50":466925.65877402236,"75":472781.98233565944},"frequency_distribution":"removed","outliers":"removed","median":466925.65877402236,"average":464525.9901552054,"sample_size":56,"variance":130722725.53008366,"standard_deviation":11433.403934528145,"lower_outlier_bound":428882.8722999095,"minimum":437596.54473768274,"standard_deviation_ratio":0.02461305540882237,"upper_outlier_bound":499246.57970452134},{"maximum":637214.6075076625,"total":33433825.339027766,"mode":[582275.5327821125,597585.7535556352,595103.4884966495,584894.5142743506],"n":500,"percentiles":{"25":582394.2952742301,"50":596590.9577669837,"75":608312.4674395638},"frequency_distribution":"removed","outliers":"removed","median":596590.9577669837,"average":597032.5953397815,"sample_size":56,"variance":376660488.66076905,"standard_deviation":19407.743007902,"lower_outlier_bound":539804.079211005,"minimum":550275.9633956429,"standard_deviation_ratio":0.03250700742202647,"upper_outlier_bound":653061.2887339583},{"maximum":601605.0823597357,"total":32526340.700621724,"mode":[561277.4675160666,547540.1757603964,569992.1911069818],"n":600,"percentiles":{"25":545714.4871615288,"50":562049.8416172827,"75":574220.1700542017},"frequency_distribution":"removed","outliers":"removed","median":562049.8416172827,"average":560798.9775969263,"sample_size":58,"variance":391856502.2666393,"standard_deviation":19795.365676507197,"lower_outlier_bound":500794.1825544237,"minimum":517461.7466403796,"standard_deviation_ratio":0.035298505288529784,"upper_outlier_bound":618642.5673255025},{"maximum":609024.5254176386,"total":32040505.33504592,"mode":[550488.007618754,567730.2146020212,559960.5787752542],"n":700,"percentiles":{"25":528494.8297266401,"50":556695.5701489784,"75":571582.8988147518},"frequency_distribution":"removed","outliers":"removed","median":556695.5701489784,"average":552422.5057766538,"sample_size":58,"variance":558781005.9883521,"standard_deviation":23638.549151509957,"lower_outlier_bound":461671.3544932026,"minimum":498370.32902409125,"standard_deviation_ratio":0.04279070621548337,"upper_outlier_bound":637532.4390712329},{"maximum":552611.3650053327,"total":30241595.49668414,"mode":[540511.3237122318,507915.8688154894,514302.7597486088],"n":800,"percentiles":{"25":509407.6442556022,"50":523706.9715751597,"75":533962.6651145054},"frequency_distribution":"removed","outliers":"removed","median":523706.9715751597,"average":521406.8189083473,"sample_size":58,"variance":363628439.4440126,"standard_deviation":19069.044009703597,"lower_outlier_bound":468593.4548820188,"minimum":469294.0878330815,"standard_deviation_ratio":0.03657229502603714,"upper_outlier_bound":574779.2479847074},{"maximum":528348.5409655041,"total":27654831.158549596,"mode":[486350.5712187459,503099.09039684455,483884.2355354905],"n":900,"percentiles":{"25":474269.73549868853,"50":485034.267671011,"75":497076.0058012158},"frequency_distribution":"removed","outliers":"removed","median":485034.267671011,"average":485172.4764657824,"sample_size":57,"variance":283524166.0871648,"standard_deviation":16838.175853909022,"lower_outlier_bound":436487.77269873174,"minimum":439342.2168329577,"standard_deviation_ratio":0.03470554631739619,"upper_outlier_bound":537658.0475636971},{"maximum":488674.9578517849,"total":25750645.97484111,"mode":[447443.3089327582,430362.9681273186,434016.47526540107,437464.45601294894],"n":1000,"percentiles":{"25":433130.19027521816,"50":442672.5940824512,"75":454581.2768501752},"frequency_distribution":"removed","outliers":"removed","median":442672.5940824512,"average":443976.65473863983,"sample_size":58,"variance":256606229.47994918,"standard_deviation":16018.93346886581,"lower_outlier_bound":399655.1315552151,"minimum":414298.2616044943,"standard_deviation_ratio":0.036080576079604534,"upper_outlier_bound":489270.8397018913},{"maximum":279215.73883276654,"total":15274898.318458814,"mode":[263153.73967779457,268432.595233174,266881.5953114241],"n":2000,"percentiles":{"25":257602.16336772888,"50":263153.73967779457,"75":268723.15290890564},"frequency_distribution":"removed","outliers":"removed","median":263153.73967779457,"average":263360.3158354968,"sample_size":58,"variance":50114730.529887244,"standard_deviation":7079.175836909777,"lower_outlier_bound":239051.21342055761,"minimum":248320.73105623224,"standard_deviation_ratio":0.026880191931922096,"upper_outlier_bound":288613.3296675465},{"maximum":205691.48334413214,"total":11746394.573434502,"mode":[200534.62531107935,195070.56677753179],"n":3000,"percentiles":{"25":193019.2142679434,"50":195070.56677753179,"75":198237.434419701},"frequency_distribution":"removed","outliers":"removed","median":195070.56677753179,"average":195773.24289057503,"sample_size":60,"variance":12802707.87105113,"standard_deviation":3578.087180471031,"lower_outlier_bound":185191.88404030702,"minimum":189720.2006480842,"standard_deviation_ratio":0.018276691582776495,"upper_outlier_bound":206064.76464733738},{"maximum":173385.64956332825,"total":9747130.430807803,"mode":[166393.78086604635,165108.04670576425,168667.34246048547,169526.29268036326],"n":4000,"percentiles":{"25":166393.78086604635,"50":168014.4592768675,"75":169576.50193367034},