{"build_type":"from_ordset_or_orddict","name":"runtime","timestamp":"2026-04-06T01:16:14.990760Z","impl_mod":"xb5_sets","impl_description":":xb5_sets.is_disjoint/2","tweaks":"none","group_id":"is_disjoint_000_0050","measurements":[{"maximum":8677542.519958347,"total":438606854.9298793,"mode":[8135372.600065083,8089305.937550558,7998720.204767237,7867201.63637794,7824113.919098662,7781495.603454984],"n":0,"percentiles":{"25":7781495.603454984,"50":7998720.204767237,"75":8181297.5537920315},"frequency_distribution":"removed","outliers":"removed","median":7998720.204767237,"average":7974670.089634169,"sample_size":55,"variance":98118003969.27591,"standard_deviation":313237.9350737645,"lower_outlier_bound":7181039.6130052125,"minimum":7305135.510263715,"standard_deviation_ratio":0.03927910892275345,"upper_outlier_bound":8782255.587537937},{"maximum":785848.4412696167,"total":40253559.99775173,"mode":723505.2381779244,"n":100,"percentiles":{"25":698620.5229513213,"50":718425.0733042841,"75":734170.822538547},"frequency_distribution":"removed","outliers":"removed","median":718425.0733042841,"average":718813.5713884237,"sample_size":56,"variance":667837805.3185271,"standard_deviation":25842.55802583264,"lower_outlier_bound":638760.8664433411,"minimum":662264.8132082095,"standard_deviation_ratio":0.03595168351637612,"upper_outlier_bound":798386.6171312882},{"maximum":719507.2814136879,"total":38288757.32070188,"mode":[651419.1165453942,631313.1313131313],"n":200,"percentiles":{"25":630755.6452630251,"50":647588.7034626568,"75":667824.2286630159},"frequency_distribution":"removed","outliers":"removed","median":647588.7034626568,"average":648961.9884864726,"sample_size":59,"variance":895355454.8461583,"standard_deviation":29922.490786132064,"lower_outlier_bound":574458.385125854,"minimum":590925.7442709749,"standard_deviation_ratio":0.046108233327992194,"upper_outlier_bound":723471.407490591},{"maximum":653201.9961853003,"total":34947326.53667965,"mode":[599840.4424423104,624157.3875268388,602112.2096313869,606704.0800849386,620909.7569759211,607732.7920459933],"n":300,"percentiles":{"25":588922.9670282432,"50":604142.1055822317,"75":620909.7569759211},"frequency_distribution":"removed","outliers":"removed","median":604142.1055822317,"average":602540.1127013733,"sample_size":58,"variance":526589473.333283,"standard_deviation":22947.537413266877,"lower_outlier_bound":539220.4358913039,"minimum":548167.4761273065,"standard_deviation_ratio":0.03808466345980848,"upper_outlier_bound":671113.3692000976},{"maximum":665960.7482734967,"total":35186885.348583475,"mode":[578512.8748040288,563262.8691484028,586328.0036117805,597089.7843908789],"n":400,"percentiles":{"25":578512.8748040288,"50":597089.7843908789,"75":616367.0095721796},"frequency_distribution":"removed","outliers":"removed","median":597089.7843908789,"average":596387.8872641267,"sample_size":59,"variance":733311897.0636634,"standard_deviation":27079.732219201567,"lower_outlier_bound":516600.2296833093,"minimum":518962.90453158406,"standard_deviation_ratio":0.04540624113515667,"upper_outlier_bound":676439.9179796684},{"maximum":627443.1065963093,"total":29937311.664473046,"mode":[539901.4140018033,546286.8880221137,534659.2883684871],"n":500,"percentiles":{"25":521229.6850730243,"50":539901.4140018033,"75":562822.2157184988},"frequency_distribution":"removed","outliers":"removed","median":539901.4140018033,"average":544314.7575358736,"sample_size":55,"variance":1014963207.7659006,"standard_deviation":31858.48721715927,"lower_outlier_bound":454590.2053101279,"minimum":482581.2304856215,"standard_deviation_ratio":0.05852953052638777,"upper_outlier_bound":629266.9222215123},{"maximum":561498.0768690867,"total":29326685.986171097,"mode":[508639.23744805524,527958.0167785058],"n":600,"percentiles":{"25":500986.64192350896,"50":514117.6712525963,"75":527084.2820713585},"frequency_distribution":"removed","outliers":"removed","median":514117.6712525963,"average":514503.2629152824,"sample_size":57,"variance":524901330.5331014,"standard_deviation":22910.725229313484,"lower_outlier_bound":458232.5550661768,"minimum":468988.1580490093,"standard_deviation_ratio":0.04452979578690435,"upper_outlier_bound":569094.3060401854},{"maximum":548799.227290688,"total":28148707.50929674,"mode":508820.4016628251,"n":700,"percentiles":{"25":502214.7671230125,"50":510816.54023957293,"75":520093.8249260167},"frequency_distribution":"removed","outliers":"removed","median":510816.54023957293,"average":511794.6819872135,"sample_size":55,"variance":226709467.7813704,"standard_deviation":15056.874435996682,"lower_outlier_bound":469289.5854095736,"minimum":471457.93652290344,"standard_deviation_ratio":0.02941975555027916,"upper_outlier_bound":553230.8608180176},{"maximum":561277.4675160666,"total":29102123.38645566,"mode":[508820.4016628251,507377.2654394902,498544.25078769994],"n":800,"percentiles":{"25":498544.25078769994,"50":508820.4016628251,"75":526403.0615638527},"frequency_distribution":"removed","outliers":"removed","median":508820.4016628251,"average":510563.5681834326,"sample_size":57,"variance":412349955.945834,"standard_deviation":20306.401846359535,"lower_outlier_bound":455777.36768645636,"minimum":462472.656304196,"standard_deviation_ratio":0.039772524151319696,"upper_outlier_bound":568779.5862910233},{"maximum":502040.79583506956,"total":26037057.876379635,"mode":464274.10743302846,"n":900,"percentiles":{"25":451359.76703399554,"50":464274.10743302846,"75":475924.60494936426},"frequency_distribution":"removed","outliers":"removed","median":464274.10743302846,"average":464947.46207820775,"sample_size":56,"variance":307654992.9633956,"standard_deviation":17540.096720468664,"lower_outlier_bound":410178.81478741305,"minimum":426262.9104378999,"standard_deviation_ratio":0.03772490044803876,"upper_outlier_bound":517338.7749619047},{"maximum":484050.53487584105,"total":24199087.638659745,"mode":[439881.4079724106,448706.1557997514,458915.58247860306,448845.1215023744],"n":1000,"percentiles":{"25":438266.47258889204,"50":448775.6386510629,"75":458365.2092725506},"frequency_distribution":"removed","outliers":"removed","median":448775.6386510629,"average":448131.25256777304,"sample_size":54,"variance":243571658.49596295,"standard_deviation":15606.782451740748,"lower_outlier_bound":407184.98644856294,"minimum":417075.0526557254,"standard_deviation_ratio":0.034826364736479654,"upper_outlier_bound":490425.99525000434},{"maximum":286764.6637110789,"total":14812148.983370444,"mode":[270664.56270079926,267080.4633311878,279652.22449361975],"n":2000,"percentiles":{"25":263202.2235323844,"50":268987.128965879,"75":274874.0389716412},"frequency_distribution":"removed","outliers":"removed","median":268987.128965879,"average":269311.7996976444,"sample_size":55,"variance":57325044.56859301,"standard_deviation":7571.330435834445,"lower_outlier_bound":244086.18087428858,"minimum":255135.23443101015,"standard_deviation_ratio":0.02811362311021929,"upper_outlier_bound":295126.5133373996},{"maximum":227598.08908644403,"total":11938105.99949473,"mode":[225234.86365407528,218564.9028479007],"n":3000,"percentiles":{"25":213895.9652804069,"50":217568.1967512717,"75":220482.85745783267},"frequency_distribution":"removed","outliers":"removed","median":217568.1967512717,"average":217056.472718086,"sample_size":55,"variance":25197999.990041528,"standard_deviation":5019.760949491671,"lower_outlier_bound":203243.6934334247,"minimum":203412.03344907478,"standard_deviation_ratio":0.02312652042407121,"upper_outlier_bound":232012.71999172855},{"maximum":185564.9059649839,"total":10403093.265109845,"mode":179380.88481415244,"n":4000,"percentiles":{"25":177727.71095240663,"50":179212.7513664689,"75":181196.7941695174},"frequency_distribution":"removed","outliers":"removed","median":179212.7513664689,"average":179363.6769846525,"sample_size":58,"variance":8601594.578398362,"standard_deviation":2932.847520482161,"lower_outlier_bound":172284.48366805605,