{
  "build_type": "from_ordset_or_orddict",
  "name": "runtime",
  "timestamp": "2026-03-19T22:37:05.226889Z",
  "impl_mod": "xb5_sets",
  "tweaks": "none",
  "impl_description": ":xb5_sets.is_subset/2",
  "group_id": "is_subset [50% largest keys are equal]",
  "measurements": [
    {
      "maximum": 4902441.415825081,
      "total": 278776101.1550485,
      "mode": [
        4339524.388127062,
        4432231.185178619
      ],
      "n": 0,
      "percentiles": {
        "25": 4313319.530710835,
        "50": 4430071.324148319,
        "75": 4536999.228710131
      },
      "frequency_distribution": "removed",
      "average": 4425017.478651564,
      "variance": 29501070667.742123,
      "standard_deviation": 171758.7571791963,
      "standard_deviation_ratio": 0.03881538502567371,
      "median": 4430071.324148319,
      "minimum": 3917267.314321529,
      "lower_outlier_bound": 3884781.8441057475,
      "upper_outlier_bound": 5045463.658573707,
      "outliers": "removed",
      "sample_size": 63
    },
    {
      "maximum": 1545069.682642687,
      "total": 70079391.44684799,
      "mode": [
        1177995.0524207798,
        641873.2428719976
      ],
      "n": 100,
      "percentiles": {
        "25": 679225.5439161547,
        "50": 965341.6609775943,
        "75": 1046256.9598654142
      },
      "frequency_distribution": "removed",
      "average": 922097.2558795788,
      "variance": 56209159809.17065,
      "standard_deviation": 237084.71019694765,
      "standard_deviation_ratio": 0.2571146467308322,
      "median": 965341.6609775943,
      "minimum": 360434.395533497,
      "lower_outlier_bound": 128678.41999226529,
      "upper_outlier_bound": 1596804.0837893034,
      "outliers": "removed",
      "sample_size": 76
    },
    {
      "maximum": 1018485.5120435911,
      "total": 49877172.982346155,
      "mode": null,
      "n": 200,
      "percentiles": {
        "25": 424314.15471395815,
        "50": 710096.1470183063,
        "75": 779994.6262314424
      },
      "frequency_distribution": "removed",
      "average": 647755.4932772227,
      "variance": 41376875865.90966,
      "standard_deviation": 203413.06709724836,
      "standard_deviation_ratio": 0.31402754466521027,
      "median": 710096.1470183063,
      "minimum": 139500.94930396002,
      "lower_outlier_bound": -109206.55256226833,
      "upper_outlier_bound": 1313515.333507669,
      "outliers": "removed",
      "sample_size": 77
    },
    {
      "maximum": 729671.356021248,
      "total": 37153849.15973333,
      "mode": 589066.9180018851,
      "n": 300,
      "percentiles": {
        "25": 299365.34546760865,
        "50": 561466.5506302462,
        "75": 596388.2726210072
      },
      "frequency_distribution": "removed",
      "average": 495384.6554631111,
      "variance": 21932114589.47664,
      "standard_deviation": 148094.95126261612,
      "standard_deviation_ratio": 0.29894941159243077,
      "median": 561466.5506302462,
      "minimum": 173751.379151572,
      "lower_outlier_bound": -146169.04526248912,
      "upper_outlier_bound": 1041922.663351105,
      "outliers": "removed",
      "sample_size": 75
    },
    {
      "maximum": 539025.4420008624,
      "total": 30338468.528041564,
      "mode": null,
      "n": 400,
      "percentiles": {
        "25": 231995.41577058437,
        "50": 470940.60967971326,
        "75": 494215.21095576277
      },
      "frequency_distribution": "removed",
      "average": 404512.91370722087,
      "variance": 15310724078.475079,
      "standard_deviation": 123736.51069298455,
      "standard_deviation_ratio": 0.30589013724922215,
      "median": 470940.60967971326,
      "minimum": 153714.6686834031,
      "lower_outlier_bound": -161334.27700718323,
      "upper_outlier_bound": 887544.9037335303,
      "outliers": "removed",
      "sample_size": 75
    },
    {
      "maximum": 517105.86191205063,
      "total": 24647126.667124312,
      "mode": null,
      "n": 500,
      "percentiles": {
        "25": 187552.16294531917,
        "50": 390438.93144673243,
        "75": 418077.67883272714
      },
      "frequency_distribution": "removed",
      "average": 328628.3555616575,
      "variance": 12460865988.697199,
      "standard_deviation": 111628.2490622208,
      "standard_deviation_ratio": 0.3396792978239427,
      "median": 390438.93144673243,
      "minimum": 153353.2999329846,
      "lower_outlier_bound": -158236.1108857928,
      "upper_outlier_bound": 763865.9526638391,
      "outliers": "removed",
      "sample_size": 75
    },
    {
      "maximum": 394698.41094419756,
      "total": 21892172.291214705,
      "mode": 348006.4450793629,
      "n": 600,
      "percentiles": {
        "25": 166403.56585935887,
        "50": 347063.1516110671,
        "75": 361322.58566255367
      },
      "frequency_distribution": "removed",
      "average": 299892.7711125302,
      "variance": 8390522050.266652,
      "standard_deviation": 91599.79285056627,
      "standard_deviation_ratio": 0.30544181678922444,
      "median": 347063.1516110671,
      "minimum": 116493.36337308864,
      "lower_outlier_bound": -125974.96384543332,
      "upper_outlier_bound": 653701.1153673459,
      "outliers": "removed",
      "sample_size": 73
    },
    {
      "maximum": 351077.9849527976,
      "total": 19022357.775269944,
      "mode": 319622.5896461458,
      "n": 700,
      "percentiles": {
        "25": 139606.31020522126,
        "50": 306104.3326007236,
        "75": 318683.4549110714
      },
      "frequency_distribution": "removed",
      "average": 253631.43700359925,
      "variance": 7499901651.299102,
      "standard_deviation": 86601.97256009301,
      "standard_deviation_ratio": 0.34144810116288565,
      "median": 306104.3326007236,
      "minimum": 119699.69739916497,
      "lower_outlier_bound": -129009.40685355393,
      "upper_outlier_bound": 587299.1719698466,
      "outliers": "removed",
      "sample_size": 75
    },
    {
      "maximum": 311258.8553144337,
      "total": 18076549.273081303,
      "mode": [
        287318.3429776524,
        283250.0106218754
      ],
      "n": 800,
      "percentiles": {
        "25": 125253.01108238642,
        "50": 277115.7789724547,
        "75": 285502.19836692745
      },
      "frequency_distribution": "removed",
      "average": 241020.65697441736,
      "variance": 5125944219.112707,
      "standard_deviation": 71595.69972500239,
      "standard_deviation_ratio": 0.2970521308163298,
      "median": 277115.7789724547,
      "minimum": 110893.14447491542,
      "lower_outlier_bound": -115120.76984442511,
      "upper_outlier_bound": 525875.979293739,
      "outliers": "removed",
      "sample_size": 75
    },
    {
      "maximum": 284533.8766033484,
      "total": 15792873.786635011,
      "mode": 257438.69097574413,
      "n": 900,
      "percentiles": {
        "25": 110934.43752494434,
        "50": 255233.5642346311,
        "75": 262876.66231356945
      },
      "frequency_distribution": "removed",
      "average": 216340.73680321933,
      "variance": 5058109203.045748,
      "standard_deviation": 71120.38528471108,
      "standard_deviation_ratio": 0.32874245662480683,
      "median": 255233.5642346311,
      "minimum": 72845.57393935023,
      "lower_outlier_bound": -116978.89965799332,
      "upper_outlier_bound": 490789.9994965071,
      "outliers": "removed",
      "sample_size": 73
    },
    {
      "maximum": 256954.47280650813,
      "total": 13398775.213620568,
      "mode": null,
      "n": 1000,
      "percentiles": {
        "25": 234944.6902903411,
        "50": 238162.50306326474,
        "75": 241835.5724043364
      },
      "frequency_distribution": "removed",
      "average": 239263.8431003673,
      "variance": 49985200.295945026,
      "standard_deviation": 7070.021237305092,
      "standard_deviation_ratio": 0.029549058251728127,
      "median": 238162.50306326474,
      "minimum": 224856.5415265061,