{
  "build_type": "from_ordset_or_orddict",
  "name": "runtime",
  "timestamp": "2026-03-19T22:37:05.224689Z",
  "impl_mod": "xb5_sets",
  "tweaks": "none",
  "impl_description": ":xb5_sets.union/2",
  "group_id": "union_050_0500",
  "measurements": [
    {
      "maximum": 4821833.261005835,
      "total": 222735015.93599382,
      "mode": [
        4510193.036261952,
        4650946.467606158,
        4536793.394428818,
        4520386.945122503,
        4469873.055605221,
        4400827.355542842,
        4483902.788987535,
        4599604.434018674
      ],
      "n": 0,
      "percentiles": {
        "25": 4476887.922296378,
        "50": 4536793.394428818,
        "75": 4620862.502167557
      },
      "frequency_distribution": "removed",
      "average": 4545612.570122323,
      "variance": 13516679828.153732,
      "standard_deviation": 116261.2567803812,
      "standard_deviation_ratio": 0.02557658731070708,
      "median": 4536793.394428818,
      "minimum": 4267303.917384996,
      "lower_outlier_bound": 4233244.628930738,
      "upper_outlier_bound": 4862922.377501229,
      "outliers": "removed",
      "sample_size": 49
    },
    {
      "maximum": 248838.54608614292,
      "total": 10600100.71665765,
      "mode": null,
      "n": 100,
      "percentiles": {
        "25": 105200.3969153974,
        "50": 235191.26564461837,
        "75": 240302.87798126834
      },
      "frequency_distribution": "removed",
      "average": 189287.51279745804,
      "variance": 4549395660.925307,
      "standard_deviation": 67449.20800813977,
      "standard_deviation_ratio": 0.3563320528190994,
      "median": 235191.26564461837,
      "minimum": 83607.56615030633,
      "lower_outlier_bound": -97453.32468340898,
      "upper_outlier_bound": 442956.5995800747,
      "outliers": "removed",
      "sample_size": 56
    },
    {
      "maximum": 218544.84103048264,
      "total": 9142490.194562873,
      "mode": null,
      "n": 200,
      "percentiles": {
        "25": 94404.8051906831,
        "50": 197999.71649474505,
        "75": 201796.85662490223
      },
      "frequency_distribution": "removed",
      "average": 169305.37397338654,
      "variance": 2688267584.226185,
      "standard_deviation": 51848.50609444967,
      "standard_deviation_ratio": 0.30624253015500763,
      "median": 197999.71649474505,
      "minimum": 68631.11803522836,
      "lower_outlier_bound": -66683.27196064561,
      "upper_outlier_bound": 362884.9337762309,
      "outliers": "removed",
      "sample_size": 54
    },
    {
      "maximum": 186874.32141262037,
      "total": 7488157.086211777,
      "mode": 174681.947843464,
      "n": 300,
      "percentiles": {
        "25": 81711.49858734409,
        "50": 173792.59602083074,
        "75": 175962.3195988423
      },
      "frequency_distribution": "removed",
      "average": 138669.57567058847,
      "variance": 2225165940.6824903,
      "standard_deviation": 47171.66459520472,
      "standard_deviation_ratio": 0.3401731372371231,
      "median": 173792.59602083074,
      "minimum": 67952.60170126133,
      "lower_outlier_bound": -59664.73292990321,
      "upper_outlier_bound": 317338.55111608957,
      "outliers": "removed",
      "sample_size": 54
    },
    {
      "maximum": 163002.90471176198,
      "total": 6766331.611039553,
      "mode": null,
      "n": 400,
      "percentiles": {
        "25": 74233.318537207,
        "50": 156395.0261512649,
        "75": 159676.2858593081
      },
      "frequency_distribution": "removed",
      "average": 125302.4372414732,
      "variance": 1778257453.5018258,
      "standard_deviation": 42169.390006280926,
      "standard_deviation_ratio": 0.33654086013518897,
      "median": 156395.0261512649,
      "minimum": 63825.45525101594,
      "lower_outlier_bound": -53931.13244594463,
      "upper_outlier_bound": 287840.7368424597,
      "outliers": "removed",
      "sample_size": 54
    },
    {
      "maximum": 154888.43386108987,
      "total": 6325678.244770446,
      "mode": null,
      "n": 500,
      "percentiles": {
        "25": 68049.01434405173,
        "50": 144687.85765029813,
        "75": 146902.63146683745
      },
      "frequency_distribution": "removed",
      "average": 115012.33172309902,
      "variance": 1586591601.9481456,
      "standard_deviation": 39832.04240241951,
      "standard_deviation_ratio": 0.34632844848601274,
      "median": 144687.85765029813,
      "minimum": 58401.08345690029,
      "lower_outlier_bound": -50231.41134012687,
      "upper_outlier_bound": 265183.0571510161,
      "outliers": "removed",
      "sample_size": 55
    },
    {
      "maximum": 142490.3320309717,
      "total": 6212803.489803113,
      "mode": null,
      "n": 600,
      "percentiles": {
        "25": 62158.43937563091,
        "50": 132500.87450577173,
        "75": 133793.76226721558
      },
      "frequency_distribution": "removed",
      "average": 112960.0634509657,
      "variance": 1125981345.319788,
      "standard_deviation": 33555.6455059322,
      "standard_deviation_ratio": 0.29705760142829785,
      "median": 132500.87450577173,
      "minimum": 43038.92698790348,
      "lower_outlier_bound": -45294.54496174612,
      "upper_outlier_bound": 241246.7466045926,
      "outliers": "removed",
      "sample_size": 55
    },
    {
      "maximum": 127119.39816592132,
      "total": 5062147.96460993,
      "mode": null,
      "n": 700,
      "percentiles": {
        "25": 55343.865270894385,
        "50": 119300.56464957248,
        "75": 122205.7651791781
      },
      "frequency_distribution": "removed",
      "average": 92039.05390199873,
      "variance": 1166376972.2209756,
      "standard_deviation": 34152.26159745465,
      "standard_deviation_ratio": 0.37106271902598287,
      "median": 119300.56464957248,
      "minimum": 30174.414148662097,
      "lower_outlier_bound": -44948.984591531174,
      "upper_outlier_bound": 222498.61504160365,
      "outliers": "removed",
      "sample_size": 55
    },
    {
      "maximum": 116609.1006406504,
      "total": 4929064.2962457305,
      "mode": null,
      "n": 800,
      "percentiles": {
        "25": 51589.3987316265,
        "50": 112640.77283797061,
        "75": 114028.06108503135
      },
      "frequency_distribution": "removed",
      "average": 91278.96844899502,
      "variance": 952859053.9839722,
      "standard_deviation": 30868.41515180156,
      "standard_deviation_ratio": 0.33817664327626856,
      "median": 112640.77283797061,
      "minimum": 32238.762856818626,
      "lower_outlier_bound": -42068.594798480786,
      "upper_outlier_bound": 207686.05461513862,
      "outliers": "removed",
      "sample_size": 54
    },
    {
      "maximum": 108297.77556368992,
      "total": 5019414.858190178,
      "mode": null,
      "n": 900,
      "percentiles": {
        "25": 49026.24080512854,
        "50": 106226.57703976273,
        "75": 106934.48765548275
      },
      "frequency_distribution": "removed",
      "average": 91262.0883307305,
      "variance": 688274558.2469548,
      "standard_deviation": 26234.987292677593,
      "standard_deviation_ratio": 0.2874686276913032,
      "median": 106226.57703976273,
      "minimum": 43247.03963201959,
      "lower_outlier_bound": -37836.129470402775,
      "upper_outlier_bound": 193796.85793101406,
      "outliers": "removed",
      "sample_size": 55
    },
    {
      "maximum": 105390.95829890562,
      "total": 4524264.863045547,
      "mode": null,
      "n": 1000,
      "percentiles": {
        "25": 44938.084307441204,
        "50": 99571.54364768401,
        "75": 100394.85295667862
      },
      "frequency_distribution": "removed",
      "average": 82259.36114628268,
      "variance": 727140966.9101405,
      "standard_deviation": 26965.551485370004,
      "standard_deviation_ratio": 0.32781134097816395,
      "median": 99571.54364768401,
      "minimum": 24375.13726249171,
      "lower_outlier_bound": -38247.06866641492,